date,sku,warehouse_id,quantity,festive_surge,monsoon_season,day_of_week,month
2024-01-01,SKU-IND-8291,WH-IND-01,122,0,0,0,1
2024-01-02,SKU-IND-8291,WH-IND-01,103,0,0,1,1
2024-01-03,SKU-IND-8291,WH-IND-01,108,0,0,2,1
2024-01-04,SKU-IND-8291,WH-IND-01,114,0,0,3,1
2024-01-05,SKU-IND-8291,WH-IND-01,103,0,0,4,1
2024-01-06,SKU-IND-8291,WH-IND-01,103,0,0,5,1
2024-01-07,SKU-IND-8291,WH-IND-01,52,0,0,6,1
2024-01-08,SKU-IND-8291,WH-IND-01,126,0,0,0,1
2024-01-09,SKU-IND-8291,WH-IND-01,103,0,0,1,1
2024-01-10,SKU-IND-8291,WH-IND-01,109,0,0,2,1
2024-01-11,SKU-IND-8291,WH-IND-01,103,0,0,3,1
2024-01-12,SKU-IND-8291,WH-IND-01,103,0,0,4,1
2024-01-13,SKU-IND-8291,WH-IND-01,108,0,0,5,1
2024-01-14,SKU-IND-8291,WH-IND-01,30,0,0,6,1
2024-01-15,SKU-IND-8291,WH-IND-01,112,0,0,0,1
2024-01-16,SKU-IND-8291,WH-IND-01,104,0,0,1,1
2024-01-17,SKU-IND-8291,WH-IND-01,101,0,0,2,1
2024-01-18,SKU-IND-8291,WH-IND-01,110,0,0,3,1
2024-01-19,SKU-IND-8291,WH-IND-01,102,0,0,4,1
2024-01-20,SKU-IND-8291,WH-IND-01,99,0,0,5,1
2024-01-21,SKU-IND-8291,WH-IND-01,53,0,0,6,1
2024-01-22,SKU-IND-8291,WH-IND-01,124,0,0,0,1
2024-01-23,SKU-IND-8291,WH-IND-01,110,0,0,1,1
2024-01-24,SKU-IND-8291,WH-IND-01,100,0,0,2,1
2024-01-25,SKU-IND-8291,WH-IND-01,106,0,0,3,1
2024-01-26,SKU-IND-8291,WH-IND-01,111,0,0,4,1
2024-01-27,SKU-IND-8291,WH-IND-01,103,0,0,5,1
2024-01-28,SKU-IND-8291,WH-IND-01,46,0,0,6,1
2024-01-29,SKU-IND-8291,WH-IND-01,124,0,0,0,1
2024-01-30,SKU-IND-8291,WH-IND-01,109,0,0,1,1
2024-01-31,SKU-IND-8291,WH-IND-01,107,0,0,2,1
2024-02-01,SKU-IND-8291,WH-IND-01,123,0,0,3,2
2024-02-02,SKU-IND-8291,WH-IND-01,112,0,0,4,2
2024-02-03,SKU-IND-8291,WH-IND-01,105,0,0,5,2
2024-02-04,SKU-IND-8291,WH-IND-01,50,0,0,6,2
2024-02-05,SKU-IND-8291,WH-IND-01,121,0,0,0,2
2024-02-06,SKU-IND-8291,WH-IND-01,114,0,0,1,2
2024-02-07,SKU-IND-8291,WH-IND-01,100,0,0,2,2
2024-02-08,SKU-IND-8291,WH-IND-01,104,0,0,3,2
2024-02-09,SKU-IND-8291,WH-IND-01,114,0,0,4,2
2024-02-10,SKU-IND-8291,WH-IND-01,118,0,0,5,2
2024-02-11,SKU-IND-8291,WH-IND-01,46,0,0,6,2
2024-02-12,SKU-IND-8291,WH-IND-01,130,0,0,0,2
2024-02-13,SKU-IND-8291,WH-IND-01,112,0,0,1,2
2024-02-14,SKU-IND-8291,WH-IND-01,105,0,0,2,2
2024-02-15,SKU-IND-8291,WH-IND-01,110,0,0,3,2
2024-02-16,SKU-IND-8291,WH-IND-01,112,0,0,4,2
2024-02-17,SKU-IND-8291,WH-IND-01,122,0,0,5,2
2024-02-18,SKU-IND-8291,WH-IND-01,48,0,0,6,2
2024-02-19,SKU-IND-8291,WH-IND-01,121,0,0,0,2
2024-02-20,SKU-IND-8291,WH-IND-01,117,0,0,1,2
2024-02-21,SKU-IND-8291,WH-IND-01,113,0,0,2,2
2024-02-22,SKU-IND-8291,WH-IND-01,111,0,0,3,2
2024-02-23,SKU-IND-8291,WH-IND-01,120,0,0,4,2
2024-02-24,SKU-IND-8291,WH-IND-01,123,0,0,5,2
2024-02-25,SKU-IND-8291,WH-IND-01,52,0,0,6,2
2024-02-26,SKU-IND-8291,WH-IND-01,128,0,0,0,2
2024-02-27,SKU-IND-8291,WH-IND-01,114,0,0,1,2
2024-02-28,SKU-IND-8291,WH-IND-01,119,0,0,2,2
2024-02-29,SKU-IND-8291,WH-IND-01,123,0,0,3,2
2024-03-01,SKU-IND-8291,WH-IND-01,114,0,0,4,3
2024-03-02,SKU-IND-8291,WH-IND-01,116,0,0,5,3
2024-03-03,SKU-IND-8291,WH-IND-01,39,0,0,6,3
2024-03-04,SKU-IND-8291,WH-IND-01,127,0,0,0,3
2024-03-05,SKU-IND-8291,WH-IND-01,123,0,0,1,3
2024-03-06,SKU-IND-8291,WH-IND-01,126,0,0,2,3
2024-03-07,SKU-IND-8291,WH-IND-01,117,0,0,3,3
2024-03-08,SKU-IND-8291,WH-IND-01,124,0,0,4,3
2024-03-09,SKU-IND-8291,WH-IND-01,120,0,0,5,3
2024-03-10,SKU-IND-8291,WH-IND-01,43,0,0,6,3
2024-03-11,SKU-IND-8291,WH-IND-01,138,0,0,0,3
2024-03-12,SKU-IND-8291,WH-IND-01,128,0,0,1,3
2024-03-13,SKU-IND-8291,WH-IND-01,118,0,0,2,3
2024-03-14,SKU-IND-8291,WH-IND-01,128,0,0,3,3
2024-03-15,SKU-IND-8291,WH-IND-01,102,0,0,4,3
2024-03-16,SKU-IND-8291,WH-IND-01,124,0,0,5,3
2024-03-17,SKU-IND-8291,WH-IND-01,48,0,0,6,3
2024-03-18,SKU-IND-8291,WH-IND-01,135,0,0,0,3
2024-03-19,SKU-IND-8291,WH-IND-01,119,0,0,1,3
2024-03-20,SKU-IND-8291,WH-IND-01,106,0,0,2,3
2024-03-21,SKU-IND-8291,WH-IND-01,117,0,0,3,3
2024-03-22,SKU-IND-8291,WH-IND-01,121,0,0,4,3
2024-03-23,SKU-IND-8291,WH-IND-01,128,0,0,5,3
2024-03-24,SKU-IND-8291,WH-IND-01,44,0,0,6,3
2024-03-25,SKU-IND-8291,WH-IND-01,132,0,0,0,3
2024-03-26,SKU-IND-8291,WH-IND-01,116,0,0,1,3
2024-03-27,SKU-IND-8291,WH-IND-01,125,0,0,2,3
2024-03-28,SKU-IND-8291,WH-IND-01,121,0,0,3,3
2024-03-29,SKU-IND-8291,WH-IND-01,116,0,0,4,3
2024-03-30,SKU-IND-8291,WH-IND-01,122,0,0,5,3
2024-03-31,SKU-IND-8291,WH-IND-01,48,0,0,6,3
2024-04-01,SKU-IND-8291,WH-IND-01,143,0,0,0,4
2024-04-02,SKU-IND-8291,WH-IND-01,115,0,0,1,4
2024-04-03,SKU-IND-8291,WH-IND-01,117,0,0,2,4
2024-04-04,SKU-IND-8291,WH-IND-01,117,0,0,3,4
2024-04-05,SKU-IND-8291,WH-IND-01,110,0,0,4,4
2024-04-06,SKU-IND-8291,WH-IND-01,121,0,0,5,4
2024-04-07,SKU-IND-8291,WH-IND-01,49,0,0,6,4
2024-04-08,SKU-IND-8291,WH-IND-01,137,0,0,0,4
2024-04-09,SKU-IND-8291,WH-IND-01,117,0,0,1,4
2024-04-10,SKU-IND-8291,WH-IND-01,110,0,0,2,4
2024-04-11,SKU-IND-8291,WH-IND-01,116,0,0,3,4
2024-04-12,SKU-IND-8291,WH-IND-01,117,0,0,4,4
2024-04-13,SKU-IND-8291,WH-IND-01,114,0,0,5,4
2024-04-14,SKU-IND-8291,WH-IND-01,46,0,0,6,4
2024-04-15,SKU-IND-8291,WH-IND-01,139,0,0,0,4
2024-04-16,SKU-IND-8291,WH-IND-01,131,0,0,1,4
2024-04-17,SKU-IND-8291,WH-IND-01,120,0,0,2,4
2024-04-18,SKU-IND-8291,WH-IND-01,120,0,0,3,4
2024-04-19,SKU-IND-8291,WH-IND-01,118,0,0,4,4
2024-04-20,SKU-IND-8291,WH-IND-01,106,0,0,5,4
2024-04-21,SKU-IND-8291,WH-IND-01,47,0,0,6,4
2024-04-22,SKU-IND-8291,WH-IND-01,136,0,0,0,4
2024-04-23,SKU-IND-8291,WH-IND-01,134,0,0,1,4
2024-04-24,SKU-IND-8291,WH-IND-01,117,0,0,2,4
2024-04-25,SKU-IND-8291,WH-IND-01,120,0,0,3,4
2024-04-26,SKU-IND-8291,WH-IND-01,117,0,0,4,4
2024-04-27,SKU-IND-8291,WH-IND-01,110,0,0,5,4
2024-04-28,SKU-IND-8291,WH-IND-01,54,0,0,6,4
2024-04-29,SKU-IND-8291,WH-IND-01,140,0,0,0,4
2024-04-30,SKU-IND-8291,WH-IND-01,122,0,0,1,4
2024-05-01,SKU-IND-8291,WH-IND-01,111,0,0,2,5
2024-05-02,SKU-IND-8291,WH-IND-01,126,0,0,3,5
2024-05-03,SKU-IND-8291,WH-IND-01,108,0,0,4,5
2024-05-04,SKU-IND-8291,WH-IND-01,120,0,0,5,5
2024-05-05,SKU-IND-8291,WH-IND-01,60,0,0,6,5
2024-05-06,SKU-IND-8291,WH-IND-01,128,0,0,0,5
2024-05-07,SKU-IND-8291,WH-IND-01,113,0,0,1,5
2024-05-08,SKU-IND-8291,WH-IND-01,117,0,0,2,5
2024-05-09,SKU-IND-8291,WH-IND-01,113,0,0,3,5
2024-05-10,SKU-IND-8291,WH-IND-01,106,0,0,4,5
2024-05-11,SKU-IND-8291,WH-IND-01,116,0,0,5,5
2024-05-12,SKU-IND-8291,WH-IND-01,39,0,0,6,5
2024-05-13,SKU-IND-8291,WH-IND-01,136,0,0,0,5
2024-05-14,SKU-IND-8291,WH-IND-01,109,0,0,1,5
2024-05-15,SKU-IND-8291,WH-IND-01,125,0,0,2,5
2024-05-16,SKU-IND-8291,WH-IND-01,110,0,0,3,5
2024-05-17,SKU-IND-8291,WH-IND-01,112,0,0,4,5
2024-05-18,SKU-IND-8291,WH-IND-01,120,0,0,5,5
2024-05-19,SKU-IND-8291,WH-IND-01,37,0,0,6,5
2024-05-20,SKU-IND-8291,WH-IND-01,133,0,0,0,5
2024-05-21,SKU-IND-8291,WH-IND-01,122,0,0,1,5
2024-05-22,SKU-IND-8291,WH-IND-01,103,0,0,2,5
2024-05-23,SKU-IND-8291,WH-IND-01,115,0,0,3,5
2024-05-24,SKU-IND-8291,WH-IND-01,115,0,0,4,5
2024-05-25,SKU-IND-8291,WH-IND-01,118,0,0,5,5
2024-05-26,SKU-IND-8291,WH-IND-01,37,0,0,6,5
2024-05-27,SKU-IND-8291,WH-IND-01,121,0,0,0,5
2024-05-28,SKU-IND-8291,WH-IND-01,116,0,0,1,5
2024-05-29,SKU-IND-8291,WH-IND-01,114,0,0,2,5
2024-05-30,SKU-IND-8291,WH-IND-01,113,0,0,3,5
2024-05-31,SKU-IND-8291,WH-IND-01,114,0,0,4,5
2024-06-01,SKU-IND-8291,WH-IND-01,107,0,1,5,6
2024-06-02,SKU-IND-8291,WH-IND-01,46,0,1,6,6
2024-06-03,SKU-IND-8291,WH-IND-01,129,0,1,0,6
2024-06-04,SKU-IND-8291,WH-IND-01,106,0,1,1,6
2024-06-05,SKU-IND-8291,WH-IND-01,122,0,1,2,6
2024-06-06,SKU-IND-8291,WH-IND-01,113,0,1,3,6
2024-06-07,SKU-IND-8291,WH-IND-01,102,0,1,4,6
2024-06-08,SKU-IND-8291,WH-IND-01,114,0,1,5,6
2024-06-09,SKU-IND-8291,WH-IND-01,37,0,1,6,6
2024-06-10,SKU-IND-8291,WH-IND-01,131,0,1,0,6
2024-06-11,SKU-IND-8291,WH-IND-01,116,0,1,1,6
2024-06-12,SKU-IND-8291,WH-IND-01,103,0,1,2,6
2024-06-13,SKU-IND-8291,WH-IND-01,115,0,1,3,6
2024-06-14,SKU-IND-8291,WH-IND-01,111,0,1,4,6
2024-06-15,SKU-IND-8291,WH-IND-01,113,0,1,5,6
2024-06-16,SKU-IND-8291,WH-IND-01,55,0,1,6,6
2024-06-17,SKU-IND-8291,WH-IND-01,122,0,1,0,6
2024-06-18,SKU-IND-8291,WH-IND-01,102,0,1,1,6
2024-06-19,SKU-IND-8291,WH-IND-01,101,0,1,2,6
2024-06-20,SKU-IND-8291,WH-IND-01,101,0,1,3,6
2024-06-21,SKU-IND-8291,WH-IND-01,106,0,1,4,6
2024-06-22,SKU-IND-8291,WH-IND-01,108,0,1,5,6
2024-06-23,SKU-IND-8291,WH-IND-01,44,0,1,6,6
2024-06-24,SKU-IND-8291,WH-IND-01,127,0,1,0,6
2024-06-25,SKU-IND-8291,WH-IND-01,105,0,1,1,6
2024-06-26,SKU-IND-8291,WH-IND-01,114,0,1,2,6
2024-06-27,SKU-IND-8291,WH-IND-01,103,0,1,3,6
2024-06-28,SKU-IND-8291,WH-IND-01,122,0,1,4,6
2024-06-29,SKU-IND-8291,WH-IND-01,108,0,1,5,6
2024-06-30,SKU-IND-8291,WH-IND-01,36,0,1,6,6
2024-07-01,SKU-IND-8291,WH-IND-01,112,0,1,0,7
2024-07-02,SKU-IND-8291,WH-IND-01,106,0,1,1,7
2024-07-03,SKU-IND-8291,WH-IND-01,102,0,1,2,7
2024-07-04,SKU-IND-8291,WH-IND-01,107,0,1,3,7
2024-07-05,SKU-IND-8291,WH-IND-01,106,0,1,4,7
2024-07-06,SKU-IND-8291,WH-IND-01,102,0,1,5,7
2024-07-07,SKU-IND-8291,WH-IND-01,35,0,1,6,7
2024-07-08,SKU-IND-8291,WH-IND-01,107,0,1,0,7
2024-07-09,SKU-IND-8291,WH-IND-01,99,0,1,1,7
2024-07-10,SKU-IND-8291,WH-IND-01,107,0,1,2,7
2024-07-11,SKU-IND-8291,WH-IND-01,102,0,1,3,7
2024-07-12,SKU-IND-8291,WH-IND-01,93,0,1,4,7
2024-07-13,SKU-IND-8291,WH-IND-01,102,0,1,5,7
2024-07-14,SKU-IND-8291,WH-IND-01,42,0,1,6,7
2024-07-15,SKU-IND-8291,WH-IND-01,109,0,1,0,7
2024-07-16,SKU-IND-8291,WH-IND-01,101,0,1,1,7
2024-07-17,SKU-IND-8291,WH-IND-01,100,0,1,2,7
2024-07-18,SKU-IND-8291,WH-IND-01,92,0,1,3,7
2024-07-19,SKU-IND-8291,WH-IND-01,101,0,1,4,7
2024-07-20,SKU-IND-8291,WH-IND-01,102,0,1,5,7
2024-07-21,SKU-IND-8291,WH-IND-01,46,0,1,6,7
2024-07-22,SKU-IND-8291,WH-IND-01,120,0,1,0,7
2024-07-23,SKU-IND-8291,WH-IND-01,89,0,1,1,7
2024-07-24,SKU-IND-8291,WH-IND-01,92,0,1,2,7
2024-07-25,SKU-IND-8291,WH-IND-01,101,0,1,3,7
2024-07-26,SKU-IND-8291,WH-IND-01,100,0,1,4,7
2024-07-27,SKU-IND-8291,WH-IND-01,100,0,1,5,7
2024-07-28,SKU-IND-8291,WH-IND-01,63,0,1,6,7
2024-07-29,SKU-IND-8291,WH-IND-01,115,0,1,0,7
2024-07-30,SKU-IND-8291,WH-IND-01,103,0,1,1,7
2024-07-31,SKU-IND-8291,WH-IND-01,102,0,1,2,7
2024-08-01,SKU-IND-8291,WH-IND-01,100,0,1,3,8
2024-08-02,SKU-IND-8291,WH-IND-01,93,0,1,4,8
2024-08-03,SKU-IND-8291,WH-IND-01,100,0,1,5,8
2024-08-04,SKU-IND-8291,WH-IND-01,33,0,1,6,8
2024-08-05,SKU-IND-8291,WH-IND-01,108,0,1,0,8
2024-08-06,SKU-IND-8291,WH-IND-01,91,0,1,1,8
2024-08-07,SKU-IND-8291,WH-IND-01,95,0,1,2,8
2024-08-08,SKU-IND-8291,WH-IND-01,109,0,1,3,8
2024-08-09,SKU-IND-8291,WH-IND-01,82,0,1,4,8
2024-08-10,SKU-IND-8291,WH-IND-01,98,0,1,5,8
2024-08-11,SKU-IND-8291,WH-IND-01,27,0,1,6,8
2024-08-12,SKU-IND-8291,WH-IND-01,104,0,1,0,8
2024-08-13,SKU-IND-8291,WH-IND-01,100,0,1,1,8
2024-08-14,SKU-IND-8291,WH-IND-01,93,0,1,2,8
2024-08-15,SKU-IND-8291,WH-IND-01,86,0,1,3,8
2024-08-16,SKU-IND-8291,WH-IND-01,88,0,1,4,8
2024-08-17,SKU-IND-8291,WH-IND-01,97,0,1,5,8
2024-08-18,SKU-IND-8291,WH-IND-01,32,0,1,6,8
2024-08-19,SKU-IND-8291,WH-IND-01,107,0,1,0,8
2024-08-20,SKU-IND-8291,WH-IND-01,92,0,1,1,8
2024-08-21,SKU-IND-8291,WH-IND-01,87,0,1,2,8
2024-08-22,SKU-IND-8291,WH-IND-01,105,0,1,3,8
2024-08-23,SKU-IND-8291,WH-IND-01,95,0,1,4,8
2024-08-24,SKU-IND-8291,WH-IND-01,78,0,1,5,8
2024-08-25,SKU-IND-8291,WH-IND-01,37,0,1,6,8
2024-08-26,SKU-IND-8291,WH-IND-01,100,0,1,0,8
2024-08-27,SKU-IND-8291,WH-IND-01,96,0,1,1,8
2024-08-28,SKU-IND-8291,WH-IND-01,85,0,1,2,8
2024-08-29,SKU-IND-8291,WH-IND-01,90,0,1,3,8
2024-08-30,SKU-IND-8291,WH-IND-01,93,0,1,4,8
2024-08-31,SKU-IND-8291,WH-IND-01,96,0,1,5,8
2024-09-01,SKU-IND-8291,WH-IND-01,28,0,0,6,9
2024-09-02,SKU-IND-8291,WH-IND-01,101,0,0,0,9
2024-09-03,SKU-IND-8291,WH-IND-01,87,0,0,1,9
2024-09-04,SKU-IND-8291,WH-IND-01,85,0,0,2,9
2024-09-05,SKU-IND-8291,WH-IND-01,101,0,0,3,9
2024-09-06,SKU-IND-8291,WH-IND-01,92,0,0,4,9
2024-09-07,SKU-IND-8291,WH-IND-01,81,0,0,5,9
2024-09-08,SKU-IND-8291,WH-IND-01,41,0,0,6,9
2024-09-09,SKU-IND-8291,WH-IND-01,116,0,0,0,9
2024-09-10,SKU-IND-8291,WH-IND-01,96,0,0,1,9
2024-09-11,SKU-IND-8291,WH-IND-01,119,1,0,2,9
2024-09-12,SKU-IND-8291,WH-IND-01,126,1,0,3,9
2024-09-13,SKU-IND-8291,WH-IND-01,137,1,0,4,9
2024-09-14,SKU-IND-8291,WH-IND-01,124,1,0,5,9
2024-09-15,SKU-IND-8291,WH-IND-01,54,1,0,6,9
2024-09-16,SKU-IND-8291,WH-IND-01,153,1,0,0,9
2024-09-17,SKU-IND-8291,WH-IND-01,122,1,0,1,9
2024-09-18,SKU-IND-8291,WH-IND-01,128,1,0,2,9
2024-09-19,SKU-IND-8291,WH-IND-01,107,1,0,3,9
2024-09-20,SKU-IND-8291,WH-IND-01,122,1,0,4,9
2024-09-21,SKU-IND-8291,WH-IND-01,126,1,0,5,9
2024-09-22,SKU-IND-8291,WH-IND-01,43,1,0,6,9
2024-09-23,SKU-IND-8291,WH-IND-01,158,1,0,0,9
2024-09-24,SKU-IND-8291,WH-IND-01,119,1,0,1,9
2024-09-25,SKU-IND-8291,WH-IND-01,125,1,0,2,9
2024-09-26,SKU-IND-8291,WH-IND-01,129,1,0,3,9
2024-09-27,SKU-IND-8291,WH-IND-01,137,1,0,4,9
2024-09-28,SKU-IND-8291,WH-IND-01,119,1,0,5,9
2024-09-29,SKU-IND-8291,WH-IND-01,58,1,0,6,9
2024-09-30,SKU-IND-8291,WH-IND-01,147,1,0,0,9
2024-10-01,SKU-IND-8291,WH-IND-01,82,0,0,1,10
2024-10-02,SKU-IND-8291,WH-IND-01,91,0,0,2,10
2024-10-03,SKU-IND-8291,WH-IND-01,89,0,0,3,10
2024-10-04,SKU-IND-8291,WH-IND-01,84,0,0,4,10
2024-10-05,SKU-IND-8291,WH-IND-01,88,0,0,5,10
2024-10-06,SKU-IND-8291,WH-IND-01,32,0,0,6,10
2024-10-07,SKU-IND-8291,WH-IND-01,102,0,0,0,10
2024-10-08,SKU-IND-8291,WH-IND-01,92,0,0,1,10
2024-10-09,SKU-IND-8291,WH-IND-01,98,0,0,2,10
2024-10-10,SKU-IND-8291,WH-IND-01,80,0,0,3,10
2024-10-11,SKU-IND-8291,WH-IND-01,142,1,0,4,10
2024-10-12,SKU-IND-8291,WH-IND-01,116,1,0,5,10
2024-10-13,SKU-IND-8291,WH-IND-01,50,1,0,6,10
2024-10-14,SKU-IND-8291,WH-IND-01,151,1,0,0,10
2024-10-15,SKU-IND-8291,WH-IND-01,130,1,0,1,10
2024-10-16,SKU-IND-8291,WH-IND-01,124,1,0,2,10
2024-10-17,SKU-IND-8291,WH-IND-01,127,1,0,3,10
2024-10-18,SKU-IND-8291,WH-IND-01,125,1,0,4,10
2024-10-19,SKU-IND-8291,WH-IND-01,125,1,0,5,10
2024-10-20,SKU-IND-8291,WH-IND-01,57,1,0,6,10
2024-10-21,SKU-IND-8291,WH-IND-01,151,1,0,0,10
2024-10-22,SKU-IND-8291,WH-IND-01,125,1,0,1,10
2024-10-23,SKU-IND-8291,WH-IND-01,135,1,0,2,10
2024-10-24,SKU-IND-8291,WH-IND-01,131,1,0,3,10
2024-10-25,SKU-IND-8291,WH-IND-01,135,1,0,4,10
2024-10-26,SKU-IND-8291,WH-IND-01,134,1,0,5,10
2024-10-27,SKU-IND-8291,WH-IND-01,46,1,0,6,10
2024-10-28,SKU-IND-8291,WH-IND-01,146,1,0,0,10
2024-10-29,SKU-IND-8291,WH-IND-01,135,1,0,1,10
2024-10-30,SKU-IND-8291,WH-IND-01,134,1,0,2,10
2024-10-31,SKU-IND-8291,WH-IND-01,131,1,0,3,10
2024-11-01,SKU-IND-8291,WH-IND-01,91,0,0,4,11
2024-11-02,SKU-IND-8291,WH-IND-01,98,0,0,5,11
2024-11-03,SKU-IND-8291,WH-IND-01,32,0,0,6,11
2024-11-04,SKU-IND-8291,WH-IND-01,108,0,0,0,11
2024-11-05,SKU-IND-8291,WH-IND-01,89,0,0,1,11
2024-11-06,SKU-IND-8291,WH-IND-01,89,0,0,2,11
2024-11-07,SKU-IND-8291,WH-IND-01,98,0,0,3,11
2024-11-08,SKU-IND-8291,WH-IND-01,96,0,0,4,11
2024-11-09,SKU-IND-8291,WH-IND-01,96,0,0,5,11
2024-11-10,SKU-IND-8291,WH-IND-01,45,0,0,6,11
2024-11-11,SKU-IND-8291,WH-IND-01,106,0,0,0,11
2024-11-12,SKU-IND-8291,WH-IND-01,96,0,0,1,11
2024-11-13,SKU-IND-8291,WH-IND-01,90,0,0,2,11
2024-11-14,SKU-IND-8291,WH-IND-01,94,0,0,3,11
2024-11-15,SKU-IND-8291,WH-IND-01,92,0,0,4,11
2024-11-16,SKU-IND-8291,WH-IND-01,93,0,0,5,11
2024-11-17,SKU-IND-8291,WH-IND-01,41,0,0,6,11
2024-11-18,SKU-IND-8291,WH-IND-01,102,0,0,0,11
2024-11-19,SKU-IND-8291,WH-IND-01,107,0,0,1,11
2024-11-20,SKU-IND-8291,WH-IND-01,87,0,0,2,11
2024-11-21,SKU-IND-8291,WH-IND-01,86,0,0,3,11
2024-11-22,SKU-IND-8291,WH-IND-01,101,0,0,4,11
2024-11-23,SKU-IND-8291,WH-IND-01,99,0,0,5,11
2024-11-24,SKU-IND-8291,WH-IND-01,41,0,0,6,11
2024-11-25,SKU-IND-8291,WH-IND-01,113,0,0,0,11
2024-11-26,SKU-IND-8291,WH-IND-01,95,0,0,1,11
2024-11-27,SKU-IND-8291,WH-IND-01,89,0,0,2,11
2024-11-28,SKU-IND-8291,WH-IND-01,96,0,0,3,11
2024-11-29,SKU-IND-8291,WH-IND-01,91,0,0,4,11
2024-11-30,SKU-IND-8291,WH-IND-01,102,0,0,5,11
2024-12-01,SKU-IND-8291,WH-IND-01,37,0,0,6,12
2024-12-02,SKU-IND-8291,WH-IND-01,105,0,0,0,12
2024-12-03,SKU-IND-8291,WH-IND-01,94,0,0,1,12
2024-12-04,SKU-IND-8291,WH-IND-01,99,0,0,2,12
2024-12-05,SKU-IND-8291,WH-IND-01,93,0,0,3,12
2024-12-06,SKU-IND-8291,WH-IND-01,92,0,0,4,12
2024-12-07,SKU-IND-8291,WH-IND-01,99,0,0,5,12
2024-12-08,SKU-IND-8291,WH-IND-01,40,0,0,6,12
2024-12-09,SKU-IND-8291,WH-IND-01,109,0,0,0,12
2024-12-10,SKU-IND-8291,WH-IND-01,95,0,0,1,12
2024-12-11,SKU-IND-8291,WH-IND-01,100,0,0,2,12
2024-12-12,SKU-IND-8291,WH-IND-01,89,0,0,3,12
2024-12-13,SKU-IND-8291,WH-IND-01,90,0,0,4,12
2024-12-14,SKU-IND-8291,WH-IND-01,94,0,0,5,12
2024-12-15,SKU-IND-8291,WH-IND-01,38,0,0,6,12
2024-12-16,SKU-IND-8291,WH-IND-01,116,0,0,0,12
2024-12-17,SKU-IND-8291,WH-IND-01,109,0,0,1,12
2024-12-18,SKU-IND-8291,WH-IND-01,105,0,0,2,12
2024-12-19,SKU-IND-8291,WH-IND-01,99,0,0,3,12
2024-12-20,SKU-IND-8291,WH-IND-01,100,0,0,4,12
2024-12-21,SKU-IND-8291,WH-IND-01,94,0,0,5,12
2024-12-22,SKU-IND-8291,WH-IND-01,40,0,0,6,12
2024-12-23,SKU-IND-8291,WH-IND-01,115,0,0,0,12
2024-12-24,SKU-IND-8291,WH-IND-01,104,0,0,1,12
2024-12-25,SKU-IND-8291,WH-IND-01,97,0,0,2,12
2024-12-26,SKU-IND-8291,WH-IND-01,105,0,0,3,12
2024-12-27,SKU-IND-8291,WH-IND-01,112,0,0,4,12
2024-12-28,SKU-IND-8291,WH-IND-01,102,0,0,5,12
2024-12-29,SKU-IND-8291,WH-IND-01,43,0,0,6,12
2024-12-30,SKU-IND-8291,WH-IND-01,123,0,0,0,12
2024-12-31,SKU-IND-8291,WH-IND-01,101,0,0,1,12
2025-01-01,SKU-IND-8291,WH-IND-01,105,0,0,2,1
2025-01-02,SKU-IND-8291,WH-IND-01,104,0,0,3,1
2025-01-03,SKU-IND-8291,WH-IND-01,105,0,0,4,1
2025-01-04,SKU-IND-8291,WH-IND-01,100,0,0,5,1
2025-01-05,SKU-IND-8291,WH-IND-01,42,0,0,6,1
2025-01-06,SKU-IND-8291,WH-IND-01,124,0,0,0,1
2025-01-07,SKU-IND-8291,WH-IND-01,115,0,0,1,1
2025-01-08,SKU-IND-8291,WH-IND-01,112,0,0,2,1
2025-01-09,SKU-IND-8291,WH-IND-01,120,0,0,3,1
2025-01-10,SKU-IND-8291,WH-IND-01,101,0,0,4,1
2025-01-11,SKU-IND-8291,WH-IND-01,112,0,0,5,1
2025-01-12,SKU-IND-8291,WH-IND-01,44,0,0,6,1
2025-01-13,SKU-IND-8291,WH-IND-01,137,0,0,0,1
2025-01-14,SKU-IND-8291,WH-IND-01,102,0,0,1,1
2025-01-15,SKU-IND-8291,WH-IND-01,102,0,0,2,1
2025-01-16,SKU-IND-8291,WH-IND-01,104,0,0,3,1
2025-01-17,SKU-IND-8291,WH-IND-01,94,0,0,4,1
2025-01-18,SKU-IND-8291,WH-IND-01,105,0,0,5,1
2025-01-19,SKU-IND-8291,WH-IND-01,38,0,0,6,1
2025-01-20,SKU-IND-8291,WH-IND-01,126,0,0,0,1
2025-01-21,SKU-IND-8291,WH-IND-01,111,0,0,1,1
2025-01-22,SKU-IND-8291,WH-IND-01,121,0,0,2,1
2025-01-23,SKU-IND-8291,WH-IND-01,116,0,0,3,1
2025-01-24,SKU-IND-8291,WH-IND-01,106,0,0,4,1
2025-01-25,SKU-IND-8291,WH-IND-01,104,0,0,5,1
2025-01-26,SKU-IND-8291,WH-IND-01,47,0,0,6,1
2025-01-27,SKU-IND-8291,WH-IND-01,119,0,0,0,1
2025-01-28,SKU-IND-8291,WH-IND-01,122,0,0,1,1
2025-01-29,SKU-IND-8291,WH-IND-01,118,0,0,2,1
2025-01-30,SKU-IND-8291,WH-IND-01,108,0,0,3,1
2025-01-31,SKU-IND-8291,WH-IND-01,100,0,0,4,1
2025-02-01,SKU-IND-8291,WH-IND-01,120,0,0,5,2
2025-02-02,SKU-IND-8291,WH-IND-01,44,0,0,6,2
2025-02-03,SKU-IND-8291,WH-IND-01,137,0,0,0,2
2025-02-04,SKU-IND-8291,WH-IND-01,102,0,0,1,2
2025-02-05,SKU-IND-8291,WH-IND-01,109,0,0,2,2
2025-02-06,SKU-IND-8291,WH-IND-01,113,0,0,3,2
2025-02-07,SKU-IND-8291,WH-IND-01,113,0,0,4,2
2025-02-08,SKU-IND-8291,WH-IND-01,110,0,0,5,2
2025-02-09,SKU-IND-8291,WH-IND-01,49,0,0,6,2
2025-02-10,SKU-IND-8291,WH-IND-01,124,0,0,0,2
2025-02-11,SKU-IND-8291,WH-IND-01,113,0,0,1,2
2025-02-12,SKU-IND-8291,WH-IND-01,115,0,0,2,2
2025-02-13,SKU-IND-8291,WH-IND-01,117,0,0,3,2
2025-02-14,SKU-IND-8291,WH-IND-01,119,0,0,4,2
2025-02-15,SKU-IND-8291,WH-IND-01,107,0,0,5,2
2025-02-16,SKU-IND-8291,WH-IND-01,36,0,0,6,2
2025-02-17,SKU-IND-8291,WH-IND-01,140,0,0,0,2
2025-02-18,SKU-IND-8291,WH-IND-01,117,0,0,1,2
2025-02-19,SKU-IND-8291,WH-IND-01,110,0,0,2,2
2025-02-20,SKU-IND-8291,WH-IND-01,125,0,0,3,2
2025-02-21,SKU-IND-8291,WH-IND-01,116,0,0,4,2
2025-02-22,SKU-IND-8291,WH-IND-01,123,0,0,5,2
2025-02-23,SKU-IND-8291,WH-IND-01,47,0,0,6,2
2025-02-24,SKU-IND-8291,WH-IND-01,147,0,0,0,2
2025-02-25,SKU-IND-8291,WH-IND-01,128,0,0,1,2
2025-02-26,SKU-IND-8291,WH-IND-01,115,0,0,2,2
2025-02-27,SKU-IND-8291,WH-IND-01,123,0,0,3,2
2025-02-28,SKU-IND-8291,WH-IND-01,121,0,0,4,2
2025-03-01,SKU-IND-8291,WH-IND-01,126,0,0,5,3
2025-03-02,SKU-IND-8291,WH-IND-01,40,0,0,6,3
2025-03-03,SKU-IND-8291,WH-IND-01,139,0,0,0,3
2025-03-04,SKU-IND-8291,WH-IND-01,124,0,0,1,3
2025-03-05,SKU-IND-8291,WH-IND-01,106,0,0,2,3
2025-03-06,SKU-IND-8291,WH-IND-01,110,0,0,3,3
2025-03-07,SKU-IND-8291,WH-IND-01,105,0,0,4,3
2025-03-08,SKU-IND-8291,WH-IND-01,116,0,0,5,3
2025-03-09,SKU-IND-8291,WH-IND-01,51,0,0,6,3
2025-03-10,SKU-IND-8291,WH-IND-01,145,0,0,0,3
2025-03-11,SKU-IND-8291,WH-IND-01,119,0,0,1,3
2025-03-12,SKU-IND-8291,WH-IND-01,129,0,0,2,3
2025-03-13,SKU-IND-8291,WH-IND-01,109,0,0,3,3
2025-03-14,SKU-IND-8291,WH-IND-01,107,0,0,4,3
2025-03-15,SKU-IND-8291,WH-IND-01,118,0,0,5,3
2025-03-16,SKU-IND-8291,WH-IND-01,50,0,0,6,3
2025-03-17,SKU-IND-8291,WH-IND-01,136,0,0,0,3
2025-03-18,SKU-IND-8291,WH-IND-01,105,0,0,1,3
2025-03-19,SKU-IND-8291,WH-IND-01,118,0,0,2,3
2025-03-20,SKU-IND-8291,WH-IND-01,110,0,0,3,3
2025-03-21,SKU-IND-8291,WH-IND-01,123,0,0,4,3
2025-03-22,SKU-IND-8291,WH-IND-01,121,0,0,5,3
2025-03-23,SKU-IND-8291,WH-IND-01,41,0,0,6,3
2025-03-24,SKU-IND-8291,WH-IND-01,134,0,0,0,3
2025-03-25,SKU-IND-8291,WH-IND-01,112,0,0,1,3
2025-03-26,SKU-IND-8291,WH-IND-01,119,0,0,2,3
2025-03-27,SKU-IND-8291,WH-IND-01,125,0,0,3,3
2025-03-28,SKU-IND-8291,WH-IND-01,113,0,0,4,3
2025-03-29,SKU-IND-8291,WH-IND-01,122,0,0,5,3
2025-03-30,SKU-IND-8291,WH-IND-01,44,0,0,6,3
2025-03-31,SKU-IND-8291,WH-IND-01,132,0,0,0,3
2025-04-01,SKU-IND-8291,WH-IND-01,118,0,0,1,4
2025-04-02,SKU-IND-8291,WH-IND-01,112,0,0,2,4
2025-04-03,SKU-IND-8291,WH-IND-01,116,0,0,3,4
2025-04-04,SKU-IND-8291,WH-IND-01,111,0,0,4,4
2025-04-05,SKU-IND-8291,WH-IND-01,132,0,0,5,4
2025-04-06,SKU-IND-8291,WH-IND-01,48,0,0,6,4
2025-04-07,SKU-IND-8291,WH-IND-01,132,0,0,0,4
2025-04-08,SKU-IND-8291,WH-IND-01,120,0,0,1,4
2025-04-09,SKU-IND-8291,WH-IND-01,118,0,0,2,4
2025-04-10,SKU-IND-8291,WH-IND-01,118,0,0,3,4
2025-04-11,SKU-IND-8291,WH-IND-01,123,0,0,4,4
2025-04-12,SKU-IND-8291,WH-IND-01,124,0,0,5,4
2025-04-13,SKU-IND-8291,WH-IND-01,44,0,0,6,4
2025-04-14,SKU-IND-8291,WH-IND-01,133,0,0,0,4
2025-04-15,SKU-IND-8291,WH-IND-01,117,0,0,1,4
2025-04-16,SKU-IND-8291,WH-IND-01,104,0,0,2,4
2025-04-17,SKU-IND-8291,WH-IND-01,109,0,0,3,4
2025-04-18,SKU-IND-8291,WH-IND-01,127,0,0,4,4
2025-04-19,SKU-IND-8291,WH-IND-01,129,0,0,5,4
2025-04-20,SKU-IND-8291,WH-IND-01,45,0,0,6,4
2025-04-21,SKU-IND-8291,WH-IND-01,140,0,0,0,4
2025-04-22,SKU-IND-8291,WH-IND-01,120,0,0,1,4
2025-04-23,SKU-IND-8291,WH-IND-01,138,0,0,2,4
2025-04-24,SKU-IND-8291,WH-IND-01,125,0,0,3,4
2025-04-25,SKU-IND-8291,WH-IND-01,117,0,0,4,4
2025-04-26,SKU-IND-8291,WH-IND-01,112,0,0,5,4
2025-04-27,SKU-IND-8291,WH-IND-01,36,0,0,6,4
2025-04-28,SKU-IND-8291,WH-IND-01,137,0,0,0,4
2025-04-29,SKU-IND-8291,WH-IND-01,113,0,0,1,4
2025-04-30,SKU-IND-8291,WH-IND-01,108,0,0,2,4
2025-05-01,SKU-IND-8291,WH-IND-01,113,0,0,3,5
2025-05-02,SKU-IND-8291,WH-IND-01,110,0,0,4,5
2025-05-03,SKU-IND-8291,WH-IND-01,128,0,0,5,5
2025-05-04,SKU-IND-8291,WH-IND-01,52,0,0,6,5
2025-05-05,SKU-IND-8291,WH-IND-01,134,0,0,0,5
2025-05-06,SKU-IND-8291,WH-IND-01,126,0,0,1,5
2025-05-07,SKU-IND-8291,WH-IND-01,117,0,0,2,5
2025-05-08,SKU-IND-8291,WH-IND-01,111,0,0,3,5
2025-05-09,SKU-IND-8291,WH-IND-01,126,0,0,4,5
2025-05-10,SKU-IND-8291,WH-IND-01,119,0,0,5,5
2025-05-11,SKU-IND-8291,WH-IND-01,39,0,0,6,5
2025-05-12,SKU-IND-8291,WH-IND-01,132,0,0,0,5
2025-05-13,SKU-IND-8291,WH-IND-01,110,0,0,1,5
2025-05-14,SKU-IND-8291,WH-IND-01,106,0,0,2,5
2025-05-15,SKU-IND-8291,WH-IND-01,121,0,0,3,5
2025-05-16,SKU-IND-8291,WH-IND-01,127,0,0,4,5
2025-05-17,SKU-IND-8291,WH-IND-01,106,0,0,5,5
2025-05-18,SKU-IND-8291,WH-IND-01,49,0,0,6,5
2025-05-19,SKU-IND-8291,WH-IND-01,127,0,0,0,5
2025-05-20,SKU-IND-8291,WH-IND-01,111,0,0,1,5
2025-05-21,SKU-IND-8291,WH-IND-01,110,0,0,2,5
2025-05-22,SKU-IND-8291,WH-IND-01,108,0,0,3,5
2025-05-23,SKU-IND-8291,WH-IND-01,114,0,0,4,5
2025-05-24,SKU-IND-8291,WH-IND-01,108,0,0,5,5
2025-05-25,SKU-IND-8291,WH-IND-01,47,0,0,6,5
2025-05-26,SKU-IND-8291,WH-IND-01,129,0,0,0,5
2025-05-27,SKU-IND-8291,WH-IND-01,111,0,0,1,5
2025-05-28,SKU-IND-8291,WH-IND-01,106,0,0,2,5
2025-05-29,SKU-IND-8291,WH-IND-01,108,0,0,3,5
2025-05-30,SKU-IND-8291,WH-IND-01,117,0,0,4,5
2025-05-31,SKU-IND-8291,WH-IND-01,115,0,0,5,5
2025-06-01,SKU-IND-8291,WH-IND-01,38,0,1,6,6
2025-06-02,SKU-IND-8291,WH-IND-01,129,0,1,0,6
2025-06-03,SKU-IND-8291,WH-IND-01,116,0,1,1,6
2025-06-04,SKU-IND-8291,WH-IND-01,100,0,1,2,6
2025-06-05,SKU-IND-8291,WH-IND-01,114,0,1,3,6
2025-06-06,SKU-IND-8291,WH-IND-01,106,0,1,4,6
2025-06-07,SKU-IND-8291,WH-IND-01,114,0,1,5,6
2025-06-08,SKU-IND-8291,WH-IND-01,39,0,1,6,6
2025-06-09,SKU-IND-8291,WH-IND-01,114,0,1,0,6
2025-06-10,SKU-IND-8291,WH-IND-01,99,0,1,1,6
2025-06-11,SKU-IND-8291,WH-IND-01,109,0,1,2,6
2025-06-12,SKU-IND-8291,WH-IND-01,110,0,1,3,6
2025-06-13,SKU-IND-8291,WH-IND-01,103,0,1,4,6
2025-06-14,SKU-IND-8291,WH-IND-01,112,0,1,5,6
2025-06-15,SKU-IND-8291,WH-IND-01,32,0,1,6,6
2025-06-16,SKU-IND-8291,WH-IND-01,124,0,1,0,6
2025-06-17,SKU-IND-8291,WH-IND-01,100,0,1,1,6
2025-06-18,SKU-IND-8291,WH-IND-01,103,0,1,2,6
2025-06-19,SKU-IND-8291,WH-IND-01,107,0,1,3,6
2025-06-20,SKU-IND-8291,WH-IND-01,101,0,1,4,6
2025-06-21,SKU-IND-8291,WH-IND-01,104,0,1,5,6
2025-06-22,SKU-IND-8291,WH-IND-01,49,0,1,6,6
2025-06-23,SKU-IND-8291,WH-IND-01,118,0,1,0,6
2025-06-24,SKU-IND-8291,WH-IND-01,111,0,1,1,6
2025-06-25,SKU-IND-8291,WH-IND-01,98,0,1,2,6
2025-06-26,SKU-IND-8291,WH-IND-01,108,0,1,3,6
2025-06-27,SKU-IND-8291,WH-IND-01,114,0,1,4,6
2025-06-28,SKU-IND-8291,WH-IND-01,89,0,1,5,6
2025-06-29,SKU-IND-8291,WH-IND-01,36,0,1,6,6
2025-06-30,SKU-IND-8291,WH-IND-01,123,0,1,0,6
2025-07-01,SKU-IND-8291,WH-IND-01,102,0,1,1,7
2025-07-02,SKU-IND-8291,WH-IND-01,106,0,1,2,7
2025-07-03,SKU-IND-8291,WH-IND-01,99,0,1,3,7
2025-07-04,SKU-IND-8291,WH-IND-01,103,0,1,4,7
2025-07-05,SKU-IND-8291,WH-IND-01,102,0,1,5,7
2025-07-06,SKU-IND-8291,WH-IND-01,48,0,1,6,7
2025-07-07,SKU-IND-8291,WH-IND-01,119,0,1,0,7
2025-07-08,SKU-IND-8291,WH-IND-01,104,0,1,1,7
2025-07-09,SKU-IND-8291,WH-IND-01,99,0,1,2,7
2025-07-10,SKU-IND-8291,WH-IND-01,98,0,1,3,7
2025-07-11,SKU-IND-8291,WH-IND-01,98,0,1,4,7
2025-07-12,SKU-IND-8291,WH-IND-01,103,0,1,5,7
2025-07-13,SKU-IND-8291,WH-IND-01,37,0,1,6,7
2025-07-14,SKU-IND-8291,WH-IND-01,117,0,1,0,7
2025-07-15,SKU-IND-8291,WH-IND-01,113,0,1,1,7
2025-07-16,SKU-IND-8291,WH-IND-01,105,0,1,2,7
2025-07-17,SKU-IND-8291,WH-IND-01,97,0,1,3,7
2025-07-18,SKU-IND-8291,WH-IND-01,107,0,1,4,7
2025-07-19,SKU-IND-8291,WH-IND-01,96,0,1,5,7
2025-07-20,SKU-IND-8291,WH-IND-01,26,0,1,6,7
2025-07-21,SKU-IND-8291,WH-IND-01,107,0,1,0,7
2025-07-22,SKU-IND-8291,WH-IND-01,86,0,1,1,7
2025-07-23,SKU-IND-8291,WH-IND-01,96,0,1,2,7
2025-07-24,SKU-IND-8291,WH-IND-01,98,0,1,3,7
2025-07-25,SKU-IND-8291,WH-IND-01,108,0,1,4,7
2025-07-26,SKU-IND-8291,WH-IND-01,99,0,1,5,7
2025-07-27,SKU-IND-8291,WH-IND-01,37,0,1,6,7
2025-07-28,SKU-IND-8291,WH-IND-01,117,0,1,0,7
2025-07-29,SKU-IND-8291,WH-IND-01,82,0,1,1,7
2025-07-30,SKU-IND-8291,WH-IND-01,98,0,1,2,7
2025-07-31,SKU-IND-8291,WH-IND-01,101,0,1,3,7
2025-08-01,SKU-IND-8291,WH-IND-01,86,0,1,4,8
2025-08-02,SKU-IND-8291,WH-IND-01,103,0,1,5,8
2025-08-03,SKU-IND-8291,WH-IND-01,40,0,1,6,8
2025-08-04,SKU-IND-8291,WH-IND-01,107,0,1,0,8
2025-08-05,SKU-IND-8291,WH-IND-01,99,0,1,1,8
2025-08-06,SKU-IND-8291,WH-IND-01,109,0,1,2,8
2025-08-07,SKU-IND-8291,WH-IND-01,96,0,1,3,8
2025-08-08,SKU-IND-8291,WH-IND-01,96,0,1,4,8
2025-08-09,SKU-IND-8291,WH-IND-01,91,0,1,5,8
2025-08-10,SKU-IND-8291,WH-IND-01,32,0,1,6,8
2025-08-11,SKU-IND-8291,WH-IND-01,113,0,1,0,8
2025-08-12,SKU-IND-8291,WH-IND-01,88,0,1,1,8
2025-08-13,SKU-IND-8291,WH-IND-01,94,0,1,2,8
2025-08-14,SKU-IND-8291,WH-IND-01,90,0,1,3,8
2025-08-15,SKU-IND-8291,WH-IND-01,96,0,1,4,8
2025-08-16,SKU-IND-8291,WH-IND-01,95,0,1,5,8
2025-08-17,SKU-IND-8291,WH-IND-01,43,0,1,6,8
2025-08-18,SKU-IND-8291,WH-IND-01,103,0,1,0,8
2025-08-19,SKU-IND-8291,WH-IND-01,90,0,1,1,8
2025-08-20,SKU-IND-8291,WH-IND-01,86,0,1,2,8
2025-08-21,SKU-IND-8291,WH-IND-01,89,0,1,3,8
2025-08-22,SKU-IND-8291,WH-IND-01,94,0,1,4,8
2025-08-23,SKU-IND-8291,WH-IND-01,96,0,1,5,8
2025-08-24,SKU-IND-8291,WH-IND-01,30,0,1,6,8
2025-08-25,SKU-IND-8291,WH-IND-01,110,0,1,0,8
2025-08-26,SKU-IND-8291,WH-IND-01,100,0,1,1,8
2025-08-27,SKU-IND-8291,WH-IND-01,93,0,1,2,8
2025-08-28,SKU-IND-8291,WH-IND-01,103,0,1,3,8
2025-08-29,SKU-IND-8291,WH-IND-01,85,0,1,4,8
2025-08-30,SKU-IND-8291,WH-IND-01,82,0,1,5,8
2025-08-31,SKU-IND-8291,WH-IND-01,24,0,1,6,8
2025-09-01,SKU-IND-8291,WH-IND-01,113,0,0,0,9
2025-09-02,SKU-IND-8291,WH-IND-01,94,0,0,1,9
2025-09-03,SKU-IND-8291,WH-IND-01,89,0,0,2,9
2025-09-04,SKU-IND-8291,WH-IND-01,91,0,0,3,9
2025-09-05,SKU-IND-8291,WH-IND-01,82,0,0,4,9
2025-09-06,SKU-IND-8291,WH-IND-01,105,0,0,5,9
2025-09-07,SKU-IND-8291,WH-IND-01,36,0,0,6,9
2025-09-08,SKU-IND-8291,WH-IND-01,103,0,0,0,9
2025-09-09,SKU-IND-8291,WH-IND-01,94,0,0,1,9
2025-09-10,SKU-IND-8291,WH-IND-01,92,0,0,2,9
2025-09-11,SKU-IND-8291,WH-IND-01,130,1,0,3,9
2025-09-12,SKU-IND-8291,WH-IND-01,124,1,0,4,9
2025-09-13,SKU-IND-8291,WH-IND-01,132,1,0,5,9
2025-09-14,SKU-IND-8291,WH-IND-01,63,1,0,6,9
2025-09-15,SKU-IND-8291,WH-IND-01,157,1,0,0,9
2025-09-16,SKU-IND-8291,WH-IND-01,139,1,0,1,9
2025-09-17,SKU-IND-8291,WH-IND-01,125,1,0,2,9
2025-09-18,SKU-IND-8291,WH-IND-01,122,1,0,3,9
2025-09-19,SKU-IND-8291,WH-IND-01,127,1,0,4,9
2025-09-20,SKU-IND-8291,WH-IND-01,128,1,0,5,9
2025-09-21,SKU-IND-8291,WH-IND-01,58,1,0,6,9
2025-09-22,SKU-IND-8291,WH-IND-01,136,1,0,0,9
2025-09-23,SKU-IND-8291,WH-IND-01,138,1,0,1,9
2025-09-24,SKU-IND-8291,WH-IND-01,127,1,0,2,9
2025-09-25,SKU-IND-8291,WH-IND-01,125,1,0,3,9
2025-09-26,SKU-IND-8291,WH-IND-01,121,1,0,4,9
2025-09-27,SKU-IND-8291,WH-IND-01,117,1,0,5,9
2025-09-28,SKU-IND-8291,WH-IND-01,56,1,0,6,9
2025-09-29,SKU-IND-8291,WH-IND-01,147,1,0,0,9
2025-09-30,SKU-IND-8291,WH-IND-01,119,1,0,1,9
2025-10-01,SKU-IND-8291,WH-IND-01,80,0,0,2,10
2025-10-02,SKU-IND-8291,WH-IND-01,86,0,0,3,10
2025-10-03,SKU-IND-8291,WH-IND-01,99,0,0,4,10
2025-10-04,SKU-IND-8291,WH-IND-01,86,0,0,5,10
2025-10-05,SKU-IND-8291,WH-IND-01,25,0,0,6,10
2025-10-06,SKU-IND-8291,WH-IND-01,100,0,0,0,10
2025-10-07,SKU-IND-8291,WH-IND-01,86,0,0,1,10
2025-10-08,SKU-IND-8291,WH-IND-01,71,0,0,2,10
2025-10-09,SKU-IND-8291,WH-IND-01,88,0,0,3,10
2025-10-10,SKU-IND-8291,WH-IND-01,87,0,0,4,10
2025-10-11,SKU-IND-8291,WH-IND-01,132,1,0,5,10
2025-10-12,SKU-IND-8291,WH-IND-01,63,1,0,6,10
2025-10-13,SKU-IND-8291,WH-IND-01,155,1,0,0,10
2025-10-14,SKU-IND-8291,WH-IND-01,127,1,0,1,10
2025-10-15,SKU-IND-8291,WH-IND-01,121,1,0,2,10
2025-10-16,SKU-IND-8291,WH-IND-01,145,1,0,3,10
2025-10-17,SKU-IND-8291,WH-IND-01,129,1,0,4,10
2025-10-18,SKU-IND-8291,WH-IND-01,129,1,0,5,10
2025-10-19,SKU-IND-8291,WH-IND-01,51,1,0,6,10
2025-10-20,SKU-IND-8291,WH-IND-01,150,1,0,0,10
2025-10-21,SKU-IND-8291,WH-IND-01,128,1,0,1,10
2025-10-22,SKU-IND-8291,WH-IND-01,125,1,0,2,10
2025-10-23,SKU-IND-8291,WH-IND-01,126,1,0,3,10
2025-10-24,SKU-IND-8291,WH-IND-01,129,1,0,4,10
2025-10-25,SKU-IND-8291,WH-IND-01,126,1,0,5,10
2025-10-26,SKU-IND-8291,WH-IND-01,47,1,0,6,10
2025-10-27,SKU-IND-8291,WH-IND-01,150,1,0,0,10
2025-10-28,SKU-IND-8291,WH-IND-01,128,1,0,1,10
2025-10-29,SKU-IND-8291,WH-IND-01,140,1,0,2,10
2025-10-30,SKU-IND-8291,WH-IND-01,113,1,0,3,10
2025-10-31,SKU-IND-8291,WH-IND-01,138,1,0,4,10
2025-11-01,SKU-IND-8291,WH-IND-01,98,0,0,5,11
2025-11-02,SKU-IND-8291,WH-IND-01,23,0,0,6,11
2025-11-03,SKU-IND-8291,WH-IND-01,102,0,0,0,11
2025-11-04,SKU-IND-8291,WH-IND-01,88,0,0,1,11
2025-11-05,SKU-IND-8291,WH-IND-01,82,0,0,2,11
2025-11-06,SKU-IND-8291,WH-IND-01,86,0,0,3,11
2025-11-07,SKU-IND-8291,WH-IND-01,84,0,0,4,11
2025-11-08,SKU-IND-8291,WH-IND-01,102,0,0,5,11
2025-11-09,SKU-IND-8291,WH-IND-01,42,0,0,6,11
2025-11-10,SKU-IND-8291,WH-IND-01,113,0,0,0,11
2025-11-11,SKU-IND-8291,WH-IND-01,96,0,0,1,11
2025-11-12,SKU-IND-8291,WH-IND-01,85,0,0,2,11
2025-11-13,SKU-IND-8291,WH-IND-01,89,0,0,3,11
2025-11-14,SKU-IND-8291,WH-IND-01,95,0,0,4,11
2025-11-15,SKU-IND-8291,WH-IND-01,84,0,0,5,11
2025-11-16,SKU-IND-8291,WH-IND-01,41,0,0,6,11
2025-11-17,SKU-IND-8291,WH-IND-01,105,0,0,0,11
2025-11-18,SKU-IND-8291,WH-IND-01,90,0,0,1,11
2025-11-19,SKU-IND-8291,WH-IND-01,98,0,0,2,11
2025-11-20,SKU-IND-8291,WH-IND-01,96,0,0,3,11
2025-11-21,SKU-IND-8291,WH-IND-01,91,0,0,4,11
2025-11-22,SKU-IND-8291,WH-IND-01,101,0,0,5,11
2025-11-23,SKU-IND-8291,WH-IND-01,30,0,0,6,11
2025-11-24,SKU-IND-8291,WH-IND-01,112,0,0,0,11
2025-11-25,SKU-IND-8291,WH-IND-01,98,0,0,1,11
2025-11-26,SKU-IND-8291,WH-IND-01,93,0,0,2,11
2025-11-27,SKU-IND-8291,WH-IND-01,97,0,0,3,11
2025-11-28,SKU-IND-8291,WH-IND-01,87,0,0,4,11
2025-11-29,SKU-IND-8291,WH-IND-01,101,0,0,5,11
2025-11-30,SKU-IND-8291,WH-IND-01,37,0,0,6,11
2025-12-01,SKU-IND-8291,WH-IND-01,107,0,0,0,12
2025-12-02,SKU-IND-8291,WH-IND-01,103,0,0,1,12
2025-12-03,SKU-IND-8291,WH-IND-01,92,0,0,2,12
2025-12-04,SKU-IND-8291,WH-IND-01,87,0,0,3,12
2025-12-05,SKU-IND-8291,WH-IND-01,87,0,0,4,12
2025-12-06,SKU-IND-8291,WH-IND-01,101,0,0,5,12
2025-12-07,SKU-IND-8291,WH-IND-01,30,0,0,6,12
2025-12-08,SKU-IND-8291,WH-IND-01,123,0,0,0,12
2025-12-09,SKU-IND-8291,WH-IND-01,84,0,0,1,12
2025-12-10,SKU-IND-8291,WH-IND-01,109,0,0,2,12
2025-12-11,SKU-IND-8291,WH-IND-01,99,0,0,3,12
2025-12-12,SKU-IND-8291,WH-IND-01,98,0,0,4,12
2025-12-13,SKU-IND-8291,WH-IND-01,95,0,0,5,12
2025-12-14,SKU-IND-8291,WH-IND-01,42,0,0,6,12
2025-12-15,SKU-IND-8291,WH-IND-01,114,0,0,0,12
2025-12-16,SKU-IND-8291,WH-IND-01,106,0,0,1,12
2025-12-17,SKU-IND-8291,WH-IND-01,100,0,0,2,12
2025-12-18,SKU-IND-8291,WH-IND-01,101,0,0,3,12
2025-12-19,SKU-IND-8291,WH-IND-01,98,0,0,4,12
2025-12-20,SKU-IND-8291,WH-IND-01,100,0,0,5,12
2025-12-21,SKU-IND-8291,WH-IND-01,42,0,0,6,12
2025-12-22,SKU-IND-8291,WH-IND-01,105,0,0,0,12
2025-12-23,SKU-IND-8291,WH-IND-01,93,0,0,1,12
2025-12-24,SKU-IND-8291,WH-IND-01,106,0,0,2,12
2025-12-25,SKU-IND-8291,WH-IND-01,103,0,0,3,12
2025-12-26,SKU-IND-8291,WH-IND-01,101,0,0,4,12
2025-12-27,SKU-IND-8291,WH-IND-01,102,0,0,5,12
2025-12-28,SKU-IND-8291,WH-IND-01,43,0,0,6,12
2025-12-29,SKU-IND-8291,WH-IND-01,115,0,0,0,12
2025-12-30,SKU-IND-8291,WH-IND-01,98,0,0,1,12
2024-01-01,SKU-IND-8291,WH-IND-02,93,0,0,0,1
2024-01-02,SKU-IND-8291,WH-IND-02,73,0,0,1,1
2024-01-03,SKU-IND-8291,WH-IND-02,83,0,0,2,1
2024-01-04,SKU-IND-8291,WH-IND-02,69,0,0,3,1
2024-01-05,SKU-IND-8291,WH-IND-02,87,0,0,4,1
2024-01-06,SKU-IND-8291,WH-IND-02,84,0,0,5,1
2024-01-07,SKU-IND-8291,WH-IND-02,34,0,0,6,1
2024-01-08,SKU-IND-8291,WH-IND-02,99,0,0,0,1
2024-01-09,SKU-IND-8291,WH-IND-02,92,0,0,1,1
2024-01-10,SKU-IND-8291,WH-IND-02,88,0,0,2,1
2024-01-11,SKU-IND-8291,WH-IND-02,70,0,0,3,1
2024-01-12,SKU-IND-8291,WH-IND-02,74,0,0,4,1
2024-01-13,SKU-IND-8291,WH-IND-02,78,0,0,5,1
2024-01-14,SKU-IND-8291,WH-IND-02,33,0,0,6,1
2024-01-15,SKU-IND-8291,WH-IND-02,98,0,0,0,1
2024-01-16,SKU-IND-8291,WH-IND-02,78,0,0,1,1
2024-01-17,SKU-IND-8291,WH-IND-02,84,0,0,2,1
2024-01-18,SKU-IND-8291,WH-IND-02,78,0,0,3,1
2024-01-19,SKU-IND-8291,WH-IND-02,79,0,0,4,1
2024-01-20,SKU-IND-8291,WH-IND-02,74,0,0,5,1
2024-01-21,SKU-IND-8291,WH-IND-02,27,0,0,6,1
2024-01-22,SKU-IND-8291,WH-IND-02,88,0,0,0,1
2024-01-23,SKU-IND-8291,WH-IND-02,78,0,0,1,1
2024-01-24,SKU-IND-8291,WH-IND-02,91,0,0,2,1
2024-01-25,SKU-IND-8291,WH-IND-02,78,0,0,3,1
2024-01-26,SKU-IND-8291,WH-IND-02,101,0,0,4,1
2024-01-27,SKU-IND-8291,WH-IND-02,88,0,0,5,1
2024-01-28,SKU-IND-8291,WH-IND-02,35,0,0,6,1
2024-01-29,SKU-IND-8291,WH-IND-02,92,0,0,0,1
2024-01-30,SKU-IND-8291,WH-IND-02,90,0,0,1,1
2024-01-31,SKU-IND-8291,WH-IND-02,82,0,0,2,1
2024-02-01,SKU-IND-8291,WH-IND-02,86,0,0,3,2
2024-02-02,SKU-IND-8291,WH-IND-02,102,0,0,4,2
2024-02-03,SKU-IND-8291,WH-IND-02,85,0,0,5,2
2024-02-04,SKU-IND-8291,WH-IND-02,42,0,0,6,2
2024-02-05,SKU-IND-8291,WH-IND-02,95,0,0,0,2
2024-02-06,SKU-IND-8291,WH-IND-02,86,0,0,1,2
2024-02-07,SKU-IND-8291,WH-IND-02,98,0,0,2,2
2024-02-08,SKU-IND-8291,WH-IND-02,83,0,0,3,2
2024-02-09,SKU-IND-8291,WH-IND-02,99,0,0,4,2
2024-02-10,SKU-IND-8291,WH-IND-02,92,0,0,5,2
2024-02-11,SKU-IND-8291,WH-IND-02,31,0,0,6,2
2024-02-12,SKU-IND-8291,WH-IND-02,105,0,0,0,2
2024-02-13,SKU-IND-8291,WH-IND-02,94,0,0,1,2
2024-02-14,SKU-IND-8291,WH-IND-02,92,0,0,2,2
2024-02-15,SKU-IND-8291,WH-IND-02,78,0,0,3,2
2024-02-16,SKU-IND-8291,WH-IND-02,83,0,0,4,2
2024-02-17,SKU-IND-8291,WH-IND-02,87,0,0,5,2
2024-02-18,SKU-IND-8291,WH-IND-02,35,0,0,6,2
2024-02-19,SKU-IND-8291,WH-IND-02,106,0,0,0,2
2024-02-20,SKU-IND-8291,WH-IND-02,90,0,0,1,2
2024-02-21,SKU-IND-8291,WH-IND-02,80,0,0,2,2
2024-02-22,SKU-IND-8291,WH-IND-02,91,0,0,3,2
2024-02-23,SKU-IND-8291,WH-IND-02,93,0,0,4,2
2024-02-24,SKU-IND-8291,WH-IND-02,93,0,0,5,2
2024-02-25,SKU-IND-8291,WH-IND-02,42,0,0,6,2
2024-02-26,SKU-IND-8291,WH-IND-02,108,0,0,0,2
2024-02-27,SKU-IND-8291,WH-IND-02,92,0,0,1,2
2024-02-28,SKU-IND-8291,WH-IND-02,89,0,0,2,2
2024-02-29,SKU-IND-8291,WH-IND-02,79,0,0,3,2
2024-03-01,SKU-IND-8291,WH-IND-02,93,0,0,4,3
2024-03-02,SKU-IND-8291,WH-IND-02,91,0,0,5,3
2024-03-03,SKU-IND-8291,WH-IND-02,37,0,0,6,3
2024-03-04,SKU-IND-8291,WH-IND-02,96,0,0,0,3
2024-03-05,SKU-IND-8291,WH-IND-02,83,0,0,1,3
2024-03-06,SKU-IND-8291,WH-IND-02,97,0,0,2,3
2024-03-07,SKU-IND-8291,WH-IND-02,90,0,0,3,3
2024-03-08,SKU-IND-8291,WH-IND-02,95,0,0,4,3
2024-03-09,SKU-IND-8291,WH-IND-02,91,0,0,5,3
2024-03-10,SKU-IND-8291,WH-IND-02,36,0,0,6,3
2024-03-11,SKU-IND-8291,WH-IND-02,110,0,0,0,3
2024-03-12,SKU-IND-8291,WH-IND-02,87,0,0,1,3
2024-03-13,SKU-IND-8291,WH-IND-02,91,0,0,2,3
2024-03-14,SKU-IND-8291,WH-IND-02,88,0,0,3,3
2024-03-15,SKU-IND-8291,WH-IND-02,88,0,0,4,3
2024-03-16,SKU-IND-8291,WH-IND-02,89,0,0,5,3
2024-03-17,SKU-IND-8291,WH-IND-02,38,0,0,6,3
2024-03-18,SKU-IND-8291,WH-IND-02,102,0,0,0,3
2024-03-19,SKU-IND-8291,WH-IND-02,99,0,0,1,3
2024-03-20,SKU-IND-8291,WH-IND-02,86,0,0,2,3
2024-03-21,SKU-IND-8291,WH-IND-02,90,0,0,3,3
2024-03-22,SKU-IND-8291,WH-IND-02,88,0,0,4,3
2024-03-23,SKU-IND-8291,WH-IND-02,101,0,0,5,3
2024-03-24,SKU-IND-8291,WH-IND-02,38,0,0,6,3
2024-03-25,SKU-IND-8291,WH-IND-02,112,0,0,0,3
2024-03-26,SKU-IND-8291,WH-IND-02,82,0,0,1,3
2024-03-27,SKU-IND-8291,WH-IND-02,93,0,0,2,3
2024-03-28,SKU-IND-8291,WH-IND-02,97,0,0,3,3
2024-03-29,SKU-IND-8291,WH-IND-02,92,0,0,4,3
2024-03-30,SKU-IND-8291,WH-IND-02,98,0,0,5,3
2024-03-31,SKU-IND-8291,WH-IND-02,33,0,0,6,3
2024-04-01,SKU-IND-8291,WH-IND-02,114,0,0,0,4
2024-04-02,SKU-IND-8291,WH-IND-02,106,0,0,1,4
2024-04-03,SKU-IND-8291,WH-IND-02,89,0,0,2,4
2024-04-04,SKU-IND-8291,WH-IND-02,89,0,0,3,4
2024-04-05,SKU-IND-8291,WH-IND-02,101,0,0,4,4
2024-04-06,SKU-IND-8291,WH-IND-02,102,0,0,5,4
2024-04-07,SKU-IND-8291,WH-IND-02,33,0,0,6,4
2024-04-08,SKU-IND-8291,WH-IND-02,103,0,0,0,4
2024-04-09,SKU-IND-8291,WH-IND-02,90,0,0,1,4
2024-04-10,SKU-IND-8291,WH-IND-02,83,0,0,2,4
2024-04-11,SKU-IND-8291,WH-IND-02,85,0,0,3,4
2024-04-12,SKU-IND-8291,WH-IND-02,85,0,0,4,4
2024-04-13,SKU-IND-8291,WH-IND-02,86,0,0,5,4
2024-04-14,SKU-IND-8291,WH-IND-02,36,0,0,6,4
2024-04-15,SKU-IND-8291,WH-IND-02,106,0,0,0,4
2024-04-16,SKU-IND-8291,WH-IND-02,101,0,0,1,4
2024-04-17,SKU-IND-8291,WH-IND-02,85,0,0,2,4
2024-04-18,SKU-IND-8291,WH-IND-02,97,0,0,3,4
2024-04-19,SKU-IND-8291,WH-IND-02,90,0,0,4,4
2024-04-20,SKU-IND-8291,WH-IND-02,91,0,0,5,4
2024-04-21,SKU-IND-8291,WH-IND-02,40,0,0,6,4
2024-04-22,SKU-IND-8291,WH-IND-02,97,0,0,0,4
2024-04-23,SKU-IND-8291,WH-IND-02,93,0,0,1,4
2024-04-24,SKU-IND-8291,WH-IND-02,92,0,0,2,4
2024-04-25,SKU-IND-8291,WH-IND-02,94,0,0,3,4
2024-04-26,SKU-IND-8291,WH-IND-02,92,0,0,4,4
2024-04-27,SKU-IND-8291,WH-IND-02,106,0,0,5,4
2024-04-28,SKU-IND-8291,WH-IND-02,32,0,0,6,4
2024-04-29,SKU-IND-8291,WH-IND-02,100,0,0,0,4
2024-04-30,SKU-IND-8291,WH-IND-02,86,0,0,1,4
2024-05-01,SKU-IND-8291,WH-IND-02,86,0,0,2,5
2024-05-02,SKU-IND-8291,WH-IND-02,86,0,0,3,5
2024-05-03,SKU-IND-8291,WH-IND-02,97,0,0,4,5
2024-05-04,SKU-IND-8291,WH-IND-02,99,0,0,5,5
2024-05-05,SKU-IND-8291,WH-IND-02,32,0,0,6,5
2024-05-06,SKU-IND-8291,WH-IND-02,98,0,0,0,5
2024-05-07,SKU-IND-8291,WH-IND-02,92,0,0,1,5
2024-05-08,SKU-IND-8291,WH-IND-02,86,0,0,2,5
2024-05-09,SKU-IND-8291,WH-IND-02,93,0,0,3,5
2024-05-10,SKU-IND-8291,WH-IND-02,90,0,0,4,5
2024-05-11,SKU-IND-8291,WH-IND-02,79,0,0,5,5
2024-05-12,SKU-IND-8291,WH-IND-02,45,0,0,6,5
2024-05-13,SKU-IND-8291,WH-IND-02,113,0,0,0,5
2024-05-14,SKU-IND-8291,WH-IND-02,84,0,0,1,5
2024-05-15,SKU-IND-8291,WH-IND-02,86,0,0,2,5
2024-05-16,SKU-IND-8291,WH-IND-02,90,0,0,3,5
2024-05-17,SKU-IND-8291,WH-IND-02,90,0,0,4,5
2024-05-18,SKU-IND-8291,WH-IND-02,92,0,0,5,5
2024-05-19,SKU-IND-8291,WH-IND-02,48,0,0,6,5
2024-05-20,SKU-IND-8291,WH-IND-02,100,0,0,0,5
2024-05-21,SKU-IND-8291,WH-IND-02,82,0,0,1,5
2024-05-22,SKU-IND-8291,WH-IND-02,78,0,0,2,5
2024-05-23,SKU-IND-8291,WH-IND-02,82,0,0,3,5
2024-05-24,SKU-IND-8291,WH-IND-02,87,0,0,4,5
2024-05-25,SKU-IND-8291,WH-IND-02,98,0,0,5,5
2024-05-26,SKU-IND-8291,WH-IND-02,31,0,0,6,5
2024-05-27,SKU-IND-8291,WH-IND-02,101,0,0,0,5
2024-05-28,SKU-IND-8291,WH-IND-02,86,0,0,1,5
2024-05-29,SKU-IND-8291,WH-IND-02,94,0,0,2,5
2024-05-30,SKU-IND-8291,WH-IND-02,102,0,0,3,5
2024-05-31,SKU-IND-8291,WH-IND-02,82,0,0,4,5
2024-06-01,SKU-IND-8291,WH-IND-02,82,0,1,5,6
2024-06-02,SKU-IND-8291,WH-IND-02,41,0,1,6,6
2024-06-03,SKU-IND-8291,WH-IND-02,102,0,1,0,6
2024-06-04,SKU-IND-8291,WH-IND-02,97,0,1,1,6
2024-06-05,SKU-IND-8291,WH-IND-02,89,0,1,2,6
2024-06-06,SKU-IND-8291,WH-IND-02,82,0,1,3,6
2024-06-07,SKU-IND-8291,WH-IND-02,88,0,1,4,6
2024-06-08,SKU-IND-8291,WH-IND-02,91,0,1,5,6
2024-06-09,SKU-IND-8291,WH-IND-02,39,0,1,6,6
2024-06-10,SKU-IND-8291,WH-IND-02,100,0,1,0,6
2024-06-11,SKU-IND-8291,WH-IND-02,90,0,1,1,6
2024-06-12,SKU-IND-8291,WH-IND-02,91,0,1,2,6
2024-06-13,SKU-IND-8291,WH-IND-02,92,0,1,3,6
2024-06-14,SKU-IND-8291,WH-IND-02,87,0,1,4,6
2024-06-15,SKU-IND-8291,WH-IND-02,82,0,1,5,6
2024-06-16,SKU-IND-8291,WH-IND-02,34,0,1,6,6
2024-06-17,SKU-IND-8291,WH-IND-02,103,0,1,0,6
2024-06-18,SKU-IND-8291,WH-IND-02,77,0,1,1,6
2024-06-19,SKU-IND-8291,WH-IND-02,84,0,1,2,6
2024-06-20,SKU-IND-8291,WH-IND-02,79,0,1,3,6
2024-06-21,SKU-IND-8291,WH-IND-02,82,0,1,4,6
2024-06-22,SKU-IND-8291,WH-IND-02,90,0,1,5,6
2024-06-23,SKU-IND-8291,WH-IND-02,33,0,1,6,6
2024-06-24,SKU-IND-8291,WH-IND-02,94,0,1,0,6
2024-06-25,SKU-IND-8291,WH-IND-02,72,0,1,1,6
2024-06-26,SKU-IND-8291,WH-IND-02,85,0,1,2,6
2024-06-27,SKU-IND-8291,WH-IND-02,85,0,1,3,6
2024-06-28,SKU-IND-8291,WH-IND-02,94,0,1,4,6
2024-06-29,SKU-IND-8291,WH-IND-02,78,0,1,5,6
2024-06-30,SKU-IND-8291,WH-IND-02,33,0,1,6,6
2024-07-01,SKU-IND-8291,WH-IND-02,93,0,1,0,7
2024-07-02,SKU-IND-8291,WH-IND-02,90,0,1,1,7
2024-07-03,SKU-IND-8291,WH-IND-02,79,0,1,2,7
2024-07-04,SKU-IND-8291,WH-IND-02,81,0,1,3,7
2024-07-05,SKU-IND-8291,WH-IND-02,83,0,1,4,7
2024-07-06,SKU-IND-8291,WH-IND-02,80,0,1,5,7
2024-07-07,SKU-IND-8291,WH-IND-02,28,0,1,6,7
2024-07-08,SKU-IND-8291,WH-IND-02,91,0,1,0,7
2024-07-09,SKU-IND-8291,WH-IND-02,85,0,1,1,7
2024-07-10,SKU-IND-8291,WH-IND-02,71,0,1,2,7
2024-07-11,SKU-IND-8291,WH-IND-02,78,0,1,3,7
2024-07-12,SKU-IND-8291,WH-IND-02,73,0,1,4,7
2024-07-13,SKU-IND-8291,WH-IND-02,85,0,1,5,7
2024-07-14,SKU-IND-8291,WH-IND-02,21,0,1,6,7
2024-07-15,SKU-IND-8291,WH-IND-02,85,0,1,0,7
2024-07-16,SKU-IND-8291,WH-IND-02,79,0,1,1,7
2024-07-17,SKU-IND-8291,WH-IND-02,86,0,1,2,7
2024-07-18,SKU-IND-8291,WH-IND-02,76,0,1,3,7
2024-07-19,SKU-IND-8291,WH-IND-02,72,0,1,4,7
2024-07-20,SKU-IND-8291,WH-IND-02,88,0,1,5,7
2024-07-21,SKU-IND-8291,WH-IND-02,21,0,1,6,7
2024-07-22,SKU-IND-8291,WH-IND-02,73,0,1,0,7
2024-07-23,SKU-IND-8291,WH-IND-02,78,0,1,1,7
2024-07-24,SKU-IND-8291,WH-IND-02,72,0,1,2,7
2024-07-25,SKU-IND-8291,WH-IND-02,68,0,1,3,7
2024-07-26,SKU-IND-8291,WH-IND-02,79,0,1,4,7
2024-07-27,SKU-IND-8291,WH-IND-02,76,0,1,5,7
2024-07-28,SKU-IND-8291,WH-IND-02,26,0,1,6,7
2024-07-29,SKU-IND-8291,WH-IND-02,77,0,1,0,7
2024-07-30,SKU-IND-8291,WH-IND-02,79,0,1,1,7
2024-07-31,SKU-IND-8291,WH-IND-02,78,0,1,2,7
2024-08-01,SKU-IND-8291,WH-IND-02,73,0,1,3,8
2024-08-02,SKU-IND-8291,WH-IND-02,85,0,1,4,8
2024-08-03,SKU-IND-8291,WH-IND-02,66,0,1,5,8
2024-08-04,SKU-IND-8291,WH-IND-02,19,0,1,6,8
2024-08-05,SKU-IND-8291,WH-IND-02,79,0,1,0,8
2024-08-06,SKU-IND-8291,WH-IND-02,72,0,1,1,8
2024-08-07,SKU-IND-8291,WH-IND-02,74,0,1,2,8
2024-08-08,SKU-IND-8291,WH-IND-02,71,0,1,3,8
2024-08-09,SKU-IND-8291,WH-IND-02,74,0,1,4,8
2024-08-10,SKU-IND-8291,WH-IND-02,64,0,1,5,8
2024-08-11,SKU-IND-8291,WH-IND-02,38,0,1,6,8
2024-08-12,SKU-IND-8291,WH-IND-02,82,0,1,0,8
2024-08-13,SKU-IND-8291,WH-IND-02,79,0,1,1,8
2024-08-14,SKU-IND-8291,WH-IND-02,74,0,1,2,8
2024-08-15,SKU-IND-8291,WH-IND-02,74,0,1,3,8
2024-08-16,SKU-IND-8291,WH-IND-02,75,0,1,4,8
2024-08-17,SKU-IND-8291,WH-IND-02,74,0,1,5,8
2024-08-18,SKU-IND-8291,WH-IND-02,32,0,1,6,8
2024-08-19,SKU-IND-8291,WH-IND-02,90,0,1,0,8
2024-08-20,SKU-IND-8291,WH-IND-02,72,0,1,1,8
2024-08-21,SKU-IND-8291,WH-IND-02,75,0,1,2,8
2024-08-22,SKU-IND-8291,WH-IND-02,70,0,1,3,8
2024-08-23,SKU-IND-8291,WH-IND-02,79,0,1,4,8
2024-08-24,SKU-IND-8291,WH-IND-02,66,0,1,5,8
2024-08-25,SKU-IND-8291,WH-IND-02,39,0,1,6,8
2024-08-26,SKU-IND-8291,WH-IND-02,80,0,1,0,8
2024-08-27,SKU-IND-8291,WH-IND-02,60,0,1,1,8
2024-08-28,SKU-IND-8291,WH-IND-02,70,0,1,2,8
2024-08-29,SKU-IND-8291,WH-IND-02,65,0,1,3,8
2024-08-30,SKU-IND-8291,WH-IND-02,75,0,1,4,8
2024-08-31,SKU-IND-8291,WH-IND-02,65,0,1,5,8
2024-09-01,SKU-IND-8291,WH-IND-02,24,0,0,6,9
2024-09-02,SKU-IND-8291,WH-IND-02,67,0,0,0,9
2024-09-03,SKU-IND-8291,WH-IND-02,66,0,0,1,9
2024-09-04,SKU-IND-8291,WH-IND-02,53,0,0,2,9
2024-09-05,SKU-IND-8291,WH-IND-02,59,0,0,3,9
2024-09-06,SKU-IND-8291,WH-IND-02,73,0,0,4,9
2024-09-07,SKU-IND-8291,WH-IND-02,74,0,0,5,9
2024-09-08,SKU-IND-8291,WH-IND-02,30,0,0,6,9
2024-09-09,SKU-IND-8291,WH-IND-02,72,0,0,0,9
2024-09-10,SKU-IND-8291,WH-IND-02,68,0,0,1,9
2024-09-11,SKU-IND-8291,WH-IND-02,99,1,0,2,9
2024-09-12,SKU-IND-8291,WH-IND-02,92,1,0,3,9
2024-09-13,SKU-IND-8291,WH-IND-02,109,1,0,4,9
2024-09-14,SKU-IND-8291,WH-IND-02,104,1,0,5,9
2024-09-15,SKU-IND-8291,WH-IND-02,38,1,0,6,9
2024-09-16,SKU-IND-8291,WH-IND-02,114,1,0,0,9
2024-09-17,SKU-IND-8291,WH-IND-02,100,1,0,1,9
2024-09-18,SKU-IND-8291,WH-IND-02,85,1,0,2,9
2024-09-19,SKU-IND-8291,WH-IND-02,97,1,0,3,9
2024-09-20,SKU-IND-8291,WH-IND-02,94,1,0,4,9
2024-09-21,SKU-IND-8291,WH-IND-02,92,1,0,5,9
2024-09-22,SKU-IND-8291,WH-IND-02,37,1,0,6,9
2024-09-23,SKU-IND-8291,WH-IND-02,125,1,0,0,9
2024-09-24,SKU-IND-8291,WH-IND-02,102,1,0,1,9
2024-09-25,SKU-IND-8291,WH-IND-02,95,1,0,2,9
2024-09-26,SKU-IND-8291,WH-IND-02,102,1,0,3,9
2024-09-27,SKU-IND-8291,WH-IND-02,107,1,0,4,9
2024-09-28,SKU-IND-8291,WH-IND-02,104,1,0,5,9
2024-09-29,SKU-IND-8291,WH-IND-02,39,1,0,6,9
2024-09-30,SKU-IND-8291,WH-IND-02,109,1,0,0,9
2024-10-01,SKU-IND-8291,WH-IND-02,72,0,0,1,10
2024-10-02,SKU-IND-8291,WH-IND-02,70,0,0,2,10
2024-10-03,SKU-IND-8291,WH-IND-02,73,0,0,3,10
2024-10-04,SKU-IND-8291,WH-IND-02,72,0,0,4,10
2024-10-05,SKU-IND-8291,WH-IND-02,74,0,0,5,10
2024-10-06,SKU-IND-8291,WH-IND-02,23,0,0,6,10
2024-10-07,SKU-IND-8291,WH-IND-02,86,0,0,0,10
2024-10-08,SKU-IND-8291,WH-IND-02,69,0,0,1,10
2024-10-09,SKU-IND-8291,WH-IND-02,81,0,0,2,10
2024-10-10,SKU-IND-8291,WH-IND-02,63,0,0,3,10
2024-10-11,SKU-IND-8291,WH-IND-02,109,1,0,4,10
2024-10-12,SKU-IND-8291,WH-IND-02,100,1,0,5,10
2024-10-13,SKU-IND-8291,WH-IND-02,35,1,0,6,10
2024-10-14,SKU-IND-8291,WH-IND-02,110,1,0,0,10
2024-10-15,SKU-IND-8291,WH-IND-02,97,1,0,1,10
2024-10-16,SKU-IND-8291,WH-IND-02,101,1,0,2,10
2024-10-17,SKU-IND-8291,WH-IND-02,102,1,0,3,10
2024-10-18,SKU-IND-8291,WH-IND-02,95,1,0,4,10
2024-10-19,SKU-IND-8291,WH-IND-02,99,1,0,5,10
2024-10-20,SKU-IND-8291,WH-IND-02,53,1,0,6,10
2024-10-21,SKU-IND-8291,WH-IND-02,125,1,0,0,10
2024-10-22,SKU-IND-8291,WH-IND-02,102,1,0,1,10
2024-10-23,SKU-IND-8291,WH-IND-02,100,1,0,2,10
2024-10-24,SKU-IND-8291,WH-IND-02,100,1,0,3,10
2024-10-25,SKU-IND-8291,WH-IND-02,103,1,0,4,10
2024-10-26,SKU-IND-8291,WH-IND-02,93,1,0,5,10
2024-10-27,SKU-IND-8291,WH-IND-02,38,1,0,6,10
2024-10-28,SKU-IND-8291,WH-IND-02,104,1,0,0,10
2024-10-29,SKU-IND-8291,WH-IND-02,103,1,0,1,10
2024-10-30,SKU-IND-8291,WH-IND-02,104,1,0,2,10
2024-10-31,SKU-IND-8291,WH-IND-02,97,1,0,3,10
2024-11-01,SKU-IND-8291,WH-IND-02,79,0,0,4,11
2024-11-02,SKU-IND-8291,WH-IND-02,61,0,0,5,11
2024-11-03,SKU-IND-8291,WH-IND-02,18,0,0,6,11
2024-11-04,SKU-IND-8291,WH-IND-02,81,0,0,0,11
2024-11-05,SKU-IND-8291,WH-IND-02,76,0,0,1,11
2024-11-06,SKU-IND-8291,WH-IND-02,81,0,0,2,11
2024-11-07,SKU-IND-8291,WH-IND-02,67,0,0,3,11
2024-11-08,SKU-IND-8291,WH-IND-02,77,0,0,4,11
2024-11-09,SKU-IND-8291,WH-IND-02,70,0,0,5,11
2024-11-10,SKU-IND-8291,WH-IND-02,27,0,0,6,11
2024-11-11,SKU-IND-8291,WH-IND-02,87,0,0,0,11
2024-11-12,SKU-IND-8291,WH-IND-02,75,0,0,1,11
2024-11-13,SKU-IND-8291,WH-IND-02,61,0,0,2,11
2024-11-14,SKU-IND-8291,WH-IND-02,80,0,0,3,11
2024-11-15,SKU-IND-8291,WH-IND-02,80,0,0,4,11
2024-11-16,SKU-IND-8291,WH-IND-02,67,0,0,5,11
2024-11-17,SKU-IND-8291,WH-IND-02,31,0,0,6,11
2024-11-18,SKU-IND-8291,WH-IND-02,85,0,0,0,11
2024-11-19,SKU-IND-8291,WH-IND-02,73,0,0,1,11
2024-11-20,SKU-IND-8291,WH-IND-02,68,0,0,2,11
2024-11-21,SKU-IND-8291,WH-IND-02,68,0,0,3,11
2024-11-22,SKU-IND-8291,WH-IND-02,72,0,0,4,11
2024-11-23,SKU-IND-8291,WH-IND-02,80,0,0,5,11
2024-11-24,SKU-IND-8291,WH-IND-02,32,0,0,6,11
2024-11-25,SKU-IND-8291,WH-IND-02,81,0,0,0,11
2024-11-26,SKU-IND-8291,WH-IND-02,78,0,0,1,11
2024-11-27,SKU-IND-8291,WH-IND-02,55,0,0,2,11
2024-11-28,SKU-IND-8291,WH-IND-02,80,0,0,3,11
2024-11-29,SKU-IND-8291,WH-IND-02,62,0,0,4,11
2024-11-30,SKU-IND-8291,WH-IND-02,71,0,0,5,11
2024-12-01,SKU-IND-8291,WH-IND-02,22,0,0,6,12
2024-12-02,SKU-IND-8291,WH-IND-02,77,0,0,0,12
2024-12-03,SKU-IND-8291,WH-IND-02,81,0,0,1,12
2024-12-04,SKU-IND-8291,WH-IND-02,71,0,0,2,12
2024-12-05,SKU-IND-8291,WH-IND-02,76,0,0,3,12
2024-12-06,SKU-IND-8291,WH-IND-02,74,0,0,4,12
2024-12-07,SKU-IND-8291,WH-IND-02,78,0,0,5,12
2024-12-08,SKU-IND-8291,WH-IND-02,30,0,0,6,12
2024-12-09,SKU-IND-8291,WH-IND-02,78,0,0,0,12
2024-12-10,SKU-IND-8291,WH-IND-02,82,0,0,1,12
2024-12-11,SKU-IND-8291,WH-IND-02,72,0,0,2,12
2024-12-12,SKU-IND-8291,WH-IND-02,66,0,0,3,12
2024-12-13,SKU-IND-8291,WH-IND-02,73,0,0,4,12
2024-12-14,SKU-IND-8291,WH-IND-02,86,0,0,5,12
2024-12-15,SKU-IND-8291,WH-IND-02,36,0,0,6,12
2024-12-16,SKU-IND-8291,WH-IND-02,86,0,0,0,12
2024-12-17,SKU-IND-8291,WH-IND-02,74,0,0,1,12
2024-12-18,SKU-IND-8291,WH-IND-02,75,0,0,2,12
2024-12-19,SKU-IND-8291,WH-IND-02,90,0,0,3,12
2024-12-20,SKU-IND-8291,WH-IND-02,80,0,0,4,12
2024-12-21,SKU-IND-8291,WH-IND-02,80,0,0,5,12
2024-12-22,SKU-IND-8291,WH-IND-02,37,0,0,6,12
2024-12-23,SKU-IND-8291,WH-IND-02,91,0,0,0,12
2024-12-24,SKU-IND-8291,WH-IND-02,76,0,0,1,12
2024-12-25,SKU-IND-8291,WH-IND-02,77,0,0,2,12
2024-12-26,SKU-IND-8291,WH-IND-02,78,0,0,3,12
2024-12-27,SKU-IND-8291,WH-IND-02,78,0,0,4,12
2024-12-28,SKU-IND-8291,WH-IND-02,83,0,0,5,12
2024-12-29,SKU-IND-8291,WH-IND-02,32,0,0,6,12
2024-12-30,SKU-IND-8291,WH-IND-02,96,0,0,0,12
2024-12-31,SKU-IND-8291,WH-IND-02,79,0,0,1,12
2025-01-01,SKU-IND-8291,WH-IND-02,80,0,0,2,1
2025-01-02,SKU-IND-8291,WH-IND-02,67,0,0,3,1
2025-01-03,SKU-IND-8291,WH-IND-02,86,0,0,4,1
2025-01-04,SKU-IND-8291,WH-IND-02,82,0,0,5,1
2025-01-05,SKU-IND-8291,WH-IND-02,38,0,0,6,1
2025-01-06,SKU-IND-8291,WH-IND-02,74,0,0,0,1
2025-01-07,SKU-IND-8291,WH-IND-02,94,0,0,1,1
2025-01-08,SKU-IND-8291,WH-IND-02,80,0,0,2,1
2025-01-09,SKU-IND-8291,WH-IND-02,88,0,0,3,1
2025-01-10,SKU-IND-8291,WH-IND-02,75,0,0,4,1
2025-01-11,SKU-IND-8291,WH-IND-02,86,0,0,5,1
2025-01-12,SKU-IND-8291,WH-IND-02,26,0,0,6,1
2025-01-13,SKU-IND-8291,WH-IND-02,91,0,0,0,1
2025-01-14,SKU-IND-8291,WH-IND-02,95,0,0,1,1
2025-01-15,SKU-IND-8291,WH-IND-02,81,0,0,2,1
2025-01-16,SKU-IND-8291,WH-IND-02,84,0,0,3,1
2025-01-17,SKU-IND-8291,WH-IND-02,88,0,0,4,1
2025-01-18,SKU-IND-8291,WH-IND-02,86,0,0,5,1
2025-01-19,SKU-IND-8291,WH-IND-02,34,0,0,6,1
2025-01-20,SKU-IND-8291,WH-IND-02,98,0,0,0,1
2025-01-21,SKU-IND-8291,WH-IND-02,99,0,0,1,1
2025-01-22,SKU-IND-8291,WH-IND-02,84,0,0,2,1
2025-01-23,SKU-IND-8291,WH-IND-02,85,0,0,3,1
2025-01-24,SKU-IND-8291,WH-IND-02,91,0,0,4,1
2025-01-25,SKU-IND-8291,WH-IND-02,92,0,0,5,1
2025-01-26,SKU-IND-8291,WH-IND-02,41,0,0,6,1
2025-01-27,SKU-IND-8291,WH-IND-02,102,0,0,0,1
2025-01-28,SKU-IND-8291,WH-IND-02,78,0,0,1,1
2025-01-29,SKU-IND-8291,WH-IND-02,96,0,0,2,1
2025-01-30,SKU-IND-8291,WH-IND-02,78,0,0,3,1
2025-01-31,SKU-IND-8291,WH-IND-02,87,0,0,4,1
2025-02-01,SKU-IND-8291,WH-IND-02,81,0,0,5,2
2025-02-02,SKU-IND-8291,WH-IND-02,34,0,0,6,2
2025-02-03,SKU-IND-8291,WH-IND-02,101,0,0,0,2
2025-02-04,SKU-IND-8291,WH-IND-02,88,0,0,1,2
2025-02-05,SKU-IND-8291,WH-IND-02,89,0,0,2,2
2025-02-06,SKU-IND-8291,WH-IND-02,97,0,0,3,2
2025-02-07,SKU-IND-8291,WH-IND-02,90,0,0,4,2
2025-02-08,SKU-IND-8291,WH-IND-02,85,0,0,5,2
2025-02-09,SKU-IND-8291,WH-IND-02,41,0,0,6,2
2025-02-10,SKU-IND-8291,WH-IND-02,108,0,0,0,2
2025-02-11,SKU-IND-8291,WH-IND-02,80,0,0,1,2
2025-02-12,SKU-IND-8291,WH-IND-02,91,0,0,2,2
2025-02-13,SKU-IND-8291,WH-IND-02,92,0,0,3,2
2025-02-14,SKU-IND-8291,WH-IND-02,86,0,0,4,2
2025-02-15,SKU-IND-8291,WH-IND-02,97,0,0,5,2
2025-02-16,SKU-IND-8291,WH-IND-02,34,0,0,6,2
2025-02-17,SKU-IND-8291,WH-IND-02,102,0,0,0,2
2025-02-18,SKU-IND-8291,WH-IND-02,87,0,0,1,2
2025-02-19,SKU-IND-8291,WH-IND-02,89,0,0,2,2
2025-02-20,SKU-IND-8291,WH-IND-02,82,0,0,3,2
2025-02-21,SKU-IND-8291,WH-IND-02,80,0,0,4,2
2025-02-22,SKU-IND-8291,WH-IND-02,99,0,0,5,2
2025-02-23,SKU-IND-8291,WH-IND-02,30,0,0,6,2
2025-02-24,SKU-IND-8291,WH-IND-02,96,0,0,0,2
2025-02-25,SKU-IND-8291,WH-IND-02,76,0,0,1,2
2025-02-26,SKU-IND-8291,WH-IND-02,85,0,0,2,2
2025-02-27,SKU-IND-8291,WH-IND-02,81,0,0,3,2
2025-02-28,SKU-IND-8291,WH-IND-02,100,0,0,4,2
2025-03-01,SKU-IND-8291,WH-IND-02,96,0,0,5,3
2025-03-02,SKU-IND-8291,WH-IND-02,31,0,0,6,3
2025-03-03,SKU-IND-8291,WH-IND-02,118,0,0,0,3
2025-03-04,SKU-IND-8291,WH-IND-02,96,0,0,1,3
2025-03-05,SKU-IND-8291,WH-IND-02,88,0,0,2,3
2025-03-06,SKU-IND-8291,WH-IND-02,74,0,0,3,3
2025-03-07,SKU-IND-8291,WH-IND-02,105,0,0,4,3
2025-03-08,SKU-IND-8291,WH-IND-02,82,0,0,5,3
2025-03-09,SKU-IND-8291,WH-IND-02,25,0,0,6,3
2025-03-10,SKU-IND-8291,WH-IND-02,111,0,0,0,3
2025-03-11,SKU-IND-8291,WH-IND-02,106,0,0,1,3
2025-03-12,SKU-IND-8291,WH-IND-02,100,0,0,2,3
2025-03-13,SKU-IND-8291,WH-IND-02,94,0,0,3,3
2025-03-14,SKU-IND-8291,WH-IND-02,95,0,0,4,3
2025-03-15,SKU-IND-8291,WH-IND-02,96,0,0,5,3
2025-03-16,SKU-IND-8291,WH-IND-02,41,0,0,6,3
2025-03-17,SKU-IND-8291,WH-IND-02,107,0,0,0,3
2025-03-18,SKU-IND-8291,WH-IND-02,92,0,0,1,3
2025-03-19,SKU-IND-8291,WH-IND-02,91,0,0,2,3
2025-03-20,SKU-IND-8291,WH-IND-02,86,0,0,3,3
2025-03-21,SKU-IND-8291,WH-IND-02,89,0,0,4,3
2025-03-22,SKU-IND-8291,WH-IND-02,80,0,0,5,3
2025-03-23,SKU-IND-8291,WH-IND-02,36,0,0,6,3
2025-03-24,SKU-IND-8291,WH-IND-02,99,0,0,0,3
2025-03-25,SKU-IND-8291,WH-IND-02,84,0,0,1,3
2025-03-26,SKU-IND-8291,WH-IND-02,93,0,0,2,3
2025-03-27,SKU-IND-8291,WH-IND-02,100,0,0,3,3
2025-03-28,SKU-IND-8291,WH-IND-02,97,0,0,4,3
2025-03-29,SKU-IND-8291,WH-IND-02,81,0,0,5,3
2025-03-30,SKU-IND-8291,WH-IND-02,30,0,0,6,3
2025-03-31,SKU-IND-8291,WH-IND-02,111,0,0,0,3
2025-04-01,SKU-IND-8291,WH-IND-02,85,0,0,1,4
2025-04-02,SKU-IND-8291,WH-IND-02,90,0,0,2,4
2025-04-03,SKU-IND-8291,WH-IND-02,95,0,0,3,4
2025-04-04,SKU-IND-8291,WH-IND-02,85,0,0,4,4
2025-04-05,SKU-IND-8291,WH-IND-02,92,0,0,5,4
2025-04-06,SKU-IND-8291,WH-IND-02,28,0,0,6,4
2025-04-07,SKU-IND-8291,WH-IND-02,101,0,0,0,4
2025-04-08,SKU-IND-8291,WH-IND-02,93,0,0,1,4
2025-04-09,SKU-IND-8291,WH-IND-02,81,0,0,2,4
2025-04-10,SKU-IND-8291,WH-IND-02,94,0,0,3,4
2025-04-11,SKU-IND-8291,WH-IND-02,91,0,0,4,4
2025-04-12,SKU-IND-8291,WH-IND-02,95,0,0,5,4
2025-04-13,SKU-IND-8291,WH-IND-02,38,0,0,6,4
2025-04-14,SKU-IND-8291,WH-IND-02,114,0,0,0,4
2025-04-15,SKU-IND-8291,WH-IND-02,92,0,0,1,4
2025-04-16,SKU-IND-8291,WH-IND-02,88,0,0,2,4
2025-04-17,SKU-IND-8291,WH-IND-02,92,0,0,3,4
2025-04-18,SKU-IND-8291,WH-IND-02,95,0,0,4,4
2025-04-19,SKU-IND-8291,WH-IND-02,91,0,0,5,4
2025-04-20,SKU-IND-8291,WH-IND-02,36,0,0,6,4
2025-04-21,SKU-IND-8291,WH-IND-02,100,0,0,0,4
2025-04-22,SKU-IND-8291,WH-IND-02,87,0,0,1,4
2025-04-23,SKU-IND-8291,WH-IND-02,82,0,0,2,4
2025-04-24,SKU-IND-8291,WH-IND-02,102,0,0,3,4
2025-04-25,SKU-IND-8291,WH-IND-02,83,0,0,4,4
2025-04-26,SKU-IND-8291,WH-IND-02,86,0,0,5,4
2025-04-27,SKU-IND-8291,WH-IND-02,31,0,0,6,4
2025-04-28,SKU-IND-8291,WH-IND-02,110,0,0,0,4
2025-04-29,SKU-IND-8291,WH-IND-02,88,0,0,1,4
2025-04-30,SKU-IND-8291,WH-IND-02,98,0,0,2,4
2025-05-01,SKU-IND-8291,WH-IND-02,86,0,0,3,5
2025-05-02,SKU-IND-8291,WH-IND-02,92,0,0,4,5
2025-05-03,SKU-IND-8291,WH-IND-02,84,0,0,5,5
2025-05-04,SKU-IND-8291,WH-IND-02,49,0,0,6,5
2025-05-05,SKU-IND-8291,WH-IND-02,95,0,0,0,5
2025-05-06,SKU-IND-8291,WH-IND-02,91,0,0,1,5
2025-05-07,SKU-IND-8291,WH-IND-02,93,0,0,2,5
2025-05-08,SKU-IND-8291,WH-IND-02,92,0,0,3,5
2025-05-09,SKU-IND-8291,WH-IND-02,88,0,0,4,5
2025-05-10,SKU-IND-8291,WH-IND-02,88,0,0,5,5
2025-05-11,SKU-IND-8291,WH-IND-02,36,0,0,6,5
2025-05-12,SKU-IND-8291,WH-IND-02,101,0,0,0,5
2025-05-13,SKU-IND-8291,WH-IND-02,95,0,0,1,5
2025-05-14,SKU-IND-8291,WH-IND-02,103,0,0,2,5
2025-05-15,SKU-IND-8291,WH-IND-02,85,0,0,3,5
2025-05-16,SKU-IND-8291,WH-IND-02,79,0,0,4,5
2025-05-17,SKU-IND-8291,WH-IND-02,87,0,0,5,5
2025-05-18,SKU-IND-8291,WH-IND-02,51,0,0,6,5
2025-05-19,SKU-IND-8291,WH-IND-02,96,0,0,0,5
2025-05-20,SKU-IND-8291,WH-IND-02,98,0,0,1,5
2025-05-21,SKU-IND-8291,WH-IND-02,98,0,0,2,5
2025-05-22,SKU-IND-8291,WH-IND-02,84,0,0,3,5
2025-05-23,SKU-IND-8291,WH-IND-02,91,0,0,4,5
2025-05-24,SKU-IND-8291,WH-IND-02,97,0,0,5,5
2025-05-25,SKU-IND-8291,WH-IND-02,32,0,0,6,5
2025-05-26,SKU-IND-8291,WH-IND-02,98,0,0,0,5
2025-05-27,SKU-IND-8291,WH-IND-02,83,0,0,1,5
2025-05-28,SKU-IND-8291,WH-IND-02,80,0,0,2,5
2025-05-29,SKU-IND-8291,WH-IND-02,82,0,0,3,5
2025-05-30,SKU-IND-8291,WH-IND-02,78,0,0,4,5
2025-05-31,SKU-IND-8291,WH-IND-02,86,0,0,5,5
2025-06-01,SKU-IND-8291,WH-IND-02,29,0,1,6,6
2025-06-02,SKU-IND-8291,WH-IND-02,100,0,1,0,6
2025-06-03,SKU-IND-8291,WH-IND-02,75,0,1,1,6
2025-06-04,SKU-IND-8291,WH-IND-02,87,0,1,2,6
2025-06-05,SKU-IND-8291,WH-IND-02,90,0,1,3,6
2025-06-06,SKU-IND-8291,WH-IND-02,72,0,1,4,6
2025-06-07,SKU-IND-8291,WH-IND-02,87,0,1,5,6
2025-06-08,SKU-IND-8291,WH-IND-02,41,0,1,6,6
2025-06-09,SKU-IND-8291,WH-IND-02,89,0,1,0,6
2025-06-10,SKU-IND-8291,WH-IND-02,95,0,1,1,6
2025-06-11,SKU-IND-8291,WH-IND-02,86,0,1,2,6
2025-06-12,SKU-IND-8291,WH-IND-02,79,0,1,3,6
2025-06-13,SKU-IND-8291,WH-IND-02,83,0,1,4,6
2025-06-14,SKU-IND-8291,WH-IND-02,87,0,1,5,6
2025-06-15,SKU-IND-8291,WH-IND-02,33,0,1,6,6
2025-06-16,SKU-IND-8291,WH-IND-02,99,0,1,0,6
2025-06-17,SKU-IND-8291,WH-IND-02,77,0,1,1,6
2025-06-18,SKU-IND-8291,WH-IND-02,83,0,1,2,6
2025-06-19,SKU-IND-8291,WH-IND-02,73,0,1,3,6
2025-06-20,SKU-IND-8291,WH-IND-02,81,0,1,4,6
2025-06-21,SKU-IND-8291,WH-IND-02,76,0,1,5,6
2025-06-22,SKU-IND-8291,WH-IND-02,28,0,1,6,6
2025-06-23,SKU-IND-8291,WH-IND-02,102,0,1,0,6
2025-06-24,SKU-IND-8291,WH-IND-02,88,0,1,1,6
2025-06-25,SKU-IND-8291,WH-IND-02,85,0,1,2,6
2025-06-26,SKU-IND-8291,WH-IND-02,74,0,1,3,6
2025-06-27,SKU-IND-8291,WH-IND-02,78,0,1,4,6
2025-06-28,SKU-IND-8291,WH-IND-02,88,0,1,5,6
2025-06-29,SKU-IND-8291,WH-IND-02,33,0,1,6,6
2025-06-30,SKU-IND-8291,WH-IND-02,107,0,1,0,6
2025-07-01,SKU-IND-8291,WH-IND-02,82,0,1,1,7
2025-07-02,SKU-IND-8291,WH-IND-02,81,0,1,2,7
2025-07-03,SKU-IND-8291,WH-IND-02,77,0,1,3,7
2025-07-04,SKU-IND-8291,WH-IND-02,80,0,1,4,7
2025-07-05,SKU-IND-8291,WH-IND-02,78,0,1,5,7
2025-07-06,SKU-IND-8291,WH-IND-02,36,0,1,6,7
2025-07-07,SKU-IND-8291,WH-IND-02,96,0,1,0,7
2025-07-08,SKU-IND-8291,WH-IND-02,73,0,1,1,7
2025-07-09,SKU-IND-8291,WH-IND-02,70,0,1,2,7
2025-07-10,SKU-IND-8291,WH-IND-02,66,0,1,3,7
2025-07-11,SKU-IND-8291,WH-IND-02,81,0,1,4,7
2025-07-12,SKU-IND-8291,WH-IND-02,70,0,1,5,7
2025-07-13,SKU-IND-8291,WH-IND-02,17,0,1,6,7
2025-07-14,SKU-IND-8291,WH-IND-02,91,0,1,0,7
2025-07-15,SKU-IND-8291,WH-IND-02,93,0,1,1,7
2025-07-16,SKU-IND-8291,WH-IND-02,77,0,1,2,7
2025-07-17,SKU-IND-8291,WH-IND-02,82,0,1,3,7
2025-07-18,SKU-IND-8291,WH-IND-02,77,0,1,4,7
2025-07-19,SKU-IND-8291,WH-IND-02,75,0,1,5,7
2025-07-20,SKU-IND-8291,WH-IND-02,36,0,1,6,7
2025-07-21,SKU-IND-8291,WH-IND-02,85,0,1,0,7
2025-07-22,SKU-IND-8291,WH-IND-02,77,0,1,1,7
2025-07-23,SKU-IND-8291,WH-IND-02,77,0,1,2,7
2025-07-24,SKU-IND-8291,WH-IND-02,71,0,1,3,7
2025-07-25,SKU-IND-8291,WH-IND-02,81,0,1,4,7
2025-07-26,SKU-IND-8291,WH-IND-02,74,0,1,5,7
2025-07-27,SKU-IND-8291,WH-IND-02,25,0,1,6,7
2025-07-28,SKU-IND-8291,WH-IND-02,89,0,1,0,7
2025-07-29,SKU-IND-8291,WH-IND-02,68,0,1,1,7
2025-07-30,SKU-IND-8291,WH-IND-02,74,0,1,2,7
2025-07-31,SKU-IND-8291,WH-IND-02,74,0,1,3,7
2025-08-01,SKU-IND-8291,WH-IND-02,81,0,1,4,8
2025-08-02,SKU-IND-8291,WH-IND-02,76,0,1,5,8
2025-08-03,SKU-IND-8291,WH-IND-02,29,0,1,6,8
2025-08-04,SKU-IND-8291,WH-IND-02,89,0,1,0,8
2025-08-05,SKU-IND-8291,WH-IND-02,82,0,1,1,8
2025-08-06,SKU-IND-8291,WH-IND-02,76,0,1,2,8
2025-08-07,SKU-IND-8291,WH-IND-02,73,0,1,3,8
2025-08-08,SKU-IND-8291,WH-IND-02,64,0,1,4,8
2025-08-09,SKU-IND-8291,WH-IND-02,65,0,1,5,8
2025-08-10,SKU-IND-8291,WH-IND-02,27,0,1,6,8
2025-08-11,SKU-IND-8291,WH-IND-02,79,0,1,0,8
2025-08-12,SKU-IND-8291,WH-IND-02,71,0,1,1,8
2025-08-13,SKU-IND-8291,WH-IND-02,72,0,1,2,8
2025-08-14,SKU-IND-8291,WH-IND-02,75,0,1,3,8
2025-08-15,SKU-IND-8291,WH-IND-02,71,0,1,4,8
2025-08-16,SKU-IND-8291,WH-IND-02,74,0,1,5,8
2025-08-17,SKU-IND-8291,WH-IND-02,28,0,1,6,8
2025-08-18,SKU-IND-8291,WH-IND-02,69,0,1,0,8
2025-08-19,SKU-IND-8291,WH-IND-02,65,0,1,1,8
2025-08-20,SKU-IND-8291,WH-IND-02,70,0,1,2,8
2025-08-21,SKU-IND-8291,WH-IND-02,63,0,1,3,8
2025-08-22,SKU-IND-8291,WH-IND-02,74,0,1,4,8
2025-08-23,SKU-IND-8291,WH-IND-02,80,0,1,5,8
2025-08-24,SKU-IND-8291,WH-IND-02,35,0,1,6,8
2025-08-25,SKU-IND-8291,WH-IND-02,79,0,1,0,8
2025-08-26,SKU-IND-8291,WH-IND-02,79,0,1,1,8
2025-08-27,SKU-IND-8291,WH-IND-02,71,0,1,2,8
2025-08-28,SKU-IND-8291,WH-IND-02,67,0,1,3,8
2025-08-29,SKU-IND-8291,WH-IND-02,65,0,1,4,8
2025-08-30,SKU-IND-8291,WH-IND-02,67,0,1,5,8
2025-08-31,SKU-IND-8291,WH-IND-02,25,0,1,6,8
2025-09-01,SKU-IND-8291,WH-IND-02,81,0,0,0,9
2025-09-02,SKU-IND-8291,WH-IND-02,70,0,0,1,9
2025-09-03,SKU-IND-8291,WH-IND-02,69,0,0,2,9
2025-09-04,SKU-IND-8291,WH-IND-02,72,0,0,3,9
2025-09-05,SKU-IND-8291,WH-IND-02,76,0,0,4,9
2025-09-06,SKU-IND-8291,WH-IND-02,75,0,0,5,9
2025-09-07,SKU-IND-8291,WH-IND-02,18,0,0,6,9
2025-09-08,SKU-IND-8291,WH-IND-02,62,0,0,0,9
2025-09-09,SKU-IND-8291,WH-IND-02,74,0,0,1,9
2025-09-10,SKU-IND-8291,WH-IND-02,60,0,0,2,9
2025-09-11,SKU-IND-8291,WH-IND-02,98,1,0,3,9
2025-09-12,SKU-IND-8291,WH-IND-02,92,1,0,4,9
2025-09-13,SKU-IND-8291,WH-IND-02,87,1,0,5,9
2025-09-14,SKU-IND-8291,WH-IND-02,43,1,0,6,9
2025-09-15,SKU-IND-8291,WH-IND-02,119,1,0,0,9
2025-09-16,SKU-IND-8291,WH-IND-02,95,1,0,1,9
2025-09-17,SKU-IND-8291,WH-IND-02,82,1,0,2,9
2025-09-18,SKU-IND-8291,WH-IND-02,95,1,0,3,9
2025-09-19,SKU-IND-8291,WH-IND-02,101,1,0,4,9
2025-09-20,SKU-IND-8291,WH-IND-02,89,1,0,5,9
2025-09-21,SKU-IND-8291,WH-IND-02,40,1,0,6,9
2025-09-22,SKU-IND-8291,WH-IND-02,113,1,0,0,9
2025-09-23,SKU-IND-8291,WH-IND-02,102,1,0,1,9
2025-09-24,SKU-IND-8291,WH-IND-02,99,1,0,2,9
2025-09-25,SKU-IND-8291,WH-IND-02,92,1,0,3,9
2025-09-26,SKU-IND-8291,WH-IND-02,106,1,0,4,9
2025-09-27,SKU-IND-8291,WH-IND-02,97,1,0,5,9
2025-09-28,SKU-IND-8291,WH-IND-02,39,1,0,6,9
2025-09-29,SKU-IND-8291,WH-IND-02,107,1,0,0,9
2025-09-30,SKU-IND-8291,WH-IND-02,95,1,0,1,9
2025-10-01,SKU-IND-8291,WH-IND-02,62,0,0,2,10
2025-10-02,SKU-IND-8291,WH-IND-02,66,0,0,3,10
2025-10-03,SKU-IND-8291,WH-IND-02,78,0,0,4,10
2025-10-04,SKU-IND-8291,WH-IND-02,59,0,0,5,10
2025-10-05,SKU-IND-8291,WH-IND-02,16,0,0,6,10
2025-10-06,SKU-IND-8291,WH-IND-02,87,0,0,0,10
2025-10-07,SKU-IND-8291,WH-IND-02,66,0,0,1,10
2025-10-08,SKU-IND-8291,WH-IND-02,63,0,0,2,10
2025-10-09,SKU-IND-8291,WH-IND-02,74,0,0,3,10
2025-10-10,SKU-IND-8291,WH-IND-02,64,0,0,4,10
2025-10-11,SKU-IND-8291,WH-IND-02,110,1,0,5,10
2025-10-12,SKU-IND-8291,WH-IND-02,43,1,0,6,10
2025-10-13,SKU-IND-8291,WH-IND-02,110,1,0,0,10
2025-10-14,SKU-IND-8291,WH-IND-02,112,1,0,1,10
2025-10-15,SKU-IND-8291,WH-IND-02,95,1,0,2,10
2025-10-16,SKU-IND-8291,WH-IND-02,103,1,0,3,10
2025-10-17,SKU-IND-8291,WH-IND-02,101,1,0,4,10
2025-10-18,SKU-IND-8291,WH-IND-02,107,1,0,5,10
2025-10-19,SKU-IND-8291,WH-IND-02,49,1,0,6,10
2025-10-20,SKU-IND-8291,WH-IND-02,114,1,0,0,10
2025-10-21,SKU-IND-8291,WH-IND-02,94,1,0,1,10
2025-10-22,SKU-IND-8291,WH-IND-02,102,1,0,2,10
2025-10-23,SKU-IND-8291,WH-IND-02,95,1,0,3,10
2025-10-24,SKU-IND-8291,WH-IND-02,112,1,0,4,10
2025-10-25,SKU-IND-8291,WH-IND-02,100,1,0,5,10
2025-10-26,SKU-IND-8291,WH-IND-02,37,1,0,6,10
2025-10-27,SKU-IND-8291,WH-IND-02,116,1,0,0,10
2025-10-28,SKU-IND-8291,WH-IND-02,91,1,0,1,10
2025-10-29,SKU-IND-8291,WH-IND-02,94,1,0,2,10
2025-10-30,SKU-IND-8291,WH-IND-02,108,1,0,3,10
2025-10-31,SKU-IND-8291,WH-IND-02,96,1,0,4,10
2025-11-01,SKU-IND-8291,WH-IND-02,62,0,0,5,11
2025-11-02,SKU-IND-8291,WH-IND-02,31,0,0,6,11
2025-11-03,SKU-IND-8291,WH-IND-02,87,0,0,0,11
2025-11-04,SKU-IND-8291,WH-IND-02,74,0,0,1,11
2025-11-05,SKU-IND-8291,WH-IND-02,76,0,0,2,11
2025-11-06,SKU-IND-8291,WH-IND-02,65,0,0,3,11
2025-11-07,SKU-IND-8291,WH-IND-02,61,0,0,4,11
2025-11-08,SKU-IND-8291,WH-IND-02,80,0,0,5,11
2025-11-09,SKU-IND-8291,WH-IND-02,26,0,0,6,11
2025-11-10,SKU-IND-8291,WH-IND-02,79,0,0,0,11
2025-11-11,SKU-IND-8291,WH-IND-02,79,0,0,1,11
2025-11-12,SKU-IND-8291,WH-IND-02,74,0,0,2,11
2025-11-13,SKU-IND-8291,WH-IND-02,74,0,0,3,11
2025-11-14,SKU-IND-8291,WH-IND-02,85,0,0,4,11
2025-11-15,SKU-IND-8291,WH-IND-02,67,0,0,5,11
2025-11-16,SKU-IND-8291,WH-IND-02,34,0,0,6,11
2025-11-17,SKU-IND-8291,WH-IND-02,82,0,0,0,11
2025-11-18,SKU-IND-8291,WH-IND-02,73,0,0,1,11
2025-11-19,SKU-IND-8291,WH-IND-02,81,0,0,2,11
2025-11-20,SKU-IND-8291,WH-IND-02,75,0,0,3,11
2025-11-21,SKU-IND-8291,WH-IND-02,75,0,0,4,11
2025-11-22,SKU-IND-8291,WH-IND-02,79,0,0,5,11
2025-11-23,SKU-IND-8291,WH-IND-02,26,0,0,6,11
2025-11-24,SKU-IND-8291,WH-IND-02,78,0,0,0,11
2025-11-25,SKU-IND-8291,WH-IND-02,66,0,0,1,11
2025-11-26,SKU-IND-8291,WH-IND-02,60,0,0,2,11
2025-11-27,SKU-IND-8291,WH-IND-02,86,0,0,3,11
2025-11-28,SKU-IND-8291,WH-IND-02,66,0,0,4,11
2025-11-29,SKU-IND-8291,WH-IND-02,72,0,0,5,11
2025-11-30,SKU-IND-8291,WH-IND-02,27,0,0,6,11
2025-12-01,SKU-IND-8291,WH-IND-02,87,0,0,0,12
2025-12-02,SKU-IND-8291,WH-IND-02,79,0,0,1,12
2025-12-03,SKU-IND-8291,WH-IND-02,79,0,0,2,12
2025-12-04,SKU-IND-8291,WH-IND-02,70,0,0,3,12
2025-12-05,SKU-IND-8291,WH-IND-02,73,0,0,4,12
2025-12-06,SKU-IND-8291,WH-IND-02,76,0,0,5,12
2025-12-07,SKU-IND-8291,WH-IND-02,28,0,0,6,12
2025-12-08,SKU-IND-8291,WH-IND-02,96,0,0,0,12
2025-12-09,SKU-IND-8291,WH-IND-02,78,0,0,1,12
2025-12-10,SKU-IND-8291,WH-IND-02,80,0,0,2,12
2025-12-11,SKU-IND-8291,WH-IND-02,80,0,0,3,12
2025-12-12,SKU-IND-8291,WH-IND-02,83,0,0,4,12
2025-12-13,SKU-IND-8291,WH-IND-02,77,0,0,5,12
2025-12-14,SKU-IND-8291,WH-IND-02,22,0,0,6,12
2025-12-15,SKU-IND-8291,WH-IND-02,90,0,0,0,12
2025-12-16,SKU-IND-8291,WH-IND-02,72,0,0,1,12
2025-12-17,SKU-IND-8291,WH-IND-02,73,0,0,2,12
2025-12-18,SKU-IND-8291,WH-IND-02,80,0,0,3,12
2025-12-19,SKU-IND-8291,WH-IND-02,85,0,0,4,12
2025-12-20,SKU-IND-8291,WH-IND-02,77,0,0,5,12
2025-12-21,SKU-IND-8291,WH-IND-02,33,0,0,6,12
2025-12-22,SKU-IND-8291,WH-IND-02,100,0,0,0,12
2025-12-23,SKU-IND-8291,WH-IND-02,79,0,0,1,12
2025-12-24,SKU-IND-8291,WH-IND-02,95,0,0,2,12
2025-12-25,SKU-IND-8291,WH-IND-02,82,0,0,3,12
2025-12-26,SKU-IND-8291,WH-IND-02,67,0,0,4,12
2025-12-27,SKU-IND-8291,WH-IND-02,83,0,0,5,12
2025-12-28,SKU-IND-8291,WH-IND-02,34,0,0,6,12
2025-12-29,SKU-IND-8291,WH-IND-02,99,0,0,0,12
2025-12-30,SKU-IND-8291,WH-IND-02,83,0,0,1,12
2024-01-01,SKU-IND-8291,WH-IND-03,72,0,0,0,1
2024-01-02,SKU-IND-8291,WH-IND-03,56,0,0,1,1
2024-01-03,SKU-IND-8291,WH-IND-03,62,0,0,2,1
2024-01-04,SKU-IND-8291,WH-IND-03,59,0,0,3,1
2024-01-05,SKU-IND-8291,WH-IND-03,60,0,0,4,1
2024-01-06,SKU-IND-8291,WH-IND-03,68,0,0,5,1
2024-01-07,SKU-IND-8291,WH-IND-03,36,0,0,6,1
2024-01-08,SKU-IND-8291,WH-IND-03,77,0,0,0,1
2024-01-09,SKU-IND-8291,WH-IND-03,57,0,0,1,1
2024-01-10,SKU-IND-8291,WH-IND-03,68,0,0,2,1
2024-01-11,SKU-IND-8291,WH-IND-03,73,0,0,3,1
2024-01-12,SKU-IND-8291,WH-IND-03,61,0,0,4,1
2024-01-13,SKU-IND-8291,WH-IND-03,65,0,0,5,1
2024-01-14,SKU-IND-8291,WH-IND-03,26,0,0,6,1
2024-01-15,SKU-IND-8291,WH-IND-03,71,0,0,0,1
2024-01-16,SKU-IND-8291,WH-IND-03,70,0,0,1,1
2024-01-17,SKU-IND-8291,WH-IND-03,65,0,0,2,1
2024-01-18,SKU-IND-8291,WH-IND-03,69,0,0,3,1
2024-01-19,SKU-IND-8291,WH-IND-03,61,0,0,4,1
2024-01-20,SKU-IND-8291,WH-IND-03,64,0,0,5,1
2024-01-21,SKU-IND-8291,WH-IND-03,31,0,0,6,1
2024-01-22,SKU-IND-8291,WH-IND-03,75,0,0,0,1
2024-01-23,SKU-IND-8291,WH-IND-03,78,0,0,1,1
2024-01-24,SKU-IND-8291,WH-IND-03,65,0,0,2,1
2024-01-25,SKU-IND-8291,WH-IND-03,69,0,0,3,1
2024-01-26,SKU-IND-8291,WH-IND-03,73,0,0,4,1
2024-01-27,SKU-IND-8291,WH-IND-03,59,0,0,5,1
2024-01-28,SKU-IND-8291,WH-IND-03,16,0,0,6,1
2024-01-29,SKU-IND-8291,WH-IND-03,68,0,0,0,1
2024-01-30,SKU-IND-8291,WH-IND-03,76,0,0,1,1
2024-01-31,SKU-IND-8291,WH-IND-03,65,0,0,2,1
2024-02-01,SKU-IND-8291,WH-IND-03,85,0,0,3,2
2024-02-02,SKU-IND-8291,WH-IND-03,65,0,0,4,2
2024-02-03,SKU-IND-8291,WH-IND-03,70,0,0,5,2
2024-02-04,SKU-IND-8291,WH-IND-03,37,0,0,6,2
2024-02-05,SKU-IND-8291,WH-IND-03,92,0,0,0,2
2024-02-06,SKU-IND-8291,WH-IND-03,82,0,0,1,2
2024-02-07,SKU-IND-8291,WH-IND-03,77,0,0,2,2
2024-02-08,SKU-IND-8291,WH-IND-03,76,0,0,3,2
2024-02-09,SKU-IND-8291,WH-IND-03,73,0,0,4,2
2024-02-10,SKU-IND-8291,WH-IND-03,75,0,0,5,2
2024-02-11,SKU-IND-8291,WH-IND-03,24,0,0,6,2
2024-02-12,SKU-IND-8291,WH-IND-03,75,0,0,0,2
2024-02-13,SKU-IND-8291,WH-IND-03,70,0,0,1,2
2024-02-14,SKU-IND-8291,WH-IND-03,69,0,0,2,2
2024-02-15,SKU-IND-8291,WH-IND-03,67,0,0,3,2
2024-02-16,SKU-IND-8291,WH-IND-03,75,0,0,4,2
2024-02-17,SKU-IND-8291,WH-IND-03,77,0,0,5,2
2024-02-18,SKU-IND-8291,WH-IND-03,28,0,0,6,2
2024-02-19,SKU-IND-8291,WH-IND-03,91,0,0,0,2
2024-02-20,SKU-IND-8291,WH-IND-03,63,0,0,1,2
2024-02-21,SKU-IND-8291,WH-IND-03,70,0,0,2,2
2024-02-22,SKU-IND-8291,WH-IND-03,66,0,0,3,2
2024-02-23,SKU-IND-8291,WH-IND-03,59,0,0,4,2
2024-02-24,SKU-IND-8291,WH-IND-03,71,0,0,5,2
2024-02-25,SKU-IND-8291,WH-IND-03,27,0,0,6,2
2024-02-26,SKU-IND-8291,WH-IND-03,92,0,0,0,2
2024-02-27,SKU-IND-8291,WH-IND-03,76,0,0,1,2
2024-02-28,SKU-IND-8291,WH-IND-03,65,0,0,2,2
2024-02-29,SKU-IND-8291,WH-IND-03,84,0,0,3,2
2024-03-01,SKU-IND-8291,WH-IND-03,80,0,0,4,3
2024-03-02,SKU-IND-8291,WH-IND-03,76,0,0,5,3
2024-03-03,SKU-IND-8291,WH-IND-03,27,0,0,6,3
2024-03-04,SKU-IND-8291,WH-IND-03,77,0,0,0,3
2024-03-05,SKU-IND-8291,WH-IND-03,70,0,0,1,3
2024-03-06,SKU-IND-8291,WH-IND-03,79,0,0,2,3
2024-03-07,SKU-IND-8291,WH-IND-03,84,0,0,3,3
2024-03-08,SKU-IND-8291,WH-IND-03,82,0,0,4,3
2024-03-09,SKU-IND-8291,WH-IND-03,69,0,0,5,3
2024-03-10,SKU-IND-8291,WH-IND-03,21,0,0,6,3
2024-03-11,SKU-IND-8291,WH-IND-03,84,0,0,0,3
2024-03-12,SKU-IND-8291,WH-IND-03,61,0,0,1,3
2024-03-13,SKU-IND-8291,WH-IND-03,75,0,0,2,3
2024-03-14,SKU-IND-8291,WH-IND-03,72,0,0,3,3
2024-03-15,SKU-IND-8291,WH-IND-03,70,0,0,4,3
2024-03-16,SKU-IND-8291,WH-IND-03,63,0,0,5,3
2024-03-17,SKU-IND-8291,WH-IND-03,32,0,0,6,3
2024-03-18,SKU-IND-8291,WH-IND-03,80,0,0,0,3
2024-03-19,SKU-IND-8291,WH-IND-03,65,0,0,1,3
2024-03-20,SKU-IND-8291,WH-IND-03,55,0,0,2,3
2024-03-21,SKU-IND-8291,WH-IND-03,73,0,0,3,3
2024-03-22,SKU-IND-8291,WH-IND-03,84,0,0,4,3
2024-03-23,SKU-IND-8291,WH-IND-03,84,0,0,5,3
2024-03-24,SKU-IND-8291,WH-IND-03,26,0,0,6,3
2024-03-25,SKU-IND-8291,WH-IND-03,80,0,0,0,3
2024-03-26,SKU-IND-8291,WH-IND-03,76,0,0,1,3
2024-03-27,SKU-IND-8291,WH-IND-03,67,0,0,2,3
2024-03-28,SKU-IND-8291,WH-IND-03,75,0,0,3,3
2024-03-29,SKU-IND-8291,WH-IND-03,78,0,0,4,3
2024-03-30,SKU-IND-8291,WH-IND-03,81,0,0,5,3
2024-03-31,SKU-IND-8291,WH-IND-03,28,0,0,6,3
2024-04-01,SKU-IND-8291,WH-IND-03,83,0,0,0,4
2024-04-02,SKU-IND-8291,WH-IND-03,67,0,0,1,4
2024-04-03,SKU-IND-8291,WH-IND-03,68,0,0,2,4
2024-04-04,SKU-IND-8291,WH-IND-03,72,0,0,3,4
2024-04-05,SKU-IND-8291,WH-IND-03,75,0,0,4,4
2024-04-06,SKU-IND-8291,WH-IND-03,79,0,0,5,4
2024-04-07,SKU-IND-8291,WH-IND-03,24,0,0,6,4
2024-04-08,SKU-IND-8291,WH-IND-03,94,0,0,0,4
2024-04-09,SKU-IND-8291,WH-IND-03,71,0,0,1,4
2024-04-10,SKU-IND-8291,WH-IND-03,73,0,0,2,4
2024-04-11,SKU-IND-8291,WH-IND-03,68,0,0,3,4
2024-04-12,SKU-IND-8291,WH-IND-03,57,0,0,4,4
2024-04-13,SKU-IND-8291,WH-IND-03,79,0,0,5,4
2024-04-14,SKU-IND-8291,WH-IND-03,34,0,0,6,4
2024-04-15,SKU-IND-8291,WH-IND-03,82,0,0,0,4
2024-04-16,SKU-IND-8291,WH-IND-03,73,0,0,1,4
2024-04-17,SKU-IND-8291,WH-IND-03,76,0,0,2,4
2024-04-18,SKU-IND-8291,WH-IND-03,63,0,0,3,4
2024-04-19,SKU-IND-8291,WH-IND-03,69,0,0,4,4
2024-04-20,SKU-IND-8291,WH-IND-03,78,0,0,5,4
2024-04-21,SKU-IND-8291,WH-IND-03,21,0,0,6,4
2024-04-22,SKU-IND-8291,WH-IND-03,85,0,0,0,4
2024-04-23,SKU-IND-8291,WH-IND-03,64,0,0,1,4
2024-04-24,SKU-IND-8291,WH-IND-03,75,0,0,2,4
2024-04-25,SKU-IND-8291,WH-IND-03,72,0,0,3,4
2024-04-26,SKU-IND-8291,WH-IND-03,62,0,0,4,4
2024-04-27,SKU-IND-8291,WH-IND-03,80,0,0,5,4
2024-04-28,SKU-IND-8291,WH-IND-03,24,0,0,6,4
2024-04-29,SKU-IND-8291,WH-IND-03,78,0,0,0,4
2024-04-30,SKU-IND-8291,WH-IND-03,73,0,0,1,4
2024-05-01,SKU-IND-8291,WH-IND-03,79,0,0,2,5
2024-05-02,SKU-IND-8291,WH-IND-03,65,0,0,3,5
2024-05-03,SKU-IND-8291,WH-IND-03,72,0,0,4,5
2024-05-04,SKU-IND-8291,WH-IND-03,74,0,0,5,5
2024-05-05,SKU-IND-8291,WH-IND-03,33,0,0,6,5
2024-05-06,SKU-IND-8291,WH-IND-03,83,0,0,0,5
2024-05-07,SKU-IND-8291,WH-IND-03,69,0,0,1,5
2024-05-08,SKU-IND-8291,WH-IND-03,66,0,0,2,5
2024-05-09,SKU-IND-8291,WH-IND-03,72,0,0,3,5
2024-05-10,SKU-IND-8291,WH-IND-03,64,0,0,4,5
2024-05-11,SKU-IND-8291,WH-IND-03,52,0,0,5,5
2024-05-12,SKU-IND-8291,WH-IND-03,31,0,0,6,5
2024-05-13,SKU-IND-8291,WH-IND-03,87,0,0,0,5
2024-05-14,SKU-IND-8291,WH-IND-03,56,0,0,1,5
2024-05-15,SKU-IND-8291,WH-IND-03,64,0,0,2,5
2024-05-16,SKU-IND-8291,WH-IND-03,74,0,0,3,5
2024-05-17,SKU-IND-8291,WH-IND-03,83,0,0,4,5
2024-05-18,SKU-IND-8291,WH-IND-03,70,0,0,5,5
2024-05-19,SKU-IND-8291,WH-IND-03,23,0,0,6,5
2024-05-20,SKU-IND-8291,WH-IND-03,79,0,0,0,5
2024-05-21,SKU-IND-8291,WH-IND-03,79,0,0,1,5
2024-05-22,SKU-IND-8291,WH-IND-03,66,0,0,2,5
2024-05-23,SKU-IND-8291,WH-IND-03,64,0,0,3,5
2024-05-24,SKU-IND-8291,WH-IND-03,66,0,0,4,5
2024-05-25,SKU-IND-8291,WH-IND-03,63,0,0,5,5
2024-05-26,SKU-IND-8291,WH-IND-03,28,0,0,6,5
2024-05-27,SKU-IND-8291,WH-IND-03,90,0,0,0,5
2024-05-28,SKU-IND-8291,WH-IND-03,71,0,0,1,5
2024-05-29,SKU-IND-8291,WH-IND-03,67,0,0,2,5
2024-05-30,SKU-IND-8291,WH-IND-03,67,0,0,3,5
2024-05-31,SKU-IND-8291,WH-IND-03,58,0,0,4,5
2024-06-01,SKU-IND-8291,WH-IND-03,74,0,1,5,6
2024-06-02,SKU-IND-8291,WH-IND-03,26,0,1,6,6
2024-06-03,SKU-IND-8291,WH-IND-03,77,0,1,0,6
2024-06-04,SKU-IND-8291,WH-IND-03,88,0,1,1,6
2024-06-05,SKU-IND-8291,WH-IND-03,70,0,1,2,6
2024-06-06,SKU-IND-8291,WH-IND-03,63,0,1,3,6
2024-06-07,SKU-IND-8291,WH-IND-03,65,0,1,4,6
2024-06-08,SKU-IND-8291,WH-IND-03,75,0,1,5,6
2024-06-09,SKU-IND-8291,WH-IND-03,27,0,1,6,6
2024-06-10,SKU-IND-8291,WH-IND-03,68,0,1,0,6
2024-06-11,SKU-IND-8291,WH-IND-03,73,0,1,1,6
2024-06-12,SKU-IND-8291,WH-IND-03,62,0,1,2,6
2024-06-13,SKU-IND-8291,WH-IND-03,79,0,1,3,6
2024-06-14,SKU-IND-8291,WH-IND-03,73,0,1,4,6
2024-06-15,SKU-IND-8291,WH-IND-03,63,0,1,5,6
2024-06-16,SKU-IND-8291,WH-IND-03,34,0,1,6,6
2024-06-17,SKU-IND-8291,WH-IND-03,76,0,1,0,6
2024-06-18,SKU-IND-8291,WH-IND-03,71,0,1,1,6
2024-06-19,SKU-IND-8291,WH-IND-03,69,0,1,2,6
2024-06-20,SKU-IND-8291,WH-IND-03,60,0,1,3,6
2024-06-21,SKU-IND-8291,WH-IND-03,61,0,1,4,6
2024-06-22,SKU-IND-8291,WH-IND-03,72,0,1,5,6
2024-06-23,SKU-IND-8291,WH-IND-03,24,0,1,6,6
2024-06-24,SKU-IND-8291,WH-IND-03,72,0,1,0,6
2024-06-25,SKU-IND-8291,WH-IND-03,58,0,1,1,6
2024-06-26,SKU-IND-8291,WH-IND-03,67,0,1,2,6
2024-06-27,SKU-IND-8291,WH-IND-03,77,0,1,3,6
2024-06-28,SKU-IND-8291,WH-IND-03,57,0,1,4,6
2024-06-29,SKU-IND-8291,WH-IND-03,64,0,1,5,6
2024-06-30,SKU-IND-8291,WH-IND-03,34,0,1,6,6
2024-07-01,SKU-IND-8291,WH-IND-03,73,0,1,0,7
2024-07-02,SKU-IND-8291,WH-IND-03,66,0,1,1,7
2024-07-03,SKU-IND-8291,WH-IND-03,56,0,1,2,7
2024-07-04,SKU-IND-8291,WH-IND-03,66,0,1,3,7
2024-07-05,SKU-IND-8291,WH-IND-03,62,0,1,4,7
2024-07-06,SKU-IND-8291,WH-IND-03,69,0,1,5,7
2024-07-07,SKU-IND-8291,WH-IND-03,32,0,1,6,7
2024-07-08,SKU-IND-8291,WH-IND-03,88,0,1,0,7
2024-07-09,SKU-IND-8291,WH-IND-03,66,0,1,1,7
2024-07-10,SKU-IND-8291,WH-IND-03,64,0,1,2,7
2024-07-11,SKU-IND-8291,WH-IND-03,63,0,1,3,7
2024-07-12,SKU-IND-8291,WH-IND-03,60,0,1,4,7
2024-07-13,SKU-IND-8291,WH-IND-03,64,0,1,5,7
2024-07-14,SKU-IND-8291,WH-IND-03,22,0,1,6,7
2024-07-15,SKU-IND-8291,WH-IND-03,72,0,1,0,7
2024-07-16,SKU-IND-8291,WH-IND-03,70,0,1,1,7
2024-07-17,SKU-IND-8291,WH-IND-03,55,0,1,2,7
2024-07-18,SKU-IND-8291,WH-IND-03,68,0,1,3,7
2024-07-19,SKU-IND-8291,WH-IND-03,69,0,1,4,7
2024-07-20,SKU-IND-8291,WH-IND-03,60,0,1,5,7
2024-07-21,SKU-IND-8291,WH-IND-03,10,0,1,6,7
2024-07-22,SKU-IND-8291,WH-IND-03,65,0,1,0,7
2024-07-23,SKU-IND-8291,WH-IND-03,68,0,1,1,7
2024-07-24,SKU-IND-8291,WH-IND-03,60,0,1,2,7
2024-07-25,SKU-IND-8291,WH-IND-03,53,0,1,3,7
2024-07-26,SKU-IND-8291,WH-IND-03,56,0,1,4,7
2024-07-27,SKU-IND-8291,WH-IND-03,65,0,1,5,7
2024-07-28,SKU-IND-8291,WH-IND-03,27,0,1,6,7
2024-07-29,SKU-IND-8291,WH-IND-03,67,0,1,0,7
2024-07-30,SKU-IND-8291,WH-IND-03,57,0,1,1,7
2024-07-31,SKU-IND-8291,WH-IND-03,56,0,1,2,7
2024-08-01,SKU-IND-8291,WH-IND-03,53,0,1,3,8
2024-08-02,SKU-IND-8291,WH-IND-03,69,0,1,4,8
2024-08-03,SKU-IND-8291,WH-IND-03,56,0,1,5,8
2024-08-04,SKU-IND-8291,WH-IND-03,31,0,1,6,8
2024-08-05,SKU-IND-8291,WH-IND-03,77,0,1,0,8
2024-08-06,SKU-IND-8291,WH-IND-03,64,0,1,1,8
2024-08-07,SKU-IND-8291,WH-IND-03,55,0,1,2,8
2024-08-08,SKU-IND-8291,WH-IND-03,60,0,1,3,8
2024-08-09,SKU-IND-8291,WH-IND-03,57,0,1,4,8
2024-08-10,SKU-IND-8291,WH-IND-03,52,0,1,5,8
2024-08-11,SKU-IND-8291,WH-IND-03,25,0,1,6,8
2024-08-12,SKU-IND-8291,WH-IND-03,58,0,1,0,8
2024-08-13,SKU-IND-8291,WH-IND-03,65,0,1,1,8
2024-08-14,SKU-IND-8291,WH-IND-03,54,0,1,2,8
2024-08-15,SKU-IND-8291,WH-IND-03,58,0,1,3,8
2024-08-16,SKU-IND-8291,WH-IND-03,59,0,1,4,8
2024-08-17,SKU-IND-8291,WH-IND-03,55,0,1,5,8
2024-08-18,SKU-IND-8291,WH-IND-03,26,0,1,6,8
2024-08-19,SKU-IND-8291,WH-IND-03,62,0,1,0,8
2024-08-20,SKU-IND-8291,WH-IND-03,62,0,1,1,8
2024-08-21,SKU-IND-8291,WH-IND-03,48,0,1,2,8
2024-08-22,SKU-IND-8291,WH-IND-03,57,0,1,3,8
2024-08-23,SKU-IND-8291,WH-IND-03,68,0,1,4,8
2024-08-24,SKU-IND-8291,WH-IND-03,49,0,1,5,8
2024-08-25,SKU-IND-8291,WH-IND-03,18,0,1,6,8
2024-08-26,SKU-IND-8291,WH-IND-03,67,0,1,0,8
2024-08-27,SKU-IND-8291,WH-IND-03,57,0,1,1,8
2024-08-28,SKU-IND-8291,WH-IND-03,58,0,1,2,8
2024-08-29,SKU-IND-8291,WH-IND-03,59,0,1,3,8
2024-08-30,SKU-IND-8291,WH-IND-03,59,0,1,4,8
2024-08-31,SKU-IND-8291,WH-IND-03,62,0,1,5,8
2024-09-01,SKU-IND-8291,WH-IND-03,24,0,0,6,9
2024-09-02,SKU-IND-8291,WH-IND-03,62,0,0,0,9
2024-09-03,SKU-IND-8291,WH-IND-03,59,0,0,1,9
2024-09-04,SKU-IND-8291,WH-IND-03,67,0,0,2,9
2024-09-05,SKU-IND-8291,WH-IND-03,54,0,0,3,9
2024-09-06,SKU-IND-8291,WH-IND-03,49,0,0,4,9
2024-09-07,SKU-IND-8291,WH-IND-03,62,0,0,5,9
2024-09-08,SKU-IND-8291,WH-IND-03,21,0,0,6,9
2024-09-09,SKU-IND-8291,WH-IND-03,49,0,0,0,9
2024-09-10,SKU-IND-8291,WH-IND-03,60,0,0,1,9
2024-09-11,SKU-IND-8291,WH-IND-03,76,1,0,2,9
2024-09-12,SKU-IND-8291,WH-IND-03,79,1,0,3,9
2024-09-13,SKU-IND-8291,WH-IND-03,81,1,0,4,9
2024-09-14,SKU-IND-8291,WH-IND-03,80,1,0,5,9
2024-09-15,SKU-IND-8291,WH-IND-03,36,1,0,6,9
2024-09-16,SKU-IND-8291,WH-IND-03,88,1,0,0,9
2024-09-17,SKU-IND-8291,WH-IND-03,82,1,0,1,9
2024-09-18,SKU-IND-8291,WH-IND-03,77,1,0,2,9
2024-09-19,SKU-IND-8291,WH-IND-03,83,1,0,3,9
2024-09-20,SKU-IND-8291,WH-IND-03,83,1,0,4,9
2024-09-21,SKU-IND-8291,WH-IND-03,73,1,0,5,9
2024-09-22,SKU-IND-8291,WH-IND-03,38,1,0,6,9
2024-09-23,SKU-IND-8291,WH-IND-03,87,1,0,0,9
2024-09-24,SKU-IND-8291,WH-IND-03,84,1,0,1,9
2024-09-25,SKU-IND-8291,WH-IND-03,81,1,0,2,9
2024-09-26,SKU-IND-8291,WH-IND-03,90,1,0,3,9
2024-09-27,SKU-IND-8291,WH-IND-03,77,1,0,4,9
2024-09-28,SKU-IND-8291,WH-IND-03,76,1,0,5,9
2024-09-29,SKU-IND-8291,WH-IND-03,31,1,0,6,9
2024-09-30,SKU-IND-8291,WH-IND-03,88,1,0,0,9
2024-10-01,SKU-IND-8291,WH-IND-03,59,0,0,1,10
2024-10-02,SKU-IND-8291,WH-IND-03,44,0,0,2,10
2024-10-03,SKU-IND-8291,WH-IND-03,47,0,0,3,10
2024-10-04,SKU-IND-8291,WH-IND-03,47,0,0,4,10
2024-10-05,SKU-IND-8291,WH-IND-03,60,0,0,5,10
2024-10-06,SKU-IND-8291,WH-IND-03,32,0,0,6,10
2024-10-07,SKU-IND-8291,WH-IND-03,61,0,0,0,10
2024-10-08,SKU-IND-8291,WH-IND-03,53,0,0,1,10
2024-10-09,SKU-IND-8291,WH-IND-03,54,0,0,2,10
2024-10-10,SKU-IND-8291,WH-IND-03,61,0,0,3,10
2024-10-11,SKU-IND-8291,WH-IND-03,73,1,0,4,10
2024-10-12,SKU-IND-8291,WH-IND-03,80,1,0,5,10
2024-10-13,SKU-IND-8291,WH-IND-03,37,1,0,6,10
2024-10-14,SKU-IND-8291,WH-IND-03,94,1,0,0,10
2024-10-15,SKU-IND-8291,WH-IND-03,80,1,0,1,10
2024-10-16,SKU-IND-8291,WH-IND-03,85,1,0,2,10
2024-10-17,SKU-IND-8291,WH-IND-03,62,1,0,3,10
2024-10-18,SKU-IND-8291,WH-IND-03,83,1,0,4,10
2024-10-19,SKU-IND-8291,WH-IND-03,75,1,0,5,10
2024-10-20,SKU-IND-8291,WH-IND-03,20,1,0,6,10
2024-10-21,SKU-IND-8291,WH-IND-03,94,1,0,0,10
2024-10-22,SKU-IND-8291,WH-IND-03,88,1,0,1,10
2024-10-23,SKU-IND-8291,WH-IND-03,78,1,0,2,10
2024-10-24,SKU-IND-8291,WH-IND-03,86,1,0,3,10
2024-10-25,SKU-IND-8291,WH-IND-03,90,1,0,4,10
2024-10-26,SKU-IND-8291,WH-IND-03,88,1,0,5,10
2024-10-27,SKU-IND-8291,WH-IND-03,42,1,0,6,10
2024-10-28,SKU-IND-8291,WH-IND-03,97,1,0,0,10
2024-10-29,SKU-IND-8291,WH-IND-03,80,1,0,1,10
2024-10-30,SKU-IND-8291,WH-IND-03,70,1,0,2,10
2024-10-31,SKU-IND-8291,WH-IND-03,79,1,0,3,10
2024-11-01,SKU-IND-8291,WH-IND-03,50,0,0,4,11
2024-11-02,SKU-IND-8291,WH-IND-03,69,0,0,5,11
2024-11-03,SKU-IND-8291,WH-IND-03,21,0,0,6,11
2024-11-04,SKU-IND-8291,WH-IND-03,65,0,0,0,11
2024-11-05,SKU-IND-8291,WH-IND-03,59,0,0,1,11
2024-11-06,SKU-IND-8291,WH-IND-03,56,0,0,2,11
2024-11-07,SKU-IND-8291,WH-IND-03,67,0,0,3,11
2024-11-08,SKU-IND-8291,WH-IND-03,52,0,0,4,11
2024-11-09,SKU-IND-8291,WH-IND-03,57,0,0,5,11
2024-11-10,SKU-IND-8291,WH-IND-03,17,0,0,6,11
2024-11-11,SKU-IND-8291,WH-IND-03,56,0,0,0,11
2024-11-12,SKU-IND-8291,WH-IND-03,52,0,0,1,11
2024-11-13,SKU-IND-8291,WH-IND-03,56,0,0,2,11
2024-11-14,SKU-IND-8291,WH-IND-03,54,0,0,3,11
2024-11-15,SKU-IND-8291,WH-IND-03,52,0,0,4,11
2024-11-16,SKU-IND-8291,WH-IND-03,48,0,0,5,11
2024-11-17,SKU-IND-8291,WH-IND-03,22,0,0,6,11
2024-11-18,SKU-IND-8291,WH-IND-03,56,0,0,0,11
2024-11-19,SKU-IND-8291,WH-IND-03,62,0,0,1,11
2024-11-20,SKU-IND-8291,WH-IND-03,58,0,0,2,11
2024-11-21,SKU-IND-8291,WH-IND-03,48,0,0,3,11
2024-11-22,SKU-IND-8291,WH-IND-03,56,0,0,4,11
2024-11-23,SKU-IND-8291,WH-IND-03,53,0,0,5,11
2024-11-24,SKU-IND-8291,WH-IND-03,25,0,0,6,11
2024-11-25,SKU-IND-8291,WH-IND-03,75,0,0,0,11
2024-11-26,SKU-IND-8291,WH-IND-03,46,0,0,1,11
2024-11-27,SKU-IND-8291,WH-IND-03,59,0,0,2,11
2024-11-28,SKU-IND-8291,WH-IND-03,57,0,0,3,11
2024-11-29,SKU-IND-8291,WH-IND-03,63,0,0,4,11
2024-11-30,SKU-IND-8291,WH-IND-03,60,0,0,5,11
2024-12-01,SKU-IND-8291,WH-IND-03,18,0,0,6,12
2024-12-02,SKU-IND-8291,WH-IND-03,66,0,0,0,12
2024-12-03,SKU-IND-8291,WH-IND-03,54,0,0,1,12
2024-12-04,SKU-IND-8291,WH-IND-03,66,0,0,2,12
2024-12-05,SKU-IND-8291,WH-IND-03,59,0,0,3,12
2024-12-06,SKU-IND-8291,WH-IND-03,72,0,0,4,12
2024-12-07,SKU-IND-8291,WH-IND-03,59,0,0,5,12
2024-12-08,SKU-IND-8291,WH-IND-03,19,0,0,6,12
2024-12-09,SKU-IND-8291,WH-IND-03,59,0,0,0,12
2024-12-10,SKU-IND-8291,WH-IND-03,49,0,0,1,12
2024-12-11,SKU-IND-8291,WH-IND-03,50,0,0,2,12
2024-12-12,SKU-IND-8291,WH-IND-03,62,0,0,3,12
2024-12-13,SKU-IND-8291,WH-IND-03,64,0,0,4,12
2024-12-14,SKU-IND-8291,WH-IND-03,51,0,0,5,12
2024-12-15,SKU-IND-8291,WH-IND-03,30,0,0,6,12
2024-12-16,SKU-IND-8291,WH-IND-03,67,0,0,0,12
2024-12-17,SKU-IND-8291,WH-IND-03,62,0,0,1,12
2024-12-18,SKU-IND-8291,WH-IND-03,72,0,0,2,12
2024-12-19,SKU-IND-8291,WH-IND-03,67,0,0,3,12
2024-12-20,SKU-IND-8291,WH-IND-03,60,0,0,4,12
2024-12-21,SKU-IND-8291,WH-IND-03,56,0,0,5,12
2024-12-22,SKU-IND-8291,WH-IND-03,11,0,0,6,12
2024-12-23,SKU-IND-8291,WH-IND-03,67,0,0,0,12
2024-12-24,SKU-IND-8291,WH-IND-03,61,0,0,1,12
2024-12-25,SKU-IND-8291,WH-IND-03,56,0,0,2,12
2024-12-26,SKU-IND-8291,WH-IND-03,62,0,0,3,12
2024-12-27,SKU-IND-8291,WH-IND-03,63,0,0,4,12
2024-12-28,SKU-IND-8291,WH-IND-03,62,0,0,5,12
2024-12-29,SKU-IND-8291,WH-IND-03,21,0,0,6,12
2024-12-30,SKU-IND-8291,WH-IND-03,74,0,0,0,12
2024-12-31,SKU-IND-8291,WH-IND-03,66,0,0,1,12
2025-01-01,SKU-IND-8291,WH-IND-03,57,0,0,2,1
2025-01-02,SKU-IND-8291,WH-IND-03,73,0,0,3,1
2025-01-03,SKU-IND-8291,WH-IND-03,63,0,0,4,1
2025-01-04,SKU-IND-8291,WH-IND-03,64,0,0,5,1
2025-01-05,SKU-IND-8291,WH-IND-03,30,0,0,6,1
2025-01-06,SKU-IND-8291,WH-IND-03,76,0,0,0,1
2025-01-07,SKU-IND-8291,WH-IND-03,71,0,0,1,1
2025-01-08,SKU-IND-8291,WH-IND-03,67,0,0,2,1
2025-01-09,SKU-IND-8291,WH-IND-03,61,0,0,3,1
2025-01-10,SKU-IND-8291,WH-IND-03,67,0,0,4,1
2025-01-11,SKU-IND-8291,WH-IND-03,58,0,0,5,1
2025-01-12,SKU-IND-8291,WH-IND-03,27,0,0,6,1
2025-01-13,SKU-IND-8291,WH-IND-03,75,0,0,0,1
2025-01-14,SKU-IND-8291,WH-IND-03,64,0,0,1,1
2025-01-15,SKU-IND-8291,WH-IND-03,65,0,0,2,1
2025-01-16,SKU-IND-8291,WH-IND-03,54,0,0,3,1
2025-01-17,SKU-IND-8291,WH-IND-03,63,0,0,4,1
2025-01-18,SKU-IND-8291,WH-IND-03,67,0,0,5,1
2025-01-19,SKU-IND-8291,WH-IND-03,27,0,0,6,1
2025-01-20,SKU-IND-8291,WH-IND-03,70,0,0,0,1
2025-01-21,SKU-IND-8291,WH-IND-03,75,0,0,1,1
2025-01-22,SKU-IND-8291,WH-IND-03,61,0,0,2,1
2025-01-23,SKU-IND-8291,WH-IND-03,73,0,0,3,1
2025-01-24,SKU-IND-8291,WH-IND-03,70,0,0,4,1
2025-01-25,SKU-IND-8291,WH-IND-03,63,0,0,5,1
2025-01-26,SKU-IND-8291,WH-IND-03,38,0,0,6,1
2025-01-27,SKU-IND-8291,WH-IND-03,70,0,0,0,1
2025-01-28,SKU-IND-8291,WH-IND-03,74,0,0,1,1
2025-01-29,SKU-IND-8291,WH-IND-03,74,0,0,2,1
2025-01-30,SKU-IND-8291,WH-IND-03,64,0,0,3,1
2025-01-31,SKU-IND-8291,WH-IND-03,77,0,0,4,1
2025-02-01,SKU-IND-8291,WH-IND-03,67,0,0,5,2
2025-02-02,SKU-IND-8291,WH-IND-03,29,0,0,6,2
2025-02-03,SKU-IND-8291,WH-IND-03,81,0,0,0,2
2025-02-04,SKU-IND-8291,WH-IND-03,68,0,0,1,2
2025-02-05,SKU-IND-8291,WH-IND-03,74,0,0,2,2
2025-02-06,SKU-IND-8291,WH-IND-03,74,0,0,3,2
2025-02-07,SKU-IND-8291,WH-IND-03,58,0,0,4,2
2025-02-08,SKU-IND-8291,WH-IND-03,78,0,0,5,2
2025-02-09,SKU-IND-8291,WH-IND-03,17,0,0,6,2
2025-02-10,SKU-IND-8291,WH-IND-03,87,0,0,0,2
2025-02-11,SKU-IND-8291,WH-IND-03,77,0,0,1,2
2025-02-12,SKU-IND-8291,WH-IND-03,63,0,0,2,2
2025-02-13,SKU-IND-8291,WH-IND-03,67,0,0,3,2
2025-02-14,SKU-IND-8291,WH-IND-03,63,0,0,4,2
2025-02-15,SKU-IND-8291,WH-IND-03,69,0,0,5,2
2025-02-16,SKU-IND-8291,WH-IND-03,26,0,0,6,2
2025-02-17,SKU-IND-8291,WH-IND-03,86,0,0,0,2
2025-02-18,SKU-IND-8291,WH-IND-03,79,0,0,1,2
2025-02-19,SKU-IND-8291,WH-IND-03,80,0,0,2,2
2025-02-20,SKU-IND-8291,WH-IND-03,67,0,0,3,2
2025-02-21,SKU-IND-8291,WH-IND-03,70,0,0,4,2
2025-02-22,SKU-IND-8291,WH-IND-03,60,0,0,5,2
2025-02-23,SKU-IND-8291,WH-IND-03,23,0,0,6,2
2025-02-24,SKU-IND-8291,WH-IND-03,88,0,0,0,2
2025-02-25,SKU-IND-8291,WH-IND-03,82,0,0,1,2
2025-02-26,SKU-IND-8291,WH-IND-03,64,0,0,2,2
2025-02-27,SKU-IND-8291,WH-IND-03,68,0,0,3,2
2025-02-28,SKU-IND-8291,WH-IND-03,71,0,0,4,2
2025-03-01,SKU-IND-8291,WH-IND-03,74,0,0,5,3
2025-03-02,SKU-IND-8291,WH-IND-03,23,0,0,6,3
2025-03-03,SKU-IND-8291,WH-IND-03,85,0,0,0,3
2025-03-04,SKU-IND-8291,WH-IND-03,69,0,0,1,3
2025-03-05,SKU-IND-8291,WH-IND-03,72,0,0,2,3
2025-03-06,SKU-IND-8291,WH-IND-03,76,0,0,3,3
2025-03-07,SKU-IND-8291,WH-IND-03,72,0,0,4,3
2025-03-08,SKU-IND-8291,WH-IND-03,69,0,0,5,3
2025-03-09,SKU-IND-8291,WH-IND-03,28,0,0,6,3
2025-03-10,SKU-IND-8291,WH-IND-03,83,0,0,0,3
2025-03-11,SKU-IND-8291,WH-IND-03,70,0,0,1,3
2025-03-12,SKU-IND-8291,WH-IND-03,71,0,0,2,3
2025-03-13,SKU-IND-8291,WH-IND-03,83,0,0,3,3
2025-03-14,SKU-IND-8291,WH-IND-03,76,0,0,4,3
2025-03-15,SKU-IND-8291,WH-IND-03,71,0,0,5,3
2025-03-16,SKU-IND-8291,WH-IND-03,33,0,0,6,3
2025-03-17,SKU-IND-8291,WH-IND-03,82,0,0,0,3
2025-03-18,SKU-IND-8291,WH-IND-03,80,0,0,1,3
2025-03-19,SKU-IND-8291,WH-IND-03,75,0,0,2,3
2025-03-20,SKU-IND-8291,WH-IND-03,72,0,0,3,3
2025-03-21,SKU-IND-8291,WH-IND-03,76,0,0,4,3
2025-03-22,SKU-IND-8291,WH-IND-03,63,0,0,5,3
2025-03-23,SKU-IND-8291,WH-IND-03,22,0,0,6,3
2025-03-24,SKU-IND-8291,WH-IND-03,76,0,0,0,3
2025-03-25,SKU-IND-8291,WH-IND-03,74,0,0,1,3
2025-03-26,SKU-IND-8291,WH-IND-03,84,0,0,2,3
2025-03-27,SKU-IND-8291,WH-IND-03,87,0,0,3,3
2025-03-28,SKU-IND-8291,WH-IND-03,77,0,0,4,3
2025-03-29,SKU-IND-8291,WH-IND-03,76,0,0,5,3
2025-03-30,SKU-IND-8291,WH-IND-03,17,0,0,6,3
2025-03-31,SKU-IND-8291,WH-IND-03,81,0,0,0,3
2025-04-01,SKU-IND-8291,WH-IND-03,68,0,0,1,4
2025-04-02,SKU-IND-8291,WH-IND-03,69,0,0,2,4
2025-04-03,SKU-IND-8291,WH-IND-03,72,0,0,3,4
2025-04-04,SKU-IND-8291,WH-IND-03,70,0,0,4,4
2025-04-05,SKU-IND-8291,WH-IND-03,60,0,0,5,4
2025-04-06,SKU-IND-8291,WH-IND-03,34,0,0,6,4
2025-04-07,SKU-IND-8291,WH-IND-03,77,0,0,0,4
2025-04-08,SKU-IND-8291,WH-IND-03,75,0,0,1,4
2025-04-09,SKU-IND-8291,WH-IND-03,86,0,0,2,4
2025-04-10,SKU-IND-8291,WH-IND-03,67,0,0,3,4
2025-04-11,SKU-IND-8291,WH-IND-03,57,0,0,4,4
2025-04-12,SKU-IND-8291,WH-IND-03,71,0,0,5,4
2025-04-13,SKU-IND-8291,WH-IND-03,36,0,0,6,4
2025-04-14,SKU-IND-8291,WH-IND-03,96,0,0,0,4
2025-04-15,SKU-IND-8291,WH-IND-03,65,0,0,1,4
2025-04-16,SKU-IND-8291,WH-IND-03,76,0,0,2,4
2025-04-17,SKU-IND-8291,WH-IND-03,70,0,0,3,4
2025-04-18,SKU-IND-8291,WH-IND-03,72,0,0,4,4
2025-04-19,SKU-IND-8291,WH-IND-03,90,0,0,5,4
2025-04-20,SKU-IND-8291,WH-IND-03,19,0,0,6,4
2025-04-21,SKU-IND-8291,WH-IND-03,85,0,0,0,4
2025-04-22,SKU-IND-8291,WH-IND-03,76,0,0,1,4
2025-04-23,SKU-IND-8291,WH-IND-03,79,0,0,2,4
2025-04-24,SKU-IND-8291,WH-IND-03,73,0,0,3,4
2025-04-25,SKU-IND-8291,WH-IND-03,74,0,0,4,4
2025-04-26,SKU-IND-8291,WH-IND-03,70,0,0,5,4
2025-04-27,SKU-IND-8291,WH-IND-03,30,0,0,6,4
2025-04-28,SKU-IND-8291,WH-IND-03,81,0,0,0,4
2025-04-29,SKU-IND-8291,WH-IND-03,76,0,0,1,4
2025-04-30,SKU-IND-8291,WH-IND-03,70,0,0,2,4
2025-05-01,SKU-IND-8291,WH-IND-03,74,0,0,3,5
2025-05-02,SKU-IND-8291,WH-IND-03,72,0,0,4,5
2025-05-03,SKU-IND-8291,WH-IND-03,79,0,0,5,5
2025-05-04,SKU-IND-8291,WH-IND-03,28,0,0,6,5
2025-05-05,SKU-IND-8291,WH-IND-03,71,0,0,0,5
2025-05-06,SKU-IND-8291,WH-IND-03,80,0,0,1,5
2025-05-07,SKU-IND-8291,WH-IND-03,66,0,0,2,5
2025-05-08,SKU-IND-8291,WH-IND-03,67,0,0,3,5
2025-05-09,SKU-IND-8291,WH-IND-03,67,0,0,4,5
2025-05-10,SKU-IND-8291,WH-IND-03,80,0,0,5,5
2025-05-11,SKU-IND-8291,WH-IND-03,14,0,0,6,5
2025-05-12,SKU-IND-8291,WH-IND-03,102,0,0,0,5
2025-05-13,SKU-IND-8291,WH-IND-03,78,0,0,1,5
2025-05-14,SKU-IND-8291,WH-IND-03,72,0,0,2,5
2025-05-15,SKU-IND-8291,WH-IND-03,70,0,0,3,5
2025-05-16,SKU-IND-8291,WH-IND-03,72,0,0,4,5
2025-05-17,SKU-IND-8291,WH-IND-03,74,0,0,5,5
2025-05-18,SKU-IND-8291,WH-IND-03,32,0,0,6,5
2025-05-19,SKU-IND-8291,WH-IND-03,84,0,0,0,5
2025-05-20,SKU-IND-8291,WH-IND-03,71,0,0,1,5
2025-05-21,SKU-IND-8291,WH-IND-03,69,0,0,2,5
2025-05-22,SKU-IND-8291,WH-IND-03,69,0,0,3,5
2025-05-23,SKU-IND-8291,WH-IND-03,68,0,0,4,5
2025-05-24,SKU-IND-8291,WH-IND-03,77,0,0,5,5
2025-05-25,SKU-IND-8291,WH-IND-03,31,0,0,6,5
2025-05-26,SKU-IND-8291,WH-IND-03,61,0,0,0,5
2025-05-27,SKU-IND-8291,WH-IND-03,73,0,0,1,5
2025-05-28,SKU-IND-8291,WH-IND-03,70,0,0,2,5
2025-05-29,SKU-IND-8291,WH-IND-03,69,0,0,3,5
2025-05-30,SKU-IND-8291,WH-IND-03,66,0,0,4,5
2025-05-31,SKU-IND-8291,WH-IND-03,76,0,0,5,5
2025-06-01,SKU-IND-8291,WH-IND-03,33,0,1,6,6
2025-06-02,SKU-IND-8291,WH-IND-03,74,0,1,0,6
2025-06-03,SKU-IND-8291,WH-IND-03,71,0,1,1,6
2025-06-04,SKU-IND-8291,WH-IND-03,62,0,1,2,6
2025-06-05,SKU-IND-8291,WH-IND-03,59,0,1,3,6
2025-06-06,SKU-IND-8291,WH-IND-03,64,0,1,4,6
2025-06-07,SKU-IND-8291,WH-IND-03,73,0,1,5,6
2025-06-08,SKU-IND-8291,WH-IND-03,33,0,1,6,6
2025-06-09,SKU-IND-8291,WH-IND-03,81,0,1,0,6
2025-06-10,SKU-IND-8291,WH-IND-03,72,0,1,1,6
2025-06-11,SKU-IND-8291,WH-IND-03,70,0,1,2,6
2025-06-12,SKU-IND-8291,WH-IND-03,63,0,1,3,6
2025-06-13,SKU-IND-8291,WH-IND-03,69,0,1,4,6
2025-06-14,SKU-IND-8291,WH-IND-03,72,0,1,5,6
2025-06-15,SKU-IND-8291,WH-IND-03,31,0,1,6,6
2025-06-16,SKU-IND-8291,WH-IND-03,84,0,1,0,6
2025-06-17,SKU-IND-8291,WH-IND-03,70,0,1,1,6
2025-06-18,SKU-IND-8291,WH-IND-03,68,0,1,2,6
2025-06-19,SKU-IND-8291,WH-IND-03,72,0,1,3,6
2025-06-20,SKU-IND-8291,WH-IND-03,65,0,1,4,6
2025-06-21,SKU-IND-8291,WH-IND-03,60,0,1,5,6
2025-06-22,SKU-IND-8291,WH-IND-03,25,0,1,6,6
2025-06-23,SKU-IND-8291,WH-IND-03,70,0,1,0,6
2025-06-24,SKU-IND-8291,WH-IND-03,60,0,1,1,6
2025-06-25,SKU-IND-8291,WH-IND-03,64,0,1,2,6
2025-06-26,SKU-IND-8291,WH-IND-03,59,0,1,3,6
2025-06-27,SKU-IND-8291,WH-IND-03,62,0,1,4,6
2025-06-28,SKU-IND-8291,WH-IND-03,52,0,1,5,6
2025-06-29,SKU-IND-8291,WH-IND-03,27,0,1,6,6
2025-06-30,SKU-IND-8291,WH-IND-03,73,0,1,0,6
2025-07-01,SKU-IND-8291,WH-IND-03,58,0,1,1,7
2025-07-02,SKU-IND-8291,WH-IND-03,68,0,1,2,7
2025-07-03,SKU-IND-8291,WH-IND-03,69,0,1,3,7
2025-07-04,SKU-IND-8291,WH-IND-03,53,0,1,4,7
2025-07-05,SKU-IND-8291,WH-IND-03,58,0,1,5,7
2025-07-06,SKU-IND-8291,WH-IND-03,20,0,1,6,7
2025-07-07,SKU-IND-8291,WH-IND-03,66,0,1,0,7
2025-07-08,SKU-IND-8291,WH-IND-03,68,0,1,1,7
2025-07-09,SKU-IND-8291,WH-IND-03,61,0,1,2,7
2025-07-10,SKU-IND-8291,WH-IND-03,60,0,1,3,7
2025-07-11,SKU-IND-8291,WH-IND-03,49,0,1,4,7
2025-07-12,SKU-IND-8291,WH-IND-03,66,0,1,5,7
2025-07-13,SKU-IND-8291,WH-IND-03,16,0,1,6,7
2025-07-14,SKU-IND-8291,WH-IND-03,71,0,1,0,7
2025-07-15,SKU-IND-8291,WH-IND-03,63,0,1,1,7
2025-07-16,SKU-IND-8291,WH-IND-03,70,0,1,2,7
2025-07-17,SKU-IND-8291,WH-IND-03,53,0,1,3,7
2025-07-18,SKU-IND-8291,WH-IND-03,42,0,1,4,7
2025-07-19,SKU-IND-8291,WH-IND-03,62,0,1,5,7
2025-07-20,SKU-IND-8291,WH-IND-03,35,0,1,6,7
2025-07-21,SKU-IND-8291,WH-IND-03,77,0,1,0,7
2025-07-22,SKU-IND-8291,WH-IND-03,62,0,1,1,7
2025-07-23,SKU-IND-8291,WH-IND-03,57,0,1,2,7
2025-07-24,SKU-IND-8291,WH-IND-03,65,0,1,3,7
2025-07-25,SKU-IND-8291,WH-IND-03,54,0,1,4,7
2025-07-26,SKU-IND-8291,WH-IND-03,63,0,1,5,7
2025-07-27,SKU-IND-8291,WH-IND-03,27,0,1,6,7
2025-07-28,SKU-IND-8291,WH-IND-03,75,0,1,0,7
2025-07-29,SKU-IND-8291,WH-IND-03,77,0,1,1,7
2025-07-30,SKU-IND-8291,WH-IND-03,62,0,1,2,7
2025-07-31,SKU-IND-8291,WH-IND-03,56,0,1,3,7
2025-08-01,SKU-IND-8291,WH-IND-03,59,0,1,4,8
2025-08-02,SKU-IND-8291,WH-IND-03,47,0,1,5,8
2025-08-03,SKU-IND-8291,WH-IND-03,19,0,1,6,8
2025-08-04,SKU-IND-8291,WH-IND-03,65,0,1,0,8
2025-08-05,SKU-IND-8291,WH-IND-03,55,0,1,1,8
2025-08-06,SKU-IND-8291,WH-IND-03,59,0,1,2,8
2025-08-07,SKU-IND-8291,WH-IND-03,53,0,1,3,8
2025-08-08,SKU-IND-8291,WH-IND-03,65,0,1,4,8
2025-08-09,SKU-IND-8291,WH-IND-03,58,0,1,5,8
2025-08-10,SKU-IND-8291,WH-IND-03,23,0,1,6,8
2025-08-11,SKU-IND-8291,WH-IND-03,64,0,1,0,8
2025-08-12,SKU-IND-8291,WH-IND-03,58,0,1,1,8
2025-08-13,SKU-IND-8291,WH-IND-03,62,0,1,2,8
2025-08-14,SKU-IND-8291,WH-IND-03,51,0,1,3,8
2025-08-15,SKU-IND-8291,WH-IND-03,53,0,1,4,8
2025-08-16,SKU-IND-8291,WH-IND-03,55,0,1,5,8
2025-08-17,SKU-IND-8291,WH-IND-03,14,0,1,6,8
2025-08-18,SKU-IND-8291,WH-IND-03,60,0,1,0,8
2025-08-19,SKU-IND-8291,WH-IND-03,53,0,1,1,8
2025-08-20,SKU-IND-8291,WH-IND-03,62,0,1,2,8
2025-08-21,SKU-IND-8291,WH-IND-03,58,0,1,3,8
2025-08-22,SKU-IND-8291,WH-IND-03,57,0,1,4,8
2025-08-23,SKU-IND-8291,WH-IND-03,61,0,1,5,8
2025-08-24,SKU-IND-8291,WH-IND-03,21,0,1,6,8
2025-08-25,SKU-IND-8291,WH-IND-03,67,0,1,0,8
2025-08-26,SKU-IND-8291,WH-IND-03,55,0,1,1,8
2025-08-27,SKU-IND-8291,WH-IND-03,57,0,1,2,8
2025-08-28,SKU-IND-8291,WH-IND-03,52,0,1,3,8
2025-08-29,SKU-IND-8291,WH-IND-03,40,0,1,4,8
2025-08-30,SKU-IND-8291,WH-IND-03,54,0,1,5,8
2025-08-31,SKU-IND-8291,WH-IND-03,31,0,1,6,8
2025-09-01,SKU-IND-8291,WH-IND-03,69,0,0,0,9
2025-09-02,SKU-IND-8291,WH-IND-03,61,0,0,1,9
2025-09-03,SKU-IND-8291,WH-IND-03,63,0,0,2,9
2025-09-04,SKU-IND-8291,WH-IND-03,55,0,0,3,9
2025-09-05,SKU-IND-8291,WH-IND-03,56,0,0,4,9
2025-09-06,SKU-IND-8291,WH-IND-03,51,0,0,5,9
2025-09-07,SKU-IND-8291,WH-IND-03,20,0,0,6,9
2025-09-08,SKU-IND-8291,WH-IND-03,67,0,0,0,9
2025-09-09,SKU-IND-8291,WH-IND-03,62,0,0,1,9
2025-09-10,SKU-IND-8291,WH-IND-03,54,0,0,2,9
2025-09-11,SKU-IND-8291,WH-IND-03,76,1,0,3,9
2025-09-12,SKU-IND-8291,WH-IND-03,79,1,0,4,9
2025-09-13,SKU-IND-8291,WH-IND-03,83,1,0,5,9
2025-09-14,SKU-IND-8291,WH-IND-03,22,1,0,6,9
2025-09-15,SKU-IND-8291,WH-IND-03,76,1,0,0,9
2025-09-16,SKU-IND-8291,WH-IND-03,75,1,0,1,9
2025-09-17,SKU-IND-8291,WH-IND-03,71,1,0,2,9
2025-09-18,SKU-IND-8291,WH-IND-03,75,1,0,3,9
2025-09-19,SKU-IND-8291,WH-IND-03,78,1,0,4,9
2025-09-20,SKU-IND-8291,WH-IND-03,76,1,0,5,9
2025-09-21,SKU-IND-8291,WH-IND-03,40,1,0,6,9
2025-09-22,SKU-IND-8291,WH-IND-03,93,1,0,0,9
2025-09-23,SKU-IND-8291,WH-IND-03,80,1,0,1,9
2025-09-24,SKU-IND-8291,WH-IND-03,82,1,0,2,9
2025-09-25,SKU-IND-8291,WH-IND-03,71,1,0,3,9
2025-09-26,SKU-IND-8291,WH-IND-03,85,1,0,4,9
2025-09-27,SKU-IND-8291,WH-IND-03,78,1,0,5,9
2025-09-28,SKU-IND-8291,WH-IND-03,35,1,0,6,9
2025-09-29,SKU-IND-8291,WH-IND-03,83,1,0,0,9
2025-09-30,SKU-IND-8291,WH-IND-03,68,1,0,1,9
2025-10-01,SKU-IND-8291,WH-IND-03,59,0,0,2,10
2025-10-02,SKU-IND-8291,WH-IND-03,56,0,0,3,10
2025-10-03,SKU-IND-8291,WH-IND-03,48,0,0,4,10
2025-10-04,SKU-IND-8291,WH-IND-03,48,0,0,5,10
2025-10-05,SKU-IND-8291,WH-IND-03,28,0,0,6,10
2025-10-06,SKU-IND-8291,WH-IND-03,54,0,0,0,10
2025-10-07,SKU-IND-8291,WH-IND-03,64,0,0,1,10
2025-10-08,SKU-IND-8291,WH-IND-03,48,0,0,2,10
2025-10-09,SKU-IND-8291,WH-IND-03,58,0,0,3,10
2025-10-10,SKU-IND-8291,WH-IND-03,52,0,0,4,10
2025-10-11,SKU-IND-8291,WH-IND-03,82,1,0,5,10
2025-10-12,SKU-IND-8291,WH-IND-03,28,1,0,6,10
2025-10-13,SKU-IND-8291,WH-IND-03,89,1,0,0,10
2025-10-14,SKU-IND-8291,WH-IND-03,79,1,0,1,10
2025-10-15,SKU-IND-8291,WH-IND-03,72,1,0,2,10
2025-10-16,SKU-IND-8291,WH-IND-03,84,1,0,3,10
2025-10-17,SKU-IND-8291,WH-IND-03,76,1,0,4,10
2025-10-18,SKU-IND-8291,WH-IND-03,77,1,0,5,10
2025-10-19,SKU-IND-8291,WH-IND-03,25,1,0,6,10
2025-10-20,SKU-IND-8291,WH-IND-03,75,1,0,0,10
2025-10-21,SKU-IND-8291,WH-IND-03,78,1,0,1,10
2025-10-22,SKU-IND-8291,WH-IND-03,95,1,0,2,10
2025-10-23,SKU-IND-8291,WH-IND-03,84,1,0,3,10
2025-10-24,SKU-IND-8291,WH-IND-03,79,1,0,4,10
2025-10-25,SKU-IND-8291,WH-IND-03,78,1,0,5,10
2025-10-26,SKU-IND-8291,WH-IND-03,32,1,0,6,10
2025-10-27,SKU-IND-8291,WH-IND-03,95,1,0,0,10
2025-10-28,SKU-IND-8291,WH-IND-03,72,1,0,1,10
2025-10-29,SKU-IND-8291,WH-IND-03,87,1,0,2,10
2025-10-30,SKU-IND-8291,WH-IND-03,85,1,0,3,10
2025-10-31,SKU-IND-8291,WH-IND-03,85,1,0,4,10
2025-11-01,SKU-IND-8291,WH-IND-03,58,0,0,5,11
2025-11-02,SKU-IND-8291,WH-IND-03,22,0,0,6,11
2025-11-03,SKU-IND-8291,WH-IND-03,68,0,0,0,11
2025-11-04,SKU-IND-8291,WH-IND-03,59,0,0,1,11
2025-11-05,SKU-IND-8291,WH-IND-03,53,0,0,2,11
2025-11-06,SKU-IND-8291,WH-IND-03,52,0,0,3,11
2025-11-07,SKU-IND-8291,WH-IND-03,56,0,0,4,11
2025-11-08,SKU-IND-8291,WH-IND-03,66,0,0,5,11
2025-11-09,SKU-IND-8291,WH-IND-03,14,0,0,6,11
2025-11-10,SKU-IND-8291,WH-IND-03,55,0,0,0,11
2025-11-11,SKU-IND-8291,WH-IND-03,57,0,0,1,11
2025-11-12,SKU-IND-8291,WH-IND-03,57,0,0,2,11
2025-11-13,SKU-IND-8291,WH-IND-03,57,0,0,3,11
2025-11-14,SKU-IND-8291,WH-IND-03,58,0,0,4,11
2025-11-15,SKU-IND-8291,WH-IND-03,55,0,0,5,11
2025-11-16,SKU-IND-8291,WH-IND-03,32,0,0,6,11
2025-11-17,SKU-IND-8291,WH-IND-03,55,0,0,0,11
2025-11-18,SKU-IND-8291,WH-IND-03,52,0,0,1,11
2025-11-19,SKU-IND-8291,WH-IND-03,56,0,0,2,11
2025-11-20,SKU-IND-8291,WH-IND-03,47,0,0,3,11
2025-11-21,SKU-IND-8291,WH-IND-03,56,0,0,4,11
2025-11-22,SKU-IND-8291,WH-IND-03,68,0,0,5,11
2025-11-23,SKU-IND-8291,WH-IND-03,23,0,0,6,11
2025-11-24,SKU-IND-8291,WH-IND-03,68,0,0,0,11
2025-11-25,SKU-IND-8291,WH-IND-03,50,0,0,1,11
2025-11-26,SKU-IND-8291,WH-IND-03,54,0,0,2,11
2025-11-27,SKU-IND-8291,WH-IND-03,56,0,0,3,11
2025-11-28,SKU-IND-8291,WH-IND-03,56,0,0,4,11
2025-11-29,SKU-IND-8291,WH-IND-03,67,0,0,5,11
2025-11-30,SKU-IND-8291,WH-IND-03,27,0,0,6,11
2025-12-01,SKU-IND-8291,WH-IND-03,60,0,0,0,12
2025-12-02,SKU-IND-8291,WH-IND-03,60,0,0,1,12
2025-12-03,SKU-IND-8291,WH-IND-03,62,0,0,2,12
2025-12-04,SKU-IND-8291,WH-IND-03,66,0,0,3,12
2025-12-05,SKU-IND-8291,WH-IND-03,69,0,0,4,12
2025-12-06,SKU-IND-8291,WH-IND-03,53,0,0,5,12
2025-12-07,SKU-IND-8291,WH-IND-03,18,0,0,6,12
2025-12-08,SKU-IND-8291,WH-IND-03,61,0,0,0,12
2025-12-09,SKU-IND-8291,WH-IND-03,58,0,0,1,12
2025-12-10,SKU-IND-8291,WH-IND-03,63,0,0,2,12
2025-12-11,SKU-IND-8291,WH-IND-03,67,0,0,3,12
2025-12-12,SKU-IND-8291,WH-IND-03,60,0,0,4,12
2025-12-13,SKU-IND-8291,WH-IND-03,58,0,0,5,12
2025-12-14,SKU-IND-8291,WH-IND-03,25,0,0,6,12
2025-12-15,SKU-IND-8291,WH-IND-03,65,0,0,0,12
2025-12-16,SKU-IND-8291,WH-IND-03,74,0,0,1,12
2025-12-17,SKU-IND-8291,WH-IND-03,51,0,0,2,12
2025-12-18,SKU-IND-8291,WH-IND-03,62,0,0,3,12
2025-12-19,SKU-IND-8291,WH-IND-03,74,0,0,4,12
2025-12-20,SKU-IND-8291,WH-IND-03,62,0,0,5,12
2025-12-21,SKU-IND-8291,WH-IND-03,23,0,0,6,12
2025-12-22,SKU-IND-8291,WH-IND-03,69,0,0,0,12
2025-12-23,SKU-IND-8291,WH-IND-03,61,0,0,1,12
2025-12-24,SKU-IND-8291,WH-IND-03,71,0,0,2,12
2025-12-25,SKU-IND-8291,WH-IND-03,48,0,0,3,12
2025-12-26,SKU-IND-8291,WH-IND-03,72,0,0,4,12
2025-12-27,SKU-IND-8291,WH-IND-03,54,0,0,5,12
2025-12-28,SKU-IND-8291,WH-IND-03,23,0,0,6,12
2025-12-29,SKU-IND-8291,WH-IND-03,70,0,0,0,12
2025-12-30,SKU-IND-8291,WH-IND-03,67,0,0,1,12
2024-01-01,SKU-IND-4420,WH-IND-01,300,0,0,0,1
2024-01-02,SKU-IND-4420,WH-IND-01,294,0,0,1,1
2024-01-03,SKU-IND-4420,WH-IND-01,323,0,0,2,1
2024-01-04,SKU-IND-4420,WH-IND-01,264,0,0,3,1
2024-01-05,SKU-IND-4420,WH-IND-01,292,0,0,4,1
2024-01-06,SKU-IND-4420,WH-IND-01,278,0,0,5,1
2024-01-07,SKU-IND-4420,WH-IND-01,123,0,0,6,1
2024-01-08,SKU-IND-4420,WH-IND-01,335,0,0,0,1
2024-01-09,SKU-IND-4420,WH-IND-01,280,0,0,1,1
2024-01-10,SKU-IND-4420,WH-IND-01,301,0,0,2,1
2024-01-11,SKU-IND-4420,WH-IND-01,325,0,0,3,1
2024-01-12,SKU-IND-4420,WH-IND-01,290,0,0,4,1
2024-01-13,SKU-IND-4420,WH-IND-01,307,0,0,5,1
2024-01-14,SKU-IND-4420,WH-IND-01,95,0,0,6,1
2024-01-15,SKU-IND-4420,WH-IND-01,323,0,0,0,1
2024-01-16,SKU-IND-4420,WH-IND-01,305,0,0,1,1
2024-01-17,SKU-IND-4420,WH-IND-01,323,0,0,2,1
2024-01-18,SKU-IND-4420,WH-IND-01,304,0,0,3,1
2024-01-19,SKU-IND-4420,WH-IND-01,293,0,0,4,1
2024-01-20,SKU-IND-4420,WH-IND-01,299,0,0,5,1
2024-01-21,SKU-IND-4420,WH-IND-01,98,0,0,6,1
2024-01-22,SKU-IND-4420,WH-IND-01,356,0,0,0,1
2024-01-23,SKU-IND-4420,WH-IND-01,317,0,0,1,1
2024-01-24,SKU-IND-4420,WH-IND-01,294,0,0,2,1
2024-01-25,SKU-IND-4420,WH-IND-01,294,0,0,3,1
2024-01-26,SKU-IND-4420,WH-IND-01,308,0,0,4,1
2024-01-27,SKU-IND-4420,WH-IND-01,296,0,0,5,1
2024-01-28,SKU-IND-4420,WH-IND-01,120,0,0,6,1
2024-01-29,SKU-IND-4420,WH-IND-01,388,0,0,0,1
2024-01-30,SKU-IND-4420,WH-IND-01,302,0,0,1,1
2024-01-31,SKU-IND-4420,WH-IND-01,300,0,0,2,1
2024-02-01,SKU-IND-4420,WH-IND-01,296,0,0,3,2
2024-02-02,SKU-IND-4420,WH-IND-01,321,0,0,4,2
2024-02-03,SKU-IND-4420,WH-IND-01,305,0,0,5,2
2024-02-04,SKU-IND-4420,WH-IND-01,112,0,0,6,2
2024-02-05,SKU-IND-4420,WH-IND-01,380,0,0,0,2
2024-02-06,SKU-IND-4420,WH-IND-01,335,0,0,1,2
2024-02-07,SKU-IND-4420,WH-IND-01,300,0,0,2,2
2024-02-08,SKU-IND-4420,WH-IND-01,279,0,0,3,2
2024-02-09,SKU-IND-4420,WH-IND-01,330,0,0,4,2
2024-02-10,SKU-IND-4420,WH-IND-01,301,0,0,5,2
2024-02-11,SKU-IND-4420,WH-IND-01,139,0,0,6,2
2024-02-12,SKU-IND-4420,WH-IND-01,326,0,0,0,2
2024-02-13,SKU-IND-4420,WH-IND-01,330,0,0,1,2
2024-02-14,SKU-IND-4420,WH-IND-01,294,0,0,2,2
2024-02-15,SKU-IND-4420,WH-IND-01,328,0,0,3,2
2024-02-16,SKU-IND-4420,WH-IND-01,316,0,0,4,2
2024-02-17,SKU-IND-4420,WH-IND-01,300,0,0,5,2
2024-02-18,SKU-IND-4420,WH-IND-01,119,0,0,6,2
2024-02-19,SKU-IND-4420,WH-IND-01,377,0,0,0,2
2024-02-20,SKU-IND-4420,WH-IND-01,320,0,0,1,2
2024-02-21,SKU-IND-4420,WH-IND-01,329,0,0,2,2
2024-02-22,SKU-IND-4420,WH-IND-01,354,0,0,3,2
2024-02-23,SKU-IND-4420,WH-IND-01,292,0,0,4,2
2024-02-24,SKU-IND-4420,WH-IND-01,348,0,0,5,2
2024-02-25,SKU-IND-4420,WH-IND-01,130,0,0,6,2
2024-02-26,SKU-IND-4420,WH-IND-01,353,0,0,0,2
2024-02-27,SKU-IND-4420,WH-IND-01,298,0,0,1,2
2024-02-28,SKU-IND-4420,WH-IND-01,318,0,0,2,2
2024-02-29,SKU-IND-4420,WH-IND-01,338,0,0,3,2
2024-03-01,SKU-IND-4420,WH-IND-01,320,0,0,4,3
2024-03-02,SKU-IND-4420,WH-IND-01,349,0,0,5,3
2024-03-03,SKU-IND-4420,WH-IND-01,103,0,0,6,3
2024-03-04,SKU-IND-4420,WH-IND-01,372,0,0,0,3
2024-03-05,SKU-IND-4420,WH-IND-01,302,0,0,1,3
2024-03-06,SKU-IND-4420,WH-IND-01,330,0,0,2,3
2024-03-07,SKU-IND-4420,WH-IND-01,340,0,0,3,3
2024-03-08,SKU-IND-4420,WH-IND-01,317,0,0,4,3
2024-03-09,SKU-IND-4420,WH-IND-01,279,0,0,5,3
2024-03-10,SKU-IND-4420,WH-IND-01,133,0,0,6,3
2024-03-11,SKU-IND-4420,WH-IND-01,382,0,0,0,3
2024-03-12,SKU-IND-4420,WH-IND-01,333,0,0,1,3
2024-03-13,SKU-IND-4420,WH-IND-01,348,0,0,2,3
2024-03-14,SKU-IND-4420,WH-IND-01,307,0,0,3,3
2024-03-15,SKU-IND-4420,WH-IND-01,338,0,0,4,3
2024-03-16,SKU-IND-4420,WH-IND-01,348,0,0,5,3
2024-03-17,SKU-IND-4420,WH-IND-01,99,0,0,6,3
2024-03-18,SKU-IND-4420,WH-IND-01,382,0,0,0,3
2024-03-19,SKU-IND-4420,WH-IND-01,318,0,0,1,3
2024-03-20,SKU-IND-4420,WH-IND-01,326,0,0,2,3
2024-03-21,SKU-IND-4420,WH-IND-01,334,0,0,3,3
2024-03-22,SKU-IND-4420,WH-IND-01,319,0,0,4,3
2024-03-23,SKU-IND-4420,WH-IND-01,316,0,0,5,3
2024-03-24,SKU-IND-4420,WH-IND-01,131,0,0,6,3
2024-03-25,SKU-IND-4420,WH-IND-01,358,0,0,0,3
2024-03-26,SKU-IND-4420,WH-IND-01,309,0,0,1,3
2024-03-27,SKU-IND-4420,WH-IND-01,340,0,0,2,3
2024-03-28,SKU-IND-4420,WH-IND-01,308,0,0,3,3
2024-03-29,SKU-IND-4420,WH-IND-01,340,0,0,4,3
2024-03-30,SKU-IND-4420,WH-IND-01,337,0,0,5,3
2024-03-31,SKU-IND-4420,WH-IND-01,101,0,0,6,3
2024-04-01,SKU-IND-4420,WH-IND-01,366,0,0,0,4
2024-04-02,SKU-IND-4420,WH-IND-01,349,0,0,1,4
2024-04-03,SKU-IND-4420,WH-IND-01,311,0,0,2,4
2024-04-04,SKU-IND-4420,WH-IND-01,320,0,0,3,4
2024-04-05,SKU-IND-4420,WH-IND-01,336,0,0,4,4
2024-04-06,SKU-IND-4420,WH-IND-01,342,0,0,5,4
2024-04-07,SKU-IND-4420,WH-IND-01,127,0,0,6,4
2024-04-08,SKU-IND-4420,WH-IND-01,367,0,0,0,4
2024-04-09,SKU-IND-4420,WH-IND-01,353,0,0,1,4
2024-04-10,SKU-IND-4420,WH-IND-01,359,0,0,2,4
2024-04-11,SKU-IND-4420,WH-IND-01,345,0,0,3,4
2024-04-12,SKU-IND-4420,WH-IND-01,329,0,0,4,4
2024-04-13,SKU-IND-4420,WH-IND-01,313,0,0,5,4
2024-04-14,SKU-IND-4420,WH-IND-01,116,0,0,6,4
2024-04-15,SKU-IND-4420,WH-IND-01,386,0,0,0,4
2024-04-16,SKU-IND-4420,WH-IND-01,334,0,0,1,4
2024-04-17,SKU-IND-4420,WH-IND-01,352,0,0,2,4
2024-04-18,SKU-IND-4420,WH-IND-01,338,0,0,3,4
2024-04-19,SKU-IND-4420,WH-IND-01,300,0,0,4,4
2024-04-20,SKU-IND-4420,WH-IND-01,345,0,0,5,4
2024-04-21,SKU-IND-4420,WH-IND-01,113,0,0,6,4
2024-04-22,SKU-IND-4420,WH-IND-01,368,0,0,0,4
2024-04-23,SKU-IND-4420,WH-IND-01,330,0,0,1,4
2024-04-24,SKU-IND-4420,WH-IND-01,360,0,0,2,4
2024-04-25,SKU-IND-4420,WH-IND-01,380,0,0,3,4
2024-04-26,SKU-IND-4420,WH-IND-01,335,0,0,4,4
2024-04-27,SKU-IND-4420,WH-IND-01,321,0,0,5,4
2024-04-28,SKU-IND-4420,WH-IND-01,139,0,0,6,4
2024-04-29,SKU-IND-4420,WH-IND-01,388,0,0,0,4
2024-04-30,SKU-IND-4420,WH-IND-01,318,0,0,1,4
2024-05-01,SKU-IND-4420,WH-IND-01,355,0,0,2,5
2024-05-02,SKU-IND-4420,WH-IND-01,327,0,0,3,5
2024-05-03,SKU-IND-4420,WH-IND-01,331,0,0,4,5
2024-05-04,SKU-IND-4420,WH-IND-01,334,0,0,5,5
2024-05-05,SKU-IND-4420,WH-IND-01,136,0,0,6,5
2024-05-06,SKU-IND-4420,WH-IND-01,384,0,0,0,5
2024-05-07,SKU-IND-4420,WH-IND-01,310,0,0,1,5
2024-05-08,SKU-IND-4420,WH-IND-01,310,0,0,2,5
2024-05-09,SKU-IND-4420,WH-IND-01,300,0,0,3,5
2024-05-10,SKU-IND-4420,WH-IND-01,327,0,0,4,5
2024-05-11,SKU-IND-4420,WH-IND-01,332,0,0,5,5
2024-05-12,SKU-IND-4420,WH-IND-01,135,0,0,6,5
2024-05-13,SKU-IND-4420,WH-IND-01,395,0,0,0,5
2024-05-14,SKU-IND-4420,WH-IND-01,317,0,0,1,5
2024-05-15,SKU-IND-4420,WH-IND-01,329,0,0,2,5
2024-05-16,SKU-IND-4420,WH-IND-01,297,0,0,3,5
2024-05-17,SKU-IND-4420,WH-IND-01,309,0,0,4,5
2024-05-18,SKU-IND-4420,WH-IND-01,328,0,0,5,5
2024-05-19,SKU-IND-4420,WH-IND-01,141,0,0,6,5
2024-05-20,SKU-IND-4420,WH-IND-01,356,0,0,0,5
2024-05-21,SKU-IND-4420,WH-IND-01,312,0,0,1,5
2024-05-22,SKU-IND-4420,WH-IND-01,286,0,0,2,5
2024-05-23,SKU-IND-4420,WH-IND-01,306,0,0,3,5
2024-05-24,SKU-IND-4420,WH-IND-01,328,0,0,4,5
2024-05-25,SKU-IND-4420,WH-IND-01,321,0,0,5,5
2024-05-26,SKU-IND-4420,WH-IND-01,133,0,0,6,5
2024-05-27,SKU-IND-4420,WH-IND-01,358,0,0,0,5
2024-05-28,SKU-IND-4420,WH-IND-01,310,0,0,1,5
2024-05-29,SKU-IND-4420,WH-IND-01,297,0,0,2,5
2024-05-30,SKU-IND-4420,WH-IND-01,321,0,0,3,5
2024-05-31,SKU-IND-4420,WH-IND-01,315,0,0,4,5
2024-06-01,SKU-IND-4420,WH-IND-01,316,0,1,5,6
2024-06-02,SKU-IND-4420,WH-IND-01,113,0,1,6,6
2024-06-03,SKU-IND-4420,WH-IND-01,314,0,1,0,6
2024-06-04,SKU-IND-4420,WH-IND-01,324,0,1,1,6
2024-06-05,SKU-IND-4420,WH-IND-01,296,0,1,2,6
2024-06-06,SKU-IND-4420,WH-IND-01,289,0,1,3,6
2024-06-07,SKU-IND-4420,WH-IND-01,315,0,1,4,6
2024-06-08,SKU-IND-4420,WH-IND-01,296,0,1,5,6
2024-06-09,SKU-IND-4420,WH-IND-01,139,0,1,6,6
2024-06-10,SKU-IND-4420,WH-IND-01,357,0,1,0,6
2024-06-11,SKU-IND-4420,WH-IND-01,312,0,1,1,6
2024-06-12,SKU-IND-4420,WH-IND-01,276,0,1,2,6
2024-06-13,SKU-IND-4420,WH-IND-01,320,0,1,3,6
2024-06-14,SKU-IND-4420,WH-IND-01,303,0,1,4,6
2024-06-15,SKU-IND-4420,WH-IND-01,291,0,1,5,6
2024-06-16,SKU-IND-4420,WH-IND-01,121,0,1,6,6
2024-06-17,SKU-IND-4420,WH-IND-01,309,0,1,0,6
2024-06-18,SKU-IND-4420,WH-IND-01,303,0,1,1,6
2024-06-19,SKU-IND-4420,WH-IND-01,277,0,1,2,6
2024-06-20,SKU-IND-4420,WH-IND-01,270,0,1,3,6
2024-06-21,SKU-IND-4420,WH-IND-01,267,0,1,4,6
2024-06-22,SKU-IND-4420,WH-IND-01,312,0,1,5,6
2024-06-23,SKU-IND-4420,WH-IND-01,105,0,1,6,6
2024-06-24,SKU-IND-4420,WH-IND-01,362,0,1,0,6
2024-06-25,SKU-IND-4420,WH-IND-01,281,0,1,1,6
2024-06-26,SKU-IND-4420,WH-IND-01,260,0,1,2,6
2024-06-27,SKU-IND-4420,WH-IND-01,269,0,1,3,6
2024-06-28,SKU-IND-4420,WH-IND-01,310,0,1,4,6
2024-06-29,SKU-IND-4420,WH-IND-01,285,0,1,5,6
2024-06-30,SKU-IND-4420,WH-IND-01,105,0,1,6,6
2024-07-01,SKU-IND-4420,WH-IND-01,332,0,1,0,7
2024-07-02,SKU-IND-4420,WH-IND-01,294,0,1,1,7
2024-07-03,SKU-IND-4420,WH-IND-01,304,0,1,2,7
2024-07-04,SKU-IND-4420,WH-IND-01,309,0,1,3,7
2024-07-05,SKU-IND-4420,WH-IND-01,277,0,1,4,7
2024-07-06,SKU-IND-4420,WH-IND-01,259,0,1,5,7
2024-07-07,SKU-IND-4420,WH-IND-01,105,0,1,6,7
2024-07-08,SKU-IND-4420,WH-IND-01,328,0,1,0,7
2024-07-09,SKU-IND-4420,WH-IND-01,263,0,1,1,7
2024-07-10,SKU-IND-4420,WH-IND-01,262,0,1,2,7
2024-07-11,SKU-IND-4420,WH-IND-01,285,0,1,3,7
2024-07-12,SKU-IND-4420,WH-IND-01,277,0,1,4,7
2024-07-13,SKU-IND-4420,WH-IND-01,278,0,1,5,7
2024-07-14,SKU-IND-4420,WH-IND-01,97,0,1,6,7
2024-07-15,SKU-IND-4420,WH-IND-01,313,0,1,0,7
2024-07-16,SKU-IND-4420,WH-IND-01,259,0,1,1,7
2024-07-17,SKU-IND-4420,WH-IND-01,290,0,1,2,7
2024-07-18,SKU-IND-4420,WH-IND-01,292,0,1,3,7
2024-07-19,SKU-IND-4420,WH-IND-01,240,0,1,4,7
2024-07-20,SKU-IND-4420,WH-IND-01,256,0,1,5,7
2024-07-21,SKU-IND-4420,WH-IND-01,82,0,1,6,7
2024-07-22,SKU-IND-4420,WH-IND-01,300,0,1,0,7
2024-07-23,SKU-IND-4420,WH-IND-01,269,0,1,1,7
2024-07-24,SKU-IND-4420,WH-IND-01,244,0,1,2,7
2024-07-25,SKU-IND-4420,WH-IND-01,252,0,1,3,7
2024-07-26,SKU-IND-4420,WH-IND-01,250,0,1,4,7
2024-07-27,SKU-IND-4420,WH-IND-01,271,0,1,5,7
2024-07-28,SKU-IND-4420,WH-IND-01,108,0,1,6,7
2024-07-29,SKU-IND-4420,WH-IND-01,293,0,1,0,7
2024-07-30,SKU-IND-4420,WH-IND-01,268,0,1,1,7
2024-07-31,SKU-IND-4420,WH-IND-01,255,0,1,2,7
2024-08-01,SKU-IND-4420,WH-IND-01,259,0,1,3,8
2024-08-02,SKU-IND-4420,WH-IND-01,293,0,1,4,8
2024-08-03,SKU-IND-4420,WH-IND-01,286,0,1,5,8
2024-08-04,SKU-IND-4420,WH-IND-01,82,0,1,6,8
2024-08-05,SKU-IND-4420,WH-IND-01,316,0,1,0,8
2024-08-06,SKU-IND-4420,WH-IND-01,275,0,1,1,8
2024-08-07,SKU-IND-4420,WH-IND-01,240,0,1,2,8
2024-08-08,SKU-IND-4420,WH-IND-01,274,0,1,3,8
2024-08-09,SKU-IND-4420,WH-IND-01,286,0,1,4,8
2024-08-10,SKU-IND-4420,WH-IND-01,239,0,1,5,8
2024-08-11,SKU-IND-4420,WH-IND-01,87,0,1,6,8
2024-08-12,SKU-IND-4420,WH-IND-01,314,0,1,0,8
2024-08-13,SKU-IND-4420,WH-IND-01,262,0,1,1,8
2024-08-14,SKU-IND-4420,WH-IND-01,266,0,1,2,8
2024-08-15,SKU-IND-4420,WH-IND-01,262,0,1,3,8
2024-08-16,SKU-IND-4420,WH-IND-01,262,0,1,4,8
2024-08-17,SKU-IND-4420,WH-IND-01,231,0,1,5,8
2024-08-18,SKU-IND-4420,WH-IND-01,120,0,1,6,8
2024-08-19,SKU-IND-4420,WH-IND-01,313,0,1,0,8
2024-08-20,SKU-IND-4420,WH-IND-01,249,0,1,1,8
2024-08-21,SKU-IND-4420,WH-IND-01,252,0,1,2,8
2024-08-22,SKU-IND-4420,WH-IND-01,225,0,1,3,8
2024-08-23,SKU-IND-4420,WH-IND-01,261,0,1,4,8
2024-08-24,SKU-IND-4420,WH-IND-01,261,0,1,5,8
2024-08-25,SKU-IND-4420,WH-IND-01,99,0,1,6,8
2024-08-26,SKU-IND-4420,WH-IND-01,308,0,1,0,8
2024-08-27,SKU-IND-4420,WH-IND-01,244,0,1,1,8
2024-08-28,SKU-IND-4420,WH-IND-01,260,0,1,2,8
2024-08-29,SKU-IND-4420,WH-IND-01,231,0,1,3,8
2024-08-30,SKU-IND-4420,WH-IND-01,248,0,1,4,8
2024-08-31,SKU-IND-4420,WH-IND-01,245,0,1,5,8
2024-09-01,SKU-IND-4420,WH-IND-01,103,0,0,6,9
2024-09-02,SKU-IND-4420,WH-IND-01,279,0,0,0,9
2024-09-03,SKU-IND-4420,WH-IND-01,245,0,0,1,9
2024-09-04,SKU-IND-4420,WH-IND-01,262,0,0,2,9
2024-09-05,SKU-IND-4420,WH-IND-01,239,0,0,3,9
2024-09-06,SKU-IND-4420,WH-IND-01,218,0,0,4,9
2024-09-07,SKU-IND-4420,WH-IND-01,277,0,0,5,9
2024-09-08,SKU-IND-4420,WH-IND-01,122,0,0,6,9
2024-09-09,SKU-IND-4420,WH-IND-01,260,0,0,0,9
2024-09-10,SKU-IND-4420,WH-IND-01,257,0,0,1,9
2024-09-11,SKU-IND-4420,WH-IND-01,347,1,0,2,9
2024-09-12,SKU-IND-4420,WH-IND-01,360,1,0,3,9
2024-09-13,SKU-IND-4420,WH-IND-01,360,1,0,4,9
2024-09-14,SKU-IND-4420,WH-IND-01,350,1,0,5,9
2024-09-15,SKU-IND-4420,WH-IND-01,128,1,0,6,9
2024-09-16,SKU-IND-4420,WH-IND-01,395,1,0,0,9
2024-09-17,SKU-IND-4420,WH-IND-01,338,1,0,1,9
2024-09-18,SKU-IND-4420,WH-IND-01,339,1,0,2,9
2024-09-19,SKU-IND-4420,WH-IND-01,352,1,0,3,9
2024-09-20,SKU-IND-4420,WH-IND-01,340,1,0,4,9
2024-09-21,SKU-IND-4420,WH-IND-01,365,1,0,5,9
2024-09-22,SKU-IND-4420,WH-IND-01,167,1,0,6,9
2024-09-23,SKU-IND-4420,WH-IND-01,395,1,0,0,9
2024-09-24,SKU-IND-4420,WH-IND-01,357,1,0,1,9
2024-09-25,SKU-IND-4420,WH-IND-01,361,1,0,2,9
2024-09-26,SKU-IND-4420,WH-IND-01,361,1,0,3,9
2024-09-27,SKU-IND-4420,WH-IND-01,353,1,0,4,9
2024-09-28,SKU-IND-4420,WH-IND-01,365,1,0,5,9
2024-09-29,SKU-IND-4420,WH-IND-01,149,1,0,6,9
2024-09-30,SKU-IND-4420,WH-IND-01,383,1,0,0,9
2024-10-01,SKU-IND-4420,WH-IND-01,258,0,0,1,10
2024-10-02,SKU-IND-4420,WH-IND-01,258,0,0,2,10
2024-10-03,SKU-IND-4420,WH-IND-01,229,0,0,3,10
2024-10-04,SKU-IND-4420,WH-IND-01,243,0,0,4,10
2024-10-05,SKU-IND-4420,WH-IND-01,255,0,0,5,10
2024-10-06,SKU-IND-4420,WH-IND-01,93,0,0,6,10
2024-10-07,SKU-IND-4420,WH-IND-01,298,0,0,0,10
2024-10-08,SKU-IND-4420,WH-IND-01,285,0,0,1,10
2024-10-09,SKU-IND-4420,WH-IND-01,229,0,0,2,10
2024-10-10,SKU-IND-4420,WH-IND-01,219,0,0,3,10
2024-10-11,SKU-IND-4420,WH-IND-01,358,1,0,4,10
2024-10-12,SKU-IND-4420,WH-IND-01,366,1,0,5,10
2024-10-13,SKU-IND-4420,WH-IND-01,137,1,0,6,10
2024-10-14,SKU-IND-4420,WH-IND-01,432,1,0,0,10
2024-10-15,SKU-IND-4420,WH-IND-01,330,1,0,1,10
2024-10-16,SKU-IND-4420,WH-IND-01,366,1,0,2,10
2024-10-17,SKU-IND-4420,WH-IND-01,344,1,0,3,10
2024-10-18,SKU-IND-4420,WH-IND-01,385,1,0,4,10
2024-10-19,SKU-IND-4420,WH-IND-01,390,1,0,5,10
2024-10-20,SKU-IND-4420,WH-IND-01,128,1,0,6,10
2024-10-21,SKU-IND-4420,WH-IND-01,399,1,0,0,10
2024-10-22,SKU-IND-4420,WH-IND-01,371,1,0,1,10
2024-10-23,SKU-IND-4420,WH-IND-01,350,1,0,2,10
2024-10-24,SKU-IND-4420,WH-IND-01,356,1,0,3,10
2024-10-25,SKU-IND-4420,WH-IND-01,358,1,0,4,10
2024-10-26,SKU-IND-4420,WH-IND-01,324,1,0,5,10
2024-10-27,SKU-IND-4420,WH-IND-01,143,1,0,6,10
2024-10-28,SKU-IND-4420,WH-IND-01,400,1,0,0,10
2024-10-29,SKU-IND-4420,WH-IND-01,350,1,0,1,10
2024-10-30,SKU-IND-4420,WH-IND-01,385,1,0,2,10
2024-10-31,SKU-IND-4420,WH-IND-01,338,1,0,3,10
2024-11-01,SKU-IND-4420,WH-IND-01,263,0,0,4,11
2024-11-02,SKU-IND-4420,WH-IND-01,244,0,0,5,11
2024-11-03,SKU-IND-4420,WH-IND-01,95,0,0,6,11
2024-11-04,SKU-IND-4420,WH-IND-01,301,0,0,0,11
2024-11-05,SKU-IND-4420,WH-IND-01,256,0,0,1,11
2024-11-06,SKU-IND-4420,WH-IND-01,261,0,0,2,11
2024-11-07,SKU-IND-4420,WH-IND-01,268,0,0,3,11
2024-11-08,SKU-IND-4420,WH-IND-01,246,0,0,4,11
2024-11-09,SKU-IND-4420,WH-IND-01,241,0,0,5,11
2024-11-10,SKU-IND-4420,WH-IND-01,82,0,0,6,11
2024-11-11,SKU-IND-4420,WH-IND-01,276,0,0,0,11
2024-11-12,SKU-IND-4420,WH-IND-01,305,0,0,1,11
2024-11-13,SKU-IND-4420,WH-IND-01,276,0,0,2,11
2024-11-14,SKU-IND-4420,WH-IND-01,231,0,0,3,11
2024-11-15,SKU-IND-4420,WH-IND-01,232,0,0,4,11
2024-11-16,SKU-IND-4420,WH-IND-01,264,0,0,5,11
2024-11-17,SKU-IND-4420,WH-IND-01,112,0,0,6,11
2024-11-18,SKU-IND-4420,WH-IND-01,305,0,0,0,11
2024-11-19,SKU-IND-4420,WH-IND-01,253,0,0,1,11
2024-11-20,SKU-IND-4420,WH-IND-01,255,0,0,2,11
2024-11-21,SKU-IND-4420,WH-IND-01,264,0,0,3,11
2024-11-22,SKU-IND-4420,WH-IND-01,260,0,0,4,11
2024-11-23,SKU-IND-4420,WH-IND-01,220,0,0,5,11
2024-11-24,SKU-IND-4420,WH-IND-01,100,0,0,6,11
2024-11-25,SKU-IND-4420,WH-IND-01,285,0,0,0,11
2024-11-26,SKU-IND-4420,WH-IND-01,264,0,0,1,11
2024-11-27,SKU-IND-4420,WH-IND-01,314,0,0,2,11
2024-11-28,SKU-IND-4420,WH-IND-01,269,0,0,3,11
2024-11-29,SKU-IND-4420,WH-IND-01,257,0,0,4,11
2024-11-30,SKU-IND-4420,WH-IND-01,280,0,0,5,11
2024-12-01,SKU-IND-4420,WH-IND-01,114,0,0,6,12
2024-12-02,SKU-IND-4420,WH-IND-01,312,0,0,0,12
2024-12-03,SKU-IND-4420,WH-IND-01,276,0,0,1,12
2024-12-04,SKU-IND-4420,WH-IND-01,302,0,0,2,12
2024-12-05,SKU-IND-4420,WH-IND-01,247,0,0,3,12
2024-12-06,SKU-IND-4420,WH-IND-01,276,0,0,4,12
2024-12-07,SKU-IND-4420,WH-IND-01,252,0,0,5,12
2024-12-08,SKU-IND-4420,WH-IND-01,117,0,0,6,12
2024-12-09,SKU-IND-4420,WH-IND-01,294,0,0,0,12
2024-12-10,SKU-IND-4420,WH-IND-01,263,0,0,1,12
2024-12-11,SKU-IND-4420,WH-IND-01,266,0,0,2,12
2024-12-12,SKU-IND-4420,WH-IND-01,289,0,0,3,12
2024-12-13,SKU-IND-4420,WH-IND-01,288,0,0,4,12
2024-12-14,SKU-IND-4420,WH-IND-01,251,0,0,5,12
2024-12-15,SKU-IND-4420,WH-IND-01,110,0,0,6,12
2024-12-16,SKU-IND-4420,WH-IND-01,303,0,0,0,12
2024-12-17,SKU-IND-4420,WH-IND-01,253,0,0,1,12
2024-12-18,SKU-IND-4420,WH-IND-01,272,0,0,2,12
2024-12-19,SKU-IND-4420,WH-IND-01,271,0,0,3,12
2024-12-20,SKU-IND-4420,WH-IND-01,320,0,0,4,12
2024-12-21,SKU-IND-4420,WH-IND-01,286,0,0,5,12
2024-12-22,SKU-IND-4420,WH-IND-01,87,0,0,6,12
2024-12-23,SKU-IND-4420,WH-IND-01,311,0,0,0,12
2024-12-24,SKU-IND-4420,WH-IND-01,298,0,0,1,12
2024-12-25,SKU-IND-4420,WH-IND-01,318,0,0,2,12
2024-12-26,SKU-IND-4420,WH-IND-01,254,0,0,3,12
2024-12-27,SKU-IND-4420,WH-IND-01,249,0,0,4,12
2024-12-28,SKU-IND-4420,WH-IND-01,316,0,0,5,12
2024-12-29,SKU-IND-4420,WH-IND-01,120,0,0,6,12
2024-12-30,SKU-IND-4420,WH-IND-01,312,0,0,0,12
2024-12-31,SKU-IND-4420,WH-IND-01,295,0,0,1,12
2025-01-01,SKU-IND-4420,WH-IND-01,240,0,0,2,1
2025-01-02,SKU-IND-4420,WH-IND-01,287,0,0,3,1
2025-01-03,SKU-IND-4420,WH-IND-01,293,0,0,4,1
2025-01-04,SKU-IND-4420,WH-IND-01,305,0,0,5,1
2025-01-05,SKU-IND-4420,WH-IND-01,97,0,0,6,1
2025-01-06,SKU-IND-4420,WH-IND-01,335,0,0,0,1
2025-01-07,SKU-IND-4420,WH-IND-01,274,0,0,1,1
2025-01-08,SKU-IND-4420,WH-IND-01,296,0,0,2,1
2025-01-09,SKU-IND-4420,WH-IND-01,276,0,0,3,1
2025-01-10,SKU-IND-4420,WH-IND-01,285,0,0,4,1
2025-01-11,SKU-IND-4420,WH-IND-01,276,0,0,5,1
2025-01-12,SKU-IND-4420,WH-IND-01,129,0,0,6,1
2025-01-13,SKU-IND-4420,WH-IND-01,354,0,0,0,1
2025-01-14,SKU-IND-4420,WH-IND-01,291,0,0,1,1
2025-01-15,SKU-IND-4420,WH-IND-01,297,0,0,2,1
2025-01-16,SKU-IND-4420,WH-IND-01,271,0,0,3,1
2025-01-17,SKU-IND-4420,WH-IND-01,292,0,0,4,1
2025-01-18,SKU-IND-4420,WH-IND-01,298,0,0,5,1
2025-01-19,SKU-IND-4420,WH-IND-01,165,0,0,6,1
2025-01-20,SKU-IND-4420,WH-IND-01,325,0,0,0,1
2025-01-21,SKU-IND-4420,WH-IND-01,326,0,0,1,1
2025-01-22,SKU-IND-4420,WH-IND-01,319,0,0,2,1
2025-01-23,SKU-IND-4420,WH-IND-01,307,0,0,3,1
2025-01-24,SKU-IND-4420,WH-IND-01,333,0,0,4,1
2025-01-25,SKU-IND-4420,WH-IND-01,310,0,0,5,1
2025-01-26,SKU-IND-4420,WH-IND-01,128,0,0,6,1
2025-01-27,SKU-IND-4420,WH-IND-01,349,0,0,0,1
2025-01-28,SKU-IND-4420,WH-IND-01,327,0,0,1,1
2025-01-29,SKU-IND-4420,WH-IND-01,325,0,0,2,1
2025-01-30,SKU-IND-4420,WH-IND-01,295,0,0,3,1
2025-01-31,SKU-IND-4420,WH-IND-01,284,0,0,4,1
2025-02-01,SKU-IND-4420,WH-IND-01,304,0,0,5,2
2025-02-02,SKU-IND-4420,WH-IND-01,109,0,0,6,2
2025-02-03,SKU-IND-4420,WH-IND-01,354,0,0,0,2
2025-02-04,SKU-IND-4420,WH-IND-01,331,0,0,1,2
2025-02-05,SKU-IND-4420,WH-IND-01,302,0,0,2,2
2025-02-06,SKU-IND-4420,WH-IND-01,310,0,0,3,2
2025-02-07,SKU-IND-4420,WH-IND-01,312,0,0,4,2
2025-02-08,SKU-IND-4420,WH-IND-01,327,0,0,5,2
2025-02-09,SKU-IND-4420,WH-IND-01,85,0,0,6,2
2025-02-10,SKU-IND-4420,WH-IND-01,350,0,0,0,2
2025-02-11,SKU-IND-4420,WH-IND-01,317,0,0,1,2
2025-02-12,SKU-IND-4420,WH-IND-01,335,0,0,2,2
2025-02-13,SKU-IND-4420,WH-IND-01,306,0,0,3,2
2025-02-14,SKU-IND-4420,WH-IND-01,282,0,0,4,2
2025-02-15,SKU-IND-4420,WH-IND-01,327,0,0,5,2
2025-02-16,SKU-IND-4420,WH-IND-01,115,0,0,6,2
2025-02-17,SKU-IND-4420,WH-IND-01,344,0,0,0,2
2025-02-18,SKU-IND-4420,WH-IND-01,306,0,0,1,2
2025-02-19,SKU-IND-4420,WH-IND-01,315,0,0,2,2
2025-02-20,SKU-IND-4420,WH-IND-01,308,0,0,3,2
2025-02-21,SKU-IND-4420,WH-IND-01,280,0,0,4,2
2025-02-22,SKU-IND-4420,WH-IND-01,335,0,0,5,2
2025-02-23,SKU-IND-4420,WH-IND-01,150,0,0,6,2
2025-02-24,SKU-IND-4420,WH-IND-01,380,0,0,0,2
2025-02-25,SKU-IND-4420,WH-IND-01,301,0,0,1,2
2025-02-26,SKU-IND-4420,WH-IND-01,317,0,0,2,2
2025-02-27,SKU-IND-4420,WH-IND-01,321,0,0,3,2
2025-02-28,SKU-IND-4420,WH-IND-01,332,0,0,4,2
2025-03-01,SKU-IND-4420,WH-IND-01,334,0,0,5,3
2025-03-02,SKU-IND-4420,WH-IND-01,116,0,0,6,3
2025-03-03,SKU-IND-4420,WH-IND-01,373,0,0,0,3
2025-03-04,SKU-IND-4420,WH-IND-01,331,0,0,1,3
2025-03-05,SKU-IND-4420,WH-IND-01,349,0,0,2,3
2025-03-06,SKU-IND-4420,WH-IND-01,336,0,0,3,3
2025-03-07,SKU-IND-4420,WH-IND-01,338,0,0,4,3
2025-03-08,SKU-IND-4420,WH-IND-01,326,0,0,5,3
2025-03-09,SKU-IND-4420,WH-IND-01,154,0,0,6,3
2025-03-10,SKU-IND-4420,WH-IND-01,381,0,0,0,3
2025-03-11,SKU-IND-4420,WH-IND-01,310,0,0,1,3
2025-03-12,SKU-IND-4420,WH-IND-01,350,0,0,2,3
2025-03-13,SKU-IND-4420,WH-IND-01,338,0,0,3,3
2025-03-14,SKU-IND-4420,WH-IND-01,318,0,0,4,3
2025-03-15,SKU-IND-4420,WH-IND-01,318,0,0,5,3
2025-03-16,SKU-IND-4420,WH-IND-01,136,0,0,6,3
2025-03-17,SKU-IND-4420,WH-IND-01,384,0,0,0,3
2025-03-18,SKU-IND-4420,WH-IND-01,331,0,0,1,3
2025-03-19,SKU-IND-4420,WH-IND-01,333,0,0,2,3
2025-03-20,SKU-IND-4420,WH-IND-01,357,0,0,3,3
2025-03-21,SKU-IND-4420,WH-IND-01,346,0,0,4,3
2025-03-22,SKU-IND-4420,WH-IND-01,331,0,0,5,3
2025-03-23,SKU-IND-4420,WH-IND-01,147,0,0,6,3
2025-03-24,SKU-IND-4420,WH-IND-01,359,0,0,0,3
2025-03-25,SKU-IND-4420,WH-IND-01,335,0,0,1,3
2025-03-26,SKU-IND-4420,WH-IND-01,360,0,0,2,3
2025-03-27,SKU-IND-4420,WH-IND-01,324,0,0,3,3
2025-03-28,SKU-IND-4420,WH-IND-01,313,0,0,4,3
2025-03-29,SKU-IND-4420,WH-IND-01,317,0,0,5,3
2025-03-30,SKU-IND-4420,WH-IND-01,112,0,0,6,3
2025-03-31,SKU-IND-4420,WH-IND-01,364,0,0,0,3
2025-04-01,SKU-IND-4420,WH-IND-01,322,0,0,1,4
2025-04-02,SKU-IND-4420,WH-IND-01,304,0,0,2,4
2025-04-03,SKU-IND-4420,WH-IND-01,329,0,0,3,4
2025-04-04,SKU-IND-4420,WH-IND-01,344,0,0,4,4
2025-04-05,SKU-IND-4420,WH-IND-01,312,0,0,5,4
2025-04-06,SKU-IND-4420,WH-IND-01,158,0,0,6,4
2025-04-07,SKU-IND-4420,WH-IND-01,387,0,0,0,4
2025-04-08,SKU-IND-4420,WH-IND-01,346,0,0,1,4
2025-04-09,SKU-IND-4420,WH-IND-01,316,0,0,2,4
2025-04-10,SKU-IND-4420,WH-IND-01,343,0,0,3,4
2025-04-11,SKU-IND-4420,WH-IND-01,309,0,0,4,4
2025-04-12,SKU-IND-4420,WH-IND-01,343,0,0,5,4
2025-04-13,SKU-IND-4420,WH-IND-01,134,0,0,6,4
2025-04-14,SKU-IND-4420,WH-IND-01,386,0,0,0,4
2025-04-15,SKU-IND-4420,WH-IND-01,307,0,0,1,4
2025-04-16,SKU-IND-4420,WH-IND-01,311,0,0,2,4
2025-04-17,SKU-IND-4420,WH-IND-01,337,0,0,3,4
2025-04-18,SKU-IND-4420,WH-IND-01,310,0,0,4,4
2025-04-19,SKU-IND-4420,WH-IND-01,335,0,0,5,4
2025-04-20,SKU-IND-4420,WH-IND-01,106,0,0,6,4
2025-04-21,SKU-IND-4420,WH-IND-01,390,0,0,0,4
2025-04-22,SKU-IND-4420,WH-IND-01,304,0,0,1,4
2025-04-23,SKU-IND-4420,WH-IND-01,335,0,0,2,4
2025-04-24,SKU-IND-4420,WH-IND-01,336,0,0,3,4
2025-04-25,SKU-IND-4420,WH-IND-01,313,0,0,4,4
2025-04-26,SKU-IND-4420,WH-IND-01,335,0,0,5,4
2025-04-27,SKU-IND-4420,WH-IND-01,134,0,0,6,4
2025-04-28,SKU-IND-4420,WH-IND-01,363,0,0,0,4
2025-04-29,SKU-IND-4420,WH-IND-01,306,0,0,1,4
2025-04-30,SKU-IND-4420,WH-IND-01,289,0,0,2,4
2025-05-01,SKU-IND-4420,WH-IND-01,329,0,0,3,5
2025-05-02,SKU-IND-4420,WH-IND-01,295,0,0,4,5
2025-05-03,SKU-IND-4420,WH-IND-01,324,0,0,5,5
2025-05-04,SKU-IND-4420,WH-IND-01,124,0,0,6,5
2025-05-05,SKU-IND-4420,WH-IND-01,382,0,0,0,5
2025-05-06,SKU-IND-4420,WH-IND-01,316,0,0,1,5
2025-05-07,SKU-IND-4420,WH-IND-01,315,0,0,2,5
2025-05-08,SKU-IND-4420,WH-IND-01,333,0,0,3,5
2025-05-09,SKU-IND-4420,WH-IND-01,326,0,0,4,5
2025-05-10,SKU-IND-4420,WH-IND-01,325,0,0,5,5
2025-05-11,SKU-IND-4420,WH-IND-01,136,0,0,6,5
2025-05-12,SKU-IND-4420,WH-IND-01,339,0,0,0,5
2025-05-13,SKU-IND-4420,WH-IND-01,331,0,0,1,5
2025-05-14,SKU-IND-4420,WH-IND-01,328,0,0,2,5
2025-05-15,SKU-IND-4420,WH-IND-01,299,0,0,3,5
2025-05-16,SKU-IND-4420,WH-IND-01,312,0,0,4,5
2025-05-17,SKU-IND-4420,WH-IND-01,315,0,0,5,5
2025-05-18,SKU-IND-4420,WH-IND-01,124,0,0,6,5
2025-05-19,SKU-IND-4420,WH-IND-01,368,0,0,0,5
2025-05-20,SKU-IND-4420,WH-IND-01,340,0,0,1,5
2025-05-21,SKU-IND-4420,WH-IND-01,333,0,0,2,5
2025-05-22,SKU-IND-4420,WH-IND-01,290,0,0,3,5
2025-05-23,SKU-IND-4420,WH-IND-01,324,0,0,4,5
2025-05-24,SKU-IND-4420,WH-IND-01,335,0,0,5,5
2025-05-25,SKU-IND-4420,WH-IND-01,131,0,0,6,5
2025-05-26,SKU-IND-4420,WH-IND-01,377,0,0,0,5
2025-05-27,SKU-IND-4420,WH-IND-01,346,0,0,1,5
2025-05-28,SKU-IND-4420,WH-IND-01,328,0,0,2,5
2025-05-29,SKU-IND-4420,WH-IND-01,313,0,0,3,5
2025-05-30,SKU-IND-4420,WH-IND-01,327,0,0,4,5
2025-05-31,SKU-IND-4420,WH-IND-01,310,0,0,5,5
2025-06-01,SKU-IND-4420,WH-IND-01,123,0,1,6,6
2025-06-02,SKU-IND-4420,WH-IND-01,346,0,1,0,6
2025-06-03,SKU-IND-4420,WH-IND-01,333,0,1,1,6
2025-06-04,SKU-IND-4420,WH-IND-01,291,0,1,2,6
2025-06-05,SKU-IND-4420,WH-IND-01,332,0,1,3,6
2025-06-06,SKU-IND-4420,WH-IND-01,313,0,1,4,6
2025-06-07,SKU-IND-4420,WH-IND-01,279,0,1,5,6
2025-06-08,SKU-IND-4420,WH-IND-01,127,0,1,6,6
2025-06-09,SKU-IND-4420,WH-IND-01,310,0,1,0,6
2025-06-10,SKU-IND-4420,WH-IND-01,312,0,1,1,6
2025-06-11,SKU-IND-4420,WH-IND-01,316,0,1,2,6
2025-06-12,SKU-IND-4420,WH-IND-01,289,0,1,3,6
2025-06-13,SKU-IND-4420,WH-IND-01,301,0,1,4,6
2025-06-14,SKU-IND-4420,WH-IND-01,333,0,1,5,6
2025-06-15,SKU-IND-4420,WH-IND-01,110,0,1,6,6
2025-06-16,SKU-IND-4420,WH-IND-01,323,0,1,0,6
2025-06-17,SKU-IND-4420,WH-IND-01,322,0,1,1,6
2025-06-18,SKU-IND-4420,WH-IND-01,330,0,1,2,6
2025-06-19,SKU-IND-4420,WH-IND-01,295,0,1,3,6
2025-06-20,SKU-IND-4420,WH-IND-01,312,0,1,4,6
2025-06-21,SKU-IND-4420,WH-IND-01,317,0,1,5,6
2025-06-22,SKU-IND-4420,WH-IND-01,104,0,1,6,6
2025-06-23,SKU-IND-4420,WH-IND-01,327,0,1,0,6
2025-06-24,SKU-IND-4420,WH-IND-01,313,0,1,1,6
2025-06-25,SKU-IND-4420,WH-IND-01,320,0,1,2,6
2025-06-26,SKU-IND-4420,WH-IND-01,300,0,1,3,6
2025-06-27,SKU-IND-4420,WH-IND-01,274,0,1,4,6
2025-06-28,SKU-IND-4420,WH-IND-01,323,0,1,5,6
2025-06-29,SKU-IND-4420,WH-IND-01,105,0,1,6,6
2025-06-30,SKU-IND-4420,WH-IND-01,324,0,1,0,6
2025-07-01,SKU-IND-4420,WH-IND-01,292,0,1,1,7
2025-07-02,SKU-IND-4420,WH-IND-01,313,0,1,2,7
2025-07-03,SKU-IND-4420,WH-IND-01,300,0,1,3,7
2025-07-04,SKU-IND-4420,WH-IND-01,291,0,1,4,7
2025-07-05,SKU-IND-4420,WH-IND-01,291,0,1,5,7
2025-07-06,SKU-IND-4420,WH-IND-01,113,0,1,6,7
2025-07-07,SKU-IND-4420,WH-IND-01,334,0,1,0,7
2025-07-08,SKU-IND-4420,WH-IND-01,236,0,1,1,7
2025-07-09,SKU-IND-4420,WH-IND-01,275,0,1,2,7
2025-07-10,SKU-IND-4420,WH-IND-01,284,0,1,3,7
2025-07-11,SKU-IND-4420,WH-IND-01,259,0,1,4,7
2025-07-12,SKU-IND-4420,WH-IND-01,285,0,1,5,7
2025-07-13,SKU-IND-4420,WH-IND-01,107,0,1,6,7
2025-07-14,SKU-IND-4420,WH-IND-01,349,0,1,0,7
2025-07-15,SKU-IND-4420,WH-IND-01,304,0,1,1,7
2025-07-16,SKU-IND-4420,WH-IND-01,267,0,1,2,7
2025-07-17,SKU-IND-4420,WH-IND-01,272,0,1,3,7
2025-07-18,SKU-IND-4420,WH-IND-01,272,0,1,4,7
2025-07-19,SKU-IND-4420,WH-IND-01,265,0,1,5,7
2025-07-20,SKU-IND-4420,WH-IND-01,112,0,1,6,7
2025-07-21,SKU-IND-4420,WH-IND-01,299,0,1,0,7
2025-07-22,SKU-IND-4420,WH-IND-01,251,0,1,1,7
2025-07-23,SKU-IND-4420,WH-IND-01,281,0,1,2,7
2025-07-24,SKU-IND-4420,WH-IND-01,281,0,1,3,7
2025-07-25,SKU-IND-4420,WH-IND-01,255,0,1,4,7
2025-07-26,SKU-IND-4420,WH-IND-01,284,0,1,5,7
2025-07-27,SKU-IND-4420,WH-IND-01,96,0,1,6,7
2025-07-28,SKU-IND-4420,WH-IND-01,311,0,1,0,7
2025-07-29,SKU-IND-4420,WH-IND-01,281,0,1,1,7
2025-07-30,SKU-IND-4420,WH-IND-01,265,0,1,2,7
2025-07-31,SKU-IND-4420,WH-IND-01,273,0,1,3,7
2025-08-01,SKU-IND-4420,WH-IND-01,255,0,1,4,8
2025-08-02,SKU-IND-4420,WH-IND-01,260,0,1,5,8
2025-08-03,SKU-IND-4420,WH-IND-01,101,0,1,6,8
2025-08-04,SKU-IND-4420,WH-IND-01,289,0,1,0,8
2025-08-05,SKU-IND-4420,WH-IND-01,259,0,1,1,8
2025-08-06,SKU-IND-4420,WH-IND-01,234,0,1,2,8
2025-08-07,SKU-IND-4420,WH-IND-01,252,0,1,3,8
2025-08-08,SKU-IND-4420,WH-IND-01,255,0,1,4,8
2025-08-09,SKU-IND-4420,WH-IND-01,255,0,1,5,8
2025-08-10,SKU-IND-4420,WH-IND-01,99,0,1,6,8
2025-08-11,SKU-IND-4420,WH-IND-01,296,0,1,0,8
2025-08-12,SKU-IND-4420,WH-IND-01,266,0,1,1,8
2025-08-13,SKU-IND-4420,WH-IND-01,272,0,1,2,8
2025-08-14,SKU-IND-4420,WH-IND-01,245,0,1,3,8
2025-08-15,SKU-IND-4420,WH-IND-01,235,0,1,4,8
2025-08-16,SKU-IND-4420,WH-IND-01,237,0,1,5,8
2025-08-17,SKU-IND-4420,WH-IND-01,93,0,1,6,8
2025-08-18,SKU-IND-4420,WH-IND-01,286,0,1,0,8
2025-08-19,SKU-IND-4420,WH-IND-01,240,0,1,1,8
2025-08-20,SKU-IND-4420,WH-IND-01,231,0,1,2,8
2025-08-21,SKU-IND-4420,WH-IND-01,245,0,1,3,8
2025-08-22,SKU-IND-4420,WH-IND-01,256,0,1,4,8
2025-08-23,SKU-IND-4420,WH-IND-01,262,0,1,5,8
2025-08-24,SKU-IND-4420,WH-IND-01,91,0,1,6,8
2025-08-25,SKU-IND-4420,WH-IND-01,282,0,1,0,8
2025-08-26,SKU-IND-4420,WH-IND-01,234,0,1,1,8
2025-08-27,SKU-IND-4420,WH-IND-01,250,0,1,2,8
2025-08-28,SKU-IND-4420,WH-IND-01,235,0,1,3,8
2025-08-29,SKU-IND-4420,WH-IND-01,259,0,1,4,8
2025-08-30,SKU-IND-4420,WH-IND-01,218,0,1,5,8
2025-08-31,SKU-IND-4420,WH-IND-01,93,0,1,6,8
2025-09-01,SKU-IND-4420,WH-IND-01,291,0,0,0,9
2025-09-02,SKU-IND-4420,WH-IND-01,251,0,0,1,9
2025-09-03,SKU-IND-4420,WH-IND-01,295,0,0,2,9
2025-09-04,SKU-IND-4420,WH-IND-01,253,0,0,3,9
2025-09-05,SKU-IND-4420,WH-IND-01,229,0,0,4,9
2025-09-06,SKU-IND-4420,WH-IND-01,245,0,0,5,9
2025-09-07,SKU-IND-4420,WH-IND-01,67,0,0,6,9
2025-09-08,SKU-IND-4420,WH-IND-01,282,0,0,0,9
2025-09-09,SKU-IND-4420,WH-IND-01,231,0,0,1,9
2025-09-10,SKU-IND-4420,WH-IND-01,262,0,0,2,9
2025-09-11,SKU-IND-4420,WH-IND-01,346,1,0,3,9
2025-09-12,SKU-IND-4420,WH-IND-01,353,1,0,4,9
2025-09-13,SKU-IND-4420,WH-IND-01,344,1,0,5,9
2025-09-14,SKU-IND-4420,WH-IND-01,172,1,0,6,9
2025-09-15,SKU-IND-4420,WH-IND-01,402,1,0,0,9
2025-09-16,SKU-IND-4420,WH-IND-01,386,1,0,1,9
2025-09-17,SKU-IND-4420,WH-IND-01,368,1,0,2,9
2025-09-18,SKU-IND-4420,WH-IND-01,362,1,0,3,9
2025-09-19,SKU-IND-4420,WH-IND-01,360,1,0,4,9
2025-09-20,SKU-IND-4420,WH-IND-01,360,1,0,5,9
2025-09-21,SKU-IND-4420,WH-IND-01,107,1,0,6,9
2025-09-22,SKU-IND-4420,WH-IND-01,401,1,0,0,9
2025-09-23,SKU-IND-4420,WH-IND-01,367,1,0,1,9
2025-09-24,SKU-IND-4420,WH-IND-01,352,1,0,2,9
2025-09-25,SKU-IND-4420,WH-IND-01,328,1,0,3,9
2025-09-26,SKU-IND-4420,WH-IND-01,351,1,0,4,9
2025-09-27,SKU-IND-4420,WH-IND-01,382,1,0,5,9
2025-09-28,SKU-IND-4420,WH-IND-01,162,1,0,6,9
2025-09-29,SKU-IND-4420,WH-IND-01,404,1,0,0,9
2025-09-30,SKU-IND-4420,WH-IND-01,369,1,0,1,9
2025-10-01,SKU-IND-4420,WH-IND-01,236,0,0,2,10
2025-10-02,SKU-IND-4420,WH-IND-01,213,0,0,3,10
2025-10-03,SKU-IND-4420,WH-IND-01,226,0,0,4,10
2025-10-04,SKU-IND-4420,WH-IND-01,270,0,0,5,10
2025-10-05,SKU-IND-4420,WH-IND-01,92,0,0,6,10
2025-10-06,SKU-IND-4420,WH-IND-01,275,0,0,0,10
2025-10-07,SKU-IND-4420,WH-IND-01,238,0,0,1,10
2025-10-08,SKU-IND-4420,WH-IND-01,276,0,0,2,10
2025-10-09,SKU-IND-4420,WH-IND-01,272,0,0,3,10
2025-10-10,SKU-IND-4420,WH-IND-01,282,0,0,4,10
2025-10-11,SKU-IND-4420,WH-IND-01,350,1,0,5,10
2025-10-12,SKU-IND-4420,WH-IND-01,146,1,0,6,10
2025-10-13,SKU-IND-4420,WH-IND-01,380,1,0,0,10
2025-10-14,SKU-IND-4420,WH-IND-01,379,1,0,1,10
2025-10-15,SKU-IND-4420,WH-IND-01,333,1,0,2,10
2025-10-16,SKU-IND-4420,WH-IND-01,358,1,0,3,10
2025-10-17,SKU-IND-4420,WH-IND-01,335,1,0,4,10
2025-10-18,SKU-IND-4420,WH-IND-01,344,1,0,5,10
2025-10-19,SKU-IND-4420,WH-IND-01,127,1,0,6,10
2025-10-20,SKU-IND-4420,WH-IND-01,398,1,0,0,10
2025-10-21,SKU-IND-4420,WH-IND-01,346,1,0,1,10
2025-10-22,SKU-IND-4420,WH-IND-01,346,1,0,2,10
2025-10-23,SKU-IND-4420,WH-IND-01,371,1,0,3,10
2025-10-24,SKU-IND-4420,WH-IND-01,337,1,0,4,10
2025-10-25,SKU-IND-4420,WH-IND-01,361,1,0,5,10
2025-10-26,SKU-IND-4420,WH-IND-01,164,1,0,6,10
2025-10-27,SKU-IND-4420,WH-IND-01,403,1,0,0,10
2025-10-28,SKU-IND-4420,WH-IND-01,346,1,0,1,10
2025-10-29,SKU-IND-4420,WH-IND-01,355,1,0,2,10
2025-10-30,SKU-IND-4420,WH-IND-01,380,1,0,3,10
2025-10-31,SKU-IND-4420,WH-IND-01,363,1,0,4,10
2025-11-01,SKU-IND-4420,WH-IND-01,239,0,0,5,11
2025-11-02,SKU-IND-4420,WH-IND-01,108,0,0,6,11
2025-11-03,SKU-IND-4420,WH-IND-01,267,0,0,0,11
2025-11-04,SKU-IND-4420,WH-IND-01,262,0,0,1,11
2025-11-05,SKU-IND-4420,WH-IND-01,257,0,0,2,11
2025-11-06,SKU-IND-4420,WH-IND-01,245,0,0,3,11
2025-11-07,SKU-IND-4420,WH-IND-01,236,0,0,4,11
2025-11-08,SKU-IND-4420,WH-IND-01,236,0,0,5,11
2025-11-09,SKU-IND-4420,WH-IND-01,110,0,0,6,11
2025-11-10,SKU-IND-4420,WH-IND-01,312,0,0,0,11
2025-11-11,SKU-IND-4420,WH-IND-01,242,0,0,1,11
2025-11-12,SKU-IND-4420,WH-IND-01,261,0,0,2,11
2025-11-13,SKU-IND-4420,WH-IND-01,217,0,0,3,11
2025-11-14,SKU-IND-4420,WH-IND-01,244,0,0,4,11
2025-11-15,SKU-IND-4420,WH-IND-01,254,0,0,5,11
2025-11-16,SKU-IND-4420,WH-IND-01,86,0,0,6,11
2025-11-17,SKU-IND-4420,WH-IND-01,278,0,0,0,11
2025-11-18,SKU-IND-4420,WH-IND-01,245,0,0,1,11
2025-11-19,SKU-IND-4420,WH-IND-01,262,0,0,2,11
2025-11-20,SKU-IND-4420,WH-IND-01,254,0,0,3,11
2025-11-21,SKU-IND-4420,WH-IND-01,219,0,0,4,11
2025-11-22,SKU-IND-4420,WH-IND-01,221,0,0,5,11
2025-11-23,SKU-IND-4420,WH-IND-01,93,0,0,6,11
2025-11-24,SKU-IND-4420,WH-IND-01,307,0,0,0,11
2025-11-25,SKU-IND-4420,WH-IND-01,212,0,0,1,11
2025-11-26,SKU-IND-4420,WH-IND-01,252,0,0,2,11
2025-11-27,SKU-IND-4420,WH-IND-01,252,0,0,3,11
2025-11-28,SKU-IND-4420,WH-IND-01,287,0,0,4,11
2025-11-29,SKU-IND-4420,WH-IND-01,256,0,0,5,11
2025-11-30,SKU-IND-4420,WH-IND-01,112,0,0,6,11
2025-12-01,SKU-IND-4420,WH-IND-01,306,0,0,0,12
2025-12-02,SKU-IND-4420,WH-IND-01,227,0,0,1,12
2025-12-03,SKU-IND-4420,WH-IND-01,279,0,0,2,12
2025-12-04,SKU-IND-4420,WH-IND-01,270,0,0,3,12
2025-12-05,SKU-IND-4420,WH-IND-01,276,0,0,4,12
2025-12-06,SKU-IND-4420,WH-IND-01,336,0,0,5,12
2025-12-07,SKU-IND-4420,WH-IND-01,70,0,0,6,12
2025-12-08,SKU-IND-4420,WH-IND-01,339,0,0,0,12
2025-12-09,SKU-IND-4420,WH-IND-01,264,0,0,1,12
2025-12-10,SKU-IND-4420,WH-IND-01,275,0,0,2,12
2025-12-11,SKU-IND-4420,WH-IND-01,270,0,0,3,12
2025-12-12,SKU-IND-4420,WH-IND-01,264,0,0,4,12
2025-12-13,SKU-IND-4420,WH-IND-01,262,0,0,5,12
2025-12-14,SKU-IND-4420,WH-IND-01,115,0,0,6,12
2025-12-15,SKU-IND-4420,WH-IND-01,288,0,0,0,12
2025-12-16,SKU-IND-4420,WH-IND-01,287,0,0,1,12
2025-12-17,SKU-IND-4420,WH-IND-01,268,0,0,2,12
2025-12-18,SKU-IND-4420,WH-IND-01,256,0,0,3,12
2025-12-19,SKU-IND-4420,WH-IND-01,268,0,0,4,12
2025-12-20,SKU-IND-4420,WH-IND-01,299,0,0,5,12
2025-12-21,SKU-IND-4420,WH-IND-01,101,0,0,6,12
2025-12-22,SKU-IND-4420,WH-IND-01,327,0,0,0,12
2025-12-23,SKU-IND-4420,WH-IND-01,266,0,0,1,12
2025-12-24,SKU-IND-4420,WH-IND-01,293,0,0,2,12
2025-12-25,SKU-IND-4420,WH-IND-01,293,0,0,3,12
2025-12-26,SKU-IND-4420,WH-IND-01,314,0,0,4,12
2025-12-27,SKU-IND-4420,WH-IND-01,279,0,0,5,12
2025-12-28,SKU-IND-4420,WH-IND-01,125,0,0,6,12
2025-12-29,SKU-IND-4420,WH-IND-01,328,0,0,0,12
2025-12-30,SKU-IND-4420,WH-IND-01,307,0,0,1,12
2024-01-01,SKU-IND-4420,WH-IND-02,240,0,0,0,1
2024-01-02,SKU-IND-4420,WH-IND-02,233,0,0,1,1
2024-01-03,SKU-IND-4420,WH-IND-02,217,0,0,2,1
2024-01-04,SKU-IND-4420,WH-IND-02,220,0,0,3,1
2024-01-05,SKU-IND-4420,WH-IND-02,223,0,0,4,1
2024-01-06,SKU-IND-4420,WH-IND-02,227,0,0,5,1
2024-01-07,SKU-IND-4420,WH-IND-02,87,0,0,6,1
2024-01-08,SKU-IND-4420,WH-IND-02,261,0,0,0,1
2024-01-09,SKU-IND-4420,WH-IND-02,252,0,0,1,1
2024-01-10,SKU-IND-4420,WH-IND-02,242,0,0,2,1
2024-01-11,SKU-IND-4420,WH-IND-02,240,0,0,3,1
2024-01-12,SKU-IND-4420,WH-IND-02,218,0,0,4,1
2024-01-13,SKU-IND-4420,WH-IND-02,211,0,0,5,1
2024-01-14,SKU-IND-4420,WH-IND-02,107,0,0,6,1
2024-01-15,SKU-IND-4420,WH-IND-02,277,0,0,0,1
2024-01-16,SKU-IND-4420,WH-IND-02,254,0,0,1,1
2024-01-17,SKU-IND-4420,WH-IND-02,218,0,0,2,1
2024-01-18,SKU-IND-4420,WH-IND-02,225,0,0,3,1
2024-01-19,SKU-IND-4420,WH-IND-02,201,0,0,4,1
2024-01-20,SKU-IND-4420,WH-IND-02,223,0,0,5,1
2024-01-21,SKU-IND-4420,WH-IND-02,109,0,0,6,1
2024-01-22,SKU-IND-4420,WH-IND-02,258,0,0,0,1
2024-01-23,SKU-IND-4420,WH-IND-02,243,0,0,1,1
2024-01-24,SKU-IND-4420,WH-IND-02,229,0,0,2,1
2024-01-25,SKU-IND-4420,WH-IND-02,238,0,0,3,1
2024-01-26,SKU-IND-4420,WH-IND-02,213,0,0,4,1
2024-01-27,SKU-IND-4420,WH-IND-02,235,0,0,5,1
2024-01-28,SKU-IND-4420,WH-IND-02,41,0,0,6,1
2024-01-29,SKU-IND-4420,WH-IND-02,267,0,0,0,1
2024-01-30,SKU-IND-4420,WH-IND-02,207,0,0,1,1
2024-01-31,SKU-IND-4420,WH-IND-02,257,0,0,2,1
2024-02-01,SKU-IND-4420,WH-IND-02,250,0,0,3,2
2024-02-02,SKU-IND-4420,WH-IND-02,245,0,0,4,2
2024-02-03,SKU-IND-4420,WH-IND-02,264,0,0,5,2
2024-02-04,SKU-IND-4420,WH-IND-02,78,0,0,6,2
2024-02-05,SKU-IND-4420,WH-IND-02,305,0,0,0,2
2024-02-06,SKU-IND-4420,WH-IND-02,255,0,0,1,2
2024-02-07,SKU-IND-4420,WH-IND-02,235,0,0,2,2
2024-02-08,SKU-IND-4420,WH-IND-02,260,0,0,3,2
2024-02-09,SKU-IND-4420,WH-IND-02,221,0,0,4,2
2024-02-10,SKU-IND-4420,WH-IND-02,226,0,0,5,2
2024-02-11,SKU-IND-4420,WH-IND-02,85,0,0,6,2
2024-02-12,SKU-IND-4420,WH-IND-02,268,0,0,0,2
2024-02-13,SKU-IND-4420,WH-IND-02,223,0,0,1,2
2024-02-14,SKU-IND-4420,WH-IND-02,264,0,0,2,2
2024-02-15,SKU-IND-4420,WH-IND-02,238,0,0,3,2
2024-02-16,SKU-IND-4420,WH-IND-02,249,0,0,4,2
2024-02-17,SKU-IND-4420,WH-IND-02,233,0,0,5,2
2024-02-18,SKU-IND-4420,WH-IND-02,65,0,0,6,2
2024-02-19,SKU-IND-4420,WH-IND-02,286,0,0,0,2
2024-02-20,SKU-IND-4420,WH-IND-02,211,0,0,1,2
2024-02-21,SKU-IND-4420,WH-IND-02,244,0,0,2,2
2024-02-22,SKU-IND-4420,WH-IND-02,221,0,0,3,2
2024-02-23,SKU-IND-4420,WH-IND-02,281,0,0,4,2
2024-02-24,SKU-IND-4420,WH-IND-02,262,0,0,5,2
2024-02-25,SKU-IND-4420,WH-IND-02,100,0,0,6,2
2024-02-26,SKU-IND-4420,WH-IND-02,306,0,0,0,2
2024-02-27,SKU-IND-4420,WH-IND-02,232,0,0,1,2
2024-02-28,SKU-IND-4420,WH-IND-02,257,0,0,2,2
2024-02-29,SKU-IND-4420,WH-IND-02,251,0,0,3,2
2024-03-01,SKU-IND-4420,WH-IND-02,252,0,0,4,3
2024-03-02,SKU-IND-4420,WH-IND-02,271,0,0,5,3
2024-03-03,SKU-IND-4420,WH-IND-02,112,0,0,6,3
2024-03-04,SKU-IND-4420,WH-IND-02,291,0,0,0,3
2024-03-05,SKU-IND-4420,WH-IND-02,220,0,0,1,3
2024-03-06,SKU-IND-4420,WH-IND-02,232,0,0,2,3
2024-03-07,SKU-IND-4420,WH-IND-02,247,0,0,3,3
2024-03-08,SKU-IND-4420,WH-IND-02,251,0,0,4,3
2024-03-09,SKU-IND-4420,WH-IND-02,230,0,0,5,3
2024-03-10,SKU-IND-4420,WH-IND-02,142,0,0,6,3
2024-03-11,SKU-IND-4420,WH-IND-02,315,0,0,0,3
2024-03-12,SKU-IND-4420,WH-IND-02,261,0,0,1,3
2024-03-13,SKU-IND-4420,WH-IND-02,252,0,0,2,3
2024-03-14,SKU-IND-4420,WH-IND-02,247,0,0,3,3
2024-03-15,SKU-IND-4420,WH-IND-02,234,0,0,4,3
2024-03-16,SKU-IND-4420,WH-IND-02,253,0,0,5,3
2024-03-17,SKU-IND-4420,WH-IND-02,105,0,0,6,3
2024-03-18,SKU-IND-4420,WH-IND-02,267,0,0,0,3
2024-03-19,SKU-IND-4420,WH-IND-02,258,0,0,1,3
2024-03-20,SKU-IND-4420,WH-IND-02,249,0,0,2,3
2024-03-21,SKU-IND-4420,WH-IND-02,218,0,0,3,3
2024-03-22,SKU-IND-4420,WH-IND-02,237,0,0,4,3
2024-03-23,SKU-IND-4420,WH-IND-02,245,0,0,5,3
2024-03-24,SKU-IND-4420,WH-IND-02,134,0,0,6,3
2024-03-25,SKU-IND-4420,WH-IND-02,300,0,0,0,3
2024-03-26,SKU-IND-4420,WH-IND-02,229,0,0,1,3
2024-03-27,SKU-IND-4420,WH-IND-02,261,0,0,2,3
2024-03-28,SKU-IND-4420,WH-IND-02,225,0,0,3,3
2024-03-29,SKU-IND-4420,WH-IND-02,272,0,0,4,3
2024-03-30,SKU-IND-4420,WH-IND-02,244,0,0,5,3
2024-03-31,SKU-IND-4420,WH-IND-02,99,0,0,6,3
2024-04-01,SKU-IND-4420,WH-IND-02,314,0,0,0,4
2024-04-02,SKU-IND-4420,WH-IND-02,230,0,0,1,4
2024-04-03,SKU-IND-4420,WH-IND-02,228,0,0,2,4
2024-04-04,SKU-IND-4420,WH-IND-02,242,0,0,3,4
2024-04-05,SKU-IND-4420,WH-IND-02,271,0,0,4,4
2024-04-06,SKU-IND-4420,WH-IND-02,226,0,0,5,4
2024-04-07,SKU-IND-4420,WH-IND-02,51,0,0,6,4
2024-04-08,SKU-IND-4420,WH-IND-02,282,0,0,0,4
2024-04-09,SKU-IND-4420,WH-IND-02,262,0,0,1,4
2024-04-10,SKU-IND-4420,WH-IND-02,273,0,0,2,4
2024-04-11,SKU-IND-4420,WH-IND-02,244,0,0,3,4
2024-04-12,SKU-IND-4420,WH-IND-02,245,0,0,4,4
2024-04-13,SKU-IND-4420,WH-IND-02,272,0,0,5,4
2024-04-14,SKU-IND-4420,WH-IND-02,67,0,0,6,4
2024-04-15,SKU-IND-4420,WH-IND-02,283,0,0,0,4
2024-04-16,SKU-IND-4420,WH-IND-02,255,0,0,1,4
2024-04-17,SKU-IND-4420,WH-IND-02,259,0,0,2,4
2024-04-18,SKU-IND-4420,WH-IND-02,242,0,0,3,4
2024-04-19,SKU-IND-4420,WH-IND-02,252,0,0,4,4
2024-04-20,SKU-IND-4420,WH-IND-02,207,0,0,5,4
2024-04-21,SKU-IND-4420,WH-IND-02,88,0,0,6,4
2024-04-22,SKU-IND-4420,WH-IND-02,296,0,0,0,4
2024-04-23,SKU-IND-4420,WH-IND-02,233,0,0,1,4
2024-04-24,SKU-IND-4420,WH-IND-02,251,0,0,2,4
2024-04-25,SKU-IND-4420,WH-IND-02,258,0,0,3,4
2024-04-26,SKU-IND-4420,WH-IND-02,244,0,0,4,4
2024-04-27,SKU-IND-4420,WH-IND-02,252,0,0,5,4
2024-04-28,SKU-IND-4420,WH-IND-02,82,0,0,6,4
2024-04-29,SKU-IND-4420,WH-IND-02,283,0,0,0,4
2024-04-30,SKU-IND-4420,WH-IND-02,259,0,0,1,4
2024-05-01,SKU-IND-4420,WH-IND-02,251,0,0,2,5
2024-05-02,SKU-IND-4420,WH-IND-02,238,0,0,3,5
2024-05-03,SKU-IND-4420,WH-IND-02,252,0,0,4,5
2024-05-04,SKU-IND-4420,WH-IND-02,260,0,0,5,5
2024-05-05,SKU-IND-4420,WH-IND-02,62,0,0,6,5
2024-05-06,SKU-IND-4420,WH-IND-02,304,0,0,0,5
2024-05-07,SKU-IND-4420,WH-IND-02,241,0,0,1,5
2024-05-08,SKU-IND-4420,WH-IND-02,254,0,0,2,5
2024-05-09,SKU-IND-4420,WH-IND-02,267,0,0,3,5
2024-05-10,SKU-IND-4420,WH-IND-02,221,0,0,4,5
2024-05-11,SKU-IND-4420,WH-IND-02,233,0,0,5,5
2024-05-12,SKU-IND-4420,WH-IND-02,93,0,0,6,5
2024-05-13,SKU-IND-4420,WH-IND-02,267,0,0,0,5
2024-05-14,SKU-IND-4420,WH-IND-02,275,0,0,1,5
2024-05-15,SKU-IND-4420,WH-IND-02,229,0,0,2,5
2024-05-16,SKU-IND-4420,WH-IND-02,233,0,0,3,5
2024-05-17,SKU-IND-4420,WH-IND-02,246,0,0,4,5
2024-05-18,SKU-IND-4420,WH-IND-02,221,0,0,5,5
2024-05-19,SKU-IND-4420,WH-IND-02,90,0,0,6,5
2024-05-20,SKU-IND-4420,WH-IND-02,283,0,0,0,5
2024-05-21,SKU-IND-4420,WH-IND-02,235,0,0,1,5
2024-05-22,SKU-IND-4420,WH-IND-02,239,0,0,2,5
2024-05-23,SKU-IND-4420,WH-IND-02,231,0,0,3,5
2024-05-24,SKU-IND-4420,WH-IND-02,213,0,0,4,5
2024-05-25,SKU-IND-4420,WH-IND-02,245,0,0,5,5
2024-05-26,SKU-IND-4420,WH-IND-02,126,0,0,6,5
2024-05-27,SKU-IND-4420,WH-IND-02,275,0,0,0,5
2024-05-28,SKU-IND-4420,WH-IND-02,242,0,0,1,5
2024-05-29,SKU-IND-4420,WH-IND-02,250,0,0,2,5
2024-05-30,SKU-IND-4420,WH-IND-02,215,0,0,3,5
2024-05-31,SKU-IND-4420,WH-IND-02,267,0,0,4,5
2024-06-01,SKU-IND-4420,WH-IND-02,240,0,1,5,6
2024-06-02,SKU-IND-4420,WH-IND-02,123,0,1,6,6
2024-06-03,SKU-IND-4420,WH-IND-02,258,0,1,0,6
2024-06-04,SKU-IND-4420,WH-IND-02,267,0,1,1,6
2024-06-05,SKU-IND-4420,WH-IND-02,248,0,1,2,6
2024-06-06,SKU-IND-4420,WH-IND-02,243,0,1,3,6
2024-06-07,SKU-IND-4420,WH-IND-02,237,0,1,4,6
2024-06-08,SKU-IND-4420,WH-IND-02,228,0,1,5,6
2024-06-09,SKU-IND-4420,WH-IND-02,114,0,1,6,6
2024-06-10,SKU-IND-4420,WH-IND-02,269,0,1,0,6
2024-06-11,SKU-IND-4420,WH-IND-02,196,0,1,1,6
2024-06-12,SKU-IND-4420,WH-IND-02,211,0,1,2,6
2024-06-13,SKU-IND-4420,WH-IND-02,227,0,1,3,6
2024-06-14,SKU-IND-4420,WH-IND-02,235,0,1,4,6
2024-06-15,SKU-IND-4420,WH-IND-02,228,0,1,5,6
2024-06-16,SKU-IND-4420,WH-IND-02,112,0,1,6,6
2024-06-17,SKU-IND-4420,WH-IND-02,228,0,1,0,6
2024-06-18,SKU-IND-4420,WH-IND-02,230,0,1,1,6
2024-06-19,SKU-IND-4420,WH-IND-02,195,0,1,2,6
2024-06-20,SKU-IND-4420,WH-IND-02,239,0,1,3,6
2024-06-21,SKU-IND-4420,WH-IND-02,224,0,1,4,6
2024-06-22,SKU-IND-4420,WH-IND-02,232,0,1,5,6
2024-06-23,SKU-IND-4420,WH-IND-02,74,0,1,6,6
2024-06-24,SKU-IND-4420,WH-IND-02,280,0,1,0,6
2024-06-25,SKU-IND-4420,WH-IND-02,242,0,1,1,6
2024-06-26,SKU-IND-4420,WH-IND-02,233,0,1,2,6
2024-06-27,SKU-IND-4420,WH-IND-02,220,0,1,3,6
2024-06-28,SKU-IND-4420,WH-IND-02,232,0,1,4,6
2024-06-29,SKU-IND-4420,WH-IND-02,209,0,1,5,6
2024-06-30,SKU-IND-4420,WH-IND-02,103,0,1,6,6
2024-07-01,SKU-IND-4420,WH-IND-02,282,0,1,0,7
2024-07-02,SKU-IND-4420,WH-IND-02,238,0,1,1,7
2024-07-03,SKU-IND-4420,WH-IND-02,206,0,1,2,7
2024-07-04,SKU-IND-4420,WH-IND-02,225,0,1,3,7
2024-07-05,SKU-IND-4420,WH-IND-02,195,0,1,4,7
2024-07-06,SKU-IND-4420,WH-IND-02,227,0,1,5,7
2024-07-07,SKU-IND-4420,WH-IND-02,94,0,1,6,7
2024-07-08,SKU-IND-4420,WH-IND-02,215,0,1,0,7
2024-07-09,SKU-IND-4420,WH-IND-02,195,0,1,1,7
2024-07-10,SKU-IND-4420,WH-IND-02,210,0,1,2,7
2024-07-11,SKU-IND-4420,WH-IND-02,209,0,1,3,7
2024-07-12,SKU-IND-4420,WH-IND-02,192,0,1,4,7
2024-07-13,SKU-IND-4420,WH-IND-02,220,0,1,5,7
2024-07-14,SKU-IND-4420,WH-IND-02,89,0,1,6,7
2024-07-15,SKU-IND-4420,WH-IND-02,240,0,1,0,7
2024-07-16,SKU-IND-4420,WH-IND-02,198,0,1,1,7
2024-07-17,SKU-IND-4420,WH-IND-02,229,0,1,2,7
2024-07-18,SKU-IND-4420,WH-IND-02,239,0,1,3,7
2024-07-19,SKU-IND-4420,WH-IND-02,201,0,1,4,7
2024-07-20,SKU-IND-4420,WH-IND-02,198,0,1,5,7
2024-07-21,SKU-IND-4420,WH-IND-02,92,0,1,6,7
2024-07-22,SKU-IND-4420,WH-IND-02,233,0,1,0,7
2024-07-23,SKU-IND-4420,WH-IND-02,205,0,1,1,7
2024-07-24,SKU-IND-4420,WH-IND-02,220,0,1,2,7
2024-07-25,SKU-IND-4420,WH-IND-02,173,0,1,3,7
2024-07-26,SKU-IND-4420,WH-IND-02,229,0,1,4,7
2024-07-27,SKU-IND-4420,WH-IND-02,207,0,1,5,7
2024-07-28,SKU-IND-4420,WH-IND-02,74,0,1,6,7
2024-07-29,SKU-IND-4420,WH-IND-02,234,0,1,0,7
2024-07-30,SKU-IND-4420,WH-IND-02,203,0,1,1,7
2024-07-31,SKU-IND-4420,WH-IND-02,173,0,1,2,7
2024-08-01,SKU-IND-4420,WH-IND-02,229,0,1,3,8
2024-08-02,SKU-IND-4420,WH-IND-02,203,0,1,4,8
2024-08-03,SKU-IND-4420,WH-IND-02,210,0,1,5,8
2024-08-04,SKU-IND-4420,WH-IND-02,97,0,1,6,8
2024-08-05,SKU-IND-4420,WH-IND-02,213,0,1,0,8
2024-08-06,SKU-IND-4420,WH-IND-02,209,0,1,1,8
2024-08-07,SKU-IND-4420,WH-IND-02,195,0,1,2,8
2024-08-08,SKU-IND-4420,WH-IND-02,215,0,1,3,8
2024-08-09,SKU-IND-4420,WH-IND-02,162,0,1,4,8
2024-08-10,SKU-IND-4420,WH-IND-02,197,0,1,5,8
2024-08-11,SKU-IND-4420,WH-IND-02,68,0,1,6,8
2024-08-12,SKU-IND-4420,WH-IND-02,235,0,1,0,8
2024-08-13,SKU-IND-4420,WH-IND-02,206,0,1,1,8
2024-08-14,SKU-IND-4420,WH-IND-02,185,0,1,2,8
2024-08-15,SKU-IND-4420,WH-IND-02,184,0,1,3,8
2024-08-16,SKU-IND-4420,WH-IND-02,194,0,1,4,8
2024-08-17,SKU-IND-4420,WH-IND-02,180,0,1,5,8
2024-08-18,SKU-IND-4420,WH-IND-02,93,0,1,6,8
2024-08-19,SKU-IND-4420,WH-IND-02,218,0,1,0,8
2024-08-20,SKU-IND-4420,WH-IND-02,144,0,1,1,8
2024-08-21,SKU-IND-4420,WH-IND-02,188,0,1,2,8
2024-08-22,SKU-IND-4420,WH-IND-02,176,0,1,3,8
2024-08-23,SKU-IND-4420,WH-IND-02,165,0,1,4,8
2024-08-24,SKU-IND-4420,WH-IND-02,172,0,1,5,8
2024-08-25,SKU-IND-4420,WH-IND-02,79,0,1,6,8
2024-08-26,SKU-IND-4420,WH-IND-02,245,0,1,0,8
2024-08-27,SKU-IND-4420,WH-IND-02,198,0,1,1,8
2024-08-28,SKU-IND-4420,WH-IND-02,181,0,1,2,8
2024-08-29,SKU-IND-4420,WH-IND-02,200,0,1,3,8
2024-08-30,SKU-IND-4420,WH-IND-02,183,0,1,4,8
2024-08-31,SKU-IND-4420,WH-IND-02,179,0,1,5,8
2024-09-01,SKU-IND-4420,WH-IND-02,56,0,0,6,9
2024-09-02,SKU-IND-4420,WH-IND-02,188,0,0,0,9
2024-09-03,SKU-IND-4420,WH-IND-02,183,0,0,1,9
2024-09-04,SKU-IND-4420,WH-IND-02,193,0,0,2,9
2024-09-05,SKU-IND-4420,WH-IND-02,188,0,0,3,9
2024-09-06,SKU-IND-4420,WH-IND-02,182,0,0,4,9
2024-09-07,SKU-IND-4420,WH-IND-02,173,0,0,5,9
2024-09-08,SKU-IND-4420,WH-IND-02,86,0,0,6,9
2024-09-09,SKU-IND-4420,WH-IND-02,194,0,0,0,9
2024-09-10,SKU-IND-4420,WH-IND-02,202,0,0,1,9
2024-09-11,SKU-IND-4420,WH-IND-02,256,1,0,2,9
2024-09-12,SKU-IND-4420,WH-IND-02,260,1,0,3,9
2024-09-13,SKU-IND-4420,WH-IND-02,247,1,0,4,9
2024-09-14,SKU-IND-4420,WH-IND-02,264,1,0,5,9
2024-09-15,SKU-IND-4420,WH-IND-02,126,1,0,6,9
2024-09-16,SKU-IND-4420,WH-IND-02,322,1,0,0,9
2024-09-17,SKU-IND-4420,WH-IND-02,289,1,0,1,9
2024-09-18,SKU-IND-4420,WH-IND-02,281,1,0,2,9
2024-09-19,SKU-IND-4420,WH-IND-02,252,1,0,3,9
2024-09-20,SKU-IND-4420,WH-IND-02,266,1,0,4,9
2024-09-21,SKU-IND-4420,WH-IND-02,258,1,0,5,9
2024-09-22,SKU-IND-4420,WH-IND-02,132,1,0,6,9
2024-09-23,SKU-IND-4420,WH-IND-02,291,1,0,0,9
2024-09-24,SKU-IND-4420,WH-IND-02,287,1,0,1,9
2024-09-25,SKU-IND-4420,WH-IND-02,287,1,0,2,9
2024-09-26,SKU-IND-4420,WH-IND-02,303,1,0,3,9
2024-09-27,SKU-IND-4420,WH-IND-02,264,1,0,4,9
2024-09-28,SKU-IND-4420,WH-IND-02,283,1,0,5,9
2024-09-29,SKU-IND-4420,WH-IND-02,148,1,0,6,9
2024-09-30,SKU-IND-4420,WH-IND-02,300,1,0,0,9
2024-10-01,SKU-IND-4420,WH-IND-02,159,0,0,1,10
2024-10-02,SKU-IND-4420,WH-IND-02,153,0,0,2,10
2024-10-03,SKU-IND-4420,WH-IND-02,199,0,0,3,10
2024-10-04,SKU-IND-4420,WH-IND-02,153,0,0,4,10
2024-10-05,SKU-IND-4420,WH-IND-02,180,0,0,5,10
2024-10-06,SKU-IND-4420,WH-IND-02,82,0,0,6,10
2024-10-07,SKU-IND-4420,WH-IND-02,218,0,0,0,10
2024-10-08,SKU-IND-4420,WH-IND-02,194,0,0,1,10
2024-10-09,SKU-IND-4420,WH-IND-02,191,0,0,2,10
2024-10-10,SKU-IND-4420,WH-IND-02,209,0,0,3,10
2024-10-11,SKU-IND-4420,WH-IND-02,255,1,0,4,10
2024-10-12,SKU-IND-4420,WH-IND-02,260,1,0,5,10
2024-10-13,SKU-IND-4420,WH-IND-02,95,1,0,6,10
2024-10-14,SKU-IND-4420,WH-IND-02,327,1,0,0,10
2024-10-15,SKU-IND-4420,WH-IND-02,288,1,0,1,10
2024-10-16,SKU-IND-4420,WH-IND-02,280,1,0,2,10
2024-10-17,SKU-IND-4420,WH-IND-02,293,1,0,3,10
2024-10-18,SKU-IND-4420,WH-IND-02,252,1,0,4,10
2024-10-19,SKU-IND-4420,WH-IND-02,302,1,0,5,10
2024-10-20,SKU-IND-4420,WH-IND-02,136,1,0,6,10
2024-10-21,SKU-IND-4420,WH-IND-02,328,1,0,0,10
2024-10-22,SKU-IND-4420,WH-IND-02,305,1,0,1,10
2024-10-23,SKU-IND-4420,WH-IND-02,245,1,0,2,10
2024-10-24,SKU-IND-4420,WH-IND-02,265,1,0,3,10
2024-10-25,SKU-IND-4420,WH-IND-02,262,1,0,4,10
2024-10-26,SKU-IND-4420,WH-IND-02,288,1,0,5,10
2024-10-27,SKU-IND-4420,WH-IND-02,91,1,0,6,10
2024-10-28,SKU-IND-4420,WH-IND-02,331,1,0,0,10
2024-10-29,SKU-IND-4420,WH-IND-02,300,1,0,1,10
2024-10-30,SKU-IND-4420,WH-IND-02,289,1,0,2,10
2024-10-31,SKU-IND-4420,WH-IND-02,282,1,0,3,10
2024-11-01,SKU-IND-4420,WH-IND-02,174,0,0,4,11
2024-11-02,SKU-IND-4420,WH-IND-02,176,0,0,5,11
2024-11-03,SKU-IND-4420,WH-IND-02,98,0,0,6,11
2024-11-04,SKU-IND-4420,WH-IND-02,235,0,0,0,11
2024-11-05,SKU-IND-4420,WH-IND-02,192,0,0,1,11
2024-11-06,SKU-IND-4420,WH-IND-02,185,0,0,2,11
2024-11-07,SKU-IND-4420,WH-IND-02,157,0,0,3,11
2024-11-08,SKU-IND-4420,WH-IND-02,174,0,0,4,11
2024-11-09,SKU-IND-4420,WH-IND-02,227,0,0,5,11
2024-11-10,SKU-IND-4420,WH-IND-02,55,0,0,6,11
2024-11-11,SKU-IND-4420,WH-IND-02,227,0,0,0,11
2024-11-12,SKU-IND-4420,WH-IND-02,212,0,0,1,11
2024-11-13,SKU-IND-4420,WH-IND-02,173,0,0,2,11
2024-11-14,SKU-IND-4420,WH-IND-02,199,0,0,3,11
2024-11-15,SKU-IND-4420,WH-IND-02,212,0,0,4,11
2024-11-16,SKU-IND-4420,WH-IND-02,197,0,0,5,11
2024-11-17,SKU-IND-4420,WH-IND-02,129,0,0,6,11
2024-11-18,SKU-IND-4420,WH-IND-02,197,0,0,0,11
2024-11-19,SKU-IND-4420,WH-IND-02,216,0,0,1,11
2024-11-20,SKU-IND-4420,WH-IND-02,195,0,0,2,11
2024-11-21,SKU-IND-4420,WH-IND-02,212,0,0,3,11
2024-11-22,SKU-IND-4420,WH-IND-02,207,0,0,4,11
2024-11-23,SKU-IND-4420,WH-IND-02,186,0,0,5,11
2024-11-24,SKU-IND-4420,WH-IND-02,84,0,0,6,11
2024-11-25,SKU-IND-4420,WH-IND-02,198,0,0,0,11
2024-11-26,SKU-IND-4420,WH-IND-02,211,0,0,1,11
2024-11-27,SKU-IND-4420,WH-IND-02,206,0,0,2,11
2024-11-28,SKU-IND-4420,WH-IND-02,213,0,0,3,11
2024-11-29,SKU-IND-4420,WH-IND-02,221,0,0,4,11
2024-11-30,SKU-IND-4420,WH-IND-02,209,0,0,5,11
2024-12-01,SKU-IND-4420,WH-IND-02,84,0,0,6,12
2024-12-02,SKU-IND-4420,WH-IND-02,219,0,0,0,12
2024-12-03,SKU-IND-4420,WH-IND-02,192,0,0,1,12
2024-12-04,SKU-IND-4420,WH-IND-02,225,0,0,2,12
2024-12-05,SKU-IND-4420,WH-IND-02,230,0,0,3,12
2024-12-06,SKU-IND-4420,WH-IND-02,201,0,0,4,12
2024-12-07,SKU-IND-4420,WH-IND-02,207,0,0,5,12
2024-12-08,SKU-IND-4420,WH-IND-02,66,0,0,6,12
2024-12-09,SKU-IND-4420,WH-IND-02,259,0,0,0,12
2024-12-10,SKU-IND-4420,WH-IND-02,219,0,0,1,12
2024-12-11,SKU-IND-4420,WH-IND-02,242,0,0,2,12
2024-12-12,SKU-IND-4420,WH-IND-02,193,0,0,3,12
2024-12-13,SKU-IND-4420,WH-IND-02,203,0,0,4,12
2024-12-14,SKU-IND-4420,WH-IND-02,214,0,0,5,12
2024-12-15,SKU-IND-4420,WH-IND-02,95,0,0,6,12
2024-12-16,SKU-IND-4420,WH-IND-02,239,0,0,0,12
2024-12-17,SKU-IND-4420,WH-IND-02,196,0,0,1,12
2024-12-18,SKU-IND-4420,WH-IND-02,228,0,0,2,12
2024-12-19,SKU-IND-4420,WH-IND-02,225,0,0,3,12
2024-12-20,SKU-IND-4420,WH-IND-02,197,0,0,4,12
2024-12-21,SKU-IND-4420,WH-IND-02,238,0,0,5,12
2024-12-22,SKU-IND-4420,WH-IND-02,106,0,0,6,12
2024-12-23,SKU-IND-4420,WH-IND-02,249,0,0,0,12
2024-12-24,SKU-IND-4420,WH-IND-02,217,0,0,1,12
2024-12-25,SKU-IND-4420,WH-IND-02,226,0,0,2,12
2024-12-26,SKU-IND-4420,WH-IND-02,201,0,0,3,12
2024-12-27,SKU-IND-4420,WH-IND-02,218,0,0,4,12
2024-12-28,SKU-IND-4420,WH-IND-02,180,0,0,5,12
2024-12-29,SKU-IND-4420,WH-IND-02,102,0,0,6,12
2024-12-30,SKU-IND-4420,WH-IND-02,224,0,0,0,12
2024-12-31,SKU-IND-4420,WH-IND-02,246,0,0,1,12
2025-01-01,SKU-IND-4420,WH-IND-02,214,0,0,2,1
2025-01-02,SKU-IND-4420,WH-IND-02,217,0,0,3,1
2025-01-03,SKU-IND-4420,WH-IND-02,210,0,0,4,1
2025-01-04,SKU-IND-4420,WH-IND-02,217,0,0,5,1
2025-01-05,SKU-IND-4420,WH-IND-02,114,0,0,6,1
2025-01-06,SKU-IND-4420,WH-IND-02,212,0,0,0,1
2025-01-07,SKU-IND-4420,WH-IND-02,246,0,0,1,1
2025-01-08,SKU-IND-4420,WH-IND-02,230,0,0,2,1
2025-01-09,SKU-IND-4420,WH-IND-02,203,0,0,3,1
2025-01-10,SKU-IND-4420,WH-IND-02,206,0,0,4,1
2025-01-11,SKU-IND-4420,WH-IND-02,255,0,0,5,1
2025-01-12,SKU-IND-4420,WH-IND-02,74,0,0,6,1
2025-01-13,SKU-IND-4420,WH-IND-02,240,0,0,0,1
2025-01-14,SKU-IND-4420,WH-IND-02,247,0,0,1,1
2025-01-15,SKU-IND-4420,WH-IND-02,234,0,0,2,1
2025-01-16,SKU-IND-4420,WH-IND-02,212,0,0,3,1
2025-01-17,SKU-IND-4420,WH-IND-02,233,0,0,4,1
2025-01-18,SKU-IND-4420,WH-IND-02,211,0,0,5,1
2025-01-19,SKU-IND-4420,WH-IND-02,111,0,0,6,1
2025-01-20,SKU-IND-4420,WH-IND-02,284,0,0,0,1
2025-01-21,SKU-IND-4420,WH-IND-02,240,0,0,1,1
2025-01-22,SKU-IND-4420,WH-IND-02,238,0,0,2,1
2025-01-23,SKU-IND-4420,WH-IND-02,263,0,0,3,1
2025-01-24,SKU-IND-4420,WH-IND-02,233,0,0,4,1
2025-01-25,SKU-IND-4420,WH-IND-02,212,0,0,5,1
2025-01-26,SKU-IND-4420,WH-IND-02,101,0,0,6,1
2025-01-27,SKU-IND-4420,WH-IND-02,306,0,0,0,1
2025-01-28,SKU-IND-4420,WH-IND-02,217,0,0,1,1
2025-01-29,SKU-IND-4420,WH-IND-02,229,0,0,2,1
2025-01-30,SKU-IND-4420,WH-IND-02,243,0,0,3,1
2025-01-31,SKU-IND-4420,WH-IND-02,235,0,0,4,1
2025-02-01,SKU-IND-4420,WH-IND-02,219,0,0,5,2
2025-02-02,SKU-IND-4420,WH-IND-02,114,0,0,6,2
2025-02-03,SKU-IND-4420,WH-IND-02,314,0,0,0,2
2025-02-04,SKU-IND-4420,WH-IND-02,242,0,0,1,2
2025-02-05,SKU-IND-4420,WH-IND-02,223,0,0,2,2
2025-02-06,SKU-IND-4420,WH-IND-02,212,0,0,3,2
2025-02-07,SKU-IND-4420,WH-IND-02,244,0,0,4,2
2025-02-08,SKU-IND-4420,WH-IND-02,259,0,0,5,2
2025-02-09,SKU-IND-4420,WH-IND-02,104,0,0,6,2
2025-02-10,SKU-IND-4420,WH-IND-02,277,0,0,0,2
2025-02-11,SKU-IND-4420,WH-IND-02,231,0,0,1,2
2025-02-12,SKU-IND-4420,WH-IND-02,222,0,0,2,2
2025-02-13,SKU-IND-4420,WH-IND-02,257,0,0,3,2
2025-02-14,SKU-IND-4420,WH-IND-02,259,0,0,4,2
2025-02-15,SKU-IND-4420,WH-IND-02,216,0,0,5,2
2025-02-16,SKU-IND-4420,WH-IND-02,125,0,0,6,2
2025-02-17,SKU-IND-4420,WH-IND-02,290,0,0,0,2
2025-02-18,SKU-IND-4420,WH-IND-02,269,0,0,1,2
2025-02-19,SKU-IND-4420,WH-IND-02,221,0,0,2,2
2025-02-20,SKU-IND-4420,WH-IND-02,221,0,0,3,2
2025-02-21,SKU-IND-4420,WH-IND-02,243,0,0,4,2
2025-02-22,SKU-IND-4420,WH-IND-02,254,0,0,5,2
2025-02-23,SKU-IND-4420,WH-IND-02,130,0,0,6,2
2025-02-24,SKU-IND-4420,WH-IND-02,296,0,0,0,2
2025-02-25,SKU-IND-4420,WH-IND-02,242,0,0,1,2
2025-02-26,SKU-IND-4420,WH-IND-02,229,0,0,2,2
2025-02-27,SKU-IND-4420,WH-IND-02,269,0,0,3,2
2025-02-28,SKU-IND-4420,WH-IND-02,230,0,0,4,2
2025-03-01,SKU-IND-4420,WH-IND-02,276,0,0,5,3
2025-03-02,SKU-IND-4420,WH-IND-02,94,0,0,6,3
2025-03-03,SKU-IND-4420,WH-IND-02,314,0,0,0,3
2025-03-04,SKU-IND-4420,WH-IND-02,261,0,0,1,3
2025-03-05,SKU-IND-4420,WH-IND-02,246,0,0,2,3
2025-03-06,SKU-IND-4420,WH-IND-02,240,0,0,3,3
2025-03-07,SKU-IND-4420,WH-IND-02,243,0,0,4,3
2025-03-08,SKU-IND-4420,WH-IND-02,257,0,0,5,3
2025-03-09,SKU-IND-4420,WH-IND-02,101,0,0,6,3
2025-03-10,SKU-IND-4420,WH-IND-02,277,0,0,0,3
2025-03-11,SKU-IND-4420,WH-IND-02,247,0,0,1,3
2025-03-12,SKU-IND-4420,WH-IND-02,252,0,0,2,3
2025-03-13,SKU-IND-4420,WH-IND-02,213,0,0,3,3
2025-03-14,SKU-IND-4420,WH-IND-02,259,0,0,4,3
2025-03-15,SKU-IND-4420,WH-IND-02,234,0,0,5,3
2025-03-16,SKU-IND-4420,WH-IND-02,80,0,0,6,3
2025-03-17,SKU-IND-4420,WH-IND-02,259,0,0,0,3
2025-03-18,SKU-IND-4420,WH-IND-02,220,0,0,1,3
2025-03-19,SKU-IND-4420,WH-IND-02,228,0,0,2,3
2025-03-20,SKU-IND-4420,WH-IND-02,239,0,0,3,3
2025-03-21,SKU-IND-4420,WH-IND-02,286,0,0,4,3
2025-03-22,SKU-IND-4420,WH-IND-02,243,0,0,5,3
2025-03-23,SKU-IND-4420,WH-IND-02,104,0,0,6,3
2025-03-24,SKU-IND-4420,WH-IND-02,297,0,0,0,3
2025-03-25,SKU-IND-4420,WH-IND-02,255,0,0,1,3
2025-03-26,SKU-IND-4420,WH-IND-02,251,0,0,2,3
2025-03-27,SKU-IND-4420,WH-IND-02,231,0,0,3,3
2025-03-28,SKU-IND-4420,WH-IND-02,278,0,0,4,3
2025-03-29,SKU-IND-4420,WH-IND-02,284,0,0,5,3
2025-03-30,SKU-IND-4420,WH-IND-02,71,0,0,6,3
2025-03-31,SKU-IND-4420,WH-IND-02,272,0,0,0,3
2025-04-01,SKU-IND-4420,WH-IND-02,248,0,0,1,4
2025-04-02,SKU-IND-4420,WH-IND-02,236,0,0,2,4
2025-04-03,SKU-IND-4420,WH-IND-02,261,0,0,3,4
2025-04-04,SKU-IND-4420,WH-IND-02,240,0,0,4,4
2025-04-05,SKU-IND-4420,WH-IND-02,291,0,0,5,4
2025-04-06,SKU-IND-4420,WH-IND-02,122,0,0,6,4
2025-04-07,SKU-IND-4420,WH-IND-02,294,0,0,0,4
2025-04-08,SKU-IND-4420,WH-IND-02,270,0,0,1,4
2025-04-09,SKU-IND-4420,WH-IND-02,272,0,0,2,4
2025-04-10,SKU-IND-4420,WH-IND-02,242,0,0,3,4
2025-04-11,SKU-IND-4420,WH-IND-02,238,0,0,4,4
2025-04-12,SKU-IND-4420,WH-IND-02,253,0,0,5,4
2025-04-13,SKU-IND-4420,WH-IND-02,116,0,0,6,4
2025-04-14,SKU-IND-4420,WH-IND-02,292,0,0,0,4
2025-04-15,SKU-IND-4420,WH-IND-02,224,0,0,1,4
2025-04-16,SKU-IND-4420,WH-IND-02,237,0,0,2,4
2025-04-17,SKU-IND-4420,WH-IND-02,250,0,0,3,4
2025-04-18,SKU-IND-4420,WH-IND-02,250,0,0,4,4
2025-04-19,SKU-IND-4420,WH-IND-02,286,0,0,5,4
2025-04-20,SKU-IND-4420,WH-IND-02,76,0,0,6,4
2025-04-21,SKU-IND-4420,WH-IND-02,297,0,0,0,4
2025-04-22,SKU-IND-4420,WH-IND-02,277,0,0,1,4
2025-04-23,SKU-IND-4420,WH-IND-02,290,0,0,2,4
2025-04-24,SKU-IND-4420,WH-IND-02,243,0,0,3,4
2025-04-25,SKU-IND-4420,WH-IND-02,259,0,0,4,4
2025-04-26,SKU-IND-4420,WH-IND-02,260,0,0,5,4
2025-04-27,SKU-IND-4420,WH-IND-02,103,0,0,6,4
2025-04-28,SKU-IND-4420,WH-IND-02,285,0,0,0,4
2025-04-29,SKU-IND-4420,WH-IND-02,257,0,0,1,4
2025-04-30,SKU-IND-4420,WH-IND-02,204,0,0,2,4
2025-05-01,SKU-IND-4420,WH-IND-02,260,0,0,3,5
2025-05-02,SKU-IND-4420,WH-IND-02,250,0,0,4,5
2025-05-03,SKU-IND-4420,WH-IND-02,244,0,0,5,5
2025-05-04,SKU-IND-4420,WH-IND-02,135,0,0,6,5
2025-05-05,SKU-IND-4420,WH-IND-02,272,0,0,0,5
2025-05-06,SKU-IND-4420,WH-IND-02,240,0,0,1,5
2025-05-07,SKU-IND-4420,WH-IND-02,282,0,0,2,5
2025-05-08,SKU-IND-4420,WH-IND-02,232,0,0,3,5
2025-05-09,SKU-IND-4420,WH-IND-02,236,0,0,4,5
2025-05-10,SKU-IND-4420,WH-IND-02,243,0,0,5,5
2025-05-11,SKU-IND-4420,WH-IND-02,113,0,0,6,5
2025-05-12,SKU-IND-4420,WH-IND-02,285,0,0,0,5
2025-05-13,SKU-IND-4420,WH-IND-02,222,0,0,1,5
2025-05-14,SKU-IND-4420,WH-IND-02,235,0,0,2,5
2025-05-15,SKU-IND-4420,WH-IND-02,233,0,0,3,5
2025-05-16,SKU-IND-4420,WH-IND-02,242,0,0,4,5
2025-05-17,SKU-IND-4420,WH-IND-02,250,0,0,5,5
2025-05-18,SKU-IND-4420,WH-IND-02,104,0,0,6,5
2025-05-19,SKU-IND-4420,WH-IND-02,247,0,0,0,5
2025-05-20,SKU-IND-4420,WH-IND-02,260,0,0,1,5
2025-05-21,SKU-IND-4420,WH-IND-02,246,0,0,2,5
2025-05-22,SKU-IND-4420,WH-IND-02,265,0,0,3,5
2025-05-23,SKU-IND-4420,WH-IND-02,248,0,0,4,5
2025-05-24,SKU-IND-4420,WH-IND-02,259,0,0,5,5
2025-05-25,SKU-IND-4420,WH-IND-02,104,0,0,6,5
2025-05-26,SKU-IND-4420,WH-IND-02,299,0,0,0,5
2025-05-27,SKU-IND-4420,WH-IND-02,248,0,0,1,5
2025-05-28,SKU-IND-4420,WH-IND-02,236,0,0,2,5
2025-05-29,SKU-IND-4420,WH-IND-02,278,0,0,3,5
2025-05-30,SKU-IND-4420,WH-IND-02,253,0,0,4,5
2025-05-31,SKU-IND-4420,WH-IND-02,247,0,0,5,5
2025-06-01,SKU-IND-4420,WH-IND-02,72,0,1,6,6
2025-06-02,SKU-IND-4420,WH-IND-02,248,0,1,0,6
2025-06-03,SKU-IND-4420,WH-IND-02,240,0,1,1,6
2025-06-04,SKU-IND-4420,WH-IND-02,237,0,1,2,6
2025-06-05,SKU-IND-4420,WH-IND-02,223,0,1,3,6
2025-06-06,SKU-IND-4420,WH-IND-02,236,0,1,4,6
2025-06-07,SKU-IND-4420,WH-IND-02,261,0,1,5,6
2025-06-08,SKU-IND-4420,WH-IND-02,105,0,1,6,6
2025-06-09,SKU-IND-4420,WH-IND-02,247,0,1,0,6
2025-06-10,SKU-IND-4420,WH-IND-02,230,0,1,1,6
2025-06-11,SKU-IND-4420,WH-IND-02,217,0,1,2,6
2025-06-12,SKU-IND-4420,WH-IND-02,224,0,1,3,6
2025-06-13,SKU-IND-4420,WH-IND-02,223,0,1,4,6
2025-06-14,SKU-IND-4420,WH-IND-02,221,0,1,5,6
2025-06-15,SKU-IND-4420,WH-IND-02,69,0,1,6,6
2025-06-16,SKU-IND-4420,WH-IND-02,260,0,1,0,6
2025-06-17,SKU-IND-4420,WH-IND-02,218,0,1,1,6
2025-06-18,SKU-IND-4420,WH-IND-02,176,0,1,2,6
2025-06-19,SKU-IND-4420,WH-IND-02,263,0,1,3,6
2025-06-20,SKU-IND-4420,WH-IND-02,245,0,1,4,6
2025-06-21,SKU-IND-4420,WH-IND-02,219,0,1,5,6
2025-06-22,SKU-IND-4420,WH-IND-02,90,0,1,6,6
2025-06-23,SKU-IND-4420,WH-IND-02,238,0,1,0,6
2025-06-24,SKU-IND-4420,WH-IND-02,254,0,1,1,6
2025-06-25,SKU-IND-4420,WH-IND-02,257,0,1,2,6
2025-06-26,SKU-IND-4420,WH-IND-02,226,0,1,3,6
2025-06-27,SKU-IND-4420,WH-IND-02,240,0,1,4,6
2025-06-28,SKU-IND-4420,WH-IND-02,225,0,1,5,6
2025-06-29,SKU-IND-4420,WH-IND-02,65,0,1,6,6
2025-06-30,SKU-IND-4420,WH-IND-02,246,0,1,0,6
2025-07-01,SKU-IND-4420,WH-IND-02,222,0,1,1,7
2025-07-02,SKU-IND-4420,WH-IND-02,211,0,1,2,7
2025-07-03,SKU-IND-4420,WH-IND-02,215,0,1,3,7
2025-07-04,SKU-IND-4420,WH-IND-02,217,0,1,4,7
2025-07-05,SKU-IND-4420,WH-IND-02,216,0,1,5,7
2025-07-06,SKU-IND-4420,WH-IND-02,87,0,1,6,7
2025-07-07,SKU-IND-4420,WH-IND-02,230,0,1,0,7
2025-07-08,SKU-IND-4420,WH-IND-02,203,0,1,1,7
2025-07-09,SKU-IND-4420,WH-IND-02,193,0,1,2,7
2025-07-10,SKU-IND-4420,WH-IND-02,232,0,1,3,7
2025-07-11,SKU-IND-4420,WH-IND-02,177,0,1,4,7
2025-07-12,SKU-IND-4420,WH-IND-02,234,0,1,5,7
2025-07-13,SKU-IND-4420,WH-IND-02,109,0,1,6,7
2025-07-14,SKU-IND-4420,WH-IND-02,239,0,1,0,7
2025-07-15,SKU-IND-4420,WH-IND-02,166,0,1,1,7
2025-07-16,SKU-IND-4420,WH-IND-02,205,0,1,2,7
2025-07-17,SKU-IND-4420,WH-IND-02,210,0,1,3,7
2025-07-18,SKU-IND-4420,WH-IND-02,193,0,1,4,7
2025-07-19,SKU-IND-4420,WH-IND-02,201,0,1,5,7
2025-07-20,SKU-IND-4420,WH-IND-02,110,0,1,6,7
2025-07-21,SKU-IND-4420,WH-IND-02,252,0,1,0,7
2025-07-22,SKU-IND-4420,WH-IND-02,192,0,1,1,7
2025-07-23,SKU-IND-4420,WH-IND-02,180,0,1,2,7
2025-07-24,SKU-IND-4420,WH-IND-02,201,0,1,3,7
2025-07-25,SKU-IND-4420,WH-IND-02,203,0,1,4,7
2025-07-26,SKU-IND-4420,WH-IND-02,215,0,1,5,7
2025-07-27,SKU-IND-4420,WH-IND-02,73,0,1,6,7
2025-07-28,SKU-IND-4420,WH-IND-02,245,0,1,0,7
2025-07-29,SKU-IND-4420,WH-IND-02,239,0,1,1,7
2025-07-30,SKU-IND-4420,WH-IND-02,219,0,1,2,7
2025-07-31,SKU-IND-4420,WH-IND-02,203,0,1,3,7
2025-08-01,SKU-IND-4420,WH-IND-02,200,0,1,4,8
2025-08-02,SKU-IND-4420,WH-IND-02,196,0,1,5,8
2025-08-03,SKU-IND-4420,WH-IND-02,101,0,1,6,8
2025-08-04,SKU-IND-4420,WH-IND-02,221,0,1,0,8
2025-08-05,SKU-IND-4420,WH-IND-02,202,0,1,1,8
2025-08-06,SKU-IND-4420,WH-IND-02,202,0,1,2,8
2025-08-07,SKU-IND-4420,WH-IND-02,191,0,1,3,8
2025-08-08,SKU-IND-4420,WH-IND-02,176,0,1,4,8
2025-08-09,SKU-IND-4420,WH-IND-02,205,0,1,5,8
2025-08-10,SKU-IND-4420,WH-IND-02,78,0,1,6,8
2025-08-11,SKU-IND-4420,WH-IND-02,237,0,1,0,8
2025-08-12,SKU-IND-4420,WH-IND-02,189,0,1,1,8
2025-08-13,SKU-IND-4420,WH-IND-02,219,0,1,2,8
2025-08-14,SKU-IND-4420,WH-IND-02,182,0,1,3,8
2025-08-15,SKU-IND-4420,WH-IND-02,227,0,1,4,8
2025-08-16,SKU-IND-4420,WH-IND-02,166,0,1,5,8
2025-08-17,SKU-IND-4420,WH-IND-02,86,0,1,6,8
2025-08-18,SKU-IND-4420,WH-IND-02,233,0,1,0,8
2025-08-19,SKU-IND-4420,WH-IND-02,181,0,1,1,8
2025-08-20,SKU-IND-4420,WH-IND-02,202,0,1,2,8
2025-08-21,SKU-IND-4420,WH-IND-02,217,0,1,3,8
2025-08-22,SKU-IND-4420,WH-IND-02,155,0,1,4,8
2025-08-23,SKU-IND-4420,WH-IND-02,203,0,1,5,8
2025-08-24,SKU-IND-4420,WH-IND-02,33,0,1,6,8
2025-08-25,SKU-IND-4420,WH-IND-02,205,0,1,0,8
2025-08-26,SKU-IND-4420,WH-IND-02,221,0,1,1,8
2025-08-27,SKU-IND-4420,WH-IND-02,182,0,1,2,8
2025-08-28,SKU-IND-4420,WH-IND-02,171,0,1,3,8
2025-08-29,SKU-IND-4420,WH-IND-02,188,0,1,4,8
2025-08-30,SKU-IND-4420,WH-IND-02,228,0,1,5,8
2025-08-31,SKU-IND-4420,WH-IND-02,44,0,1,6,8
2025-09-01,SKU-IND-4420,WH-IND-02,201,0,0,0,9
2025-09-02,SKU-IND-4420,WH-IND-02,217,0,0,1,9
2025-09-03,SKU-IND-4420,WH-IND-02,223,0,0,2,9
2025-09-04,SKU-IND-4420,WH-IND-02,188,0,0,3,9
2025-09-05,SKU-IND-4420,WH-IND-02,168,0,0,4,9
2025-09-06,SKU-IND-4420,WH-IND-02,226,0,0,5,9
2025-09-07,SKU-IND-4420,WH-IND-02,103,0,0,6,9
2025-09-08,SKU-IND-4420,WH-IND-02,229,0,0,0,9
2025-09-09,SKU-IND-4420,WH-IND-02,175,0,0,1,9
2025-09-10,SKU-IND-4420,WH-IND-02,188,0,0,2,9
2025-09-11,SKU-IND-4420,WH-IND-02,271,1,0,3,9
2025-09-12,SKU-IND-4420,WH-IND-02,279,1,0,4,9
2025-09-13,SKU-IND-4420,WH-IND-02,299,1,0,5,9
2025-09-14,SKU-IND-4420,WH-IND-02,124,1,0,6,9
2025-09-15,SKU-IND-4420,WH-IND-02,294,1,0,0,9
2025-09-16,SKU-IND-4420,WH-IND-02,297,1,0,1,9
2025-09-17,SKU-IND-4420,WH-IND-02,278,1,0,2,9
2025-09-18,SKU-IND-4420,WH-IND-02,284,1,0,3,9
2025-09-19,SKU-IND-4420,WH-IND-02,298,1,0,4,9
2025-09-20,SKU-IND-4420,WH-IND-02,252,1,0,5,9
2025-09-21,SKU-IND-4420,WH-IND-02,108,1,0,6,9
2025-09-22,SKU-IND-4420,WH-IND-02,303,1,0,0,9
2025-09-23,SKU-IND-4420,WH-IND-02,244,1,0,1,9
2025-09-24,SKU-IND-4420,WH-IND-02,277,1,0,2,9
2025-09-25,SKU-IND-4420,WH-IND-02,315,1,0,3,9
2025-09-26,SKU-IND-4420,WH-IND-02,238,1,0,4,9
2025-09-27,SKU-IND-4420,WH-IND-02,270,1,0,5,9
2025-09-28,SKU-IND-4420,WH-IND-02,119,1,0,6,9
2025-09-29,SKU-IND-4420,WH-IND-02,314,1,0,0,9
2025-09-30,SKU-IND-4420,WH-IND-02,269,1,0,1,9
2025-10-01,SKU-IND-4420,WH-IND-02,164,0,0,2,10
2025-10-02,SKU-IND-4420,WH-IND-02,191,0,0,3,10
2025-10-03,SKU-IND-4420,WH-IND-02,173,0,0,4,10
2025-10-04,SKU-IND-4420,WH-IND-02,148,0,0,5,10
2025-10-05,SKU-IND-4420,WH-IND-02,95,0,0,6,10
2025-10-06,SKU-IND-4420,WH-IND-02,232,0,0,0,10
2025-10-07,SKU-IND-4420,WH-IND-02,188,0,0,1,10
2025-10-08,SKU-IND-4420,WH-IND-02,191,0,0,2,10
2025-10-09,SKU-IND-4420,WH-IND-02,206,0,0,3,10
2025-10-10,SKU-IND-4420,WH-IND-02,191,0,0,4,10
2025-10-11,SKU-IND-4420,WH-IND-02,287,1,0,5,10
2025-10-12,SKU-IND-4420,WH-IND-02,103,1,0,6,10
2025-10-13,SKU-IND-4420,WH-IND-02,336,1,0,0,10
2025-10-14,SKU-IND-4420,WH-IND-02,277,1,0,1,10
2025-10-15,SKU-IND-4420,WH-IND-02,275,1,0,2,10
2025-10-16,SKU-IND-4420,WH-IND-02,250,1,0,3,10
2025-10-17,SKU-IND-4420,WH-IND-02,277,1,0,4,10
2025-10-18,SKU-IND-4420,WH-IND-02,258,1,0,5,10
2025-10-19,SKU-IND-4420,WH-IND-02,98,1,0,6,10
2025-10-20,SKU-IND-4420,WH-IND-02,300,1,0,0,10
2025-10-21,SKU-IND-4420,WH-IND-02,255,1,0,1,10
2025-10-22,SKU-IND-4420,WH-IND-02,311,1,0,2,10
2025-10-23,SKU-IND-4420,WH-IND-02,297,1,0,3,10
2025-10-24,SKU-IND-4420,WH-IND-02,308,1,0,4,10
2025-10-25,SKU-IND-4420,WH-IND-02,253,1,0,5,10
2025-10-26,SKU-IND-4420,WH-IND-02,111,1,0,6,10
2025-10-27,SKU-IND-4420,WH-IND-02,294,1,0,0,10
2025-10-28,SKU-IND-4420,WH-IND-02,263,1,0,1,10
2025-10-29,SKU-IND-4420,WH-IND-02,260,1,0,2,10
2025-10-30,SKU-IND-4420,WH-IND-02,298,1,0,3,10
2025-10-31,SKU-IND-4420,WH-IND-02,270,1,0,4,10
2025-11-01,SKU-IND-4420,WH-IND-02,210,0,0,5,11
2025-11-02,SKU-IND-4420,WH-IND-02,87,0,0,6,11
2025-11-03,SKU-IND-4420,WH-IND-02,261,0,0,0,11
2025-11-04,SKU-IND-4420,WH-IND-02,166,0,0,1,11
2025-11-05,SKU-IND-4420,WH-IND-02,214,0,0,2,11
2025-11-06,SKU-IND-4420,WH-IND-02,213,0,0,3,11
2025-11-07,SKU-IND-4420,WH-IND-02,176,0,0,4,11
2025-11-08,SKU-IND-4420,WH-IND-02,211,0,0,5,11
2025-11-09,SKU-IND-4420,WH-IND-02,83,0,0,6,11
2025-11-10,SKU-IND-4420,WH-IND-02,219,0,0,0,11
2025-11-11,SKU-IND-4420,WH-IND-02,180,0,0,1,11
2025-11-12,SKU-IND-4420,WH-IND-02,182,0,0,2,11
2025-11-13,SKU-IND-4420,WH-IND-02,231,0,0,3,11
2025-11-14,SKU-IND-4420,WH-IND-02,195,0,0,4,11
2025-11-15,SKU-IND-4420,WH-IND-02,210,0,0,5,11
2025-11-16,SKU-IND-4420,WH-IND-02,64,0,0,6,11
2025-11-17,SKU-IND-4420,WH-IND-02,212,0,0,0,11
2025-11-18,SKU-IND-4420,WH-IND-02,216,0,0,1,11
2025-11-19,SKU-IND-4420,WH-IND-02,174,0,0,2,11
2025-11-20,SKU-IND-4420,WH-IND-02,191,0,0,3,11
2025-11-21,SKU-IND-4420,WH-IND-02,199,0,0,4,11
2025-11-22,SKU-IND-4420,WH-IND-02,201,0,0,5,11
2025-11-23,SKU-IND-4420,WH-IND-02,76,0,0,6,11
2025-11-24,SKU-IND-4420,WH-IND-02,237,0,0,0,11
2025-11-25,SKU-IND-4420,WH-IND-02,212,0,0,1,11
2025-11-26,SKU-IND-4420,WH-IND-02,214,0,0,2,11
2025-11-27,SKU-IND-4420,WH-IND-02,184,0,0,3,11
2025-11-28,SKU-IND-4420,WH-IND-02,197,0,0,4,11
2025-11-29,SKU-IND-4420,WH-IND-02,223,0,0,5,11
2025-11-30,SKU-IND-4420,WH-IND-02,96,0,0,6,11
2025-12-01,SKU-IND-4420,WH-IND-02,209,0,0,0,12
2025-12-02,SKU-IND-4420,WH-IND-02,210,0,0,1,12
2025-12-03,SKU-IND-4420,WH-IND-02,169,0,0,2,12
2025-12-04,SKU-IND-4420,WH-IND-02,205,0,0,3,12
2025-12-05,SKU-IND-4420,WH-IND-02,238,0,0,4,12
2025-12-06,SKU-IND-4420,WH-IND-02,189,0,0,5,12
2025-12-07,SKU-IND-4420,WH-IND-02,67,0,0,6,12
2025-12-08,SKU-IND-4420,WH-IND-02,251,0,0,0,12
2025-12-09,SKU-IND-4420,WH-IND-02,180,0,0,1,12
2025-12-10,SKU-IND-4420,WH-IND-02,196,0,0,2,12
2025-12-11,SKU-IND-4420,WH-IND-02,219,0,0,3,12
2025-12-12,SKU-IND-4420,WH-IND-02,197,0,0,4,12
2025-12-13,SKU-IND-4420,WH-IND-02,205,0,0,5,12
2025-12-14,SKU-IND-4420,WH-IND-02,97,0,0,6,12
2025-12-15,SKU-IND-4420,WH-IND-02,249,0,0,0,12
2025-12-16,SKU-IND-4420,WH-IND-02,216,0,0,1,12
2025-12-17,SKU-IND-4420,WH-IND-02,205,0,0,2,12
2025-12-18,SKU-IND-4420,WH-IND-02,218,0,0,3,12
2025-12-19,SKU-IND-4420,WH-IND-02,210,0,0,4,12
2025-12-20,SKU-IND-4420,WH-IND-02,221,0,0,5,12
2025-12-21,SKU-IND-4420,WH-IND-02,76,0,0,6,12
2025-12-22,SKU-IND-4420,WH-IND-02,243,0,0,0,12
2025-12-23,SKU-IND-4420,WH-IND-02,197,0,0,1,12
2025-12-24,SKU-IND-4420,WH-IND-02,215,0,0,2,12
2025-12-25,SKU-IND-4420,WH-IND-02,202,0,0,3,12
2025-12-26,SKU-IND-4420,WH-IND-02,197,0,0,4,12
2025-12-27,SKU-IND-4420,WH-IND-02,222,0,0,5,12
2025-12-28,SKU-IND-4420,WH-IND-02,90,0,0,6,12
2025-12-29,SKU-IND-4420,WH-IND-02,265,0,0,0,12
2025-12-30,SKU-IND-4420,WH-IND-02,211,0,0,1,12
2024-01-01,SKU-IND-4420,WH-IND-03,209,0,0,0,1
2024-01-02,SKU-IND-4420,WH-IND-03,186,0,0,1,1
2024-01-03,SKU-IND-4420,WH-IND-03,184,0,0,2,1
2024-01-04,SKU-IND-4420,WH-IND-03,162,0,0,3,1
2024-01-05,SKU-IND-4420,WH-IND-03,180,0,0,4,1
2024-01-06,SKU-IND-4420,WH-IND-03,184,0,0,5,1
2024-01-07,SKU-IND-4420,WH-IND-03,71,0,0,6,1
2024-01-08,SKU-IND-4420,WH-IND-03,169,0,0,0,1
2024-01-09,SKU-IND-4420,WH-IND-03,182,0,0,1,1
2024-01-10,SKU-IND-4420,WH-IND-03,219,0,0,2,1
2024-01-11,SKU-IND-4420,WH-IND-03,174,0,0,3,1
2024-01-12,SKU-IND-4420,WH-IND-03,168,0,0,4,1
2024-01-13,SKU-IND-4420,WH-IND-03,187,0,0,5,1
2024-01-14,SKU-IND-4420,WH-IND-03,78,0,0,6,1
2024-01-15,SKU-IND-4420,WH-IND-03,230,0,0,0,1
2024-01-16,SKU-IND-4420,WH-IND-03,160,0,0,1,1
2024-01-17,SKU-IND-4420,WH-IND-03,196,0,0,2,1
2024-01-18,SKU-IND-4420,WH-IND-03,194,0,0,3,1
2024-01-19,SKU-IND-4420,WH-IND-03,181,0,0,4,1
2024-01-20,SKU-IND-4420,WH-IND-03,190,0,0,5,1
2024-01-21,SKU-IND-4420,WH-IND-03,92,0,0,6,1
2024-01-22,SKU-IND-4420,WH-IND-03,228,0,0,0,1
2024-01-23,SKU-IND-4420,WH-IND-03,165,0,0,1,1
2024-01-24,SKU-IND-4420,WH-IND-03,200,0,0,2,1
2024-01-25,SKU-IND-4420,WH-IND-03,185,0,0,3,1
2024-01-26,SKU-IND-4420,WH-IND-03,188,0,0,4,1
2024-01-27,SKU-IND-4420,WH-IND-03,188,0,0,5,1
2024-01-28,SKU-IND-4420,WH-IND-03,72,0,0,6,1
2024-01-29,SKU-IND-4420,WH-IND-03,237,0,0,0,1
2024-01-30,SKU-IND-4420,WH-IND-03,187,0,0,1,1
2024-01-31,SKU-IND-4420,WH-IND-03,169,0,0,2,1
2024-02-01,SKU-IND-4420,WH-IND-03,182,0,0,3,2
2024-02-02,SKU-IND-4420,WH-IND-03,192,0,0,4,2
2024-02-03,SKU-IND-4420,WH-IND-03,211,0,0,5,2
2024-02-04,SKU-IND-4420,WH-IND-03,86,0,0,6,2
2024-02-05,SKU-IND-4420,WH-IND-03,204,0,0,0,2
2024-02-06,SKU-IND-4420,WH-IND-03,235,0,0,1,2
2024-02-07,SKU-IND-4420,WH-IND-03,196,0,0,2,2
2024-02-08,SKU-IND-4420,WH-IND-03,214,0,0,3,2
2024-02-09,SKU-IND-4420,WH-IND-03,189,0,0,4,2
2024-02-10,SKU-IND-4420,WH-IND-03,202,0,0,5,2
2024-02-11,SKU-IND-4420,WH-IND-03,92,0,0,6,2
2024-02-12,SKU-IND-4420,WH-IND-03,243,0,0,0,2
2024-02-13,SKU-IND-4420,WH-IND-03,212,0,0,1,2
2024-02-14,SKU-IND-4420,WH-IND-03,209,0,0,2,2
2024-02-15,SKU-IND-4420,WH-IND-03,188,0,0,3,2
2024-02-16,SKU-IND-4420,WH-IND-03,184,0,0,4,2
2024-02-17,SKU-IND-4420,WH-IND-03,200,0,0,5,2
2024-02-18,SKU-IND-4420,WH-IND-03,94,0,0,6,2
2024-02-19,SKU-IND-4420,WH-IND-03,221,0,0,0,2
2024-02-20,SKU-IND-4420,WH-IND-03,214,0,0,1,2
2024-02-21,SKU-IND-4420,WH-IND-03,221,0,0,2,2
2024-02-22,SKU-IND-4420,WH-IND-03,180,0,0,3,2
2024-02-23,SKU-IND-4420,WH-IND-03,182,0,0,4,2
2024-02-24,SKU-IND-4420,WH-IND-03,194,0,0,5,2
2024-02-25,SKU-IND-4420,WH-IND-03,84,0,0,6,2
2024-02-26,SKU-IND-4420,WH-IND-03,218,0,0,0,2
2024-02-27,SKU-IND-4420,WH-IND-03,221,0,0,1,2
2024-02-28,SKU-IND-4420,WH-IND-03,205,0,0,2,2
2024-02-29,SKU-IND-4420,WH-IND-03,199,0,0,3,2
2024-03-01,SKU-IND-4420,WH-IND-03,173,0,0,4,3
2024-03-02,SKU-IND-4420,WH-IND-03,175,0,0,5,3
2024-03-03,SKU-IND-4420,WH-IND-03,84,0,0,6,3
2024-03-04,SKU-IND-4420,WH-IND-03,191,0,0,0,3
2024-03-05,SKU-IND-4420,WH-IND-03,217,0,0,1,3
2024-03-06,SKU-IND-4420,WH-IND-03,196,0,0,2,3
2024-03-07,SKU-IND-4420,WH-IND-03,257,0,0,3,3
2024-03-08,SKU-IND-4420,WH-IND-03,240,0,0,4,3
2024-03-09,SKU-IND-4420,WH-IND-03,197,0,0,5,3
2024-03-10,SKU-IND-4420,WH-IND-03,78,0,0,6,3
2024-03-11,SKU-IND-4420,WH-IND-03,248,0,0,0,3
2024-03-12,SKU-IND-4420,WH-IND-03,230,0,0,1,3
2024-03-13,SKU-IND-4420,WH-IND-03,172,0,0,2,3
2024-03-14,SKU-IND-4420,WH-IND-03,169,0,0,3,3
2024-03-15,SKU-IND-4420,WH-IND-03,190,0,0,4,3
2024-03-16,SKU-IND-4420,WH-IND-03,211,0,0,5,3
2024-03-17,SKU-IND-4420,WH-IND-03,89,0,0,6,3
2024-03-18,SKU-IND-4420,WH-IND-03,250,0,0,0,3
2024-03-19,SKU-IND-4420,WH-IND-03,180,0,0,1,3
2024-03-20,SKU-IND-4420,WH-IND-03,161,0,0,2,3
2024-03-21,SKU-IND-4420,WH-IND-03,217,0,0,3,3
2024-03-22,SKU-IND-4420,WH-IND-03,187,0,0,4,3
2024-03-23,SKU-IND-4420,WH-IND-03,166,0,0,5,3
2024-03-24,SKU-IND-4420,WH-IND-03,83,0,0,6,3
2024-03-25,SKU-IND-4420,WH-IND-03,246,0,0,0,3
2024-03-26,SKU-IND-4420,WH-IND-03,200,0,0,1,3
2024-03-27,SKU-IND-4420,WH-IND-03,194,0,0,2,3
2024-03-28,SKU-IND-4420,WH-IND-03,199,0,0,3,3
2024-03-29,SKU-IND-4420,WH-IND-03,195,0,0,4,3
2024-03-30,SKU-IND-4420,WH-IND-03,178,0,0,5,3
2024-03-31,SKU-IND-4420,WH-IND-03,68,0,0,6,3
2024-04-01,SKU-IND-4420,WH-IND-03,241,0,0,0,4
2024-04-02,SKU-IND-4420,WH-IND-03,208,0,0,1,4
2024-04-03,SKU-IND-4420,WH-IND-03,205,0,0,2,4
2024-04-04,SKU-IND-4420,WH-IND-03,184,0,0,3,4
2024-04-05,SKU-IND-4420,WH-IND-03,199,0,0,4,4
2024-04-06,SKU-IND-4420,WH-IND-03,163,0,0,5,4
2024-04-07,SKU-IND-4420,WH-IND-03,84,0,0,6,4
2024-04-08,SKU-IND-4420,WH-IND-03,257,0,0,0,4
2024-04-09,SKU-IND-4420,WH-IND-03,176,0,0,1,4
2024-04-10,SKU-IND-4420,WH-IND-03,191,0,0,2,4
2024-04-11,SKU-IND-4420,WH-IND-03,207,0,0,3,4
2024-04-12,SKU-IND-4420,WH-IND-03,224,0,0,4,4
2024-04-13,SKU-IND-4420,WH-IND-03,193,0,0,5,4
2024-04-14,SKU-IND-4420,WH-IND-03,68,0,0,6,4
2024-04-15,SKU-IND-4420,WH-IND-03,197,0,0,0,4
2024-04-16,SKU-IND-4420,WH-IND-03,203,0,0,1,4
2024-04-17,SKU-IND-4420,WH-IND-03,237,0,0,2,4
2024-04-18,SKU-IND-4420,WH-IND-03,206,0,0,3,4
2024-04-19,SKU-IND-4420,WH-IND-03,200,0,0,4,4
2024-04-20,SKU-IND-4420,WH-IND-03,206,0,0,5,4
2024-04-21,SKU-IND-4420,WH-IND-03,80,0,0,6,4
2024-04-22,SKU-IND-4420,WH-IND-03,216,0,0,0,4
2024-04-23,SKU-IND-4420,WH-IND-03,215,0,0,1,4
2024-04-24,SKU-IND-4420,WH-IND-03,204,0,0,2,4
2024-04-25,SKU-IND-4420,WH-IND-03,200,0,0,3,4
2024-04-26,SKU-IND-4420,WH-IND-03,182,0,0,4,4
2024-04-27,SKU-IND-4420,WH-IND-03,222,0,0,5,4
2024-04-28,SKU-IND-4420,WH-IND-03,91,0,0,6,4
2024-04-29,SKU-IND-4420,WH-IND-03,219,0,0,0,4
2024-04-30,SKU-IND-4420,WH-IND-03,216,0,0,1,4
2024-05-01,SKU-IND-4420,WH-IND-03,190,0,0,2,5
2024-05-02,SKU-IND-4420,WH-IND-03,185,0,0,3,5
2024-05-03,SKU-IND-4420,WH-IND-03,185,0,0,4,5
2024-05-04,SKU-IND-4420,WH-IND-03,167,0,0,5,5
2024-05-05,SKU-IND-4420,WH-IND-03,87,0,0,6,5
2024-05-06,SKU-IND-4420,WH-IND-03,195,0,0,0,5
2024-05-07,SKU-IND-4420,WH-IND-03,175,0,0,1,5
2024-05-08,SKU-IND-4420,WH-IND-03,160,0,0,2,5
2024-05-09,SKU-IND-4420,WH-IND-03,195,0,0,3,5
2024-05-10,SKU-IND-4420,WH-IND-03,194,0,0,4,5
2024-05-11,SKU-IND-4420,WH-IND-03,190,0,0,5,5
2024-05-12,SKU-IND-4420,WH-IND-03,60,0,0,6,5
2024-05-13,SKU-IND-4420,WH-IND-03,204,0,0,0,5
2024-05-14,SKU-IND-4420,WH-IND-03,203,0,0,1,5
2024-05-15,SKU-IND-4420,WH-IND-03,185,0,0,2,5
2024-05-16,SKU-IND-4420,WH-IND-03,200,0,0,3,5
2024-05-17,SKU-IND-4420,WH-IND-03,179,0,0,4,5
2024-05-18,SKU-IND-4420,WH-IND-03,197,0,0,5,5
2024-05-19,SKU-IND-4420,WH-IND-03,100,0,0,6,5
2024-05-20,SKU-IND-4420,WH-IND-03,233,0,0,0,5
2024-05-21,SKU-IND-4420,WH-IND-03,186,0,0,1,5
2024-05-22,SKU-IND-4420,WH-IND-03,197,0,0,2,5
2024-05-23,SKU-IND-4420,WH-IND-03,188,0,0,3,5
2024-05-24,SKU-IND-4420,WH-IND-03,192,0,0,4,5
2024-05-25,SKU-IND-4420,WH-IND-03,186,0,0,5,5
2024-05-26,SKU-IND-4420,WH-IND-03,73,0,0,6,5
2024-05-27,SKU-IND-4420,WH-IND-03,223,0,0,0,5
2024-05-28,SKU-IND-4420,WH-IND-03,173,0,0,1,5
2024-05-29,SKU-IND-4420,WH-IND-03,172,0,0,2,5
2024-05-30,SKU-IND-4420,WH-IND-03,165,0,0,3,5
2024-05-31,SKU-IND-4420,WH-IND-03,161,0,0,4,5
2024-06-01,SKU-IND-4420,WH-IND-03,167,0,1,5,6
2024-06-02,SKU-IND-4420,WH-IND-03,78,0,1,6,6
2024-06-03,SKU-IND-4420,WH-IND-03,201,0,1,0,6
2024-06-04,SKU-IND-4420,WH-IND-03,197,0,1,1,6
2024-06-05,SKU-IND-4420,WH-IND-03,188,0,1,2,6
2024-06-06,SKU-IND-4420,WH-IND-03,152,0,1,3,6
2024-06-07,SKU-IND-4420,WH-IND-03,198,0,1,4,6
2024-06-08,SKU-IND-4420,WH-IND-03,200,0,1,5,6
2024-06-09,SKU-IND-4420,WH-IND-03,56,0,1,6,6
2024-06-10,SKU-IND-4420,WH-IND-03,220,0,1,0,6
2024-06-11,SKU-IND-4420,WH-IND-03,170,0,1,1,6
2024-06-12,SKU-IND-4420,WH-IND-03,186,0,1,2,6
2024-06-13,SKU-IND-4420,WH-IND-03,162,0,1,3,6
2024-06-14,SKU-IND-4420,WH-IND-03,152,0,1,4,6
2024-06-15,SKU-IND-4420,WH-IND-03,176,0,1,5,6
2024-06-16,SKU-IND-4420,WH-IND-03,71,0,1,6,6
2024-06-17,SKU-IND-4420,WH-IND-03,202,0,1,0,6
2024-06-18,SKU-IND-4420,WH-IND-03,161,0,1,1,6
2024-06-19,SKU-IND-4420,WH-IND-03,174,0,1,2,6
2024-06-20,SKU-IND-4420,WH-IND-03,185,0,1,3,6
2024-06-21,SKU-IND-4420,WH-IND-03,180,0,1,4,6
2024-06-22,SKU-IND-4420,WH-IND-03,183,0,1,5,6
2024-06-23,SKU-IND-4420,WH-IND-03,60,0,1,6,6
2024-06-24,SKU-IND-4420,WH-IND-03,226,0,1,0,6
2024-06-25,SKU-IND-4420,WH-IND-03,158,0,1,1,6
2024-06-26,SKU-IND-4420,WH-IND-03,187,0,1,2,6
2024-06-27,SKU-IND-4420,WH-IND-03,198,0,1,3,6
2024-06-28,SKU-IND-4420,WH-IND-03,186,0,1,4,6
2024-06-29,SKU-IND-4420,WH-IND-03,173,0,1,5,6
2024-06-30,SKU-IND-4420,WH-IND-03,61,0,1,6,6
2024-07-01,SKU-IND-4420,WH-IND-03,220,0,1,0,7
2024-07-02,SKU-IND-4420,WH-IND-03,150,0,1,1,7
2024-07-03,SKU-IND-4420,WH-IND-03,158,0,1,2,7
2024-07-04,SKU-IND-4420,WH-IND-03,167,0,1,3,7
2024-07-05,SKU-IND-4420,WH-IND-03,196,0,1,4,7
2024-07-06,SKU-IND-4420,WH-IND-03,180,0,1,5,7
2024-07-07,SKU-IND-4420,WH-IND-03,52,0,1,6,7
2024-07-08,SKU-IND-4420,WH-IND-03,193,0,1,0,7
2024-07-09,SKU-IND-4420,WH-IND-03,161,0,1,1,7
2024-07-10,SKU-IND-4420,WH-IND-03,159,0,1,2,7
2024-07-11,SKU-IND-4420,WH-IND-03,188,0,1,3,7
2024-07-12,SKU-IND-4420,WH-IND-03,147,0,1,4,7
2024-07-13,SKU-IND-4420,WH-IND-03,199,0,1,5,7
2024-07-14,SKU-IND-4420,WH-IND-03,82,0,1,6,7
2024-07-15,SKU-IND-4420,WH-IND-03,214,0,1,0,7
2024-07-16,SKU-IND-4420,WH-IND-03,161,0,1,1,7
2024-07-17,SKU-IND-4420,WH-IND-03,166,0,1,2,7
2024-07-18,SKU-IND-4420,WH-IND-03,143,0,1,3,7
2024-07-19,SKU-IND-4420,WH-IND-03,158,0,1,4,7
2024-07-20,SKU-IND-4420,WH-IND-03,176,0,1,5,7
2024-07-21,SKU-IND-4420,WH-IND-03,89,0,1,6,7
2024-07-22,SKU-IND-4420,WH-IND-03,172,0,1,0,7
2024-07-23,SKU-IND-4420,WH-IND-03,160,0,1,1,7
2024-07-24,SKU-IND-4420,WH-IND-03,163,0,1,2,7
2024-07-25,SKU-IND-4420,WH-IND-03,141,0,1,3,7
2024-07-26,SKU-IND-4420,WH-IND-03,175,0,1,4,7
2024-07-27,SKU-IND-4420,WH-IND-03,152,0,1,5,7
2024-07-28,SKU-IND-4420,WH-IND-03,62,0,1,6,7
2024-07-29,SKU-IND-4420,WH-IND-03,180,0,1,0,7
2024-07-30,SKU-IND-4420,WH-IND-03,149,0,1,1,7
2024-07-31,SKU-IND-4420,WH-IND-03,163,0,1,2,7
2024-08-01,SKU-IND-4420,WH-IND-03,159,0,1,3,8
2024-08-02,SKU-IND-4420,WH-IND-03,155,0,1,4,8
2024-08-03,SKU-IND-4420,WH-IND-03,149,0,1,5,8
2024-08-04,SKU-IND-4420,WH-IND-03,70,0,1,6,8
2024-08-05,SKU-IND-4420,WH-IND-03,214,0,1,0,8
2024-08-06,SKU-IND-4420,WH-IND-03,163,0,1,1,8
2024-08-07,SKU-IND-4420,WH-IND-03,178,0,1,2,8
2024-08-08,SKU-IND-4420,WH-IND-03,135,0,1,3,8
2024-08-09,SKU-IND-4420,WH-IND-03,162,0,1,4,8
2024-08-10,SKU-IND-4420,WH-IND-03,140,0,1,5,8
2024-08-11,SKU-IND-4420,WH-IND-03,37,0,1,6,8
2024-08-12,SKU-IND-4420,WH-IND-03,169,0,1,0,8
2024-08-13,SKU-IND-4420,WH-IND-03,179,0,1,1,8
2024-08-14,SKU-IND-4420,WH-IND-03,174,0,1,2,8
2024-08-15,SKU-IND-4420,WH-IND-03,162,0,1,3,8
2024-08-16,SKU-IND-4420,WH-IND-03,130,0,1,4,8
2024-08-17,SKU-IND-4420,WH-IND-03,153,0,1,5,8
2024-08-18,SKU-IND-4420,WH-IND-03,68,0,1,6,8
2024-08-19,SKU-IND-4420,WH-IND-03,183,0,1,0,8
2024-08-20,SKU-IND-4420,WH-IND-03,123,0,1,1,8
2024-08-21,SKU-IND-4420,WH-IND-03,140,0,1,2,8
2024-08-22,SKU-IND-4420,WH-IND-03,154,0,1,3,8
2024-08-23,SKU-IND-4420,WH-IND-03,164,0,1,4,8
2024-08-24,SKU-IND-4420,WH-IND-03,116,0,1,5,8
2024-08-25,SKU-IND-4420,WH-IND-03,59,0,1,6,8
2024-08-26,SKU-IND-4420,WH-IND-03,180,0,1,0,8
2024-08-27,SKU-IND-4420,WH-IND-03,169,0,1,1,8
2024-08-28,SKU-IND-4420,WH-IND-03,166,0,1,2,8
2024-08-29,SKU-IND-4420,WH-IND-03,163,0,1,3,8
2024-08-30,SKU-IND-4420,WH-IND-03,139,0,1,4,8
2024-08-31,SKU-IND-4420,WH-IND-03,119,0,1,5,8
2024-09-01,SKU-IND-4420,WH-IND-03,54,0,0,6,9
2024-09-02,SKU-IND-4420,WH-IND-03,193,0,0,0,9
2024-09-03,SKU-IND-4420,WH-IND-03,177,0,0,1,9
2024-09-04,SKU-IND-4420,WH-IND-03,164,0,0,2,9
2024-09-05,SKU-IND-4420,WH-IND-03,159,0,0,3,9
2024-09-06,SKU-IND-4420,WH-IND-03,158,0,0,4,9
2024-09-07,SKU-IND-4420,WH-IND-03,142,0,0,5,9
2024-09-08,SKU-IND-4420,WH-IND-03,58,0,0,6,9
2024-09-09,SKU-IND-4420,WH-IND-03,203,0,0,0,9
2024-09-10,SKU-IND-4420,WH-IND-03,134,0,0,1,9
2024-09-11,SKU-IND-4420,WH-IND-03,247,1,0,2,9
2024-09-12,SKU-IND-4420,WH-IND-03,213,1,0,3,9
2024-09-13,SKU-IND-4420,WH-IND-03,242,1,0,4,9
2024-09-14,SKU-IND-4420,WH-IND-03,193,1,0,5,9
2024-09-15,SKU-IND-4420,WH-IND-03,97,1,0,6,9
2024-09-16,SKU-IND-4420,WH-IND-03,237,1,0,0,9
2024-09-17,SKU-IND-4420,WH-IND-03,193,1,0,1,9
2024-09-18,SKU-IND-4420,WH-IND-03,221,1,0,2,9
2024-09-19,SKU-IND-4420,WH-IND-03,235,1,0,3,9
2024-09-20,SKU-IND-4420,WH-IND-03,202,1,0,4,9
2024-09-21,SKU-IND-4420,WH-IND-03,191,1,0,5,9
2024-09-22,SKU-IND-4420,WH-IND-03,85,1,0,6,9
2024-09-23,SKU-IND-4420,WH-IND-03,248,1,0,0,9
2024-09-24,SKU-IND-4420,WH-IND-03,226,1,0,1,9
2024-09-25,SKU-IND-4420,WH-IND-03,233,1,0,2,9
2024-09-26,SKU-IND-4420,WH-IND-03,216,1,0,3,9
2024-09-27,SKU-IND-4420,WH-IND-03,249,1,0,4,9
2024-09-28,SKU-IND-4420,WH-IND-03,220,1,0,5,9
2024-09-29,SKU-IND-4420,WH-IND-03,80,1,0,6,9
2024-09-30,SKU-IND-4420,WH-IND-03,221,1,0,0,9
2024-10-01,SKU-IND-4420,WH-IND-03,144,0,0,1,10
2024-10-02,SKU-IND-4420,WH-IND-03,143,0,0,2,10
2024-10-03,SKU-IND-4420,WH-IND-03,166,0,0,3,10
2024-10-04,SKU-IND-4420,WH-IND-03,157,0,0,4,10
2024-10-05,SKU-IND-4420,WH-IND-03,128,0,0,5,10
2024-10-06,SKU-IND-4420,WH-IND-03,62,0,0,6,10
2024-10-07,SKU-IND-4420,WH-IND-03,184,0,0,0,10
2024-10-08,SKU-IND-4420,WH-IND-03,176,0,0,1,10
2024-10-09,SKU-IND-4420,WH-IND-03,165,0,0,2,10
2024-10-10,SKU-IND-4420,WH-IND-03,163,0,0,3,10
2024-10-11,SKU-IND-4420,WH-IND-03,218,1,0,4,10
2024-10-12,SKU-IND-4420,WH-IND-03,224,1,0,5,10
2024-10-13,SKU-IND-4420,WH-IND-03,109,1,0,6,10
2024-10-14,SKU-IND-4420,WH-IND-03,227,1,0,0,10
2024-10-15,SKU-IND-4420,WH-IND-03,211,1,0,1,10
2024-10-16,SKU-IND-4420,WH-IND-03,204,1,0,2,10
2024-10-17,SKU-IND-4420,WH-IND-03,225,1,0,3,10
2024-10-18,SKU-IND-4420,WH-IND-03,240,1,0,4,10
2024-10-19,SKU-IND-4420,WH-IND-03,208,1,0,5,10
2024-10-20,SKU-IND-4420,WH-IND-03,45,1,0,6,10
2024-10-21,SKU-IND-4420,WH-IND-03,244,1,0,0,10
2024-10-22,SKU-IND-4420,WH-IND-03,235,1,0,1,10
2024-10-23,SKU-IND-4420,WH-IND-03,229,1,0,2,10
2024-10-24,SKU-IND-4420,WH-IND-03,227,1,0,3,10
2024-10-25,SKU-IND-4420,WH-IND-03,215,1,0,4,10
2024-10-26,SKU-IND-4420,WH-IND-03,197,1,0,5,10
2024-10-27,SKU-IND-4420,WH-IND-03,97,1,0,6,10
2024-10-28,SKU-IND-4420,WH-IND-03,239,1,0,0,10
2024-10-29,SKU-IND-4420,WH-IND-03,259,1,0,1,10
2024-10-30,SKU-IND-4420,WH-IND-03,231,1,0,2,10
2024-10-31,SKU-IND-4420,WH-IND-03,211,1,0,3,10
2024-11-01,SKU-IND-4420,WH-IND-03,142,0,0,4,11
2024-11-02,SKU-IND-4420,WH-IND-03,151,0,0,5,11
2024-11-03,SKU-IND-4420,WH-IND-03,57,0,0,6,11
2024-11-04,SKU-IND-4420,WH-IND-03,196,0,0,0,11
2024-11-05,SKU-IND-4420,WH-IND-03,157,0,0,1,11
2024-11-06,SKU-IND-4420,WH-IND-03,141,0,0,2,11
2024-11-07,SKU-IND-4420,WH-IND-03,188,0,0,3,11
2024-11-08,SKU-IND-4420,WH-IND-03,155,0,0,4,11
2024-11-09,SKU-IND-4420,WH-IND-03,168,0,0,5,11
2024-11-10,SKU-IND-4420,WH-IND-03,51,0,0,6,11
2024-11-11,SKU-IND-4420,WH-IND-03,185,0,0,0,11
2024-11-12,SKU-IND-4420,WH-IND-03,161,0,0,1,11
2024-11-13,SKU-IND-4420,WH-IND-03,123,0,0,2,11
2024-11-14,SKU-IND-4420,WH-IND-03,192,0,0,3,11
2024-11-15,SKU-IND-4420,WH-IND-03,179,0,0,4,11
2024-11-16,SKU-IND-4420,WH-IND-03,150,0,0,5,11
2024-11-17,SKU-IND-4420,WH-IND-03,43,0,0,6,11
2024-11-18,SKU-IND-4420,WH-IND-03,187,0,0,0,11
2024-11-19,SKU-IND-4420,WH-IND-03,159,0,0,1,11
2024-11-20,SKU-IND-4420,WH-IND-03,165,0,0,2,11
2024-11-21,SKU-IND-4420,WH-IND-03,162,0,0,3,11
2024-11-22,SKU-IND-4420,WH-IND-03,168,0,0,4,11
2024-11-23,SKU-IND-4420,WH-IND-03,185,0,0,5,11
2024-11-24,SKU-IND-4420,WH-IND-03,74,0,0,6,11
2024-11-25,SKU-IND-4420,WH-IND-03,166,0,0,0,11
2024-11-26,SKU-IND-4420,WH-IND-03,184,0,0,1,11
2024-11-27,SKU-IND-4420,WH-IND-03,190,0,0,2,11
2024-11-28,SKU-IND-4420,WH-IND-03,217,0,0,3,11
2024-11-29,SKU-IND-4420,WH-IND-03,142,0,0,4,11
2024-11-30,SKU-IND-4420,WH-IND-03,166,0,0,5,11
2024-12-01,SKU-IND-4420,WH-IND-03,28,0,0,6,12
2024-12-02,SKU-IND-4420,WH-IND-03,197,0,0,0,12
2024-12-03,SKU-IND-4420,WH-IND-03,154,0,0,1,12
2024-12-04,SKU-IND-4420,WH-IND-03,197,0,0,2,12
2024-12-05,SKU-IND-4420,WH-IND-03,150,0,0,3,12
2024-12-06,SKU-IND-4420,WH-IND-03,135,0,0,4,12
2024-12-07,SKU-IND-4420,WH-IND-03,157,0,0,5,12
2024-12-08,SKU-IND-4420,WH-IND-03,31,0,0,6,12
2024-12-09,SKU-IND-4420,WH-IND-03,204,0,0,0,12
2024-12-10,SKU-IND-4420,WH-IND-03,130,0,0,1,12
2024-12-11,SKU-IND-4420,WH-IND-03,167,0,0,2,12
2024-12-12,SKU-IND-4420,WH-IND-03,130,0,0,3,12
2024-12-13,SKU-IND-4420,WH-IND-03,162,0,0,4,12
2024-12-14,SKU-IND-4420,WH-IND-03,197,0,0,5,12
2024-12-15,SKU-IND-4420,WH-IND-03,73,0,0,6,12
2024-12-16,SKU-IND-4420,WH-IND-03,179,0,0,0,12
2024-12-17,SKU-IND-4420,WH-IND-03,169,0,0,1,12
2024-12-18,SKU-IND-4420,WH-IND-03,170,0,0,2,12
2024-12-19,SKU-IND-4420,WH-IND-03,178,0,0,3,12
2024-12-20,SKU-IND-4420,WH-IND-03,146,0,0,4,12
2024-12-21,SKU-IND-4420,WH-IND-03,181,0,0,5,12
2024-12-22,SKU-IND-4420,WH-IND-03,21,0,0,6,12
2024-12-23,SKU-IND-4420,WH-IND-03,187,0,0,0,12
2024-12-24,SKU-IND-4420,WH-IND-03,164,0,0,1,12
2024-12-25,SKU-IND-4420,WH-IND-03,184,0,0,2,12
2024-12-26,SKU-IND-4420,WH-IND-03,174,0,0,3,12
2024-12-27,SKU-IND-4420,WH-IND-03,149,0,0,4,12
2024-12-28,SKU-IND-4420,WH-IND-03,157,0,0,5,12
2024-12-29,SKU-IND-4420,WH-IND-03,73,0,0,6,12
2024-12-30,SKU-IND-4420,WH-IND-03,200,0,0,0,12
2024-12-31,SKU-IND-4420,WH-IND-03,165,0,0,1,12
2025-01-01,SKU-IND-4420,WH-IND-03,167,0,0,2,1
2025-01-02,SKU-IND-4420,WH-IND-03,189,0,0,3,1
2025-01-03,SKU-IND-4420,WH-IND-03,168,0,0,4,1
2025-01-04,SKU-IND-4420,WH-IND-03,176,0,0,5,1
2025-01-05,SKU-IND-4420,WH-IND-03,109,0,0,6,1
2025-01-06,SKU-IND-4420,WH-IND-03,180,0,0,0,1
2025-01-07,SKU-IND-4420,WH-IND-03,146,0,0,1,1
2025-01-08,SKU-IND-4420,WH-IND-03,193,0,0,2,1
2025-01-09,SKU-IND-4420,WH-IND-03,168,0,0,3,1
2025-01-10,SKU-IND-4420,WH-IND-03,174,0,0,4,1
2025-01-11,SKU-IND-4420,WH-IND-03,167,0,0,5,1
2025-01-12,SKU-IND-4420,WH-IND-03,67,0,0,6,1
2025-01-13,SKU-IND-4420,WH-IND-03,237,0,0,0,1
2025-01-14,SKU-IND-4420,WH-IND-03,196,0,0,1,1
2025-01-15,SKU-IND-4420,WH-IND-03,197,0,0,2,1
2025-01-16,SKU-IND-4420,WH-IND-03,158,0,0,3,1
2025-01-17,SKU-IND-4420,WH-IND-03,163,0,0,4,1
2025-01-18,SKU-IND-4420,WH-IND-03,133,0,0,5,1
2025-01-19,SKU-IND-4420,WH-IND-03,59,0,0,6,1
2025-01-20,SKU-IND-4420,WH-IND-03,229,0,0,0,1
2025-01-21,SKU-IND-4420,WH-IND-03,194,0,0,1,1
2025-01-22,SKU-IND-4420,WH-IND-03,181,0,0,2,1
2025-01-23,SKU-IND-4420,WH-IND-03,185,0,0,3,1
2025-01-24,SKU-IND-4420,WH-IND-03,174,0,0,4,1
2025-01-25,SKU-IND-4420,WH-IND-03,190,0,0,5,1
2025-01-26,SKU-IND-4420,WH-IND-03,88,0,0,6,1
2025-01-27,SKU-IND-4420,WH-IND-03,187,0,0,0,1
2025-01-28,SKU-IND-4420,WH-IND-03,193,0,0,1,1
2025-01-29,SKU-IND-4420,WH-IND-03,204,0,0,2,1
2025-01-30,SKU-IND-4420,WH-IND-03,181,0,0,3,1
2025-01-31,SKU-IND-4420,WH-IND-03,201,0,0,4,1
2025-02-01,SKU-IND-4420,WH-IND-03,239,0,0,5,2
2025-02-02,SKU-IND-4420,WH-IND-03,74,0,0,6,2
2025-02-03,SKU-IND-4420,WH-IND-03,225,0,0,0,2
2025-02-04,SKU-IND-4420,WH-IND-03,177,0,0,1,2
2025-02-05,SKU-IND-4420,WH-IND-03,194,0,0,2,2
2025-02-06,SKU-IND-4420,WH-IND-03,199,0,0,3,2
2025-02-07,SKU-IND-4420,WH-IND-03,195,0,0,4,2
2025-02-08,SKU-IND-4420,WH-IND-03,174,0,0,5,2
2025-02-09,SKU-IND-4420,WH-IND-03,80,0,0,6,2
2025-02-10,SKU-IND-4420,WH-IND-03,247,0,0,0,2
2025-02-11,SKU-IND-4420,WH-IND-03,201,0,0,1,2
2025-02-12,SKU-IND-4420,WH-IND-03,210,0,0,2,2
2025-02-13,SKU-IND-4420,WH-IND-03,189,0,0,3,2
2025-02-14,SKU-IND-4420,WH-IND-03,207,0,0,4,2
2025-02-15,SKU-IND-4420,WH-IND-03,199,0,0,5,2
2025-02-16,SKU-IND-4420,WH-IND-03,61,0,0,6,2
2025-02-17,SKU-IND-4420,WH-IND-03,230,0,0,0,2
2025-02-18,SKU-IND-4420,WH-IND-03,178,0,0,1,2
2025-02-19,SKU-IND-4420,WH-IND-03,184,0,0,2,2
2025-02-20,SKU-IND-4420,WH-IND-03,199,0,0,3,2
2025-02-21,SKU-IND-4420,WH-IND-03,201,0,0,4,2
2025-02-22,SKU-IND-4420,WH-IND-03,175,0,0,5,2
2025-02-23,SKU-IND-4420,WH-IND-03,97,0,0,6,2
2025-02-24,SKU-IND-4420,WH-IND-03,237,0,0,0,2
2025-02-25,SKU-IND-4420,WH-IND-03,185,0,0,1,2
2025-02-26,SKU-IND-4420,WH-IND-03,170,0,0,2,2
2025-02-27,SKU-IND-4420,WH-IND-03,195,0,0,3,2
2025-02-28,SKU-IND-4420,WH-IND-03,190,0,0,4,2
2025-03-01,SKU-IND-4420,WH-IND-03,200,0,0,5,3
2025-03-02,SKU-IND-4420,WH-IND-03,73,0,0,6,3
2025-03-03,SKU-IND-4420,WH-IND-03,193,0,0,0,3
2025-03-04,SKU-IND-4420,WH-IND-03,192,0,0,1,3
2025-03-05,SKU-IND-4420,WH-IND-03,194,0,0,2,3
2025-03-06,SKU-IND-4420,WH-IND-03,210,0,0,3,3
2025-03-07,SKU-IND-4420,WH-IND-03,187,0,0,4,3
2025-03-08,SKU-IND-4420,WH-IND-03,229,0,0,5,3
2025-03-09,SKU-IND-4420,WH-IND-03,46,0,0,6,3
2025-03-10,SKU-IND-4420,WH-IND-03,253,0,0,0,3
2025-03-11,SKU-IND-4420,WH-IND-03,196,0,0,1,3
2025-03-12,SKU-IND-4420,WH-IND-03,215,0,0,2,3
2025-03-13,SKU-IND-4420,WH-IND-03,202,0,0,3,3
2025-03-14,SKU-IND-4420,WH-IND-03,221,0,0,4,3
2025-03-15,SKU-IND-4420,WH-IND-03,194,0,0,5,3
2025-03-16,SKU-IND-4420,WH-IND-03,61,0,0,6,3
2025-03-17,SKU-IND-4420,WH-IND-03,256,0,0,0,3
2025-03-18,SKU-IND-4420,WH-IND-03,199,0,0,1,3
2025-03-19,SKU-IND-4420,WH-IND-03,205,0,0,2,3
2025-03-20,SKU-IND-4420,WH-IND-03,223,0,0,3,3
2025-03-21,SKU-IND-4420,WH-IND-03,183,0,0,4,3
2025-03-22,SKU-IND-4420,WH-IND-03,212,0,0,5,3
2025-03-23,SKU-IND-4420,WH-IND-03,70,0,0,6,3
2025-03-24,SKU-IND-4420,WH-IND-03,230,0,0,0,3
2025-03-25,SKU-IND-4420,WH-IND-03,203,0,0,1,3
2025-03-26,SKU-IND-4420,WH-IND-03,175,0,0,2,3
2025-03-27,SKU-IND-4420,WH-IND-03,188,0,0,3,3
2025-03-28,SKU-IND-4420,WH-IND-03,226,0,0,4,3
2025-03-29,SKU-IND-4420,WH-IND-03,217,0,0,5,3
2025-03-30,SKU-IND-4420,WH-IND-03,79,0,0,6,3
2025-03-31,SKU-IND-4420,WH-IND-03,237,0,0,0,3
2025-04-01,SKU-IND-4420,WH-IND-03,197,0,0,1,4
2025-04-02,SKU-IND-4420,WH-IND-03,226,0,0,2,4
2025-04-03,SKU-IND-4420,WH-IND-03,198,0,0,3,4
2025-04-04,SKU-IND-4420,WH-IND-03,206,0,0,4,4
2025-04-05,SKU-IND-4420,WH-IND-03,222,0,0,5,4
2025-04-06,SKU-IND-4420,WH-IND-03,67,0,0,6,4
2025-04-07,SKU-IND-4420,WH-IND-03,260,0,0,0,4
2025-04-08,SKU-IND-4420,WH-IND-03,175,0,0,1,4
2025-04-09,SKU-IND-4420,WH-IND-03,230,0,0,2,4
2025-04-10,SKU-IND-4420,WH-IND-03,195,0,0,3,4
2025-04-11,SKU-IND-4420,WH-IND-03,197,0,0,4,4
2025-04-12,SKU-IND-4420,WH-IND-03,168,0,0,5,4
2025-04-13,SKU-IND-4420,WH-IND-03,72,0,0,6,4
2025-04-14,SKU-IND-4420,WH-IND-03,213,0,0,0,4
2025-04-15,SKU-IND-4420,WH-IND-03,191,0,0,1,4
2025-04-16,SKU-IND-4420,WH-IND-03,199,0,0,2,4
2025-04-17,SKU-IND-4420,WH-IND-03,218,0,0,3,4
2025-04-18,SKU-IND-4420,WH-IND-03,205,0,0,4,4
2025-04-19,SKU-IND-4420,WH-IND-03,206,0,0,5,4
2025-04-20,SKU-IND-4420,WH-IND-03,61,0,0,6,4
2025-04-21,SKU-IND-4420,WH-IND-03,215,0,0,0,4
2025-04-22,SKU-IND-4420,WH-IND-03,232,0,0,1,4
2025-04-23,SKU-IND-4420,WH-IND-03,187,0,0,2,4
2025-04-24,SKU-IND-4420,WH-IND-03,229,0,0,3,4
2025-04-25,SKU-IND-4420,WH-IND-03,196,0,0,4,4
2025-04-26,SKU-IND-4420,WH-IND-03,200,0,0,5,4
2025-04-27,SKU-IND-4420,WH-IND-03,98,0,0,6,4
2025-04-28,SKU-IND-4420,WH-IND-03,252,0,0,0,4
2025-04-29,SKU-IND-4420,WH-IND-03,197,0,0,1,4
2025-04-30,SKU-IND-4420,WH-IND-03,192,0,0,2,4
2025-05-01,SKU-IND-4420,WH-IND-03,198,0,0,3,5
2025-05-02,SKU-IND-4420,WH-IND-03,204,0,0,4,5
2025-05-03,SKU-IND-4420,WH-IND-03,214,0,0,5,5
2025-05-04,SKU-IND-4420,WH-IND-03,79,0,0,6,5
2025-05-05,SKU-IND-4420,WH-IND-03,238,0,0,0,5
2025-05-06,SKU-IND-4420,WH-IND-03,226,0,0,1,5
2025-05-07,SKU-IND-4420,WH-IND-03,204,0,0,2,5
2025-05-08,SKU-IND-4420,WH-IND-03,202,0,0,3,5
2025-05-09,SKU-IND-4420,WH-IND-03,170,0,0,4,5
2025-05-10,SKU-IND-4420,WH-IND-03,150,0,0,5,5
2025-05-11,SKU-IND-4420,WH-IND-03,85,0,0,6,5
2025-05-12,SKU-IND-4420,WH-IND-03,224,0,0,0,5
2025-05-13,SKU-IND-4420,WH-IND-03,186,0,0,1,5
2025-05-14,SKU-IND-4420,WH-IND-03,199,0,0,2,5
2025-05-15,SKU-IND-4420,WH-IND-03,194,0,0,3,5
2025-05-16,SKU-IND-4420,WH-IND-03,214,0,0,4,5
2025-05-17,SKU-IND-4420,WH-IND-03,196,0,0,5,5
2025-05-18,SKU-IND-4420,WH-IND-03,64,0,0,6,5
2025-05-19,SKU-IND-4420,WH-IND-03,240,0,0,0,5
2025-05-20,SKU-IND-4420,WH-IND-03,189,0,0,1,5
2025-05-21,SKU-IND-4420,WH-IND-03,202,0,0,2,5
2025-05-22,SKU-IND-4420,WH-IND-03,184,0,0,3,5
2025-05-23,SKU-IND-4420,WH-IND-03,181,0,0,4,5
2025-05-24,SKU-IND-4420,WH-IND-03,193,0,0,5,5
2025-05-25,SKU-IND-4420,WH-IND-03,77,0,0,6,5
2025-05-26,SKU-IND-4420,WH-IND-03,228,0,0,0,5
2025-05-27,SKU-IND-4420,WH-IND-03,186,0,0,1,5
2025-05-28,SKU-IND-4420,WH-IND-03,158,0,0,2,5
2025-05-29,SKU-IND-4420,WH-IND-03,182,0,0,3,5
2025-05-30,SKU-IND-4420,WH-IND-03,204,0,0,4,5
2025-05-31,SKU-IND-4420,WH-IND-03,184,0,0,5,5
2025-06-01,SKU-IND-4420,WH-IND-03,71,0,1,6,6
2025-06-02,SKU-IND-4420,WH-IND-03,234,0,1,0,6
2025-06-03,SKU-IND-4420,WH-IND-03,176,0,1,1,6
2025-06-04,SKU-IND-4420,WH-IND-03,161,0,1,2,6
2025-06-05,SKU-IND-4420,WH-IND-03,184,0,1,3,6
2025-06-06,SKU-IND-4420,WH-IND-03,178,0,1,4,6
2025-06-07,SKU-IND-4420,WH-IND-03,169,0,1,5,6
2025-06-08,SKU-IND-4420,WH-IND-03,71,0,1,6,6
2025-06-09,SKU-IND-4420,WH-IND-03,222,0,1,0,6
2025-06-10,SKU-IND-4420,WH-IND-03,185,0,1,1,6
2025-06-11,SKU-IND-4420,WH-IND-03,190,0,1,2,6
2025-06-12,SKU-IND-4420,WH-IND-03,216,0,1,3,6
2025-06-13,SKU-IND-4420,WH-IND-03,178,0,1,4,6
2025-06-14,SKU-IND-4420,WH-IND-03,188,0,1,5,6
2025-06-15,SKU-IND-4420,WH-IND-03,64,0,1,6,6
2025-06-16,SKU-IND-4420,WH-IND-03,195,0,1,0,6
2025-06-17,SKU-IND-4420,WH-IND-03,172,0,1,1,6
2025-06-18,SKU-IND-4420,WH-IND-03,173,0,1,2,6
2025-06-19,SKU-IND-4420,WH-IND-03,188,0,1,3,6
2025-06-20,SKU-IND-4420,WH-IND-03,222,0,1,4,6
2025-06-21,SKU-IND-4420,WH-IND-03,168,0,1,5,6
2025-06-22,SKU-IND-4420,WH-IND-03,64,0,1,6,6
2025-06-23,SKU-IND-4420,WH-IND-03,205,0,1,0,6
2025-06-24,SKU-IND-4420,WH-IND-03,186,0,1,1,6
2025-06-25,SKU-IND-4420,WH-IND-03,183,0,1,2,6
2025-06-26,SKU-IND-4420,WH-IND-03,201,0,1,3,6
2025-06-27,SKU-IND-4420,WH-IND-03,135,0,1,4,6
2025-06-28,SKU-IND-4420,WH-IND-03,135,0,1,5,6
2025-06-29,SKU-IND-4420,WH-IND-03,62,0,1,6,6
2025-06-30,SKU-IND-4420,WH-IND-03,222,0,1,0,6
2025-07-01,SKU-IND-4420,WH-IND-03,148,0,1,1,7
2025-07-02,SKU-IND-4420,WH-IND-03,123,0,1,2,7
2025-07-03,SKU-IND-4420,WH-IND-03,185,0,1,3,7
2025-07-04,SKU-IND-4420,WH-IND-03,179,0,1,4,7
2025-07-05,SKU-IND-4420,WH-IND-03,155,0,1,5,7
2025-07-06,SKU-IND-4420,WH-IND-03,52,0,1,6,7
2025-07-07,SKU-IND-4420,WH-IND-03,182,0,1,0,7
2025-07-08,SKU-IND-4420,WH-IND-03,175,0,1,1,7
2025-07-09,SKU-IND-4420,WH-IND-03,161,0,1,2,7
2025-07-10,SKU-IND-4420,WH-IND-03,181,0,1,3,7
2025-07-11,SKU-IND-4420,WH-IND-03,121,0,1,4,7
2025-07-12,SKU-IND-4420,WH-IND-03,156,0,1,5,7
2025-07-13,SKU-IND-4420,WH-IND-03,48,0,1,6,7
2025-07-14,SKU-IND-4420,WH-IND-03,191,0,1,0,7
2025-07-15,SKU-IND-4420,WH-IND-03,160,0,1,1,7
2025-07-16,SKU-IND-4420,WH-IND-03,183,0,1,2,7
2025-07-17,SKU-IND-4420,WH-IND-03,136,0,1,3,7
2025-07-18,SKU-IND-4420,WH-IND-03,169,0,1,4,7
2025-07-19,SKU-IND-4420,WH-IND-03,178,0,1,5,7
2025-07-20,SKU-IND-4420,WH-IND-03,99,0,1,6,7
2025-07-21,SKU-IND-4420,WH-IND-03,184,0,1,0,7
2025-07-22,SKU-IND-4420,WH-IND-03,172,0,1,1,7
2025-07-23,SKU-IND-4420,WH-IND-03,134,0,1,2,7
2025-07-24,SKU-IND-4420,WH-IND-03,124,0,1,3,7
2025-07-25,SKU-IND-4420,WH-IND-03,180,0,1,4,7
2025-07-26,SKU-IND-4420,WH-IND-03,165,0,1,5,7
2025-07-27,SKU-IND-4420,WH-IND-03,86,0,1,6,7
2025-07-28,SKU-IND-4420,WH-IND-03,165,0,1,0,7
2025-07-29,SKU-IND-4420,WH-IND-03,173,0,1,1,7
2025-07-30,SKU-IND-4420,WH-IND-03,196,0,1,2,7
2025-07-31,SKU-IND-4420,WH-IND-03,170,0,1,3,7
2025-08-01,SKU-IND-4420,WH-IND-03,167,0,1,4,8
2025-08-02,SKU-IND-4420,WH-IND-03,162,0,1,5,8
2025-08-03,SKU-IND-4420,WH-IND-03,37,0,1,6,8
2025-08-04,SKU-IND-4420,WH-IND-03,209,0,1,0,8
2025-08-05,SKU-IND-4420,WH-IND-03,150,0,1,1,8
2025-08-06,SKU-IND-4420,WH-IND-03,169,0,1,2,8
2025-08-07,SKU-IND-4420,WH-IND-03,133,0,1,3,8
2025-08-08,SKU-IND-4420,WH-IND-03,139,0,1,4,8
2025-08-09,SKU-IND-4420,WH-IND-03,185,0,1,5,8
2025-08-10,SKU-IND-4420,WH-IND-03,57,0,1,6,8
2025-08-11,SKU-IND-4420,WH-IND-03,208,0,1,0,8
2025-08-12,SKU-IND-4420,WH-IND-03,157,0,1,1,8
2025-08-13,SKU-IND-4420,WH-IND-03,126,0,1,2,8
2025-08-14,SKU-IND-4420,WH-IND-03,173,0,1,3,8
2025-08-15,SKU-IND-4420,WH-IND-03,147,0,1,4,8
2025-08-16,SKU-IND-4420,WH-IND-03,169,0,1,5,8
2025-08-17,SKU-IND-4420,WH-IND-03,63,0,1,6,8
2025-08-18,SKU-IND-4420,WH-IND-03,153,0,1,0,8
2025-08-19,SKU-IND-4420,WH-IND-03,159,0,1,1,8
2025-08-20,SKU-IND-4420,WH-IND-03,194,0,1,2,8
2025-08-21,SKU-IND-4420,WH-IND-03,164,0,1,3,8
2025-08-22,SKU-IND-4420,WH-IND-03,154,0,1,4,8
2025-08-23,SKU-IND-4420,WH-IND-03,174,0,1,5,8
2025-08-24,SKU-IND-4420,WH-IND-03,65,0,1,6,8
2025-08-25,SKU-IND-4420,WH-IND-03,181,0,1,0,8
2025-08-26,SKU-IND-4420,WH-IND-03,135,0,1,1,8
2025-08-27,SKU-IND-4420,WH-IND-03,158,0,1,2,8
2025-08-28,SKU-IND-4420,WH-IND-03,172,0,1,3,8
2025-08-29,SKU-IND-4420,WH-IND-03,139,0,1,4,8
2025-08-30,SKU-IND-4420,WH-IND-03,178,0,1,5,8
2025-08-31,SKU-IND-4420,WH-IND-03,59,0,1,6,8
2025-09-01,SKU-IND-4420,WH-IND-03,160,0,0,0,9
2025-09-02,SKU-IND-4420,WH-IND-03,170,0,0,1,9
2025-09-03,SKU-IND-4420,WH-IND-03,147,0,0,2,9
2025-09-04,SKU-IND-4420,WH-IND-03,165,0,0,3,9
2025-09-05,SKU-IND-4420,WH-IND-03,147,0,0,4,9
2025-09-06,SKU-IND-4420,WH-IND-03,150,0,0,5,9
2025-09-07,SKU-IND-4420,WH-IND-03,69,0,0,6,9
2025-09-08,SKU-IND-4420,WH-IND-03,179,0,0,0,9
2025-09-09,SKU-IND-4420,WH-IND-03,116,0,0,1,9
2025-09-10,SKU-IND-4420,WH-IND-03,131,0,0,2,9
2025-09-11,SKU-IND-4420,WH-IND-03,235,1,0,3,9
2025-09-12,SKU-IND-4420,WH-IND-03,216,1,0,4,9
2025-09-13,SKU-IND-4420,WH-IND-03,209,1,0,5,9
2025-09-14,SKU-IND-4420,WH-IND-03,63,1,0,6,9
2025-09-15,SKU-IND-4420,WH-IND-03,232,1,0,0,9
2025-09-16,SKU-IND-4420,WH-IND-03,182,1,0,1,9
2025-09-17,SKU-IND-4420,WH-IND-03,216,1,0,2,9
2025-09-18,SKU-IND-4420,WH-IND-03,207,1,0,3,9
2025-09-19,SKU-IND-4420,WH-IND-03,200,1,0,4,9
2025-09-20,SKU-IND-4420,WH-IND-03,216,1,0,5,9
2025-09-21,SKU-IND-4420,WH-IND-03,93,1,0,6,9
2025-09-22,SKU-IND-4420,WH-IND-03,286,1,0,0,9
2025-09-23,SKU-IND-4420,WH-IND-03,190,1,0,1,9
2025-09-24,SKU-IND-4420,WH-IND-03,237,1,0,2,9
2025-09-25,SKU-IND-4420,WH-IND-03,234,1,0,3,9
2025-09-26,SKU-IND-4420,WH-IND-03,203,1,0,4,9
2025-09-27,SKU-IND-4420,WH-IND-03,220,1,0,5,9
2025-09-28,SKU-IND-4420,WH-IND-03,78,1,0,6,9
2025-09-29,SKU-IND-4420,WH-IND-03,252,1,0,0,9
2025-09-30,SKU-IND-4420,WH-IND-03,243,1,0,1,9
2025-10-01,SKU-IND-4420,WH-IND-03,160,0,0,2,10
2025-10-02,SKU-IND-4420,WH-IND-03,158,0,0,3,10
2025-10-03,SKU-IND-4420,WH-IND-03,142,0,0,4,10
2025-10-04,SKU-IND-4420,WH-IND-03,123,0,0,5,10
2025-10-05,SKU-IND-4420,WH-IND-03,56,0,0,6,10
2025-10-06,SKU-IND-4420,WH-IND-03,193,0,0,0,10
2025-10-07,SKU-IND-4420,WH-IND-03,122,0,0,1,10
2025-10-08,SKU-IND-4420,WH-IND-03,131,0,0,2,10
2025-10-09,SKU-IND-4420,WH-IND-03,152,0,0,3,10
2025-10-10,SKU-IND-4420,WH-IND-03,132,0,0,4,10
2025-10-11,SKU-IND-4420,WH-IND-03,203,1,0,5,10
2025-10-12,SKU-IND-4420,WH-IND-03,79,1,0,6,10
2025-10-13,SKU-IND-4420,WH-IND-03,226,1,0,0,10
2025-10-14,SKU-IND-4420,WH-IND-03,200,1,0,1,10
2025-10-15,SKU-IND-4420,WH-IND-03,230,1,0,2,10
2025-10-16,SKU-IND-4420,WH-IND-03,195,1,0,3,10
2025-10-17,SKU-IND-4420,WH-IND-03,190,1,0,4,10
2025-10-18,SKU-IND-4420,WH-IND-03,207,1,0,5,10
2025-10-19,SKU-IND-4420,WH-IND-03,100,1,0,6,10
2025-10-20,SKU-IND-4420,WH-IND-03,248,1,0,0,10
2025-10-21,SKU-IND-4420,WH-IND-03,210,1,0,1,10
2025-10-22,SKU-IND-4420,WH-IND-03,220,1,0,2,10
2025-10-23,SKU-IND-4420,WH-IND-03,188,1,0,3,10
2025-10-24,SKU-IND-4420,WH-IND-03,228,1,0,4,10
2025-10-25,SKU-IND-4420,WH-IND-03,226,1,0,5,10
2025-10-26,SKU-IND-4420,WH-IND-03,80,1,0,6,10
2025-10-27,SKU-IND-4420,WH-IND-03,271,1,0,0,10
2025-10-28,SKU-IND-4420,WH-IND-03,201,1,0,1,10
2025-10-29,SKU-IND-4420,WH-IND-03,241,1,0,2,10
2025-10-30,SKU-IND-4420,WH-IND-03,224,1,0,3,10
2025-10-31,SKU-IND-4420,WH-IND-03,215,1,0,4,10
2025-11-01,SKU-IND-4420,WH-IND-03,152,0,0,5,11
2025-11-02,SKU-IND-4420,WH-IND-03,59,0,0,6,11
2025-11-03,SKU-IND-4420,WH-IND-03,198,0,0,0,11
2025-11-04,SKU-IND-4420,WH-IND-03,134,0,0,1,11
2025-11-05,SKU-IND-4420,WH-IND-03,140,0,0,2,11
2025-11-06,SKU-IND-4420,WH-IND-03,172,0,0,3,11
2025-11-07,SKU-IND-4420,WH-IND-03,144,0,0,4,11
2025-11-08,SKU-IND-4420,WH-IND-03,170,0,0,5,11
2025-11-09,SKU-IND-4420,WH-IND-03,92,0,0,6,11
2025-11-10,SKU-IND-4420,WH-IND-03,171,0,0,0,11
2025-11-11,SKU-IND-4420,WH-IND-03,167,0,0,1,11
2025-11-12,SKU-IND-4420,WH-IND-03,135,0,0,2,11
2025-11-13,SKU-IND-4420,WH-IND-03,169,0,0,3,11
2025-11-14,SKU-IND-4420,WH-IND-03,160,0,0,4,11
2025-11-15,SKU-IND-4420,WH-IND-03,165,0,0,5,11
2025-11-16,SKU-IND-4420,WH-IND-03,51,0,0,6,11
2025-11-17,SKU-IND-4420,WH-IND-03,152,0,0,0,11
2025-11-18,SKU-IND-4420,WH-IND-03,166,0,0,1,11
2025-11-19,SKU-IND-4420,WH-IND-03,122,0,0,2,11
2025-11-20,SKU-IND-4420,WH-IND-03,153,0,0,3,11
2025-11-21,SKU-IND-4420,WH-IND-03,175,0,0,4,11
2025-11-22,SKU-IND-4420,WH-IND-03,162,0,0,5,11
2025-11-23,SKU-IND-4420,WH-IND-03,98,0,0,6,11
2025-11-24,SKU-IND-4420,WH-IND-03,202,0,0,0,11
2025-11-25,SKU-IND-4420,WH-IND-03,148,0,0,1,11
2025-11-26,SKU-IND-4420,WH-IND-03,161,0,0,2,11
2025-11-27,SKU-IND-4420,WH-IND-03,160,0,0,3,11
2025-11-28,SKU-IND-4420,WH-IND-03,133,0,0,4,11
2025-11-29,SKU-IND-4420,WH-IND-03,145,0,0,5,11
2025-11-30,SKU-IND-4420,WH-IND-03,55,0,0,6,11
2025-12-01,SKU-IND-4420,WH-IND-03,151,0,0,0,12
2025-12-02,SKU-IND-4420,WH-IND-03,164,0,0,1,12
2025-12-03,SKU-IND-4420,WH-IND-03,159,0,0,2,12
2025-12-04,SKU-IND-4420,WH-IND-03,134,0,0,3,12
2025-12-05,SKU-IND-4420,WH-IND-03,171,0,0,4,12
2025-12-06,SKU-IND-4420,WH-IND-03,177,0,0,5,12
2025-12-07,SKU-IND-4420,WH-IND-03,70,0,0,6,12
2025-12-08,SKU-IND-4420,WH-IND-03,184,0,0,0,12
2025-12-09,SKU-IND-4420,WH-IND-03,176,0,0,1,12
2025-12-10,SKU-IND-4420,WH-IND-03,178,0,0,2,12
2025-12-11,SKU-IND-4420,WH-IND-03,172,0,0,3,12
2025-12-12,SKU-IND-4420,WH-IND-03,152,0,0,4,12
2025-12-13,SKU-IND-4420,WH-IND-03,172,0,0,5,12
2025-12-14,SKU-IND-4420,WH-IND-03,88,0,0,6,12
2025-12-15,SKU-IND-4420,WH-IND-03,183,0,0,0,12
2025-12-16,SKU-IND-4420,WH-IND-03,205,0,0,1,12
2025-12-17,SKU-IND-4420,WH-IND-03,160,0,0,2,12
2025-12-18,SKU-IND-4420,WH-IND-03,170,0,0,3,12
2025-12-19,SKU-IND-4420,WH-IND-03,158,0,0,4,12
2025-12-20,SKU-IND-4420,WH-IND-03,174,0,0,5,12
2025-12-21,SKU-IND-4420,WH-IND-03,37,0,0,6,12
2025-12-22,SKU-IND-4420,WH-IND-03,187,0,0,0,12
2025-12-23,SKU-IND-4420,WH-IND-03,152,0,0,1,12
2025-12-24,SKU-IND-4420,WH-IND-03,174,0,0,2,12
2025-12-25,SKU-IND-4420,WH-IND-03,190,0,0,3,12
2025-12-26,SKU-IND-4420,WH-IND-03,184,0,0,4,12
2025-12-27,SKU-IND-4420,WH-IND-03,132,0,0,5,12
2025-12-28,SKU-IND-4420,WH-IND-03,105,0,0,6,12
2025-12-29,SKU-IND-4420,WH-IND-03,206,0,0,0,12
2025-12-30,SKU-IND-4420,WH-IND-03,161,0,0,1,12
2024-01-01,SKU-IND-1104,WH-IND-01,211,0,0,0,1
2024-01-02,SKU-IND-1104,WH-IND-01,184,0,0,1,1
2024-01-03,SKU-IND-1104,WH-IND-01,175,0,0,2,1
2024-01-04,SKU-IND-1104,WH-IND-01,185,0,0,3,1
2024-01-05,SKU-IND-1104,WH-IND-01,177,0,0,4,1
2024-01-06,SKU-IND-1104,WH-IND-01,179,0,0,5,1
2024-01-07,SKU-IND-1104,WH-IND-01,66,0,0,6,1
2024-01-08,SKU-IND-1104,WH-IND-01,197,0,0,0,1
2024-01-09,SKU-IND-1104,WH-IND-01,187,0,0,1,1
2024-01-10,SKU-IND-1104,WH-IND-01,192,0,0,2,1
2024-01-11,SKU-IND-1104,WH-IND-01,192,0,0,3,1
2024-01-12,SKU-IND-1104,WH-IND-01,196,0,0,4,1
2024-01-13,SKU-IND-1104,WH-IND-01,191,0,0,5,1
2024-01-14,SKU-IND-1104,WH-IND-01,69,0,0,6,1
2024-01-15,SKU-IND-1104,WH-IND-01,226,0,0,0,1
2024-01-16,SKU-IND-1104,WH-IND-01,173,0,0,1,1
2024-01-17,SKU-IND-1104,WH-IND-01,179,0,0,2,1
2024-01-18,SKU-IND-1104,WH-IND-01,179,0,0,3,1
2024-01-19,SKU-IND-1104,WH-IND-01,202,0,0,4,1
2024-01-20,SKU-IND-1104,WH-IND-01,201,0,0,5,1
2024-01-21,SKU-IND-1104,WH-IND-01,81,0,0,6,1
2024-01-22,SKU-IND-1104,WH-IND-01,232,0,0,0,1
2024-01-23,SKU-IND-1104,WH-IND-01,182,0,0,1,1
2024-01-24,SKU-IND-1104,WH-IND-01,196,0,0,2,1
2024-01-25,SKU-IND-1104,WH-IND-01,191,0,0,3,1
2024-01-26,SKU-IND-1104,WH-IND-01,202,0,0,4,1
2024-01-27,SKU-IND-1104,WH-IND-01,192,0,0,5,1
2024-01-28,SKU-IND-1104,WH-IND-01,73,0,0,6,1
2024-01-29,SKU-IND-1104,WH-IND-01,229,0,0,0,1
2024-01-30,SKU-IND-1104,WH-IND-01,204,0,0,1,1
2024-01-31,SKU-IND-1104,WH-IND-01,187,0,0,2,1
2024-02-01,SKU-IND-1104,WH-IND-01,195,0,0,3,2
2024-02-02,SKU-IND-1104,WH-IND-01,184,0,0,4,2
2024-02-03,SKU-IND-1104,WH-IND-01,168,0,0,5,2
2024-02-04,SKU-IND-1104,WH-IND-01,81,0,0,6,2
2024-02-05,SKU-IND-1104,WH-IND-01,233,0,0,0,2
2024-02-06,SKU-IND-1104,WH-IND-01,200,0,0,1,2
2024-02-07,SKU-IND-1104,WH-IND-01,176,0,0,2,2
2024-02-08,SKU-IND-1104,WH-IND-01,194,0,0,3,2
2024-02-09,SKU-IND-1104,WH-IND-01,174,0,0,4,2
2024-02-10,SKU-IND-1104,WH-IND-01,214,0,0,5,2
2024-02-11,SKU-IND-1104,WH-IND-01,67,0,0,6,2
2024-02-12,SKU-IND-1104,WH-IND-01,244,0,0,0,2
2024-02-13,SKU-IND-1104,WH-IND-01,210,0,0,1,2
2024-02-14,SKU-IND-1104,WH-IND-01,190,0,0,2,2
2024-02-15,SKU-IND-1104,WH-IND-01,188,0,0,3,2
2024-02-16,SKU-IND-1104,WH-IND-01,205,0,0,4,2
2024-02-17,SKU-IND-1104,WH-IND-01,192,0,0,5,2
2024-02-18,SKU-IND-1104,WH-IND-01,81,0,0,6,2
2024-02-19,SKU-IND-1104,WH-IND-01,227,0,0,0,2
2024-02-20,SKU-IND-1104,WH-IND-01,182,0,0,1,2
2024-02-21,SKU-IND-1104,WH-IND-01,178,0,0,2,2
2024-02-22,SKU-IND-1104,WH-IND-01,205,0,0,3,2
2024-02-23,SKU-IND-1104,WH-IND-01,197,0,0,4,2
2024-02-24,SKU-IND-1104,WH-IND-01,197,0,0,5,2
2024-02-25,SKU-IND-1104,WH-IND-01,89,0,0,6,2
2024-02-26,SKU-IND-1104,WH-IND-01,248,0,0,0,2
2024-02-27,SKU-IND-1104,WH-IND-01,201,0,0,1,2
2024-02-28,SKU-IND-1104,WH-IND-01,201,0,0,2,2
2024-02-29,SKU-IND-1104,WH-IND-01,210,0,0,3,2
2024-03-01,SKU-IND-1104,WH-IND-01,190,0,0,4,3
2024-03-02,SKU-IND-1104,WH-IND-01,208,0,0,5,3
2024-03-03,SKU-IND-1104,WH-IND-01,88,0,0,6,3
2024-03-04,SKU-IND-1104,WH-IND-01,244,0,0,0,3
2024-03-05,SKU-IND-1104,WH-IND-01,184,0,0,1,3
2024-03-06,SKU-IND-1104,WH-IND-01,198,0,0,2,3
2024-03-07,SKU-IND-1104,WH-IND-01,196,0,0,3,3
2024-03-08,SKU-IND-1104,WH-IND-01,208,0,0,4,3
2024-03-09,SKU-IND-1104,WH-IND-01,212,0,0,5,3
2024-03-10,SKU-IND-1104,WH-IND-01,99,0,0,6,3
2024-03-11,SKU-IND-1104,WH-IND-01,233,0,0,0,3
2024-03-12,SKU-IND-1104,WH-IND-01,202,0,0,1,3
2024-03-13,SKU-IND-1104,WH-IND-01,220,0,0,2,3
2024-03-14,SKU-IND-1104,WH-IND-01,211,0,0,3,3
2024-03-15,SKU-IND-1104,WH-IND-01,222,0,0,4,3
2024-03-16,SKU-IND-1104,WH-IND-01,211,0,0,5,3
2024-03-17,SKU-IND-1104,WH-IND-01,70,0,0,6,3
2024-03-18,SKU-IND-1104,WH-IND-01,224,0,0,0,3
2024-03-19,SKU-IND-1104,WH-IND-01,191,0,0,1,3
2024-03-20,SKU-IND-1104,WH-IND-01,216,0,0,2,3
2024-03-21,SKU-IND-1104,WH-IND-01,222,0,0,3,3
2024-03-22,SKU-IND-1104,WH-IND-01,229,0,0,4,3
2024-03-23,SKU-IND-1104,WH-IND-01,218,0,0,5,3
2024-03-24,SKU-IND-1104,WH-IND-01,96,0,0,6,3
2024-03-25,SKU-IND-1104,WH-IND-01,233,0,0,0,3
2024-03-26,SKU-IND-1104,WH-IND-01,196,0,0,1,3
2024-03-27,SKU-IND-1104,WH-IND-01,218,0,0,2,3
2024-03-28,SKU-IND-1104,WH-IND-01,213,0,0,3,3
2024-03-29,SKU-IND-1104,WH-IND-01,210,0,0,4,3
2024-03-30,SKU-IND-1104,WH-IND-01,213,0,0,5,3
2024-03-31,SKU-IND-1104,WH-IND-01,87,0,0,6,3
2024-04-01,SKU-IND-1104,WH-IND-01,255,0,0,0,4
2024-04-02,SKU-IND-1104,WH-IND-01,223,0,0,1,4
2024-04-03,SKU-IND-1104,WH-IND-01,215,0,0,2,4
2024-04-04,SKU-IND-1104,WH-IND-01,218,0,0,3,4
2024-04-05,SKU-IND-1104,WH-IND-01,215,0,0,4,4
2024-04-06,SKU-IND-1104,WH-IND-01,204,0,0,5,4
2024-04-07,SKU-IND-1104,WH-IND-01,92,0,0,6,4
2024-04-08,SKU-IND-1104,WH-IND-01,224,0,0,0,4
2024-04-09,SKU-IND-1104,WH-IND-01,220,0,0,1,4
2024-04-10,SKU-IND-1104,WH-IND-01,195,0,0,2,4
2024-04-11,SKU-IND-1104,WH-IND-01,212,0,0,3,4
2024-04-12,SKU-IND-1104,WH-IND-01,199,0,0,4,4
2024-04-13,SKU-IND-1104,WH-IND-01,214,0,0,5,4
2024-04-14,SKU-IND-1104,WH-IND-01,83,0,0,6,4
2024-04-15,SKU-IND-1104,WH-IND-01,221,0,0,0,4
2024-04-16,SKU-IND-1104,WH-IND-01,213,0,0,1,4
2024-04-17,SKU-IND-1104,WH-IND-01,201,0,0,2,4
2024-04-18,SKU-IND-1104,WH-IND-01,218,0,0,3,4
2024-04-19,SKU-IND-1104,WH-IND-01,208,0,0,4,4
2024-04-20,SKU-IND-1104,WH-IND-01,212,0,0,5,4
2024-04-21,SKU-IND-1104,WH-IND-01,72,0,0,6,4
2024-04-22,SKU-IND-1104,WH-IND-01,232,0,0,0,4
2024-04-23,SKU-IND-1104,WH-IND-01,202,0,0,1,4
2024-04-24,SKU-IND-1104,WH-IND-01,216,0,0,2,4
2024-04-25,SKU-IND-1104,WH-IND-01,225,0,0,3,4
2024-04-26,SKU-IND-1104,WH-IND-01,197,0,0,4,4
2024-04-27,SKU-IND-1104,WH-IND-01,218,0,0,5,4
2024-04-28,SKU-IND-1104,WH-IND-01,58,0,0,6,4
2024-04-29,SKU-IND-1104,WH-IND-01,223,0,0,0,4
2024-04-30,SKU-IND-1104,WH-IND-01,195,0,0,1,4
2024-05-01,SKU-IND-1104,WH-IND-01,190,0,0,2,5
2024-05-02,SKU-IND-1104,WH-IND-01,187,0,0,3,5
2024-05-03,SKU-IND-1104,WH-IND-01,209,0,0,4,5
2024-05-04,SKU-IND-1104,WH-IND-01,202,0,0,5,5
2024-05-05,SKU-IND-1104,WH-IND-01,86,0,0,6,5
2024-05-06,SKU-IND-1104,WH-IND-01,243,0,0,0,5
2024-05-07,SKU-IND-1104,WH-IND-01,207,0,0,1,5
2024-05-08,SKU-IND-1104,WH-IND-01,211,0,0,2,5
2024-05-09,SKU-IND-1104,WH-IND-01,202,0,0,3,5
2024-05-10,SKU-IND-1104,WH-IND-01,190,0,0,4,5
2024-05-11,SKU-IND-1104,WH-IND-01,215,0,0,5,5
2024-05-12,SKU-IND-1104,WH-IND-01,74,0,0,6,5
2024-05-13,SKU-IND-1104,WH-IND-01,222,0,0,0,5
2024-05-14,SKU-IND-1104,WH-IND-01,200,0,0,1,5
2024-05-15,SKU-IND-1104,WH-IND-01,191,0,0,2,5
2024-05-16,SKU-IND-1104,WH-IND-01,196,0,0,3,5
2024-05-17,SKU-IND-1104,WH-IND-01,205,0,0,4,5
2024-05-18,SKU-IND-1104,WH-IND-01,204,0,0,5,5
2024-05-19,SKU-IND-1104,WH-IND-01,70,0,0,6,5
2024-05-20,SKU-IND-1104,WH-IND-01,224,0,0,0,5
2024-05-21,SKU-IND-1104,WH-IND-01,211,0,0,1,5
2024-05-22,SKU-IND-1104,WH-IND-01,205,0,0,2,5
2024-05-23,SKU-IND-1104,WH-IND-01,222,0,0,3,5
2024-05-24,SKU-IND-1104,WH-IND-01,212,0,0,4,5
2024-05-25,SKU-IND-1104,WH-IND-01,211,0,0,5,5
2024-05-26,SKU-IND-1104,WH-IND-01,63,0,0,6,5
2024-05-27,SKU-IND-1104,WH-IND-01,235,0,0,0,5
2024-05-28,SKU-IND-1104,WH-IND-01,196,0,0,1,5
2024-05-29,SKU-IND-1104,WH-IND-01,190,0,0,2,5
2024-05-30,SKU-IND-1104,WH-IND-01,198,0,0,3,5
2024-05-31,SKU-IND-1104,WH-IND-01,206,0,0,4,5
2024-06-01,SKU-IND-1104,WH-IND-01,201,0,1,5,6
2024-06-02,SKU-IND-1104,WH-IND-01,68,0,1,6,6
2024-06-03,SKU-IND-1104,WH-IND-01,232,0,1,0,6
2024-06-04,SKU-IND-1104,WH-IND-01,187,0,1,1,6
2024-06-05,SKU-IND-1104,WH-IND-01,196,0,1,2,6
2024-06-06,SKU-IND-1104,WH-IND-01,190,0,1,3,6
2024-06-07,SKU-IND-1104,WH-IND-01,190,0,1,4,6
2024-06-08,SKU-IND-1104,WH-IND-01,201,0,1,5,6
2024-06-09,SKU-IND-1104,WH-IND-01,65,0,1,6,6
2024-06-10,SKU-IND-1104,WH-IND-01,242,0,1,0,6
2024-06-11,SKU-IND-1104,WH-IND-01,171,0,1,1,6
2024-06-12,SKU-IND-1104,WH-IND-01,184,0,1,2,6
2024-06-13,SKU-IND-1104,WH-IND-01,194,0,1,3,6
2024-06-14,SKU-IND-1104,WH-IND-01,196,0,1,4,6
2024-06-15,SKU-IND-1104,WH-IND-01,188,0,1,5,6
2024-06-16,SKU-IND-1104,WH-IND-01,75,0,1,6,6
2024-06-17,SKU-IND-1104,WH-IND-01,221,0,1,0,6
2024-06-18,SKU-IND-1104,WH-IND-01,185,0,1,1,6
2024-06-19,SKU-IND-1104,WH-IND-01,203,0,1,2,6
2024-06-20,SKU-IND-1104,WH-IND-01,196,0,1,3,6
2024-06-21,SKU-IND-1104,WH-IND-01,196,0,1,4,6
2024-06-22,SKU-IND-1104,WH-IND-01,175,0,1,5,6
2024-06-23,SKU-IND-1104,WH-IND-01,73,0,1,6,6
2024-06-24,SKU-IND-1104,WH-IND-01,210,0,1,0,6
2024-06-25,SKU-IND-1104,WH-IND-01,173,0,1,1,6
2024-06-26,SKU-IND-1104,WH-IND-01,188,0,1,2,6
2024-06-27,SKU-IND-1104,WH-IND-01,178,0,1,3,6
2024-06-28,SKU-IND-1104,WH-IND-01,191,0,1,4,6
2024-06-29,SKU-IND-1104,WH-IND-01,171,0,1,5,6
2024-06-30,SKU-IND-1104,WH-IND-01,92,0,1,6,6
2024-07-01,SKU-IND-1104,WH-IND-01,199,0,1,0,7
2024-07-02,SKU-IND-1104,WH-IND-01,184,0,1,1,7
2024-07-03,SKU-IND-1104,WH-IND-01,190,0,1,2,7
2024-07-04,SKU-IND-1104,WH-IND-01,174,0,1,3,7
2024-07-05,SKU-IND-1104,WH-IND-01,189,0,1,4,7
2024-07-06,SKU-IND-1104,WH-IND-01,166,0,1,5,7
2024-07-07,SKU-IND-1104,WH-IND-01,88,0,1,6,7
2024-07-08,SKU-IND-1104,WH-IND-01,206,0,1,0,7
2024-07-09,SKU-IND-1104,WH-IND-01,171,0,1,1,7
2024-07-10,SKU-IND-1104,WH-IND-01,174,0,1,2,7
2024-07-11,SKU-IND-1104,WH-IND-01,186,0,1,3,7
2024-07-12,SKU-IND-1104,WH-IND-01,170,0,1,4,7
2024-07-13,SKU-IND-1104,WH-IND-01,168,0,1,5,7
2024-07-14,SKU-IND-1104,WH-IND-01,68,0,1,6,7
2024-07-15,SKU-IND-1104,WH-IND-01,188,0,1,0,7
2024-07-16,SKU-IND-1104,WH-IND-01,195,0,1,1,7
2024-07-17,SKU-IND-1104,WH-IND-01,168,0,1,2,7
2024-07-18,SKU-IND-1104,WH-IND-01,183,0,1,3,7
2024-07-19,SKU-IND-1104,WH-IND-01,176,0,1,4,7
2024-07-20,SKU-IND-1104,WH-IND-01,162,0,1,5,7
2024-07-21,SKU-IND-1104,WH-IND-01,69,0,1,6,7
2024-07-22,SKU-IND-1104,WH-IND-01,207,0,1,0,7
2024-07-23,SKU-IND-1104,WH-IND-01,170,0,1,1,7
2024-07-24,SKU-IND-1104,WH-IND-01,185,0,1,2,7
2024-07-25,SKU-IND-1104,WH-IND-01,182,0,1,3,7
2024-07-26,SKU-IND-1104,WH-IND-01,181,0,1,4,7
2024-07-27,SKU-IND-1104,WH-IND-01,165,0,1,5,7
2024-07-28,SKU-IND-1104,WH-IND-01,55,0,1,6,7
2024-07-29,SKU-IND-1104,WH-IND-01,188,0,1,0,7
2024-07-30,SKU-IND-1104,WH-IND-01,171,0,1,1,7
2024-07-31,SKU-IND-1104,WH-IND-01,174,0,1,2,7
2024-08-01,SKU-IND-1104,WH-IND-01,144,0,1,3,8
2024-08-02,SKU-IND-1104,WH-IND-01,167,0,1,4,8
2024-08-03,SKU-IND-1104,WH-IND-01,169,0,1,5,8
2024-08-04,SKU-IND-1104,WH-IND-01,63,0,1,6,8
2024-08-05,SKU-IND-1104,WH-IND-01,206,0,1,0,8
2024-08-06,SKU-IND-1104,WH-IND-01,171,0,1,1,8
2024-08-07,SKU-IND-1104,WH-IND-01,180,0,1,2,8
2024-08-08,SKU-IND-1104,WH-IND-01,163,0,1,3,8
2024-08-09,SKU-IND-1104,WH-IND-01,175,0,1,4,8
2024-08-10,SKU-IND-1104,WH-IND-01,183,0,1,5,8
2024-08-11,SKU-IND-1104,WH-IND-01,80,0,1,6,8
2024-08-12,SKU-IND-1104,WH-IND-01,176,0,1,0,8
2024-08-13,SKU-IND-1104,WH-IND-01,160,0,1,1,8
2024-08-14,SKU-IND-1104,WH-IND-01,159,0,1,2,8
2024-08-15,SKU-IND-1104,WH-IND-01,168,0,1,3,8
2024-08-16,SKU-IND-1104,WH-IND-01,170,0,1,4,8
2024-08-17,SKU-IND-1104,WH-IND-01,153,0,1,5,8
2024-08-18,SKU-IND-1104,WH-IND-01,65,0,1,6,8
2024-08-19,SKU-IND-1104,WH-IND-01,163,0,1,0,8
2024-08-20,SKU-IND-1104,WH-IND-01,177,0,1,1,8
2024-08-21,SKU-IND-1104,WH-IND-01,155,0,1,2,8
2024-08-22,SKU-IND-1104,WH-IND-01,161,0,1,3,8
2024-08-23,SKU-IND-1104,WH-IND-01,157,0,1,4,8
2024-08-24,SKU-IND-1104,WH-IND-01,173,0,1,5,8
2024-08-25,SKU-IND-1104,WH-IND-01,32,0,1,6,8
2024-08-26,SKU-IND-1104,WH-IND-01,183,0,1,0,8
2024-08-27,SKU-IND-1104,WH-IND-01,158,0,1,1,8
2024-08-28,SKU-IND-1104,WH-IND-01,154,0,1,2,8
2024-08-29,SKU-IND-1104,WH-IND-01,178,0,1,3,8
2024-08-30,SKU-IND-1104,WH-IND-01,148,0,1,4,8
2024-08-31,SKU-IND-1104,WH-IND-01,167,0,1,5,8
2024-09-01,SKU-IND-1104,WH-IND-01,67,0,0,6,9
2024-09-02,SKU-IND-1104,WH-IND-01,195,0,0,0,9
2024-09-03,SKU-IND-1104,WH-IND-01,150,0,0,1,9
2024-09-04,SKU-IND-1104,WH-IND-01,149,0,0,2,9
2024-09-05,SKU-IND-1104,WH-IND-01,169,0,0,3,9
2024-09-06,SKU-IND-1104,WH-IND-01,161,0,0,4,9
2024-09-07,SKU-IND-1104,WH-IND-01,139,0,0,5,9
2024-09-08,SKU-IND-1104,WH-IND-01,56,0,0,6,9
2024-09-09,SKU-IND-1104,WH-IND-01,184,0,0,0,9
2024-09-10,SKU-IND-1104,WH-IND-01,165,0,0,1,9
2024-09-11,SKU-IND-1104,WH-IND-01,219,1,0,2,9
2024-09-12,SKU-IND-1104,WH-IND-01,193,1,0,3,9
2024-09-13,SKU-IND-1104,WH-IND-01,232,1,0,4,9
2024-09-14,SKU-IND-1104,WH-IND-01,212,1,0,5,9
2024-09-15,SKU-IND-1104,WH-IND-01,67,1,0,6,9
2024-09-16,SKU-IND-1104,WH-IND-01,227,1,0,0,9
2024-09-17,SKU-IND-1104,WH-IND-01,234,1,0,1,9
2024-09-18,SKU-IND-1104,WH-IND-01,226,1,0,2,9
2024-09-19,SKU-IND-1104,WH-IND-01,222,1,0,3,9
2024-09-20,SKU-IND-1104,WH-IND-01,240,1,0,4,9
2024-09-21,SKU-IND-1104,WH-IND-01,232,1,0,5,9
2024-09-22,SKU-IND-1104,WH-IND-01,108,1,0,6,9
2024-09-23,SKU-IND-1104,WH-IND-01,242,1,0,0,9
2024-09-24,SKU-IND-1104,WH-IND-01,224,1,0,1,9
2024-09-25,SKU-IND-1104,WH-IND-01,206,1,0,2,9
2024-09-26,SKU-IND-1104,WH-IND-01,221,1,0,3,9
2024-09-27,SKU-IND-1104,WH-IND-01,221,1,0,4,9
2024-09-28,SKU-IND-1104,WH-IND-01,231,1,0,5,9
2024-09-29,SKU-IND-1104,WH-IND-01,90,1,0,6,9
2024-09-30,SKU-IND-1104,WH-IND-01,264,1,0,0,9
2024-10-01,SKU-IND-1104,WH-IND-01,162,0,0,1,10
2024-10-02,SKU-IND-1104,WH-IND-01,178,0,0,2,10
2024-10-03,SKU-IND-1104,WH-IND-01,151,0,0,3,10
2024-10-04,SKU-IND-1104,WH-IND-01,144,0,0,4,10
2024-10-05,SKU-IND-1104,WH-IND-01,157,0,0,5,10
2024-10-06,SKU-IND-1104,WH-IND-01,52,0,0,6,10
2024-10-07,SKU-IND-1104,WH-IND-01,194,0,0,0,10
2024-10-08,SKU-IND-1104,WH-IND-01,151,0,0,1,10
2024-10-09,SKU-IND-1104,WH-IND-01,148,0,0,2,10
2024-10-10,SKU-IND-1104,WH-IND-01,149,0,0,3,10
2024-10-11,SKU-IND-1104,WH-IND-01,232,1,0,4,10
2024-10-12,SKU-IND-1104,WH-IND-01,223,1,0,5,10
2024-10-13,SKU-IND-1104,WH-IND-01,82,1,0,6,10
2024-10-14,SKU-IND-1104,WH-IND-01,277,1,0,0,10
2024-10-15,SKU-IND-1104,WH-IND-01,215,1,0,1,10
2024-10-16,SKU-IND-1104,WH-IND-01,226,1,0,2,10
2024-10-17,SKU-IND-1104,WH-IND-01,233,1,0,3,10
2024-10-18,SKU-IND-1104,WH-IND-01,207,1,0,4,10
2024-10-19,SKU-IND-1104,WH-IND-01,231,1,0,5,10
2024-10-20,SKU-IND-1104,WH-IND-01,78,1,0,6,10
2024-10-21,SKU-IND-1104,WH-IND-01,269,1,0,0,10
2024-10-22,SKU-IND-1104,WH-IND-01,216,1,0,1,10
2024-10-23,SKU-IND-1104,WH-IND-01,234,1,0,2,10
2024-10-24,SKU-IND-1104,WH-IND-01,239,1,0,3,10
2024-10-25,SKU-IND-1104,WH-IND-01,237,1,0,4,10
2024-10-26,SKU-IND-1104,WH-IND-01,230,1,0,5,10
2024-10-27,SKU-IND-1104,WH-IND-01,88,1,0,6,10
2024-10-28,SKU-IND-1104,WH-IND-01,256,1,0,0,10
2024-10-29,SKU-IND-1104,WH-IND-01,245,1,0,1,10
2024-10-30,SKU-IND-1104,WH-IND-01,221,1,0,2,10
2024-10-31,SKU-IND-1104,WH-IND-01,217,1,0,3,10
2024-11-01,SKU-IND-1104,WH-IND-01,165,0,0,4,11
2024-11-02,SKU-IND-1104,WH-IND-01,149,0,0,5,11
2024-11-03,SKU-IND-1104,WH-IND-01,52,0,0,6,11
2024-11-04,SKU-IND-1104,WH-IND-01,166,0,0,0,11
2024-11-05,SKU-IND-1104,WH-IND-01,154,0,0,1,11
2024-11-06,SKU-IND-1104,WH-IND-01,158,0,0,2,11
2024-11-07,SKU-IND-1104,WH-IND-01,162,0,0,3,11
2024-11-08,SKU-IND-1104,WH-IND-01,171,0,0,4,11
2024-11-09,SKU-IND-1104,WH-IND-01,166,0,0,5,11
2024-11-10,SKU-IND-1104,WH-IND-01,62,0,0,6,11
2024-11-11,SKU-IND-1104,WH-IND-01,183,0,0,0,11
2024-11-12,SKU-IND-1104,WH-IND-01,167,0,0,1,11
2024-11-13,SKU-IND-1104,WH-IND-01,176,0,0,2,11
2024-11-14,SKU-IND-1104,WH-IND-01,163,0,0,3,11
2024-11-15,SKU-IND-1104,WH-IND-01,157,0,0,4,11
2024-11-16,SKU-IND-1104,WH-IND-01,151,0,0,5,11
2024-11-17,SKU-IND-1104,WH-IND-01,49,0,0,6,11
2024-11-18,SKU-IND-1104,WH-IND-01,195,0,0,0,11
2024-11-19,SKU-IND-1104,WH-IND-01,170,0,0,1,11
2024-11-20,SKU-IND-1104,WH-IND-01,170,0,0,2,11
2024-11-21,SKU-IND-1104,WH-IND-01,163,0,0,3,11
2024-11-22,SKU-IND-1104,WH-IND-01,180,0,0,4,11
2024-11-23,SKU-IND-1104,WH-IND-01,159,0,0,5,11
2024-11-24,SKU-IND-1104,WH-IND-01,76,0,0,6,11
2024-11-25,SKU-IND-1104,WH-IND-01,190,0,0,0,11
2024-11-26,SKU-IND-1104,WH-IND-01,159,0,0,1,11
2024-11-27,SKU-IND-1104,WH-IND-01,173,0,0,2,11
2024-11-28,SKU-IND-1104,WH-IND-01,171,0,0,3,11
2024-11-29,SKU-IND-1104,WH-IND-01,171,0,0,4,11
2024-11-30,SKU-IND-1104,WH-IND-01,168,0,0,5,11
2024-12-01,SKU-IND-1104,WH-IND-01,66,0,0,6,12
2024-12-02,SKU-IND-1104,WH-IND-01,220,0,0,0,12
2024-12-03,SKU-IND-1104,WH-IND-01,182,0,0,1,12
2024-12-04,SKU-IND-1104,WH-IND-01,177,0,0,2,12
2024-12-05,SKU-IND-1104,WH-IND-01,171,0,0,3,12
2024-12-06,SKU-IND-1104,WH-IND-01,181,0,0,4,12
2024-12-07,SKU-IND-1104,WH-IND-01,176,0,0,5,12
2024-12-08,SKU-IND-1104,WH-IND-01,68,0,0,6,12
2024-12-09,SKU-IND-1104,WH-IND-01,194,0,0,0,12
2024-12-10,SKU-IND-1104,WH-IND-01,171,0,0,1,12
2024-12-11,SKU-IND-1104,WH-IND-01,137,0,0,2,12
2024-12-12,SKU-IND-1104,WH-IND-01,175,0,0,3,12
2024-12-13,SKU-IND-1104,WH-IND-01,168,0,0,4,12
2024-12-14,SKU-IND-1104,WH-IND-01,191,0,0,5,12
2024-12-15,SKU-IND-1104,WH-IND-01,70,0,0,6,12
2024-12-16,SKU-IND-1104,WH-IND-01,187,0,0,0,12
2024-12-17,SKU-IND-1104,WH-IND-01,174,0,0,1,12
2024-12-18,SKU-IND-1104,WH-IND-01,164,0,0,2,12
2024-12-19,SKU-IND-1104,WH-IND-01,181,0,0,3,12
2024-12-20,SKU-IND-1104,WH-IND-01,180,0,0,4,12
2024-12-21,SKU-IND-1104,WH-IND-01,187,0,0,5,12
2024-12-22,SKU-IND-1104,WH-IND-01,62,0,0,6,12
2024-12-23,SKU-IND-1104,WH-IND-01,205,0,0,0,12
2024-12-24,SKU-IND-1104,WH-IND-01,163,0,0,1,12
2024-12-25,SKU-IND-1104,WH-IND-01,186,0,0,2,12
2024-12-26,SKU-IND-1104,WH-IND-01,185,0,0,3,12
2024-12-27,SKU-IND-1104,WH-IND-01,185,0,0,4,12
2024-12-28,SKU-IND-1104,WH-IND-01,180,0,0,5,12
2024-12-29,SKU-IND-1104,WH-IND-01,77,0,0,6,12
2024-12-30,SKU-IND-1104,WH-IND-01,226,0,0,0,12
2024-12-31,SKU-IND-1104,WH-IND-01,178,0,0,1,12
2025-01-01,SKU-IND-1104,WH-IND-01,183,0,0,2,1
2025-01-02,SKU-IND-1104,WH-IND-01,170,0,0,3,1
2025-01-03,SKU-IND-1104,WH-IND-01,173,0,0,4,1
2025-01-04,SKU-IND-1104,WH-IND-01,184,0,0,5,1
2025-01-05,SKU-IND-1104,WH-IND-01,86,0,0,6,1
2025-01-06,SKU-IND-1104,WH-IND-01,209,0,0,0,1
2025-01-07,SKU-IND-1104,WH-IND-01,182,0,0,1,1
2025-01-08,SKU-IND-1104,WH-IND-01,181,0,0,2,1
2025-01-09,SKU-IND-1104,WH-IND-01,180,0,0,3,1
2025-01-10,SKU-IND-1104,WH-IND-01,189,0,0,4,1
2025-01-11,SKU-IND-1104,WH-IND-01,170,0,0,5,1
2025-01-12,SKU-IND-1104,WH-IND-01,89,0,0,6,1
2025-01-13,SKU-IND-1104,WH-IND-01,208,0,0,0,1
2025-01-14,SKU-IND-1104,WH-IND-01,196,0,0,1,1
2025-01-15,SKU-IND-1104,WH-IND-01,174,0,0,2,1
2025-01-16,SKU-IND-1104,WH-IND-01,196,0,0,3,1
2025-01-17,SKU-IND-1104,WH-IND-01,197,0,0,4,1
2025-01-18,SKU-IND-1104,WH-IND-01,194,0,0,5,1
2025-01-19,SKU-IND-1104,WH-IND-01,65,0,0,6,1
2025-01-20,SKU-IND-1104,WH-IND-01,222,0,0,0,1
2025-01-21,SKU-IND-1104,WH-IND-01,178,0,0,1,1
2025-01-22,SKU-IND-1104,WH-IND-01,189,0,0,2,1
2025-01-23,SKU-IND-1104,WH-IND-01,203,0,0,3,1
2025-01-24,SKU-IND-1104,WH-IND-01,201,0,0,4,1
2025-01-25,SKU-IND-1104,WH-IND-01,193,0,0,5,1
2025-01-26,SKU-IND-1104,WH-IND-01,66,0,0,6,1
2025-01-27,SKU-IND-1104,WH-IND-01,230,0,0,0,1
2025-01-28,SKU-IND-1104,WH-IND-01,194,0,0,1,1
2025-01-29,SKU-IND-1104,WH-IND-01,168,0,0,2,1
2025-01-30,SKU-IND-1104,WH-IND-01,204,0,0,3,1
2025-01-31,SKU-IND-1104,WH-IND-01,195,0,0,4,1
2025-02-01,SKU-IND-1104,WH-IND-01,209,0,0,5,2
2025-02-02,SKU-IND-1104,WH-IND-01,66,0,0,6,2
2025-02-03,SKU-IND-1104,WH-IND-01,190,0,0,0,2
2025-02-04,SKU-IND-1104,WH-IND-01,200,0,0,1,2
2025-02-05,SKU-IND-1104,WH-IND-01,201,0,0,2,2
2025-02-06,SKU-IND-1104,WH-IND-01,179,0,0,3,2
2025-02-07,SKU-IND-1104,WH-IND-01,187,0,0,4,2
2025-02-08,SKU-IND-1104,WH-IND-01,229,0,0,5,2
2025-02-09,SKU-IND-1104,WH-IND-01,76,0,0,6,2
2025-02-10,SKU-IND-1104,WH-IND-01,237,0,0,0,2
2025-02-11,SKU-IND-1104,WH-IND-01,192,0,0,1,2
2025-02-12,SKU-IND-1104,WH-IND-01,176,0,0,2,2
2025-02-13,SKU-IND-1104,WH-IND-01,198,0,0,3,2
2025-02-14,SKU-IND-1104,WH-IND-01,198,0,0,4,2
2025-02-15,SKU-IND-1104,WH-IND-01,196,0,0,5,2
2025-02-16,SKU-IND-1104,WH-IND-01,79,0,0,6,2
2025-02-17,SKU-IND-1104,WH-IND-01,235,0,0,0,2
2025-02-18,SKU-IND-1104,WH-IND-01,200,0,0,1,2
2025-02-19,SKU-IND-1104,WH-IND-01,188,0,0,2,2
2025-02-20,SKU-IND-1104,WH-IND-01,208,0,0,3,2
2025-02-21,SKU-IND-1104,WH-IND-01,181,0,0,4,2
2025-02-22,SKU-IND-1104,WH-IND-01,180,0,0,5,2
2025-02-23,SKU-IND-1104,WH-IND-01,89,0,0,6,2
2025-02-24,SKU-IND-1104,WH-IND-01,240,0,0,0,2
2025-02-25,SKU-IND-1104,WH-IND-01,203,0,0,1,2
2025-02-26,SKU-IND-1104,WH-IND-01,188,0,0,2,2
2025-02-27,SKU-IND-1104,WH-IND-01,196,0,0,3,2
2025-02-28,SKU-IND-1104,WH-IND-01,202,0,0,4,2
2025-03-01,SKU-IND-1104,WH-IND-01,187,0,0,5,3
2025-03-02,SKU-IND-1104,WH-IND-01,73,0,0,6,3
2025-03-03,SKU-IND-1104,WH-IND-01,244,0,0,0,3
2025-03-04,SKU-IND-1104,WH-IND-01,222,0,0,1,3
2025-03-05,SKU-IND-1104,WH-IND-01,201,0,0,2,3
2025-03-06,SKU-IND-1104,WH-IND-01,214,0,0,3,3
2025-03-07,SKU-IND-1104,WH-IND-01,185,0,0,4,3
2025-03-08,SKU-IND-1104,WH-IND-01,214,0,0,5,3
2025-03-09,SKU-IND-1104,WH-IND-01,73,0,0,6,3
2025-03-10,SKU-IND-1104,WH-IND-01,241,0,0,0,3
2025-03-11,SKU-IND-1104,WH-IND-01,204,0,0,1,3
2025-03-12,SKU-IND-1104,WH-IND-01,222,0,0,2,3
2025-03-13,SKU-IND-1104,WH-IND-01,197,0,0,3,3
2025-03-14,SKU-IND-1104,WH-IND-01,214,0,0,4,3
2025-03-15,SKU-IND-1104,WH-IND-01,204,0,0,5,3
2025-03-16,SKU-IND-1104,WH-IND-01,81,0,0,6,3
2025-03-17,SKU-IND-1104,WH-IND-01,237,0,0,0,3
2025-03-18,SKU-IND-1104,WH-IND-01,198,0,0,1,3
2025-03-19,SKU-IND-1104,WH-IND-01,208,0,0,2,3
2025-03-20,SKU-IND-1104,WH-IND-01,207,0,0,3,3
2025-03-21,SKU-IND-1104,WH-IND-01,211,0,0,4,3
2025-03-22,SKU-IND-1104,WH-IND-01,209,0,0,5,3
2025-03-23,SKU-IND-1104,WH-IND-01,92,0,0,6,3
2025-03-24,SKU-IND-1104,WH-IND-01,250,0,0,0,3
2025-03-25,SKU-IND-1104,WH-IND-01,197,0,0,1,3
2025-03-26,SKU-IND-1104,WH-IND-01,218,0,0,2,3
2025-03-27,SKU-IND-1104,WH-IND-01,195,0,0,3,3
2025-03-28,SKU-IND-1104,WH-IND-01,215,0,0,4,3
2025-03-29,SKU-IND-1104,WH-IND-01,216,0,0,5,3
2025-03-30,SKU-IND-1104,WH-IND-01,62,0,0,6,3
2025-03-31,SKU-IND-1104,WH-IND-01,241,0,0,0,3
2025-04-01,SKU-IND-1104,WH-IND-01,204,0,0,1,4
2025-04-02,SKU-IND-1104,WH-IND-01,200,0,0,2,4
2025-04-03,SKU-IND-1104,WH-IND-01,224,0,0,3,4
2025-04-04,SKU-IND-1104,WH-IND-01,201,0,0,4,4
2025-04-05,SKU-IND-1104,WH-IND-01,200,0,0,5,4
2025-04-06,SKU-IND-1104,WH-IND-01,84,0,0,6,4
2025-04-07,SKU-IND-1104,WH-IND-01,248,0,0,0,4
2025-04-08,SKU-IND-1104,WH-IND-01,207,0,0,1,4
2025-04-09,SKU-IND-1104,WH-IND-01,222,0,0,2,4
2025-04-10,SKU-IND-1104,WH-IND-01,214,0,0,3,4
2025-04-11,SKU-IND-1104,WH-IND-01,184,0,0,4,4
2025-04-12,SKU-IND-1104,WH-IND-01,202,0,0,5,4
2025-04-13,SKU-IND-1104,WH-IND-01,77,0,0,6,4
2025-04-14,SKU-IND-1104,WH-IND-01,245,0,0,0,4
2025-04-15,SKU-IND-1104,WH-IND-01,179,0,0,1,4
2025-04-16,SKU-IND-1104,WH-IND-01,237,0,0,2,4
2025-04-17,SKU-IND-1104,WH-IND-01,214,0,0,3,4
2025-04-18,SKU-IND-1104,WH-IND-01,209,0,0,4,4
2025-04-19,SKU-IND-1104,WH-IND-01,221,0,0,5,4
2025-04-20,SKU-IND-1104,WH-IND-01,109,0,0,6,4
2025-04-21,SKU-IND-1104,WH-IND-01,248,0,0,0,4
2025-04-22,SKU-IND-1104,WH-IND-01,218,0,0,1,4
2025-04-23,SKU-IND-1104,WH-IND-01,208,0,0,2,4
2025-04-24,SKU-IND-1104,WH-IND-01,205,0,0,3,4
2025-04-25,SKU-IND-1104,WH-IND-01,201,0,0,4,4
2025-04-26,SKU-IND-1104,WH-IND-01,197,0,0,5,4
2025-04-27,SKU-IND-1104,WH-IND-01,74,0,0,6,4
2025-04-28,SKU-IND-1104,WH-IND-01,222,0,0,0,4
2025-04-29,SKU-IND-1104,WH-IND-01,205,0,0,1,4
2025-04-30,SKU-IND-1104,WH-IND-01,187,0,0,2,4
2025-05-01,SKU-IND-1104,WH-IND-01,208,0,0,3,5
2025-05-02,SKU-IND-1104,WH-IND-01,205,0,0,4,5
2025-05-03,SKU-IND-1104,WH-IND-01,207,0,0,5,5
2025-05-04,SKU-IND-1104,WH-IND-01,76,0,0,6,5
2025-05-05,SKU-IND-1104,WH-IND-01,270,0,0,0,5
2025-05-06,SKU-IND-1104,WH-IND-01,219,0,0,1,5
2025-05-07,SKU-IND-1104,WH-IND-01,190,0,0,2,5
2025-05-08,SKU-IND-1104,WH-IND-01,206,0,0,3,5
2025-05-09,SKU-IND-1104,WH-IND-01,197,0,0,4,5
2025-05-10,SKU-IND-1104,WH-IND-01,192,0,0,5,5
2025-05-11,SKU-IND-1104,WH-IND-01,66,0,0,6,5
2025-05-12,SKU-IND-1104,WH-IND-01,238,0,0,0,5
2025-05-13,SKU-IND-1104,WH-IND-01,195,0,0,1,5
2025-05-14,SKU-IND-1104,WH-IND-01,213,0,0,2,5
2025-05-15,SKU-IND-1104,WH-IND-01,213,0,0,3,5
2025-05-16,SKU-IND-1104,WH-IND-01,217,0,0,4,5
2025-05-17,SKU-IND-1104,WH-IND-01,191,0,0,5,5
2025-05-18,SKU-IND-1104,WH-IND-01,85,0,0,6,5
2025-05-19,SKU-IND-1104,WH-IND-01,237,0,0,0,5
2025-05-20,SKU-IND-1104,WH-IND-01,195,0,0,1,5
2025-05-21,SKU-IND-1104,WH-IND-01,191,0,0,2,5
2025-05-22,SKU-IND-1104,WH-IND-01,217,0,0,3,5
2025-05-23,SKU-IND-1104,WH-IND-01,201,0,0,4,5
2025-05-24,SKU-IND-1104,WH-IND-01,206,0,0,5,5
2025-05-25,SKU-IND-1104,WH-IND-01,70,0,0,6,5
2025-05-26,SKU-IND-1104,WH-IND-01,214,0,0,0,5
2025-05-27,SKU-IND-1104,WH-IND-01,191,0,0,1,5
2025-05-28,SKU-IND-1104,WH-IND-01,196,0,0,2,5
2025-05-29,SKU-IND-1104,WH-IND-01,185,0,0,3,5
2025-05-30,SKU-IND-1104,WH-IND-01,196,0,0,4,5
2025-05-31,SKU-IND-1104,WH-IND-01,177,0,0,5,5
2025-06-01,SKU-IND-1104,WH-IND-01,65,0,1,6,6
2025-06-02,SKU-IND-1104,WH-IND-01,232,0,1,0,6
2025-06-03,SKU-IND-1104,WH-IND-01,201,0,1,1,6
2025-06-04,SKU-IND-1104,WH-IND-01,190,0,1,2,6
2025-06-05,SKU-IND-1104,WH-IND-01,182,0,1,3,6
2025-06-06,SKU-IND-1104,WH-IND-01,182,0,1,4,6
2025-06-07,SKU-IND-1104,WH-IND-01,189,0,1,5,6
2025-06-08,SKU-IND-1104,WH-IND-01,84,0,1,6,6
2025-06-09,SKU-IND-1104,WH-IND-01,231,0,1,0,6
2025-06-10,SKU-IND-1104,WH-IND-01,186,0,1,1,6
2025-06-11,SKU-IND-1104,WH-IND-01,178,0,1,2,6
2025-06-12,SKU-IND-1104,WH-IND-01,194,0,1,3,6
2025-06-13,SKU-IND-1104,WH-IND-01,181,0,1,4,6
2025-06-14,SKU-IND-1104,WH-IND-01,184,0,1,5,6
2025-06-15,SKU-IND-1104,WH-IND-01,90,0,1,6,6
2025-06-16,SKU-IND-1104,WH-IND-01,227,0,1,0,6
2025-06-17,SKU-IND-1104,WH-IND-01,190,0,1,1,6
2025-06-18,SKU-IND-1104,WH-IND-01,174,0,1,2,6
2025-06-19,SKU-IND-1104,WH-IND-01,190,0,1,3,6
2025-06-20,SKU-IND-1104,WH-IND-01,199,0,1,4,6
2025-06-21,SKU-IND-1104,WH-IND-01,182,0,1,5,6
2025-06-22,SKU-IND-1104,WH-IND-01,89,0,1,6,6
2025-06-23,SKU-IND-1104,WH-IND-01,228,0,1,0,6
2025-06-24,SKU-IND-1104,WH-IND-01,204,0,1,1,6
2025-06-25,SKU-IND-1104,WH-IND-01,188,0,1,2,6
2025-06-26,SKU-IND-1104,WH-IND-01,191,0,1,3,6
2025-06-27,SKU-IND-1104,WH-IND-01,200,0,1,4,6
2025-06-28,SKU-IND-1104,WH-IND-01,188,0,1,5,6
2025-06-29,SKU-IND-1104,WH-IND-01,67,0,1,6,6
2025-06-30,SKU-IND-1104,WH-IND-01,205,0,1,0,6
2025-07-01,SKU-IND-1104,WH-IND-01,185,0,1,1,7
2025-07-02,SKU-IND-1104,WH-IND-01,167,0,1,2,7
2025-07-03,SKU-IND-1104,WH-IND-01,179,0,1,3,7
2025-07-04,SKU-IND-1104,WH-IND-01,193,0,1,4,7
2025-07-05,SKU-IND-1104,WH-IND-01,155,0,1,5,7
2025-07-06,SKU-IND-1104,WH-IND-01,89,0,1,6,7
2025-07-07,SKU-IND-1104,WH-IND-01,219,0,1,0,7
2025-07-08,SKU-IND-1104,WH-IND-01,173,0,1,1,7
2025-07-09,SKU-IND-1104,WH-IND-01,184,0,1,2,7
2025-07-10,SKU-IND-1104,WH-IND-01,178,0,1,3,7
2025-07-11,SKU-IND-1104,WH-IND-01,191,0,1,4,7
2025-07-12,SKU-IND-1104,WH-IND-01,188,0,1,5,7
2025-07-13,SKU-IND-1104,WH-IND-01,55,0,1,6,7
2025-07-14,SKU-IND-1104,WH-IND-01,209,0,1,0,7
2025-07-15,SKU-IND-1104,WH-IND-01,173,0,1,1,7
2025-07-16,SKU-IND-1104,WH-IND-01,176,0,1,2,7
2025-07-17,SKU-IND-1104,WH-IND-01,166,0,1,3,7
2025-07-18,SKU-IND-1104,WH-IND-01,194,0,1,4,7
2025-07-19,SKU-IND-1104,WH-IND-01,185,0,1,5,7
2025-07-20,SKU-IND-1104,WH-IND-01,61,0,1,6,7
2025-07-21,SKU-IND-1104,WH-IND-01,184,0,1,0,7
2025-07-22,SKU-IND-1104,WH-IND-01,168,0,1,1,7
2025-07-23,SKU-IND-1104,WH-IND-01,177,0,1,2,7
2025-07-24,SKU-IND-1104,WH-IND-01,174,0,1,3,7
2025-07-25,SKU-IND-1104,WH-IND-01,185,0,1,4,7
2025-07-26,SKU-IND-1104,WH-IND-01,179,0,1,5,7
2025-07-27,SKU-IND-1104,WH-IND-01,79,0,1,6,7
2025-07-28,SKU-IND-1104,WH-IND-01,199,0,1,0,7
2025-07-29,SKU-IND-1104,WH-IND-01,154,0,1,1,7
2025-07-30,SKU-IND-1104,WH-IND-01,167,0,1,2,7
2025-07-31,SKU-IND-1104,WH-IND-01,180,0,1,3,7
2025-08-01,SKU-IND-1104,WH-IND-01,167,0,1,4,8
2025-08-02,SKU-IND-1104,WH-IND-01,173,0,1,5,8
2025-08-03,SKU-IND-1104,WH-IND-01,63,0,1,6,8
2025-08-04,SKU-IND-1104,WH-IND-01,180,0,1,0,8
2025-08-05,SKU-IND-1104,WH-IND-01,165,0,1,1,8
2025-08-06,SKU-IND-1104,WH-IND-01,169,0,1,2,8
2025-08-07,SKU-IND-1104,WH-IND-01,158,0,1,3,8
2025-08-08,SKU-IND-1104,WH-IND-01,163,0,1,4,8
2025-08-09,SKU-IND-1104,WH-IND-01,154,0,1,5,8
2025-08-10,SKU-IND-1104,WH-IND-01,78,0,1,6,8
2025-08-11,SKU-IND-1104,WH-IND-01,186,0,1,0,8
2025-08-12,SKU-IND-1104,WH-IND-01,180,0,1,1,8
2025-08-13,SKU-IND-1104,WH-IND-01,181,0,1,2,8
2025-08-14,SKU-IND-1104,WH-IND-01,162,0,1,3,8
2025-08-15,SKU-IND-1104,WH-IND-01,151,0,1,4,8
2025-08-16,SKU-IND-1104,WH-IND-01,139,0,1,5,8
2025-08-17,SKU-IND-1104,WH-IND-01,48,0,1,6,8
2025-08-18,SKU-IND-1104,WH-IND-01,171,0,1,0,8
2025-08-19,SKU-IND-1104,WH-IND-01,177,0,1,1,8
2025-08-20,SKU-IND-1104,WH-IND-01,162,0,1,2,8
2025-08-21,SKU-IND-1104,WH-IND-01,165,0,1,3,8
2025-08-22,SKU-IND-1104,WH-IND-01,136,0,1,4,8
2025-08-23,SKU-IND-1104,WH-IND-01,147,0,1,5,8
2025-08-24,SKU-IND-1104,WH-IND-01,74,0,1,6,8
2025-08-25,SKU-IND-1104,WH-IND-01,187,0,1,0,8
2025-08-26,SKU-IND-1104,WH-IND-01,158,0,1,1,8
2025-08-27,SKU-IND-1104,WH-IND-01,165,0,1,2,8
2025-08-28,SKU-IND-1104,WH-IND-01,177,0,1,3,8
2025-08-29,SKU-IND-1104,WH-IND-01,156,0,1,4,8
2025-08-30,SKU-IND-1104,WH-IND-01,159,0,1,5,8
2025-08-31,SKU-IND-1104,WH-IND-01,65,0,1,6,8
2025-09-01,SKU-IND-1104,WH-IND-01,208,0,0,0,9
2025-09-02,SKU-IND-1104,WH-IND-01,134,0,0,1,9
2025-09-03,SKU-IND-1104,WH-IND-01,165,0,0,2,9
2025-09-04,SKU-IND-1104,WH-IND-01,156,0,0,3,9
2025-09-05,SKU-IND-1104,WH-IND-01,163,0,0,4,9
2025-09-06,SKU-IND-1104,WH-IND-01,149,0,0,5,9
2025-09-07,SKU-IND-1104,WH-IND-01,62,0,0,6,9
2025-09-08,SKU-IND-1104,WH-IND-01,188,0,0,0,9
2025-09-09,SKU-IND-1104,WH-IND-01,191,0,0,1,9
2025-09-10,SKU-IND-1104,WH-IND-01,165,0,0,2,9
2025-09-11,SKU-IND-1104,WH-IND-01,217,1,0,3,9
2025-09-12,SKU-IND-1104,WH-IND-01,221,1,0,4,9
2025-09-13,SKU-IND-1104,WH-IND-01,221,1,0,5,9
2025-09-14,SKU-IND-1104,WH-IND-01,70,1,0,6,9
2025-09-15,SKU-IND-1104,WH-IND-01,256,1,0,0,9
2025-09-16,SKU-IND-1104,WH-IND-01,233,1,0,1,9
2025-09-17,SKU-IND-1104,WH-IND-01,211,1,0,2,9
2025-09-18,SKU-IND-1104,WH-IND-01,237,1,0,3,9
2025-09-19,SKU-IND-1104,WH-IND-01,230,1,0,4,9
2025-09-20,SKU-IND-1104,WH-IND-01,216,1,0,5,9
2025-09-21,SKU-IND-1104,WH-IND-01,88,1,0,6,9
2025-09-22,SKU-IND-1104,WH-IND-01,276,1,0,0,9
2025-09-23,SKU-IND-1104,WH-IND-01,232,1,0,1,9
2025-09-24,SKU-IND-1104,WH-IND-01,224,1,0,2,9
2025-09-25,SKU-IND-1104,WH-IND-01,221,1,0,3,9
2025-09-26,SKU-IND-1104,WH-IND-01,225,1,0,4,9
2025-09-27,SKU-IND-1104,WH-IND-01,218,1,0,5,9
2025-09-28,SKU-IND-1104,WH-IND-01,66,1,0,6,9
2025-09-29,SKU-IND-1104,WH-IND-01,280,1,0,0,9
2025-09-30,SKU-IND-1104,WH-IND-01,226,1,0,1,9
2025-10-01,SKU-IND-1104,WH-IND-01,159,0,0,2,10
2025-10-02,SKU-IND-1104,WH-IND-01,154,0,0,3,10
2025-10-03,SKU-IND-1104,WH-IND-01,146,0,0,4,10
2025-10-04,SKU-IND-1104,WH-IND-01,152,0,0,5,10
2025-10-05,SKU-IND-1104,WH-IND-01,43,0,0,6,10
2025-10-06,SKU-IND-1104,WH-IND-01,203,0,0,0,10
2025-10-07,SKU-IND-1104,WH-IND-01,141,0,0,1,10
2025-10-08,SKU-IND-1104,WH-IND-01,143,0,0,2,10
2025-10-09,SKU-IND-1104,WH-IND-01,150,0,0,3,10
2025-10-10,SKU-IND-1104,WH-IND-01,169,0,0,4,10
2025-10-11,SKU-IND-1104,WH-IND-01,225,1,0,5,10
2025-10-12,SKU-IND-1104,WH-IND-01,76,1,0,6,10
2025-10-13,SKU-IND-1104,WH-IND-01,272,1,0,0,10
2025-10-14,SKU-IND-1104,WH-IND-01,233,1,0,1,10
2025-10-15,SKU-IND-1104,WH-IND-01,231,1,0,2,10
2025-10-16,SKU-IND-1104,WH-IND-01,233,1,0,3,10
2025-10-17,SKU-IND-1104,WH-IND-01,252,1,0,4,10
2025-10-18,SKU-IND-1104,WH-IND-01,250,1,0,5,10
2025-10-19,SKU-IND-1104,WH-IND-01,82,1,0,6,10
2025-10-20,SKU-IND-1104,WH-IND-01,278,1,0,0,10
2025-10-21,SKU-IND-1104,WH-IND-01,230,1,0,1,10
2025-10-22,SKU-IND-1104,WH-IND-01,232,1,0,2,10
2025-10-23,SKU-IND-1104,WH-IND-01,208,1,0,3,10
2025-10-24,SKU-IND-1104,WH-IND-01,225,1,0,4,10
2025-10-25,SKU-IND-1104,WH-IND-01,218,1,0,5,10
2025-10-26,SKU-IND-1104,WH-IND-01,100,1,0,6,10
2025-10-27,SKU-IND-1104,WH-IND-01,274,1,0,0,10
2025-10-28,SKU-IND-1104,WH-IND-01,205,1,0,1,10
2025-10-29,SKU-IND-1104,WH-IND-01,228,1,0,2,10
2025-10-30,SKU-IND-1104,WH-IND-01,241,1,0,3,10
2025-10-31,SKU-IND-1104,WH-IND-01,227,1,0,4,10
2025-11-01,SKU-IND-1104,WH-IND-01,166,0,0,5,11
2025-11-02,SKU-IND-1104,WH-IND-01,67,0,0,6,11
2025-11-03,SKU-IND-1104,WH-IND-01,186,0,0,0,11
2025-11-04,SKU-IND-1104,WH-IND-01,156,0,0,1,11
2025-11-05,SKU-IND-1104,WH-IND-01,145,0,0,2,11
2025-11-06,SKU-IND-1104,WH-IND-01,147,0,0,3,11
2025-11-07,SKU-IND-1104,WH-IND-01,167,0,0,4,11
2025-11-08,SKU-IND-1104,WH-IND-01,160,0,0,5,11
2025-11-09,SKU-IND-1104,WH-IND-01,62,0,0,6,11
2025-11-10,SKU-IND-1104,WH-IND-01,180,0,0,0,11
2025-11-11,SKU-IND-1104,WH-IND-01,157,0,0,1,11
2025-11-12,SKU-IND-1104,WH-IND-01,173,0,0,2,11
2025-11-13,SKU-IND-1104,WH-IND-01,158,0,0,3,11
2025-11-14,SKU-IND-1104,WH-IND-01,147,0,0,4,11
2025-11-15,SKU-IND-1104,WH-IND-01,170,0,0,5,11
2025-11-16,SKU-IND-1104,WH-IND-01,62,0,0,6,11
2025-11-17,SKU-IND-1104,WH-IND-01,187,0,0,0,11
2025-11-18,SKU-IND-1104,WH-IND-01,181,0,0,1,11
2025-11-19,SKU-IND-1104,WH-IND-01,163,0,0,2,11
2025-11-20,SKU-IND-1104,WH-IND-01,167,0,0,3,11
2025-11-21,SKU-IND-1104,WH-IND-01,151,0,0,4,11
2025-11-22,SKU-IND-1104,WH-IND-01,162,0,0,5,11
2025-11-23,SKU-IND-1104,WH-IND-01,72,0,0,6,11
2025-11-24,SKU-IND-1104,WH-IND-01,173,0,0,0,11
2025-11-25,SKU-IND-1104,WH-IND-01,168,0,0,1,11
2025-11-26,SKU-IND-1104,WH-IND-01,167,0,0,2,11
2025-11-27,SKU-IND-1104,WH-IND-01,167,0,0,3,11
2025-11-28,SKU-IND-1104,WH-IND-01,178,0,0,4,11
2025-11-29,SKU-IND-1104,WH-IND-01,171,0,0,5,11
2025-11-30,SKU-IND-1104,WH-IND-01,83,0,0,6,11
2025-12-01,SKU-IND-1104,WH-IND-01,182,0,0,0,12
2025-12-02,SKU-IND-1104,WH-IND-01,170,0,0,1,12
2025-12-03,SKU-IND-1104,WH-IND-01,170,0,0,2,12
2025-12-04,SKU-IND-1104,WH-IND-01,157,0,0,3,12
2025-12-05,SKU-IND-1104,WH-IND-01,180,0,0,4,12
2025-12-06,SKU-IND-1104,WH-IND-01,196,0,0,5,12
2025-12-07,SKU-IND-1104,WH-IND-01,68,0,0,6,12
2025-12-08,SKU-IND-1104,WH-IND-01,202,0,0,0,12
2025-12-09,SKU-IND-1104,WH-IND-01,172,0,0,1,12
2025-12-10,SKU-IND-1104,WH-IND-01,164,0,0,2,12
2025-12-11,SKU-IND-1104,WH-IND-01,152,0,0,3,12
2025-12-12,SKU-IND-1104,WH-IND-01,165,0,0,4,12
2025-12-13,SKU-IND-1104,WH-IND-01,157,0,0,5,12
2025-12-14,SKU-IND-1104,WH-IND-01,88,0,0,6,12
2025-12-15,SKU-IND-1104,WH-IND-01,199,0,0,0,12
2025-12-16,SKU-IND-1104,WH-IND-01,170,0,0,1,12
2025-12-17,SKU-IND-1104,WH-IND-01,185,0,0,2,12
2025-12-18,SKU-IND-1104,WH-IND-01,163,0,0,3,12
2025-12-19,SKU-IND-1104,WH-IND-01,167,0,0,4,12
2025-12-20,SKU-IND-1104,WH-IND-01,177,0,0,5,12
2025-12-21,SKU-IND-1104,WH-IND-01,82,0,0,6,12
2025-12-22,SKU-IND-1104,WH-IND-01,209,0,0,0,12
2025-12-23,SKU-IND-1104,WH-IND-01,180,0,0,1,12
2025-12-24,SKU-IND-1104,WH-IND-01,179,0,0,2,12
2025-12-25,SKU-IND-1104,WH-IND-01,183,0,0,3,12
2025-12-26,SKU-IND-1104,WH-IND-01,181,0,0,4,12
2025-12-27,SKU-IND-1104,WH-IND-01,168,0,0,5,12
2025-12-28,SKU-IND-1104,WH-IND-01,72,0,0,6,12
2025-12-29,SKU-IND-1104,WH-IND-01,195,0,0,0,12
2025-12-30,SKU-IND-1104,WH-IND-01,182,0,0,1,12
2024-01-01,SKU-IND-1104,WH-IND-02,155,0,0,0,1
2024-01-02,SKU-IND-1104,WH-IND-02,168,0,0,1,1
2024-01-03,SKU-IND-1104,WH-IND-02,140,0,0,2,1
2024-01-04,SKU-IND-1104,WH-IND-02,125,0,0,3,1
2024-01-05,SKU-IND-1104,WH-IND-02,139,0,0,4,1
2024-01-06,SKU-IND-1104,WH-IND-02,147,0,0,5,1
2024-01-07,SKU-IND-1104,WH-IND-02,75,0,0,6,1
2024-01-08,SKU-IND-1104,WH-IND-02,157,0,0,0,1
2024-01-09,SKU-IND-1104,WH-IND-02,125,0,0,1,1
2024-01-10,SKU-IND-1104,WH-IND-02,152,0,0,2,1
2024-01-11,SKU-IND-1104,WH-IND-02,128,0,0,3,1
2024-01-12,SKU-IND-1104,WH-IND-02,139,0,0,4,1
2024-01-13,SKU-IND-1104,WH-IND-02,141,0,0,5,1
2024-01-14,SKU-IND-1104,WH-IND-02,57,0,0,6,1
2024-01-15,SKU-IND-1104,WH-IND-02,174,0,0,0,1
2024-01-16,SKU-IND-1104,WH-IND-02,137,0,0,1,1
2024-01-17,SKU-IND-1104,WH-IND-02,142,0,0,2,1
2024-01-18,SKU-IND-1104,WH-IND-02,145,0,0,3,1
2024-01-19,SKU-IND-1104,WH-IND-02,148,0,0,4,1
2024-01-20,SKU-IND-1104,WH-IND-02,147,0,0,5,1
2024-01-21,SKU-IND-1104,WH-IND-02,63,0,0,6,1
2024-01-22,SKU-IND-1104,WH-IND-02,178,0,0,0,1
2024-01-23,SKU-IND-1104,WH-IND-02,152,0,0,1,1
2024-01-24,SKU-IND-1104,WH-IND-02,153,0,0,2,1
2024-01-25,SKU-IND-1104,WH-IND-02,130,0,0,3,1
2024-01-26,SKU-IND-1104,WH-IND-02,149,0,0,4,1
2024-01-27,SKU-IND-1104,WH-IND-02,154,0,0,5,1
2024-01-28,SKU-IND-1104,WH-IND-02,67,0,0,6,1
2024-01-29,SKU-IND-1104,WH-IND-02,164,0,0,0,1
2024-01-30,SKU-IND-1104,WH-IND-02,142,0,0,1,1
2024-01-31,SKU-IND-1104,WH-IND-02,143,0,0,2,1
2024-02-01,SKU-IND-1104,WH-IND-02,156,0,0,3,2
2024-02-02,SKU-IND-1104,WH-IND-02,162,0,0,4,2
2024-02-03,SKU-IND-1104,WH-IND-02,146,0,0,5,2
2024-02-04,SKU-IND-1104,WH-IND-02,70,0,0,6,2
2024-02-05,SKU-IND-1104,WH-IND-02,176,0,0,0,2
2024-02-06,SKU-IND-1104,WH-IND-02,150,0,0,1,2
2024-02-07,SKU-IND-1104,WH-IND-02,150,0,0,2,2
2024-02-08,SKU-IND-1104,WH-IND-02,161,0,0,3,2
2024-02-09,SKU-IND-1104,WH-IND-02,156,0,0,4,2
2024-02-10,SKU-IND-1104,WH-IND-02,178,0,0,5,2
2024-02-11,SKU-IND-1104,WH-IND-02,51,0,0,6,2
2024-02-12,SKU-IND-1104,WH-IND-02,182,0,0,0,2
2024-02-13,SKU-IND-1104,WH-IND-02,148,0,0,1,2
2024-02-14,SKU-IND-1104,WH-IND-02,144,0,0,2,2
2024-02-15,SKU-IND-1104,WH-IND-02,154,0,0,3,2
2024-02-16,SKU-IND-1104,WH-IND-02,156,0,0,4,2
2024-02-17,SKU-IND-1104,WH-IND-02,187,0,0,5,2
2024-02-18,SKU-IND-1104,WH-IND-02,60,0,0,6,2
2024-02-19,SKU-IND-1104,WH-IND-02,166,0,0,0,2
2024-02-20,SKU-IND-1104,WH-IND-02,158,0,0,1,2
2024-02-21,SKU-IND-1104,WH-IND-02,132,0,0,2,2
2024-02-22,SKU-IND-1104,WH-IND-02,155,0,0,3,2
2024-02-23,SKU-IND-1104,WH-IND-02,156,0,0,4,2
2024-02-24,SKU-IND-1104,WH-IND-02,165,0,0,5,2
2024-02-25,SKU-IND-1104,WH-IND-02,73,0,0,6,2
2024-02-26,SKU-IND-1104,WH-IND-02,175,0,0,0,2
2024-02-27,SKU-IND-1104,WH-IND-02,155,0,0,1,2
2024-02-28,SKU-IND-1104,WH-IND-02,149,0,0,2,2
2024-02-29,SKU-IND-1104,WH-IND-02,145,0,0,3,2
2024-03-01,SKU-IND-1104,WH-IND-02,161,0,0,4,3
2024-03-02,SKU-IND-1104,WH-IND-02,143,0,0,5,3
2024-03-03,SKU-IND-1104,WH-IND-02,58,0,0,6,3
2024-03-04,SKU-IND-1104,WH-IND-02,171,0,0,0,3
2024-03-05,SKU-IND-1104,WH-IND-02,164,0,0,1,3
2024-03-06,SKU-IND-1104,WH-IND-02,179,0,0,2,3
2024-03-07,SKU-IND-1104,WH-IND-02,144,0,0,3,3
2024-03-08,SKU-IND-1104,WH-IND-02,138,0,0,4,3
2024-03-09,SKU-IND-1104,WH-IND-02,157,0,0,5,3
2024-03-10,SKU-IND-1104,WH-IND-02,63,0,0,6,3
2024-03-11,SKU-IND-1104,WH-IND-02,185,0,0,0,3
2024-03-12,SKU-IND-1104,WH-IND-02,154,0,0,1,3
2024-03-13,SKU-IND-1104,WH-IND-02,157,0,0,2,3
2024-03-14,SKU-IND-1104,WH-IND-02,164,0,0,3,3
2024-03-15,SKU-IND-1104,WH-IND-02,171,0,0,4,3
2024-03-16,SKU-IND-1104,WH-IND-02,138,0,0,5,3
2024-03-17,SKU-IND-1104,WH-IND-02,59,0,0,6,3
2024-03-18,SKU-IND-1104,WH-IND-02,186,0,0,0,3
2024-03-19,SKU-IND-1104,WH-IND-02,150,0,0,1,3
2024-03-20,SKU-IND-1104,WH-IND-02,179,0,0,2,3
2024-03-21,SKU-IND-1104,WH-IND-02,153,0,0,3,3
2024-03-22,SKU-IND-1104,WH-IND-02,160,0,0,4,3
2024-03-23,SKU-IND-1104,WH-IND-02,166,0,0,5,3
2024-03-24,SKU-IND-1104,WH-IND-02,57,0,0,6,3
2024-03-25,SKU-IND-1104,WH-IND-02,164,0,0,0,3
2024-03-26,SKU-IND-1104,WH-IND-02,156,0,0,1,3
2024-03-27,SKU-IND-1104,WH-IND-02,172,0,0,2,3
2024-03-28,SKU-IND-1104,WH-IND-02,157,0,0,3,3
2024-03-29,SKU-IND-1104,WH-IND-02,151,0,0,4,3
2024-03-30,SKU-IND-1104,WH-IND-02,171,0,0,5,3
2024-03-31,SKU-IND-1104,WH-IND-02,60,0,0,6,3
2024-04-01,SKU-IND-1104,WH-IND-02,179,0,0,0,4
2024-04-02,SKU-IND-1104,WH-IND-02,162,0,0,1,4
2024-04-03,SKU-IND-1104,WH-IND-02,169,0,0,2,4
2024-04-04,SKU-IND-1104,WH-IND-02,187,0,0,3,4
2024-04-05,SKU-IND-1104,WH-IND-02,170,0,0,4,4
2024-04-06,SKU-IND-1104,WH-IND-02,173,0,0,5,4
2024-04-07,SKU-IND-1104,WH-IND-02,58,0,0,6,4
2024-04-08,SKU-IND-1104,WH-IND-02,173,0,0,0,4
2024-04-09,SKU-IND-1104,WH-IND-02,161,0,0,1,4
2024-04-10,SKU-IND-1104,WH-IND-02,161,0,0,2,4
2024-04-11,SKU-IND-1104,WH-IND-02,148,0,0,3,4
2024-04-12,SKU-IND-1104,WH-IND-02,158,0,0,4,4
2024-04-13,SKU-IND-1104,WH-IND-02,165,0,0,5,4
2024-04-14,SKU-IND-1104,WH-IND-02,68,0,0,6,4
2024-04-15,SKU-IND-1104,WH-IND-02,190,0,0,0,4
2024-04-16,SKU-IND-1104,WH-IND-02,163,0,0,1,4
2024-04-17,SKU-IND-1104,WH-IND-02,154,0,0,2,4
2024-04-18,SKU-IND-1104,WH-IND-02,154,0,0,3,4
2024-04-19,SKU-IND-1104,WH-IND-02,146,0,0,4,4
2024-04-20,SKU-IND-1104,WH-IND-02,179,0,0,5,4
2024-04-21,SKU-IND-1104,WH-IND-02,64,0,0,6,4
2024-04-22,SKU-IND-1104,WH-IND-02,181,0,0,0,4
2024-04-23,SKU-IND-1104,WH-IND-02,149,0,0,1,4
2024-04-24,SKU-IND-1104,WH-IND-02,192,0,0,2,4
2024-04-25,SKU-IND-1104,WH-IND-02,147,0,0,3,4
2024-04-26,SKU-IND-1104,WH-IND-02,154,0,0,4,4
2024-04-27,SKU-IND-1104,WH-IND-02,163,0,0,5,4
2024-04-28,SKU-IND-1104,WH-IND-02,70,0,0,6,4
2024-04-29,SKU-IND-1104,WH-IND-02,193,0,0,0,4
2024-04-30,SKU-IND-1104,WH-IND-02,178,0,0,1,4
2024-05-01,SKU-IND-1104,WH-IND-02,163,0,0,2,5
2024-05-02,SKU-IND-1104,WH-IND-02,146,0,0,3,5
2024-05-03,SKU-IND-1104,WH-IND-02,155,0,0,4,5
2024-05-04,SKU-IND-1104,WH-IND-02,161,0,0,5,5
2024-05-05,SKU-IND-1104,WH-IND-02,86,0,0,6,5
2024-05-06,SKU-IND-1104,WH-IND-02,165,0,0,0,5
2024-05-07,SKU-IND-1104,WH-IND-02,170,0,0,1,5
2024-05-08,SKU-IND-1104,WH-IND-02,158,0,0,2,5
2024-05-09,SKU-IND-1104,WH-IND-02,166,0,0,3,5
2024-05-10,SKU-IND-1104,WH-IND-02,155,0,0,4,5
2024-05-11,SKU-IND-1104,WH-IND-02,146,0,0,5,5
2024-05-12,SKU-IND-1104,WH-IND-02,70,0,0,6,5
2024-05-13,SKU-IND-1104,WH-IND-02,186,0,0,0,5
2024-05-14,SKU-IND-1104,WH-IND-02,166,0,0,1,5
2024-05-15,SKU-IND-1104,WH-IND-02,155,0,0,2,5
2024-05-16,SKU-IND-1104,WH-IND-02,148,0,0,3,5
2024-05-17,SKU-IND-1104,WH-IND-02,137,0,0,4,5
2024-05-18,SKU-IND-1104,WH-IND-02,163,0,0,5,5
2024-05-19,SKU-IND-1104,WH-IND-02,66,0,0,6,5
2024-05-20,SKU-IND-1104,WH-IND-02,166,0,0,0,5
2024-05-21,SKU-IND-1104,WH-IND-02,147,0,0,1,5
2024-05-22,SKU-IND-1104,WH-IND-02,148,0,0,2,5
2024-05-23,SKU-IND-1104,WH-IND-02,136,0,0,3,5
2024-05-24,SKU-IND-1104,WH-IND-02,143,0,0,4,5
2024-05-25,SKU-IND-1104,WH-IND-02,139,0,0,5,5
2024-05-26,SKU-IND-1104,WH-IND-02,56,0,0,6,5
2024-05-27,SKU-IND-1104,WH-IND-02,166,0,0,0,5
2024-05-28,SKU-IND-1104,WH-IND-02,133,0,0,1,5
2024-05-29,SKU-IND-1104,WH-IND-02,174,0,0,2,5
2024-05-30,SKU-IND-1104,WH-IND-02,165,0,0,3,5
2024-05-31,SKU-IND-1104,WH-IND-02,142,0,0,4,5
2024-06-01,SKU-IND-1104,WH-IND-02,153,0,1,5,6
2024-06-02,SKU-IND-1104,WH-IND-02,64,0,1,6,6
2024-06-03,SKU-IND-1104,WH-IND-02,185,0,1,0,6
2024-06-04,SKU-IND-1104,WH-IND-02,140,0,1,1,6
2024-06-05,SKU-IND-1104,WH-IND-02,161,0,1,2,6
2024-06-06,SKU-IND-1104,WH-IND-02,142,0,1,3,6
2024-06-07,SKU-IND-1104,WH-IND-02,133,0,1,4,6
2024-06-08,SKU-IND-1104,WH-IND-02,156,0,1,5,6
2024-06-09,SKU-IND-1104,WH-IND-02,73,0,1,6,6
2024-06-10,SKU-IND-1104,WH-IND-02,198,0,1,0,6
2024-06-11,SKU-IND-1104,WH-IND-02,133,0,1,1,6
2024-06-12,SKU-IND-1104,WH-IND-02,154,0,1,2,6
2024-06-13,SKU-IND-1104,WH-IND-02,142,0,1,3,6
2024-06-14,SKU-IND-1104,WH-IND-02,155,0,1,4,6
2024-06-15,SKU-IND-1104,WH-IND-02,129,0,1,5,6
2024-06-16,SKU-IND-1104,WH-IND-02,44,0,1,6,6
2024-06-17,SKU-IND-1104,WH-IND-02,158,0,1,0,6
2024-06-18,SKU-IND-1104,WH-IND-02,145,0,1,1,6
2024-06-19,SKU-IND-1104,WH-IND-02,137,0,1,2,6
2024-06-20,SKU-IND-1104,WH-IND-02,151,0,1,3,6
2024-06-21,SKU-IND-1104,WH-IND-02,155,0,1,4,6
2024-06-22,SKU-IND-1104,WH-IND-02,150,0,1,5,6
2024-06-23,SKU-IND-1104,WH-IND-02,75,0,1,6,6
2024-06-24,SKU-IND-1104,WH-IND-02,168,0,1,0,6
2024-06-25,SKU-IND-1104,WH-IND-02,128,0,1,1,6
2024-06-26,SKU-IND-1104,WH-IND-02,157,0,1,2,6
2024-06-27,SKU-IND-1104,WH-IND-02,134,0,1,3,6
2024-06-28,SKU-IND-1104,WH-IND-02,151,0,1,4,6
2024-06-29,SKU-IND-1104,WH-IND-02,158,0,1,5,6
2024-06-30,SKU-IND-1104,WH-IND-02,61,0,1,6,6
2024-07-01,SKU-IND-1104,WH-IND-02,144,0,1,0,7
2024-07-02,SKU-IND-1104,WH-IND-02,129,0,1,1,7
2024-07-03,SKU-IND-1104,WH-IND-02,154,0,1,2,7
2024-07-04,SKU-IND-1104,WH-IND-02,137,0,1,3,7
2024-07-05,SKU-IND-1104,WH-IND-02,139,0,1,4,7
2024-07-06,SKU-IND-1104,WH-IND-02,146,0,1,5,7
2024-07-07,SKU-IND-1104,WH-IND-02,63,0,1,6,7
2024-07-08,SKU-IND-1104,WH-IND-02,161,0,1,0,7
2024-07-09,SKU-IND-1104,WH-IND-02,135,0,1,1,7
2024-07-10,SKU-IND-1104,WH-IND-02,133,0,1,2,7
2024-07-11,SKU-IND-1104,WH-IND-02,146,0,1,3,7
2024-07-12,SKU-IND-1104,WH-IND-02,142,0,1,4,7
2024-07-13,SKU-IND-1104,WH-IND-02,133,0,1,5,7
2024-07-14,SKU-IND-1104,WH-IND-02,66,0,1,6,7
2024-07-15,SKU-IND-1104,WH-IND-02,154,0,1,0,7
2024-07-16,SKU-IND-1104,WH-IND-02,125,0,1,1,7
2024-07-17,SKU-IND-1104,WH-IND-02,126,0,1,2,7
2024-07-18,SKU-IND-1104,WH-IND-02,123,0,1,3,7
2024-07-19,SKU-IND-1104,WH-IND-02,130,0,1,4,7
2024-07-20,SKU-IND-1104,WH-IND-02,147,0,1,5,7
2024-07-21,SKU-IND-1104,WH-IND-02,44,0,1,6,7
2024-07-22,SKU-IND-1104,WH-IND-02,154,0,1,0,7
2024-07-23,SKU-IND-1104,WH-IND-02,125,0,1,1,7
2024-07-24,SKU-IND-1104,WH-IND-02,129,0,1,2,7
2024-07-25,SKU-IND-1104,WH-IND-02,114,0,1,3,7
2024-07-26,SKU-IND-1104,WH-IND-02,128,0,1,4,7
2024-07-27,SKU-IND-1104,WH-IND-02,128,0,1,5,7
2024-07-28,SKU-IND-1104,WH-IND-02,58,0,1,6,7
2024-07-29,SKU-IND-1104,WH-IND-02,152,0,1,0,7
2024-07-30,SKU-IND-1104,WH-IND-02,116,0,1,1,7
2024-07-31,SKU-IND-1104,WH-IND-02,141,0,1,2,7
2024-08-01,SKU-IND-1104,WH-IND-02,131,0,1,3,8
2024-08-02,SKU-IND-1104,WH-IND-02,131,0,1,4,8
2024-08-03,SKU-IND-1104,WH-IND-02,128,0,1,5,8
2024-08-04,SKU-IND-1104,WH-IND-02,45,0,1,6,8
2024-08-05,SKU-IND-1104,WH-IND-02,149,0,1,0,8
2024-08-06,SKU-IND-1104,WH-IND-02,133,0,1,1,8
2024-08-07,SKU-IND-1104,WH-IND-02,108,0,1,2,8
2024-08-08,SKU-IND-1104,WH-IND-02,121,0,1,3,8
2024-08-09,SKU-IND-1104,WH-IND-02,124,0,1,4,8
2024-08-10,SKU-IND-1104,WH-IND-02,129,0,1,5,8
2024-08-11,SKU-IND-1104,WH-IND-02,63,0,1,6,8
2024-08-12,SKU-IND-1104,WH-IND-02,136,0,1,0,8
2024-08-13,SKU-IND-1104,WH-IND-02,120,0,1,1,8
2024-08-14,SKU-IND-1104,WH-IND-02,120,0,1,2,8
2024-08-15,SKU-IND-1104,WH-IND-02,116,0,1,3,8
2024-08-16,SKU-IND-1104,WH-IND-02,121,0,1,4,8
2024-08-17,SKU-IND-1104,WH-IND-02,133,0,1,5,8
2024-08-18,SKU-IND-1104,WH-IND-02,38,0,1,6,8
2024-08-19,SKU-IND-1104,WH-IND-02,147,0,1,0,8
2024-08-20,SKU-IND-1104,WH-IND-02,105,0,1,1,8
2024-08-21,SKU-IND-1104,WH-IND-02,117,0,1,2,8
2024-08-22,SKU-IND-1104,WH-IND-02,120,0,1,3,8
2024-08-23,SKU-IND-1104,WH-IND-02,142,0,1,4,8
2024-08-24,SKU-IND-1104,WH-IND-02,120,0,1,5,8
2024-08-25,SKU-IND-1104,WH-IND-02,24,0,1,6,8
2024-08-26,SKU-IND-1104,WH-IND-02,118,0,1,0,8
2024-08-27,SKU-IND-1104,WH-IND-02,123,0,1,1,8
2024-08-28,SKU-IND-1104,WH-IND-02,129,0,1,2,8
2024-08-29,SKU-IND-1104,WH-IND-02,126,0,1,3,8
2024-08-30,SKU-IND-1104,WH-IND-02,123,0,1,4,8
2024-08-31,SKU-IND-1104,WH-IND-02,134,0,1,5,8
2024-09-01,SKU-IND-1104,WH-IND-02,42,0,0,6,9
2024-09-02,SKU-IND-1104,WH-IND-02,149,0,0,0,9
2024-09-03,SKU-IND-1104,WH-IND-02,103,0,0,1,9
2024-09-04,SKU-IND-1104,WH-IND-02,111,0,0,2,9
2024-09-05,SKU-IND-1104,WH-IND-02,100,0,0,3,9
2024-09-06,SKU-IND-1104,WH-IND-02,117,0,0,4,9
2024-09-07,SKU-IND-1104,WH-IND-02,120,0,0,5,9
2024-09-08,SKU-IND-1104,WH-IND-02,49,0,0,6,9
2024-09-09,SKU-IND-1104,WH-IND-02,139,0,0,0,9
2024-09-10,SKU-IND-1104,WH-IND-02,109,0,0,1,9
2024-09-11,SKU-IND-1104,WH-IND-02,172,1,0,2,9
2024-09-12,SKU-IND-1104,WH-IND-02,157,1,0,3,9
2024-09-13,SKU-IND-1104,WH-IND-02,189,1,0,4,9
2024-09-14,SKU-IND-1104,WH-IND-02,170,1,0,5,9
2024-09-15,SKU-IND-1104,WH-IND-02,63,1,0,6,9
2024-09-16,SKU-IND-1104,WH-IND-02,217,1,0,0,9
2024-09-17,SKU-IND-1104,WH-IND-02,159,1,0,1,9
2024-09-18,SKU-IND-1104,WH-IND-02,160,1,0,2,9
2024-09-19,SKU-IND-1104,WH-IND-02,160,1,0,3,9
2024-09-20,SKU-IND-1104,WH-IND-02,172,1,0,4,9
2024-09-21,SKU-IND-1104,WH-IND-02,177,1,0,5,9
2024-09-22,SKU-IND-1104,WH-IND-02,77,1,0,6,9
2024-09-23,SKU-IND-1104,WH-IND-02,227,1,0,0,9
2024-09-24,SKU-IND-1104,WH-IND-02,147,1,0,1,9
2024-09-25,SKU-IND-1104,WH-IND-02,179,1,0,2,9
2024-09-26,SKU-IND-1104,WH-IND-02,166,1,0,3,9
2024-09-27,SKU-IND-1104,WH-IND-02,166,1,0,4,9
2024-09-28,SKU-IND-1104,WH-IND-02,165,1,0,5,9
2024-09-29,SKU-IND-1104,WH-IND-02,58,1,0,6,9
2024-09-30,SKU-IND-1104,WH-IND-02,217,1,0,0,9
2024-10-01,SKU-IND-1104,WH-IND-02,128,0,0,1,10
2024-10-02,SKU-IND-1104,WH-IND-02,119,0,0,2,10
2024-10-03,SKU-IND-1104,WH-IND-02,134,0,0,3,10
2024-10-04,SKU-IND-1104,WH-IND-02,102,0,0,4,10
2024-10-05,SKU-IND-1104,WH-IND-02,104,0,0,5,10
2024-10-06,SKU-IND-1104,WH-IND-02,23,0,0,6,10
2024-10-07,SKU-IND-1104,WH-IND-02,129,0,0,0,10
2024-10-08,SKU-IND-1104,WH-IND-02,120,0,0,1,10
2024-10-09,SKU-IND-1104,WH-IND-02,120,0,0,2,10
2024-10-10,SKU-IND-1104,WH-IND-02,120,0,0,3,10
2024-10-11,SKU-IND-1104,WH-IND-02,157,1,0,4,10
2024-10-12,SKU-IND-1104,WH-IND-02,182,1,0,5,10
2024-10-13,SKU-IND-1104,WH-IND-02,71,1,0,6,10
2024-10-14,SKU-IND-1104,WH-IND-02,207,1,0,0,10
2024-10-15,SKU-IND-1104,WH-IND-02,152,1,0,1,10
2024-10-16,SKU-IND-1104,WH-IND-02,177,1,0,2,10
2024-10-17,SKU-IND-1104,WH-IND-02,160,1,0,3,10
2024-10-18,SKU-IND-1104,WH-IND-02,169,1,0,4,10
2024-10-19,SKU-IND-1104,WH-IND-02,179,1,0,5,10
2024-10-20,SKU-IND-1104,WH-IND-02,70,1,0,6,10
2024-10-21,SKU-IND-1104,WH-IND-02,190,1,0,0,10
2024-10-22,SKU-IND-1104,WH-IND-02,174,1,0,1,10
2024-10-23,SKU-IND-1104,WH-IND-02,157,1,0,2,10
2024-10-24,SKU-IND-1104,WH-IND-02,187,1,0,3,10
2024-10-25,SKU-IND-1104,WH-IND-02,172,1,0,4,10
2024-10-26,SKU-IND-1104,WH-IND-02,187,1,0,5,10
2024-10-27,SKU-IND-1104,WH-IND-02,64,1,0,6,10
2024-10-28,SKU-IND-1104,WH-IND-02,196,1,0,0,10
2024-10-29,SKU-IND-1104,WH-IND-02,167,1,0,1,10
2024-10-30,SKU-IND-1104,WH-IND-02,186,1,0,2,10
2024-10-31,SKU-IND-1104,WH-IND-02,168,1,0,3,10
2024-11-01,SKU-IND-1104,WH-IND-02,129,0,0,4,11
2024-11-02,SKU-IND-1104,WH-IND-02,117,0,0,5,11
2024-11-03,SKU-IND-1104,WH-IND-02,26,0,0,6,11
2024-11-04,SKU-IND-1104,WH-IND-02,134,0,0,0,11
2024-11-05,SKU-IND-1104,WH-IND-02,109,0,0,1,11
2024-11-06,SKU-IND-1104,WH-IND-02,123,0,0,2,11
2024-11-07,SKU-IND-1104,WH-IND-02,109,0,0,3,11
2024-11-08,SKU-IND-1104,WH-IND-02,133,0,0,4,11
2024-11-09,SKU-IND-1104,WH-IND-02,122,0,0,5,11
2024-11-10,SKU-IND-1104,WH-IND-02,47,0,0,6,11
2024-11-11,SKU-IND-1104,WH-IND-02,149,0,0,0,11
2024-11-12,SKU-IND-1104,WH-IND-02,135,0,0,1,11
2024-11-13,SKU-IND-1104,WH-IND-02,124,0,0,2,11
2024-11-14,SKU-IND-1104,WH-IND-02,116,0,0,3,11
2024-11-15,SKU-IND-1104,WH-IND-02,105,0,0,4,11
2024-11-16,SKU-IND-1104,WH-IND-02,117,0,0,5,11
2024-11-17,SKU-IND-1104,WH-IND-02,43,0,0,6,11
2024-11-18,SKU-IND-1104,WH-IND-02,145,0,0,0,11
2024-11-19,SKU-IND-1104,WH-IND-02,122,0,0,1,11
2024-11-20,SKU-IND-1104,WH-IND-02,134,0,0,2,11
2024-11-21,SKU-IND-1104,WH-IND-02,119,0,0,3,11
2024-11-22,SKU-IND-1104,WH-IND-02,126,0,0,4,11
2024-11-23,SKU-IND-1104,WH-IND-02,140,0,0,5,11
2024-11-24,SKU-IND-1104,WH-IND-02,54,0,0,6,11
2024-11-25,SKU-IND-1104,WH-IND-02,146,0,0,0,11
2024-11-26,SKU-IND-1104,WH-IND-02,121,0,0,1,11
2024-11-27,SKU-IND-1104,WH-IND-02,121,0,0,2,11
2024-11-28,SKU-IND-1104,WH-IND-02,119,0,0,3,11
2024-11-29,SKU-IND-1104,WH-IND-02,122,0,0,4,11
2024-11-30,SKU-IND-1104,WH-IND-02,137,0,0,5,11
2024-12-01,SKU-IND-1104,WH-IND-02,49,0,0,6,12
2024-12-02,SKU-IND-1104,WH-IND-02,134,0,0,0,12
2024-12-03,SKU-IND-1104,WH-IND-02,149,0,0,1,12
2024-12-04,SKU-IND-1104,WH-IND-02,134,0,0,2,12
2024-12-05,SKU-IND-1104,WH-IND-02,115,0,0,3,12
2024-12-06,SKU-IND-1104,WH-IND-02,126,0,0,4,12
2024-12-07,SKU-IND-1104,WH-IND-02,132,0,0,5,12
2024-12-08,SKU-IND-1104,WH-IND-02,71,0,0,6,12
2024-12-09,SKU-IND-1104,WH-IND-02,139,0,0,0,12
2024-12-10,SKU-IND-1104,WH-IND-02,143,0,0,1,12
2024-12-11,SKU-IND-1104,WH-IND-02,148,0,0,2,12
2024-12-12,SKU-IND-1104,WH-IND-02,126,0,0,3,12
2024-12-13,SKU-IND-1104,WH-IND-02,130,0,0,4,12
2024-12-14,SKU-IND-1104,WH-IND-02,122,0,0,5,12
2024-12-15,SKU-IND-1104,WH-IND-02,51,0,0,6,12
2024-12-16,SKU-IND-1104,WH-IND-02,154,0,0,0,12
2024-12-17,SKU-IND-1104,WH-IND-02,142,0,0,1,12
2024-12-18,SKU-IND-1104,WH-IND-02,147,0,0,2,12
2024-12-19,SKU-IND-1104,WH-IND-02,127,0,0,3,12
2024-12-20,SKU-IND-1104,WH-IND-02,113,0,0,4,12
2024-12-21,SKU-IND-1104,WH-IND-02,136,0,0,5,12
2024-12-22,SKU-IND-1104,WH-IND-02,57,0,0,6,12
2024-12-23,SKU-IND-1104,WH-IND-02,160,0,0,0,12
2024-12-24,SKU-IND-1104,WH-IND-02,133,0,0,1,12
2024-12-25,SKU-IND-1104,WH-IND-02,139,0,0,2,12
2024-12-26,SKU-IND-1104,WH-IND-02,155,0,0,3,12
2024-12-27,SKU-IND-1104,WH-IND-02,142,0,0,4,12
2024-12-28,SKU-IND-1104,WH-IND-02,134,0,0,5,12
2024-12-29,SKU-IND-1104,WH-IND-02,50,0,0,6,12
2024-12-30,SKU-IND-1104,WH-IND-02,158,0,0,0,12
2024-12-31,SKU-IND-1104,WH-IND-02,158,0,0,1,12
2025-01-01,SKU-IND-1104,WH-IND-02,138,0,0,2,1
2025-01-02,SKU-IND-1104,WH-IND-02,140,0,0,3,1
2025-01-03,SKU-IND-1104,WH-IND-02,135,0,0,4,1
2025-01-04,SKU-IND-1104,WH-IND-02,153,0,0,5,1
2025-01-05,SKU-IND-1104,WH-IND-02,78,0,0,6,1
2025-01-06,SKU-IND-1104,WH-IND-02,168,0,0,0,1
2025-01-07,SKU-IND-1104,WH-IND-02,143,0,0,1,1
2025-01-08,SKU-IND-1104,WH-IND-02,143,0,0,2,1
2025-01-09,SKU-IND-1104,WH-IND-02,116,0,0,3,1
2025-01-10,SKU-IND-1104,WH-IND-02,151,0,0,4,1
2025-01-11,SKU-IND-1104,WH-IND-02,145,0,0,5,1
2025-01-12,SKU-IND-1104,WH-IND-02,62,0,0,6,1
2025-01-13,SKU-IND-1104,WH-IND-02,158,0,0,0,1
2025-01-14,SKU-IND-1104,WH-IND-02,140,0,0,1,1
2025-01-15,SKU-IND-1104,WH-IND-02,140,0,0,2,1
2025-01-16,SKU-IND-1104,WH-IND-02,157,0,0,3,1
2025-01-17,SKU-IND-1104,WH-IND-02,141,0,0,4,1
2025-01-18,SKU-IND-1104,WH-IND-02,169,0,0,5,1
2025-01-19,SKU-IND-1104,WH-IND-02,63,0,0,6,1
2025-01-20,SKU-IND-1104,WH-IND-02,154,0,0,0,1
2025-01-21,SKU-IND-1104,WH-IND-02,145,0,0,1,1
2025-01-22,SKU-IND-1104,WH-IND-02,140,0,0,2,1
2025-01-23,SKU-IND-1104,WH-IND-02,123,0,0,3,1
2025-01-24,SKU-IND-1104,WH-IND-02,166,0,0,4,1
2025-01-25,SKU-IND-1104,WH-IND-02,156,0,0,5,1
2025-01-26,SKU-IND-1104,WH-IND-02,65,0,0,6,1
2025-01-27,SKU-IND-1104,WH-IND-02,173,0,0,0,1
2025-01-28,SKU-IND-1104,WH-IND-02,134,0,0,1,1
2025-01-29,SKU-IND-1104,WH-IND-02,144,0,0,2,1
2025-01-30,SKU-IND-1104,WH-IND-02,159,0,0,3,1
2025-01-31,SKU-IND-1104,WH-IND-02,138,0,0,4,1
2025-02-01,SKU-IND-1104,WH-IND-02,122,0,0,5,2
2025-02-02,SKU-IND-1104,WH-IND-02,57,0,0,6,2
2025-02-03,SKU-IND-1104,WH-IND-02,172,0,0,0,2
2025-02-04,SKU-IND-1104,WH-IND-02,153,0,0,1,2
2025-02-05,SKU-IND-1104,WH-IND-02,160,0,0,2,2
2025-02-06,SKU-IND-1104,WH-IND-02,159,0,0,3,2
2025-02-07,SKU-IND-1104,WH-IND-02,155,0,0,4,2
2025-02-08,SKU-IND-1104,WH-IND-02,166,0,0,5,2
2025-02-09,SKU-IND-1104,WH-IND-02,44,0,0,6,2
2025-02-10,SKU-IND-1104,WH-IND-02,182,0,0,0,2
2025-02-11,SKU-IND-1104,WH-IND-02,160,0,0,1,2
2025-02-12,SKU-IND-1104,WH-IND-02,140,0,0,2,2
2025-02-13,SKU-IND-1104,WH-IND-02,137,0,0,3,2
2025-02-14,SKU-IND-1104,WH-IND-02,146,0,0,4,2
2025-02-15,SKU-IND-1104,WH-IND-02,147,0,0,5,2
2025-02-16,SKU-IND-1104,WH-IND-02,70,0,0,6,2
2025-02-17,SKU-IND-1104,WH-IND-02,171,0,0,0,2
2025-02-18,SKU-IND-1104,WH-IND-02,146,0,0,1,2
2025-02-19,SKU-IND-1104,WH-IND-02,149,0,0,2,2
2025-02-20,SKU-IND-1104,WH-IND-02,168,0,0,3,2
2025-02-21,SKU-IND-1104,WH-IND-02,156,0,0,4,2
2025-02-22,SKU-IND-1104,WH-IND-02,154,0,0,5,2
2025-02-23,SKU-IND-1104,WH-IND-02,61,0,0,6,2
2025-02-24,SKU-IND-1104,WH-IND-02,194,0,0,0,2
2025-02-25,SKU-IND-1104,WH-IND-02,148,0,0,1,2
2025-02-26,SKU-IND-1104,WH-IND-02,172,0,0,2,2
2025-02-27,SKU-IND-1104,WH-IND-02,159,0,0,3,2
2025-02-28,SKU-IND-1104,WH-IND-02,155,0,0,4,2
2025-03-01,SKU-IND-1104,WH-IND-02,185,0,0,5,3
2025-03-02,SKU-IND-1104,WH-IND-02,51,0,0,6,3
2025-03-03,SKU-IND-1104,WH-IND-02,178,0,0,0,3
2025-03-04,SKU-IND-1104,WH-IND-02,144,0,0,1,3
2025-03-05,SKU-IND-1104,WH-IND-02,169,0,0,2,3
2025-03-06,SKU-IND-1104,WH-IND-02,177,0,0,3,3
2025-03-07,SKU-IND-1104,WH-IND-02,177,0,0,4,3
2025-03-08,SKU-IND-1104,WH-IND-02,172,0,0,5,3
2025-03-09,SKU-IND-1104,WH-IND-02,61,0,0,6,3
2025-03-10,SKU-IND-1104,WH-IND-02,179,0,0,0,3
2025-03-11,SKU-IND-1104,WH-IND-02,140,0,0,1,3
2025-03-12,SKU-IND-1104,WH-IND-02,182,0,0,2,3
2025-03-13,SKU-IND-1104,WH-IND-02,165,0,0,3,3
2025-03-14,SKU-IND-1104,WH-IND-02,154,0,0,4,3
2025-03-15,SKU-IND-1104,WH-IND-02,174,0,0,5,3
2025-03-16,SKU-IND-1104,WH-IND-02,53,0,0,6,3
2025-03-17,SKU-IND-1104,WH-IND-02,188,0,0,0,3
2025-03-18,SKU-IND-1104,WH-IND-02,158,0,0,1,3
2025-03-19,SKU-IND-1104,WH-IND-02,167,0,0,2,3
2025-03-20,SKU-IND-1104,WH-IND-02,159,0,0,3,3
2025-03-21,SKU-IND-1104,WH-IND-02,144,0,0,4,3
2025-03-22,SKU-IND-1104,WH-IND-02,161,0,0,5,3
2025-03-23,SKU-IND-1104,WH-IND-02,76,0,0,6,3
2025-03-24,SKU-IND-1104,WH-IND-02,184,0,0,0,3
2025-03-25,SKU-IND-1104,WH-IND-02,169,0,0,1,3
2025-03-26,SKU-IND-1104,WH-IND-02,149,0,0,2,3
2025-03-27,SKU-IND-1104,WH-IND-02,160,0,0,3,3
2025-03-28,SKU-IND-1104,WH-IND-02,153,0,0,4,3
2025-03-29,SKU-IND-1104,WH-IND-02,169,0,0,5,3
2025-03-30,SKU-IND-1104,WH-IND-02,64,0,0,6,3
2025-03-31,SKU-IND-1104,WH-IND-02,192,0,0,0,3
2025-04-01,SKU-IND-1104,WH-IND-02,173,0,0,1,4
2025-04-02,SKU-IND-1104,WH-IND-02,168,0,0,2,4
2025-04-03,SKU-IND-1104,WH-IND-02,164,0,0,3,4
2025-04-04,SKU-IND-1104,WH-IND-02,149,0,0,4,4
2025-04-05,SKU-IND-1104,WH-IND-02,160,0,0,5,4
2025-04-06,SKU-IND-1104,WH-IND-02,58,0,0,6,4
2025-04-07,SKU-IND-1104,WH-IND-02,181,0,0,0,4
2025-04-08,SKU-IND-1104,WH-IND-02,156,0,0,1,4
2025-04-09,SKU-IND-1104,WH-IND-02,149,0,0,2,4
2025-04-10,SKU-IND-1104,WH-IND-02,138,0,0,3,4
2025-04-11,SKU-IND-1104,WH-IND-02,153,0,0,4,4
2025-04-12,SKU-IND-1104,WH-IND-02,162,0,0,5,4
2025-04-13,SKU-IND-1104,WH-IND-02,49,0,0,6,4
2025-04-14,SKU-IND-1104,WH-IND-02,184,0,0,0,4
2025-04-15,SKU-IND-1104,WH-IND-02,181,0,0,1,4
2025-04-16,SKU-IND-1104,WH-IND-02,171,0,0,2,4
2025-04-17,SKU-IND-1104,WH-IND-02,178,0,0,3,4
2025-04-18,SKU-IND-1104,WH-IND-02,164,0,0,4,4
2025-04-19,SKU-IND-1104,WH-IND-02,173,0,0,5,4
2025-04-20,SKU-IND-1104,WH-IND-02,55,0,0,6,4
2025-04-21,SKU-IND-1104,WH-IND-02,176,0,0,0,4
2025-04-22,SKU-IND-1104,WH-IND-02,129,0,0,1,4
2025-04-23,SKU-IND-1104,WH-IND-02,172,0,0,2,4
2025-04-24,SKU-IND-1104,WH-IND-02,176,0,0,3,4
2025-04-25,SKU-IND-1104,WH-IND-02,153,0,0,4,4
2025-04-26,SKU-IND-1104,WH-IND-02,156,0,0,5,4
2025-04-27,SKU-IND-1104,WH-IND-02,55,0,0,6,4
2025-04-28,SKU-IND-1104,WH-IND-02,186,0,0,0,4
2025-04-29,SKU-IND-1104,WH-IND-02,171,0,0,1,4
2025-04-30,SKU-IND-1104,WH-IND-02,139,0,0,2,4
2025-05-01,SKU-IND-1104,WH-IND-02,162,0,0,3,5
2025-05-02,SKU-IND-1104,WH-IND-02,155,0,0,4,5
2025-05-03,SKU-IND-1104,WH-IND-02,159,0,0,5,5
2025-05-04,SKU-IND-1104,WH-IND-02,68,0,0,6,5
2025-05-05,SKU-IND-1104,WH-IND-02,179,0,0,0,5
2025-05-06,SKU-IND-1104,WH-IND-02,156,0,0,1,5
2025-05-07,SKU-IND-1104,WH-IND-02,154,0,0,2,5
2025-05-08,SKU-IND-1104,WH-IND-02,167,0,0,3,5
2025-05-09,SKU-IND-1104,WH-IND-02,161,0,0,4,5
2025-05-10,SKU-IND-1104,WH-IND-02,159,0,0,5,5
2025-05-11,SKU-IND-1104,WH-IND-02,48,0,0,6,5
2025-05-12,SKU-IND-1104,WH-IND-02,175,0,0,0,5
2025-05-13,SKU-IND-1104,WH-IND-02,165,0,0,1,5
2025-05-14,SKU-IND-1104,WH-IND-02,156,0,0,2,5
2025-05-15,SKU-IND-1104,WH-IND-02,162,0,0,3,5
2025-05-16,SKU-IND-1104,WH-IND-02,174,0,0,4,5
2025-05-17,SKU-IND-1104,WH-IND-02,166,0,0,5,5
2025-05-18,SKU-IND-1104,WH-IND-02,62,0,0,6,5
2025-05-19,SKU-IND-1104,WH-IND-02,171,0,0,0,5
2025-05-20,SKU-IND-1104,WH-IND-02,125,0,0,1,5
2025-05-21,SKU-IND-1104,WH-IND-02,151,0,0,2,5
2025-05-22,SKU-IND-1104,WH-IND-02,149,0,0,3,5
2025-05-23,SKU-IND-1104,WH-IND-02,157,0,0,4,5
2025-05-24,SKU-IND-1104,WH-IND-02,151,0,0,5,5
2025-05-25,SKU-IND-1104,WH-IND-02,57,0,0,6,5
2025-05-26,SKU-IND-1104,WH-IND-02,155,0,0,0,5
2025-05-27,SKU-IND-1104,WH-IND-02,141,0,0,1,5
2025-05-28,SKU-IND-1104,WH-IND-02,157,0,0,2,5
2025-05-29,SKU-IND-1104,WH-IND-02,170,0,0,3,5
2025-05-30,SKU-IND-1104,WH-IND-02,150,0,0,4,5
2025-05-31,SKU-IND-1104,WH-IND-02,154,0,0,5,5
2025-06-01,SKU-IND-1104,WH-IND-02,70,0,1,6,6
2025-06-02,SKU-IND-1104,WH-IND-02,163,0,1,0,6
2025-06-03,SKU-IND-1104,WH-IND-02,154,0,1,1,6
2025-06-04,SKU-IND-1104,WH-IND-02,141,0,1,2,6
2025-06-05,SKU-IND-1104,WH-IND-02,159,0,1,3,6
2025-06-06,SKU-IND-1104,WH-IND-02,150,0,1,4,6
2025-06-07,SKU-IND-1104,WH-IND-02,152,0,1,5,6
2025-06-08,SKU-IND-1104,WH-IND-02,50,0,1,6,6
2025-06-09,SKU-IND-1104,WH-IND-02,178,0,1,0,6
2025-06-10,SKU-IND-1104,WH-IND-02,171,0,1,1,6
2025-06-11,SKU-IND-1104,WH-IND-02,136,0,1,2,6
2025-06-12,SKU-IND-1104,WH-IND-02,143,0,1,3,6
2025-06-13,SKU-IND-1104,WH-IND-02,149,0,1,4,6
2025-06-14,SKU-IND-1104,WH-IND-02,155,0,1,5,6
2025-06-15,SKU-IND-1104,WH-IND-02,52,0,1,6,6
2025-06-16,SKU-IND-1104,WH-IND-02,135,0,1,0,6
2025-06-17,SKU-IND-1104,WH-IND-02,160,0,1,1,6
2025-06-18,SKU-IND-1104,WH-IND-02,153,0,1,2,6
2025-06-19,SKU-IND-1104,WH-IND-02,125,0,1,3,6
2025-06-20,SKU-IND-1104,WH-IND-02,137,0,1,4,6
2025-06-21,SKU-IND-1104,WH-IND-02,161,0,1,5,6
2025-06-22,SKU-IND-1104,WH-IND-02,73,0,1,6,6
2025-06-23,SKU-IND-1104,WH-IND-02,175,0,1,0,6
2025-06-24,SKU-IND-1104,WH-IND-02,140,0,1,1,6
2025-06-25,SKU-IND-1104,WH-IND-02,143,0,1,2,6
2025-06-26,SKU-IND-1104,WH-IND-02,140,0,1,3,6
2025-06-27,SKU-IND-1104,WH-IND-02,154,0,1,4,6
2025-06-28,SKU-IND-1104,WH-IND-02,131,0,1,5,6
2025-06-29,SKU-IND-1104,WH-IND-02,47,0,1,6,6
2025-06-30,SKU-IND-1104,WH-IND-02,173,0,1,0,6
2025-07-01,SKU-IND-1104,WH-IND-02,139,0,1,1,7
2025-07-02,SKU-IND-1104,WH-IND-02,155,0,1,2,7
2025-07-03,SKU-IND-1104,WH-IND-02,132,0,1,3,7
2025-07-04,SKU-IND-1104,WH-IND-02,138,0,1,4,7
2025-07-05,SKU-IND-1104,WH-IND-02,128,0,1,5,7
2025-07-06,SKU-IND-1104,WH-IND-02,55,0,1,6,7
2025-07-07,SKU-IND-1104,WH-IND-02,142,0,1,0,7
2025-07-08,SKU-IND-1104,WH-IND-02,132,0,1,1,7
2025-07-09,SKU-IND-1104,WH-IND-02,121,0,1,2,7
2025-07-10,SKU-IND-1104,WH-IND-02,144,0,1,3,7
2025-07-11,SKU-IND-1104,WH-IND-02,144,0,1,4,7
2025-07-12,SKU-IND-1104,WH-IND-02,116,0,1,5,7
2025-07-13,SKU-IND-1104,WH-IND-02,69,0,1,6,7
2025-07-14,SKU-IND-1104,WH-IND-02,183,0,1,0,7
2025-07-15,SKU-IND-1104,WH-IND-02,135,0,1,1,7
2025-07-16,SKU-IND-1104,WH-IND-02,127,0,1,2,7
2025-07-17,SKU-IND-1104,WH-IND-02,166,0,1,3,7
2025-07-18,SKU-IND-1104,WH-IND-02,119,0,1,4,7
2025-07-19,SKU-IND-1104,WH-IND-02,134,0,1,5,7
2025-07-20,SKU-IND-1104,WH-IND-02,55,0,1,6,7
2025-07-21,SKU-IND-1104,WH-IND-02,168,0,1,0,7
2025-07-22,SKU-IND-1104,WH-IND-02,136,0,1,1,7
2025-07-23,SKU-IND-1104,WH-IND-02,126,0,1,2,7
2025-07-24,SKU-IND-1104,WH-IND-02,121,0,1,3,7
2025-07-25,SKU-IND-1104,WH-IND-02,128,0,1,4,7
2025-07-26,SKU-IND-1104,WH-IND-02,120,0,1,5,7
2025-07-27,SKU-IND-1104,WH-IND-02,53,0,1,6,7
2025-07-28,SKU-IND-1104,WH-IND-02,144,0,1,0,7
2025-07-29,SKU-IND-1104,WH-IND-02,113,0,1,1,7
2025-07-30,SKU-IND-1104,WH-IND-02,144,0,1,2,7
2025-07-31,SKU-IND-1104,WH-IND-02,124,0,1,3,7
2025-08-01,SKU-IND-1104,WH-IND-02,115,0,1,4,8
2025-08-02,SKU-IND-1104,WH-IND-02,127,0,1,5,8
2025-08-03,SKU-IND-1104,WH-IND-02,52,0,1,6,8
2025-08-04,SKU-IND-1104,WH-IND-02,128,0,1,0,8
2025-08-05,SKU-IND-1104,WH-IND-02,132,0,1,1,8
2025-08-06,SKU-IND-1104,WH-IND-02,116,0,1,2,8
2025-08-07,SKU-IND-1104,WH-IND-02,146,0,1,3,8
2025-08-08,SKU-IND-1104,WH-IND-02,133,0,1,4,8
2025-08-09,SKU-IND-1104,WH-IND-02,122,0,1,5,8
2025-08-10,SKU-IND-1104,WH-IND-02,42,0,1,6,8
2025-08-11,SKU-IND-1104,WH-IND-02,144,0,1,0,8
2025-08-12,SKU-IND-1104,WH-IND-02,133,0,1,1,8
2025-08-13,SKU-IND-1104,WH-IND-02,125,0,1,2,8
2025-08-14,SKU-IND-1104,WH-IND-02,123,0,1,3,8
2025-08-15,SKU-IND-1104,WH-IND-02,126,0,1,4,8
2025-08-16,SKU-IND-1104,WH-IND-02,118,0,1,5,8
2025-08-17,SKU-IND-1104,WH-IND-02,46,0,1,6,8
2025-08-18,SKU-IND-1104,WH-IND-02,120,0,1,0,8
2025-08-19,SKU-IND-1104,WH-IND-02,135,0,1,1,8
2025-08-20,SKU-IND-1104,WH-IND-02,127,0,1,2,8
2025-08-21,SKU-IND-1104,WH-IND-02,115,0,1,3,8
2025-08-22,SKU-IND-1104,WH-IND-02,145,0,1,4,8
2025-08-23,SKU-IND-1104,WH-IND-02,124,0,1,5,8
2025-08-24,SKU-IND-1104,WH-IND-02,37,0,1,6,8
2025-08-25,SKU-IND-1104,WH-IND-02,151,0,1,0,8
2025-08-26,SKU-IND-1104,WH-IND-02,127,0,1,1,8
2025-08-27,SKU-IND-1104,WH-IND-02,127,0,1,2,8
2025-08-28,SKU-IND-1104,WH-IND-02,117,0,1,3,8
2025-08-29,SKU-IND-1104,WH-IND-02,127,0,1,4,8
2025-08-30,SKU-IND-1104,WH-IND-02,119,0,1,5,8
2025-08-31,SKU-IND-1104,WH-IND-02,55,0,1,6,8
2025-09-01,SKU-IND-1104,WH-IND-02,118,0,0,0,9
2025-09-02,SKU-IND-1104,WH-IND-02,116,0,0,1,9
2025-09-03,SKU-IND-1104,WH-IND-02,140,0,0,2,9
2025-09-04,SKU-IND-1104,WH-IND-02,112,0,0,3,9
2025-09-05,SKU-IND-1104,WH-IND-02,114,0,0,4,9
2025-09-06,SKU-IND-1104,WH-IND-02,115,0,0,5,9
2025-09-07,SKU-IND-1104,WH-IND-02,34,0,0,6,9
2025-09-08,SKU-IND-1104,WH-IND-02,114,0,0,0,9
2025-09-09,SKU-IND-1104,WH-IND-02,117,0,0,1,9
2025-09-10,SKU-IND-1104,WH-IND-02,121,0,0,2,9
2025-09-11,SKU-IND-1104,WH-IND-02,173,1,0,3,9
2025-09-12,SKU-IND-1104,WH-IND-02,172,1,0,4,9
2025-09-13,SKU-IND-1104,WH-IND-02,174,1,0,5,9
2025-09-14,SKU-IND-1104,WH-IND-02,81,1,0,6,9
2025-09-15,SKU-IND-1104,WH-IND-02,197,1,0,0,9
2025-09-16,SKU-IND-1104,WH-IND-02,167,1,0,1,9
2025-09-17,SKU-IND-1104,WH-IND-02,170,1,0,2,9
2025-09-18,SKU-IND-1104,WH-IND-02,179,1,0,3,9
2025-09-19,SKU-IND-1104,WH-IND-02,189,1,0,4,9
2025-09-20,SKU-IND-1104,WH-IND-02,166,1,0,5,9
2025-09-21,SKU-IND-1104,WH-IND-02,70,1,0,6,9
2025-09-22,SKU-IND-1104,WH-IND-02,202,1,0,0,9
2025-09-23,SKU-IND-1104,WH-IND-02,161,1,0,1,9
2025-09-24,SKU-IND-1104,WH-IND-02,173,1,0,2,9
2025-09-25,SKU-IND-1104,WH-IND-02,156,1,0,3,9
2025-09-26,SKU-IND-1104,WH-IND-02,152,1,0,4,9
2025-09-27,SKU-IND-1104,WH-IND-02,176,1,0,5,9
2025-09-28,SKU-IND-1104,WH-IND-02,64,1,0,6,9
2025-09-29,SKU-IND-1104,WH-IND-02,200,1,0,0,9
2025-09-30,SKU-IND-1104,WH-IND-02,172,1,0,1,9
2025-10-01,SKU-IND-1104,WH-IND-02,108,0,0,2,10
2025-10-02,SKU-IND-1104,WH-IND-02,118,0,0,3,10
2025-10-03,SKU-IND-1104,WH-IND-02,105,0,0,4,10
2025-10-04,SKU-IND-1104,WH-IND-02,134,0,0,5,10
2025-10-05,SKU-IND-1104,WH-IND-02,32,0,0,6,10
2025-10-06,SKU-IND-1104,WH-IND-02,134,0,0,0,10
2025-10-07,SKU-IND-1104,WH-IND-02,107,0,0,1,10
2025-10-08,SKU-IND-1104,WH-IND-02,125,0,0,2,10
2025-10-09,SKU-IND-1104,WH-IND-02,115,0,0,3,10
2025-10-10,SKU-IND-1104,WH-IND-02,113,0,0,4,10
2025-10-11,SKU-IND-1104,WH-IND-02,182,1,0,5,10
2025-10-12,SKU-IND-1104,WH-IND-02,69,1,0,6,10
2025-10-13,SKU-IND-1104,WH-IND-02,204,1,0,0,10
2025-10-14,SKU-IND-1104,WH-IND-02,162,1,0,1,10
2025-10-15,SKU-IND-1104,WH-IND-02,157,1,0,2,10
2025-10-16,SKU-IND-1104,WH-IND-02,174,1,0,3,10
2025-10-17,SKU-IND-1104,WH-IND-02,170,1,0,4,10
2025-10-18,SKU-IND-1104,WH-IND-02,180,1,0,5,10
2025-10-19,SKU-IND-1104,WH-IND-02,68,1,0,6,10
2025-10-20,SKU-IND-1104,WH-IND-02,202,1,0,0,10
2025-10-21,SKU-IND-1104,WH-IND-02,156,1,0,1,10
2025-10-22,SKU-IND-1104,WH-IND-02,195,1,0,2,10
2025-10-23,SKU-IND-1104,WH-IND-02,172,1,0,3,10
2025-10-24,SKU-IND-1104,WH-IND-02,182,1,0,4,10
2025-10-25,SKU-IND-1104,WH-IND-02,165,1,0,5,10
2025-10-26,SKU-IND-1104,WH-IND-02,73,1,0,6,10
2025-10-27,SKU-IND-1104,WH-IND-02,187,1,0,0,10
2025-10-28,SKU-IND-1104,WH-IND-02,180,1,0,1,10
2025-10-29,SKU-IND-1104,WH-IND-02,171,1,0,2,10
2025-10-30,SKU-IND-1104,WH-IND-02,176,1,0,3,10
2025-10-31,SKU-IND-1104,WH-IND-02,184,1,0,4,10
2025-11-01,SKU-IND-1104,WH-IND-02,108,0,0,5,11
2025-11-02,SKU-IND-1104,WH-IND-02,41,0,0,6,11
2025-11-03,SKU-IND-1104,WH-IND-02,145,0,0,0,11
2025-11-04,SKU-IND-1104,WH-IND-02,145,0,0,1,11
2025-11-05,SKU-IND-1104,WH-IND-02,121,0,0,2,11
2025-11-06,SKU-IND-1104,WH-IND-02,129,0,0,3,11
2025-11-07,SKU-IND-1104,WH-IND-02,121,0,0,4,11
2025-11-08,SKU-IND-1104,WH-IND-02,145,0,0,5,11
2025-11-09,SKU-IND-1104,WH-IND-02,29,0,0,6,11
2025-11-10,SKU-IND-1104,WH-IND-02,143,0,0,0,11
2025-11-11,SKU-IND-1104,WH-IND-02,105,0,0,1,11
2025-11-12,SKU-IND-1104,WH-IND-02,96,0,0,2,11
2025-11-13,SKU-IND-1104,WH-IND-02,127,0,0,3,11
2025-11-14,SKU-IND-1104,WH-IND-02,126,0,0,4,11
2025-11-15,SKU-IND-1104,WH-IND-02,121,0,0,5,11
2025-11-16,SKU-IND-1104,WH-IND-02,48,0,0,6,11
2025-11-17,SKU-IND-1104,WH-IND-02,178,0,0,0,11
2025-11-18,SKU-IND-1104,WH-IND-02,122,0,0,1,11
2025-11-19,SKU-IND-1104,WH-IND-02,131,0,0,2,11
2025-11-20,SKU-IND-1104,WH-IND-02,118,0,0,3,11
2025-11-21,SKU-IND-1104,WH-IND-02,129,0,0,4,11
2025-11-22,SKU-IND-1104,WH-IND-02,124,0,0,5,11
2025-11-23,SKU-IND-1104,WH-IND-02,46,0,0,6,11
2025-11-24,SKU-IND-1104,WH-IND-02,166,0,0,0,11
2025-11-25,SKU-IND-1104,WH-IND-02,140,0,0,1,11
2025-11-26,SKU-IND-1104,WH-IND-02,129,0,0,2,11
2025-11-27,SKU-IND-1104,WH-IND-02,102,0,0,3,11
2025-11-28,SKU-IND-1104,WH-IND-02,124,0,0,4,11
2025-11-29,SKU-IND-1104,WH-IND-02,159,0,0,5,11
2025-11-30,SKU-IND-1104,WH-IND-02,49,0,0,6,11
2025-12-01,SKU-IND-1104,WH-IND-02,161,0,0,0,12
2025-12-02,SKU-IND-1104,WH-IND-02,145,0,0,1,12
2025-12-03,SKU-IND-1104,WH-IND-02,132,0,0,2,12
2025-12-04,SKU-IND-1104,WH-IND-02,121,0,0,3,12
2025-12-05,SKU-IND-1104,WH-IND-02,103,0,0,4,12
2025-12-06,SKU-IND-1104,WH-IND-02,138,0,0,5,12
2025-12-07,SKU-IND-1104,WH-IND-02,43,0,0,6,12
2025-12-08,SKU-IND-1104,WH-IND-02,153,0,0,0,12
2025-12-09,SKU-IND-1104,WH-IND-02,118,0,0,1,12
2025-12-10,SKU-IND-1104,WH-IND-02,129,0,0,2,12
2025-12-11,SKU-IND-1104,WH-IND-02,133,0,0,3,12
2025-12-12,SKU-IND-1104,WH-IND-02,136,0,0,4,12
2025-12-13,SKU-IND-1104,WH-IND-02,120,0,0,5,12
2025-12-14,SKU-IND-1104,WH-IND-02,66,0,0,6,12
2025-12-15,SKU-IND-1104,WH-IND-02,147,0,0,0,12
2025-12-16,SKU-IND-1104,WH-IND-02,115,0,0,1,12
2025-12-17,SKU-IND-1104,WH-IND-02,133,0,0,2,12
2025-12-18,SKU-IND-1104,WH-IND-02,135,0,0,3,12
2025-12-19,SKU-IND-1104,WH-IND-02,137,0,0,4,12
2025-12-20,SKU-IND-1104,WH-IND-02,151,0,0,5,12
2025-12-21,SKU-IND-1104,WH-IND-02,51,0,0,6,12
2025-12-22,SKU-IND-1104,WH-IND-02,155,0,0,0,12
2025-12-23,SKU-IND-1104,WH-IND-02,124,0,0,1,12
2025-12-24,SKU-IND-1104,WH-IND-02,146,0,0,2,12
2025-12-25,SKU-IND-1104,WH-IND-02,139,0,0,3,12
2025-12-26,SKU-IND-1104,WH-IND-02,133,0,0,4,12
2025-12-27,SKU-IND-1104,WH-IND-02,117,0,0,5,12
2025-12-28,SKU-IND-1104,WH-IND-02,71,0,0,6,12
2025-12-29,SKU-IND-1104,WH-IND-02,146,0,0,0,12
2025-12-30,SKU-IND-1104,WH-IND-02,132,0,0,1,12
2024-01-01,SKU-IND-1104,WH-IND-03,132,0,0,0,1
2024-01-02,SKU-IND-1104,WH-IND-03,98,0,0,1,1
2024-01-03,SKU-IND-1104,WH-IND-03,95,0,0,2,1
2024-01-04,SKU-IND-1104,WH-IND-03,89,0,0,3,1
2024-01-05,SKU-IND-1104,WH-IND-03,121,0,0,4,1
2024-01-06,SKU-IND-1104,WH-IND-03,107,0,0,5,1
2024-01-07,SKU-IND-1104,WH-IND-03,78,0,0,6,1
2024-01-08,SKU-IND-1104,WH-IND-03,119,0,0,0,1
2024-01-09,SKU-IND-1104,WH-IND-03,103,0,0,1,1
2024-01-10,SKU-IND-1104,WH-IND-03,108,0,0,2,1
2024-01-11,SKU-IND-1104,WH-IND-03,117,0,0,3,1
2024-01-12,SKU-IND-1104,WH-IND-03,109,0,0,4,1
2024-01-13,SKU-IND-1104,WH-IND-03,122,0,0,5,1
2024-01-14,SKU-IND-1104,WH-IND-03,35,0,0,6,1
2024-01-15,SKU-IND-1104,WH-IND-03,117,0,0,0,1
2024-01-16,SKU-IND-1104,WH-IND-03,96,0,0,1,1
2024-01-17,SKU-IND-1104,WH-IND-03,91,0,0,2,1
2024-01-18,SKU-IND-1104,WH-IND-03,111,0,0,3,1
2024-01-19,SKU-IND-1104,WH-IND-03,113,0,0,4,1
2024-01-20,SKU-IND-1104,WH-IND-03,110,0,0,5,1
2024-01-21,SKU-IND-1104,WH-IND-03,60,0,0,6,1
2024-01-22,SKU-IND-1104,WH-IND-03,149,0,0,0,1
2024-01-23,SKU-IND-1104,WH-IND-03,114,0,0,1,1
2024-01-24,SKU-IND-1104,WH-IND-03,98,0,0,2,1
2024-01-25,SKU-IND-1104,WH-IND-03,112,0,0,3,1
2024-01-26,SKU-IND-1104,WH-IND-03,112,0,0,4,1
2024-01-27,SKU-IND-1104,WH-IND-03,111,0,0,5,1
2024-01-28,SKU-IND-1104,WH-IND-03,39,0,0,6,1
2024-01-29,SKU-IND-1104,WH-IND-03,130,0,0,0,1
2024-01-30,SKU-IND-1104,WH-IND-03,115,0,0,1,1
2024-01-31,SKU-IND-1104,WH-IND-03,113,0,0,2,1
2024-02-01,SKU-IND-1104,WH-IND-03,122,0,0,3,2
2024-02-02,SKU-IND-1104,WH-IND-03,124,0,0,4,2
2024-02-03,SKU-IND-1104,WH-IND-03,110,0,0,5,2
2024-02-04,SKU-IND-1104,WH-IND-03,62,0,0,6,2
2024-02-05,SKU-IND-1104,WH-IND-03,128,0,0,0,2
2024-02-06,SKU-IND-1104,WH-IND-03,103,0,0,1,2
2024-02-07,SKU-IND-1104,WH-IND-03,126,0,0,2,2
2024-02-08,SKU-IND-1104,WH-IND-03,113,0,0,3,2
2024-02-09,SKU-IND-1104,WH-IND-03,126,0,0,4,2
2024-02-10,SKU-IND-1104,WH-IND-03,95,0,0,5,2
2024-02-11,SKU-IND-1104,WH-IND-03,64,0,0,6,2
2024-02-12,SKU-IND-1104,WH-IND-03,149,0,0,0,2
2024-02-13,SKU-IND-1104,WH-IND-03,106,0,0,1,2
2024-02-14,SKU-IND-1104,WH-IND-03,106,0,0,2,2
2024-02-15,SKU-IND-1104,WH-IND-03,142,0,0,3,2
2024-02-16,SKU-IND-1104,WH-IND-03,115,0,0,4,2
2024-02-17,SKU-IND-1104,WH-IND-03,114,0,0,5,2
2024-02-18,SKU-IND-1104,WH-IND-03,24,0,0,6,2
2024-02-19,SKU-IND-1104,WH-IND-03,139,0,0,0,2
2024-02-20,SKU-IND-1104,WH-IND-03,122,0,0,1,2
2024-02-21,SKU-IND-1104,WH-IND-03,132,0,0,2,2
2024-02-22,SKU-IND-1104,WH-IND-03,109,0,0,3,2
2024-02-23,SKU-IND-1104,WH-IND-03,108,0,0,4,2
2024-02-24,SKU-IND-1104,WH-IND-03,130,0,0,5,2
2024-02-25,SKU-IND-1104,WH-IND-03,61,0,0,6,2
2024-02-26,SKU-IND-1104,WH-IND-03,127,0,0,0,2
2024-02-27,SKU-IND-1104,WH-IND-03,138,0,0,1,2
2024-02-28,SKU-IND-1104,WH-IND-03,126,0,0,2,2
2024-02-29,SKU-IND-1104,WH-IND-03,138,0,0,3,2
2024-03-01,SKU-IND-1104,WH-IND-03,125,0,0,4,3
2024-03-02,SKU-IND-1104,WH-IND-03,98,0,0,5,3
2024-03-03,SKU-IND-1104,WH-IND-03,48,0,0,6,3
2024-03-04,SKU-IND-1104,WH-IND-03,157,0,0,0,3
2024-03-05,SKU-IND-1104,WH-IND-03,116,0,0,1,3
2024-03-06,SKU-IND-1104,WH-IND-03,122,0,0,2,3
2024-03-07,SKU-IND-1104,WH-IND-03,125,0,0,3,3
2024-03-08,SKU-IND-1104,WH-IND-03,94,0,0,4,3
2024-03-09,SKU-IND-1104,WH-IND-03,146,0,0,5,3
2024-03-10,SKU-IND-1104,WH-IND-03,40,0,0,6,3
2024-03-11,SKU-IND-1104,WH-IND-03,152,0,0,0,3
2024-03-12,SKU-IND-1104,WH-IND-03,126,0,0,1,3
2024-03-13,SKU-IND-1104,WH-IND-03,141,0,0,2,3
2024-03-14,SKU-IND-1104,WH-IND-03,132,0,0,3,3
2024-03-15,SKU-IND-1104,WH-IND-03,125,0,0,4,3
2024-03-16,SKU-IND-1104,WH-IND-03,118,0,0,5,3
2024-03-17,SKU-IND-1104,WH-IND-03,60,0,0,6,3
2024-03-18,SKU-IND-1104,WH-IND-03,126,0,0,0,3
2024-03-19,SKU-IND-1104,WH-IND-03,135,0,0,1,3
2024-03-20,SKU-IND-1104,WH-IND-03,116,0,0,2,3
2024-03-21,SKU-IND-1104,WH-IND-03,142,0,0,3,3
2024-03-22,SKU-IND-1104,WH-IND-03,130,0,0,4,3
2024-03-23,SKU-IND-1104,WH-IND-03,135,0,0,5,3
2024-03-24,SKU-IND-1104,WH-IND-03,52,0,0,6,3
2024-03-25,SKU-IND-1104,WH-IND-03,128,0,0,0,3
2024-03-26,SKU-IND-1104,WH-IND-03,119,0,0,1,3
2024-03-27,SKU-IND-1104,WH-IND-03,136,0,0,2,3
2024-03-28,SKU-IND-1104,WH-IND-03,130,0,0,3,3
2024-03-29,SKU-IND-1104,WH-IND-03,141,0,0,4,3
2024-03-30,SKU-IND-1104,WH-IND-03,133,0,0,5,3
2024-03-31,SKU-IND-1104,WH-IND-03,40,0,0,6,3
2024-04-01,SKU-IND-1104,WH-IND-03,139,0,0,0,4
2024-04-02,SKU-IND-1104,WH-IND-03,129,0,0,1,4
2024-04-03,SKU-IND-1104,WH-IND-03,102,0,0,2,4
2024-04-04,SKU-IND-1104,WH-IND-03,147,0,0,3,4
2024-04-05,SKU-IND-1104,WH-IND-03,133,0,0,4,4
2024-04-06,SKU-IND-1104,WH-IND-03,142,0,0,5,4
2024-04-07,SKU-IND-1104,WH-IND-03,33,0,0,6,4
2024-04-08,SKU-IND-1104,WH-IND-03,161,0,0,0,4
2024-04-09,SKU-IND-1104,WH-IND-03,153,0,0,1,4
2024-04-10,SKU-IND-1104,WH-IND-03,113,0,0,2,4
2024-04-11,SKU-IND-1104,WH-IND-03,137,0,0,3,4
2024-04-12,SKU-IND-1104,WH-IND-03,128,0,0,4,4
2024-04-13,SKU-IND-1104,WH-IND-03,111,0,0,5,4
2024-04-14,SKU-IND-1104,WH-IND-03,56,0,0,6,4
2024-04-15,SKU-IND-1104,WH-IND-03,156,0,0,0,4
2024-04-16,SKU-IND-1104,WH-IND-03,121,0,0,1,4
2024-04-17,SKU-IND-1104,WH-IND-03,141,0,0,2,4
2024-04-18,SKU-IND-1104,WH-IND-03,109,0,0,3,4
2024-04-19,SKU-IND-1104,WH-IND-03,111,0,0,4,4
2024-04-20,SKU-IND-1104,WH-IND-03,129,0,0,5,4
2024-04-21,SKU-IND-1104,WH-IND-03,51,0,0,6,4
2024-04-22,SKU-IND-1104,WH-IND-03,138,0,0,0,4
2024-04-23,SKU-IND-1104,WH-IND-03,136,0,0,1,4
2024-04-24,SKU-IND-1104,WH-IND-03,133,0,0,2,4
2024-04-25,SKU-IND-1104,WH-IND-03,137,0,0,3,4
2024-04-26,SKU-IND-1104,WH-IND-03,125,0,0,4,4
2024-04-27,SKU-IND-1104,WH-IND-03,133,0,0,5,4
2024-04-28,SKU-IND-1104,WH-IND-03,45,0,0,6,4
2024-04-29,SKU-IND-1104,WH-IND-03,168,0,0,0,4
2024-04-30,SKU-IND-1104,WH-IND-03,117,0,0,1,4
2024-05-01,SKU-IND-1104,WH-IND-03,150,0,0,2,5
2024-05-02,SKU-IND-1104,WH-IND-03,126,0,0,3,5
2024-05-03,SKU-IND-1104,WH-IND-03,110,0,0,4,5
2024-05-04,SKU-IND-1104,WH-IND-03,141,0,0,5,5
2024-05-05,SKU-IND-1104,WH-IND-03,51,0,0,6,5
2024-05-06,SKU-IND-1104,WH-IND-03,154,0,0,0,5
2024-05-07,SKU-IND-1104,WH-IND-03,139,0,0,1,5
2024-05-08,SKU-IND-1104,WH-IND-03,129,0,0,2,5
2024-05-09,SKU-IND-1104,WH-IND-03,118,0,0,3,5
2024-05-10,SKU-IND-1104,WH-IND-03,136,0,0,4,5
2024-05-11,SKU-IND-1104,WH-IND-03,125,0,0,5,5
2024-05-12,SKU-IND-1104,WH-IND-03,57,0,0,6,5
2024-05-13,SKU-IND-1104,WH-IND-03,119,0,0,0,5
2024-05-14,SKU-IND-1104,WH-IND-03,129,0,0,1,5
2024-05-15,SKU-IND-1104,WH-IND-03,117,0,0,2,5
2024-05-16,SKU-IND-1104,WH-IND-03,142,0,0,3,5
2024-05-17,SKU-IND-1104,WH-IND-03,130,0,0,4,5
2024-05-18,SKU-IND-1104,WH-IND-03,126,0,0,5,5
2024-05-19,SKU-IND-1104,WH-IND-03,54,0,0,6,5
2024-05-20,SKU-IND-1104,WH-IND-03,130,0,0,0,5
2024-05-21,SKU-IND-1104,WH-IND-03,141,0,0,1,5
2024-05-22,SKU-IND-1104,WH-IND-03,145,0,0,2,5
2024-05-23,SKU-IND-1104,WH-IND-03,126,0,0,3,5
2024-05-24,SKU-IND-1104,WH-IND-03,140,0,0,4,5
2024-05-25,SKU-IND-1104,WH-IND-03,115,0,0,5,5
2024-05-26,SKU-IND-1104,WH-IND-03,39,0,0,6,5
2024-05-27,SKU-IND-1104,WH-IND-03,140,0,0,0,5
2024-05-28,SKU-IND-1104,WH-IND-03,126,0,0,1,5
2024-05-29,SKU-IND-1104,WH-IND-03,116,0,0,2,5
2024-05-30,SKU-IND-1104,WH-IND-03,126,0,0,3,5
2024-05-31,SKU-IND-1104,WH-IND-03,124,0,0,4,5
2024-06-01,SKU-IND-1104,WH-IND-03,109,0,1,5,6
2024-06-02,SKU-IND-1104,WH-IND-03,53,0,1,6,6
2024-06-03,SKU-IND-1104,WH-IND-03,147,0,1,0,6
2024-06-04,SKU-IND-1104,WH-IND-03,121,0,1,1,6
2024-06-05,SKU-IND-1104,WH-IND-03,132,0,1,2,6
2024-06-06,SKU-IND-1104,WH-IND-03,105,0,1,3,6
2024-06-07,SKU-IND-1104,WH-IND-03,124,0,1,4,6
2024-06-08,SKU-IND-1104,WH-IND-03,105,0,1,5,6
2024-06-09,SKU-IND-1104,WH-IND-03,34,0,1,6,6
2024-06-10,SKU-IND-1104,WH-IND-03,128,0,1,0,6
2024-06-11,SKU-IND-1104,WH-IND-03,107,0,1,1,6
2024-06-12,SKU-IND-1104,WH-IND-03,111,0,1,2,6
2024-06-13,SKU-IND-1104,WH-IND-03,114,0,1,3,6
2024-06-14,SKU-IND-1104,WH-IND-03,126,0,1,4,6
2024-06-15,SKU-IND-1104,WH-IND-03,113,0,1,5,6
2024-06-16,SKU-IND-1104,WH-IND-03,28,0,1,6,6
2024-06-17,SKU-IND-1104,WH-IND-03,146,0,1,0,6
2024-06-18,SKU-IND-1104,WH-IND-03,106,0,1,1,6
2024-06-19,SKU-IND-1104,WH-IND-03,114,0,1,2,6
2024-06-20,SKU-IND-1104,WH-IND-03,120,0,1,3,6
2024-06-21,SKU-IND-1104,WH-IND-03,117,0,1,4,6
2024-06-22,SKU-IND-1104,WH-IND-03,127,0,1,5,6
2024-06-23,SKU-IND-1104,WH-IND-03,51,0,1,6,6
2024-06-24,SKU-IND-1104,WH-IND-03,121,0,1,0,6
2024-06-25,SKU-IND-1104,WH-IND-03,138,0,1,1,6
2024-06-26,SKU-IND-1104,WH-IND-03,115,0,1,2,6
2024-06-27,SKU-IND-1104,WH-IND-03,111,0,1,3,6
2024-06-28,SKU-IND-1104,WH-IND-03,123,0,1,4,6
2024-06-29,SKU-IND-1104,WH-IND-03,115,0,1,5,6
2024-06-30,SKU-IND-1104,WH-IND-03,49,0,1,6,6
2024-07-01,SKU-IND-1104,WH-IND-03,156,0,1,0,7
2024-07-02,SKU-IND-1104,WH-IND-03,108,0,1,1,7
2024-07-03,SKU-IND-1104,WH-IND-03,108,0,1,2,7
2024-07-04,SKU-IND-1104,WH-IND-03,112,0,1,3,7
2024-07-05,SKU-IND-1104,WH-IND-03,123,0,1,4,7
2024-07-06,SKU-IND-1104,WH-IND-03,93,0,1,5,7
2024-07-07,SKU-IND-1104,WH-IND-03,22,0,1,6,7
2024-07-08,SKU-IND-1104,WH-IND-03,120,0,1,0,7
2024-07-09,SKU-IND-1104,WH-IND-03,91,0,1,1,7
2024-07-10,SKU-IND-1104,WH-IND-03,104,0,1,2,7
2024-07-11,SKU-IND-1104,WH-IND-03,114,0,1,3,7
2024-07-12,SKU-IND-1104,WH-IND-03,99,0,1,4,7
2024-07-13,SKU-IND-1104,WH-IND-03,92,0,1,5,7
2024-07-14,SKU-IND-1104,WH-IND-03,44,0,1,6,7
2024-07-15,SKU-IND-1104,WH-IND-03,134,0,1,0,7
2024-07-16,SKU-IND-1104,WH-IND-03,88,0,1,1,7
2024-07-17,SKU-IND-1104,WH-IND-03,116,0,1,2,7
2024-07-18,SKU-IND-1104,WH-IND-03,116,0,1,3,7
2024-07-19,SKU-IND-1104,WH-IND-03,117,0,1,4,7
2024-07-20,SKU-IND-1104,WH-IND-03,120,0,1,5,7
2024-07-21,SKU-IND-1104,WH-IND-03,67,0,1,6,7
2024-07-22,SKU-IND-1104,WH-IND-03,118,0,1,0,7
2024-07-23,SKU-IND-1104,WH-IND-03,107,0,1,1,7
2024-07-24,SKU-IND-1104,WH-IND-03,101,0,1,2,7
2024-07-25,SKU-IND-1104,WH-IND-03,105,0,1,3,7
2024-07-26,SKU-IND-1104,WH-IND-03,122,0,1,4,7
2024-07-27,SKU-IND-1104,WH-IND-03,89,0,1,5,7
2024-07-28,SKU-IND-1104,WH-IND-03,32,0,1,6,7
2024-07-29,SKU-IND-1104,WH-IND-03,135,0,1,0,7
2024-07-30,SKU-IND-1104,WH-IND-03,115,0,1,1,7
2024-07-31,SKU-IND-1104,WH-IND-03,99,0,1,2,7
2024-08-01,SKU-IND-1104,WH-IND-03,113,0,1,3,8
2024-08-02,SKU-IND-1104,WH-IND-03,107,0,1,4,8
2024-08-03,SKU-IND-1104,WH-IND-03,119,0,1,5,8
2024-08-04,SKU-IND-1104,WH-IND-03,41,0,1,6,8
2024-08-05,SKU-IND-1104,WH-IND-03,129,0,1,0,8
2024-08-06,SKU-IND-1104,WH-IND-03,131,0,1,1,8
2024-08-07,SKU-IND-1104,WH-IND-03,108,0,1,2,8
2024-08-08,SKU-IND-1104,WH-IND-03,102,0,1,3,8
2024-08-09,SKU-IND-1104,WH-IND-03,109,0,1,4,8
2024-08-10,SKU-IND-1104,WH-IND-03,97,0,1,5,8
2024-08-11,SKU-IND-1104,WH-IND-03,67,0,1,6,8
2024-08-12,SKU-IND-1104,WH-IND-03,118,0,1,0,8
2024-08-13,SKU-IND-1104,WH-IND-03,97,0,1,1,8
2024-08-14,SKU-IND-1104,WH-IND-03,91,0,1,2,8
2024-08-15,SKU-IND-1104,WH-IND-03,112,0,1,3,8
2024-08-16,SKU-IND-1104,WH-IND-03,109,0,1,4,8
2024-08-17,SKU-IND-1104,WH-IND-03,94,0,1,5,8
2024-08-18,SKU-IND-1104,WH-IND-03,46,0,1,6,8
2024-08-19,SKU-IND-1104,WH-IND-03,97,0,1,0,8
2024-08-20,SKU-IND-1104,WH-IND-03,101,0,1,1,8
2024-08-21,SKU-IND-1104,WH-IND-03,104,0,1,2,8
2024-08-22,SKU-IND-1104,WH-IND-03,118,0,1,3,8
2024-08-23,SKU-IND-1104,WH-IND-03,90,0,1,4,8
2024-08-24,SKU-IND-1104,WH-IND-03,84,0,1,5,8
2024-08-25,SKU-IND-1104,WH-IND-03,29,0,1,6,8
2024-08-26,SKU-IND-1104,WH-IND-03,98,0,1,0,8
2024-08-27,SKU-IND-1104,WH-IND-03,113,0,1,1,8
2024-08-28,SKU-IND-1104,WH-IND-03,115,0,1,2,8
2024-08-29,SKU-IND-1104,WH-IND-03,101,0,1,3,8
2024-08-30,SKU-IND-1104,WH-IND-03,111,0,1,4,8
2024-08-31,SKU-IND-1104,WH-IND-03,99,0,1,5,8
2024-09-01,SKU-IND-1104,WH-IND-03,37,0,0,6,9
2024-09-02,SKU-IND-1104,WH-IND-03,108,0,0,0,9
2024-09-03,SKU-IND-1104,WH-IND-03,93,0,0,1,9
2024-09-04,SKU-IND-1104,WH-IND-03,79,0,0,2,9
2024-09-05,SKU-IND-1104,WH-IND-03,99,0,0,3,9
2024-09-06,SKU-IND-1104,WH-IND-03,96,0,0,4,9
2024-09-07,SKU-IND-1104,WH-IND-03,104,0,0,5,9
2024-09-08,SKU-IND-1104,WH-IND-03,39,0,0,6,9
2024-09-09,SKU-IND-1104,WH-IND-03,109,0,0,0,9
2024-09-10,SKU-IND-1104,WH-IND-03,86,0,0,1,9
2024-09-11,SKU-IND-1104,WH-IND-03,140,1,0,2,9
2024-09-12,SKU-IND-1104,WH-IND-03,147,1,0,3,9
2024-09-13,SKU-IND-1104,WH-IND-03,126,1,0,4,9
2024-09-14,SKU-IND-1104,WH-IND-03,140,1,0,5,9
2024-09-15,SKU-IND-1104,WH-IND-03,58,1,0,6,9
2024-09-16,SKU-IND-1104,WH-IND-03,151,1,0,0,9
2024-09-17,SKU-IND-1104,WH-IND-03,132,1,0,1,9
2024-09-18,SKU-IND-1104,WH-IND-03,141,1,0,2,9
2024-09-19,SKU-IND-1104,WH-IND-03,125,1,0,3,9
2024-09-20,SKU-IND-1104,WH-IND-03,142,1,0,4,9
2024-09-21,SKU-IND-1104,WH-IND-03,128,1,0,5,9
2024-09-22,SKU-IND-1104,WH-IND-03,67,1,0,6,9
2024-09-23,SKU-IND-1104,WH-IND-03,185,1,0,0,9
2024-09-24,SKU-IND-1104,WH-IND-03,128,1,0,1,9
2024-09-25,SKU-IND-1104,WH-IND-03,144,1,0,2,9
2024-09-26,SKU-IND-1104,WH-IND-03,129,1,0,3,9
2024-09-27,SKU-IND-1104,WH-IND-03,149,1,0,4,9
2024-09-28,SKU-IND-1104,WH-IND-03,123,1,0,5,9
2024-09-29,SKU-IND-1104,WH-IND-03,60,1,0,6,9
2024-09-30,SKU-IND-1104,WH-IND-03,148,1,0,0,9
2024-10-01,SKU-IND-1104,WH-IND-03,92,0,0,1,10
2024-10-02,SKU-IND-1104,WH-IND-03,83,0,0,2,10
2024-10-03,SKU-IND-1104,WH-IND-03,104,0,0,3,10
2024-10-04,SKU-IND-1104,WH-IND-03,85,0,0,4,10
2024-10-05,SKU-IND-1104,WH-IND-03,101,0,0,5,10
2024-10-06,SKU-IND-1104,WH-IND-03,34,0,0,6,10
2024-10-07,SKU-IND-1104,WH-IND-03,108,0,0,0,10
2024-10-08,SKU-IND-1104,WH-IND-03,96,0,0,1,10
2024-10-09,SKU-IND-1104,WH-IND-03,86,0,0,2,10
2024-10-10,SKU-IND-1104,WH-IND-03,97,0,0,3,10
2024-10-11,SKU-IND-1104,WH-IND-03,155,1,0,4,10
2024-10-12,SKU-IND-1104,WH-IND-03,129,1,0,5,10
2024-10-13,SKU-IND-1104,WH-IND-03,68,1,0,6,10
2024-10-14,SKU-IND-1104,WH-IND-03,176,1,0,0,10
2024-10-15,SKU-IND-1104,WH-IND-03,129,1,0,1,10
2024-10-16,SKU-IND-1104,WH-IND-03,122,1,0,2,10
2024-10-17,SKU-IND-1104,WH-IND-03,142,1,0,3,10
2024-10-18,SKU-IND-1104,WH-IND-03,132,1,0,4,10
2024-10-19,SKU-IND-1104,WH-IND-03,160,1,0,5,10
2024-10-20,SKU-IND-1104,WH-IND-03,56,1,0,6,10
2024-10-21,SKU-IND-1104,WH-IND-03,151,1,0,0,10
2024-10-22,SKU-IND-1104,WH-IND-03,126,1,0,1,10
2024-10-23,SKU-IND-1104,WH-IND-03,151,1,0,2,10
2024-10-24,SKU-IND-1104,WH-IND-03,133,1,0,3,10
2024-10-25,SKU-IND-1104,WH-IND-03,140,1,0,4,10
2024-10-26,SKU-IND-1104,WH-IND-03,150,1,0,5,10
2024-10-27,SKU-IND-1104,WH-IND-03,50,1,0,6,10
2024-10-28,SKU-IND-1104,WH-IND-03,161,1,0,0,10
2024-10-29,SKU-IND-1104,WH-IND-03,140,1,0,1,10
2024-10-30,SKU-IND-1104,WH-IND-03,148,1,0,2,10
2024-10-31,SKU-IND-1104,WH-IND-03,147,1,0,3,10
2024-11-01,SKU-IND-1104,WH-IND-03,95,0,0,4,11
2024-11-02,SKU-IND-1104,WH-IND-03,98,0,0,5,11
2024-11-03,SKU-IND-1104,WH-IND-03,34,0,0,6,11
2024-11-04,SKU-IND-1104,WH-IND-03,96,0,0,0,11
2024-11-05,SKU-IND-1104,WH-IND-03,101,0,0,1,11
2024-11-06,SKU-IND-1104,WH-IND-03,119,0,0,2,11
2024-11-07,SKU-IND-1104,WH-IND-03,88,0,0,3,11
2024-11-08,SKU-IND-1104,WH-IND-03,90,0,0,4,11
2024-11-09,SKU-IND-1104,WH-IND-03,89,0,0,5,11
2024-11-10,SKU-IND-1104,WH-IND-03,47,0,0,6,11
2024-11-11,SKU-IND-1104,WH-IND-03,119,0,0,0,11
2024-11-12,SKU-IND-1104,WH-IND-03,97,0,0,1,11
2024-11-13,SKU-IND-1104,WH-IND-03,89,0,0,2,11
2024-11-14,SKU-IND-1104,WH-IND-03,100,0,0,3,11
2024-11-15,SKU-IND-1104,WH-IND-03,82,0,0,4,11
2024-11-16,SKU-IND-1104,WH-IND-03,101,0,0,5,11
2024-11-17,SKU-IND-1104,WH-IND-03,49,0,0,6,11
2024-11-18,SKU-IND-1104,WH-IND-03,101,0,0,0,11
2024-11-19,SKU-IND-1104,WH-IND-03,83,0,0,1,11
2024-11-20,SKU-IND-1104,WH-IND-03,118,0,0,2,11
2024-11-21,SKU-IND-1104,WH-IND-03,94,0,0,3,11
2024-11-22,SKU-IND-1104,WH-IND-03,114,0,0,4,11
2024-11-23,SKU-IND-1104,WH-IND-03,100,0,0,5,11
2024-11-24,SKU-IND-1104,WH-IND-03,38,0,0,6,11
2024-11-25,SKU-IND-1104,WH-IND-03,122,0,0,0,11
2024-11-26,SKU-IND-1104,WH-IND-03,92,0,0,1,11
2024-11-27,SKU-IND-1104,WH-IND-03,104,0,0,2,11
2024-11-28,SKU-IND-1104,WH-IND-03,98,0,0,3,11
2024-11-29,SKU-IND-1104,WH-IND-03,88,0,0,4,11
2024-11-30,SKU-IND-1104,WH-IND-03,107,0,0,5,11
2024-12-01,SKU-IND-1104,WH-IND-03,38,0,0,6,12
2024-12-02,SKU-IND-1104,WH-IND-03,117,0,0,0,12
2024-12-03,SKU-IND-1104,WH-IND-03,90,0,0,1,12
2024-12-04,SKU-IND-1104,WH-IND-03,122,0,0,2,12
2024-12-05,SKU-IND-1104,WH-IND-03,114,0,0,3,12
2024-12-06,SKU-IND-1104,WH-IND-03,115,0,0,4,12
2024-12-07,SKU-IND-1104,WH-IND-03,101,0,0,5,12
2024-12-08,SKU-IND-1104,WH-IND-03,22,0,0,6,12
2024-12-09,SKU-IND-1104,WH-IND-03,143,0,0,0,12
2024-12-10,SKU-IND-1104,WH-IND-03,105,0,0,1,12
2024-12-11,SKU-IND-1104,WH-IND-03,97,0,0,2,12
2024-12-12,SKU-IND-1104,WH-IND-03,111,0,0,3,12
2024-12-13,SKU-IND-1104,WH-IND-03,119,0,0,4,12
2024-12-14,SKU-IND-1104,WH-IND-03,106,0,0,5,12
2024-12-15,SKU-IND-1104,WH-IND-03,57,0,0,6,12
2024-12-16,SKU-IND-1104,WH-IND-03,135,0,0,0,12
2024-12-17,SKU-IND-1104,WH-IND-03,95,0,0,1,12
2024-12-18,SKU-IND-1104,WH-IND-03,100,0,0,2,12
2024-12-19,SKU-IND-1104,WH-IND-03,119,0,0,3,12
2024-12-20,SKU-IND-1104,WH-IND-03,78,0,0,4,12
2024-12-21,SKU-IND-1104,WH-IND-03,107,0,0,5,12
2024-12-22,SKU-IND-1104,WH-IND-03,27,0,0,6,12
2024-12-23,SKU-IND-1104,WH-IND-03,120,0,0,0,12
2024-12-24,SKU-IND-1104,WH-IND-03,106,0,0,1,12
2024-12-25,SKU-IND-1104,WH-IND-03,106,0,0,2,12
2024-12-26,SKU-IND-1104,WH-IND-03,104,0,0,3,12
2024-12-27,SKU-IND-1104,WH-IND-03,98,0,0,4,12
2024-12-28,SKU-IND-1104,WH-IND-03,136,0,0,5,12
2024-12-29,SKU-IND-1104,WH-IND-03,65,0,0,6,12
2024-12-30,SKU-IND-1104,WH-IND-03,115,0,0,0,12
2024-12-31,SKU-IND-1104,WH-IND-03,129,0,0,1,12
2025-01-01,SKU-IND-1104,WH-IND-03,107,0,0,2,1
2025-01-02,SKU-IND-1104,WH-IND-03,113,0,0,3,1
2025-01-03,SKU-IND-1104,WH-IND-03,112,0,0,4,1
2025-01-04,SKU-IND-1104,WH-IND-03,105,0,0,5,1
2025-01-05,SKU-IND-1104,WH-IND-03,56,0,0,6,1
2025-01-06,SKU-IND-1104,WH-IND-03,132,0,0,0,1
2025-01-07,SKU-IND-1104,WH-IND-03,108,0,0,1,1
2025-01-08,SKU-IND-1104,WH-IND-03,99,0,0,2,1
2025-01-09,SKU-IND-1104,WH-IND-03,104,0,0,3,1
2025-01-10,SKU-IND-1104,WH-IND-03,96,0,0,4,1
2025-01-11,SKU-IND-1104,WH-IND-03,115,0,0,5,1
2025-01-12,SKU-IND-1104,WH-IND-03,32,0,0,6,1
2025-01-13,SKU-IND-1104,WH-IND-03,130,0,0,0,1
2025-01-14,SKU-IND-1104,WH-IND-03,131,0,0,1,1
2025-01-15,SKU-IND-1104,WH-IND-03,129,0,0,2,1
2025-01-16,SKU-IND-1104,WH-IND-03,116,0,0,3,1
2025-01-17,SKU-IND-1104,WH-IND-03,115,0,0,4,1
2025-01-18,SKU-IND-1104,WH-IND-03,138,0,0,5,1
2025-01-19,SKU-IND-1104,WH-IND-03,52,0,0,6,1
2025-01-20,SKU-IND-1104,WH-IND-03,131,0,0,0,1
2025-01-21,SKU-IND-1104,WH-IND-03,101,0,0,1,1
2025-01-22,SKU-IND-1104,WH-IND-03,122,0,0,2,1
2025-01-23,SKU-IND-1104,WH-IND-03,127,0,0,3,1
2025-01-24,SKU-IND-1104,WH-IND-03,111,0,0,4,1
2025-01-25,SKU-IND-1104,WH-IND-03,122,0,0,5,1
2025-01-26,SKU-IND-1104,WH-IND-03,43,0,0,6,1
2025-01-27,SKU-IND-1104,WH-IND-03,135,0,0,0,1
2025-01-28,SKU-IND-1104,WH-IND-03,91,0,0,1,1
2025-01-29,SKU-IND-1104,WH-IND-03,117,0,0,2,1
2025-01-30,SKU-IND-1104,WH-IND-03,131,0,0,3,1
2025-01-31,SKU-IND-1104,WH-IND-03,113,0,0,4,1
2025-02-01,SKU-IND-1104,WH-IND-03,121,0,0,5,2
2025-02-02,SKU-IND-1104,WH-IND-03,39,0,0,6,2
2025-02-03,SKU-IND-1104,WH-IND-03,143,0,0,0,2
2025-02-04,SKU-IND-1104,WH-IND-03,119,0,0,1,2
2025-02-05,SKU-IND-1104,WH-IND-03,111,0,0,2,2
2025-02-06,SKU-IND-1104,WH-IND-03,136,0,0,3,2
2025-02-07,SKU-IND-1104,WH-IND-03,132,0,0,4,2
2025-02-08,SKU-IND-1104,WH-IND-03,115,0,0,5,2
2025-02-09,SKU-IND-1104,WH-IND-03,54,0,0,6,2
2025-02-10,SKU-IND-1104,WH-IND-03,147,0,0,0,2
2025-02-11,SKU-IND-1104,WH-IND-03,130,0,0,1,2
2025-02-12,SKU-IND-1104,WH-IND-03,104,0,0,2,2
2025-02-13,SKU-IND-1104,WH-IND-03,134,0,0,3,2
2025-02-14,SKU-IND-1104,WH-IND-03,117,0,0,4,2
2025-02-15,SKU-IND-1104,WH-IND-03,119,0,0,5,2
2025-02-16,SKU-IND-1104,WH-IND-03,79,0,0,6,2
2025-02-17,SKU-IND-1104,WH-IND-03,146,0,0,0,2
2025-02-18,SKU-IND-1104,WH-IND-03,120,0,0,1,2
2025-02-19,SKU-IND-1104,WH-IND-03,99,0,0,2,2
2025-02-20,SKU-IND-1104,WH-IND-03,140,0,0,3,2
2025-02-21,SKU-IND-1104,WH-IND-03,109,0,0,4,2
2025-02-22,SKU-IND-1104,WH-IND-03,113,0,0,5,2
2025-02-23,SKU-IND-1104,WH-IND-03,46,0,0,6,2
2025-02-24,SKU-IND-1104,WH-IND-03,160,0,0,0,2
2025-02-25,SKU-IND-1104,WH-IND-03,134,0,0,1,2
2025-02-26,SKU-IND-1104,WH-IND-03,124,0,0,2,2
2025-02-27,SKU-IND-1104,WH-IND-03,129,0,0,3,2
2025-02-28,SKU-IND-1104,WH-IND-03,119,0,0,4,2
2025-03-01,SKU-IND-1104,WH-IND-03,127,0,0,5,3
2025-03-02,SKU-IND-1104,WH-IND-03,51,0,0,6,3
2025-03-03,SKU-IND-1104,WH-IND-03,156,0,0,0,3
2025-03-04,SKU-IND-1104,WH-IND-03,137,0,0,1,3
2025-03-05,SKU-IND-1104,WH-IND-03,132,0,0,2,3
2025-03-06,SKU-IND-1104,WH-IND-03,123,0,0,3,3
2025-03-07,SKU-IND-1104,WH-IND-03,135,0,0,4,3
2025-03-08,SKU-IND-1104,WH-IND-03,126,0,0,5,3
2025-03-09,SKU-IND-1104,WH-IND-03,38,0,0,6,3
2025-03-10,SKU-IND-1104,WH-IND-03,142,0,0,0,3
2025-03-11,SKU-IND-1104,WH-IND-03,128,0,0,1,3
2025-03-12,SKU-IND-1104,WH-IND-03,137,0,0,2,3
2025-03-13,SKU-IND-1104,WH-IND-03,125,0,0,3,3
2025-03-14,SKU-IND-1104,WH-IND-03,114,0,0,4,3
2025-03-15,SKU-IND-1104,WH-IND-03,128,0,0,5,3
2025-03-16,SKU-IND-1104,WH-IND-03,52,0,0,6,3
2025-03-17,SKU-IND-1104,WH-IND-03,149,0,0,0,3
2025-03-18,SKU-IND-1104,WH-IND-03,138,0,0,1,3
2025-03-19,SKU-IND-1104,WH-IND-03,139,0,0,2,3
2025-03-20,SKU-IND-1104,WH-IND-03,121,0,0,3,3
2025-03-21,SKU-IND-1104,WH-IND-03,121,0,0,4,3
2025-03-22,SKU-IND-1104,WH-IND-03,116,0,0,5,3
2025-03-23,SKU-IND-1104,WH-IND-03,59,0,0,6,3
2025-03-24,SKU-IND-1104,WH-IND-03,164,0,0,0,3
2025-03-25,SKU-IND-1104,WH-IND-03,125,0,0,1,3
2025-03-26,SKU-IND-1104,WH-IND-03,125,0,0,2,3
2025-03-27,SKU-IND-1104,WH-IND-03,145,0,0,3,3
2025-03-28,SKU-IND-1104,WH-IND-03,134,0,0,4,3
2025-03-29,SKU-IND-1104,WH-IND-03,133,0,0,5,3
2025-03-30,SKU-IND-1104,WH-IND-03,38,0,0,6,3
2025-03-31,SKU-IND-1104,WH-IND-03,155,0,0,0,3
2025-04-01,SKU-IND-1104,WH-IND-03,118,0,0,1,4
2025-04-02,SKU-IND-1104,WH-IND-03,116,0,0,2,4
2025-04-03,SKU-IND-1104,WH-IND-03,124,0,0,3,4
2025-04-04,SKU-IND-1104,WH-IND-03,122,0,0,4,4
2025-04-05,SKU-IND-1104,WH-IND-03,126,0,0,5,4
2025-04-06,SKU-IND-1104,WH-IND-03,35,0,0,6,4
2025-04-07,SKU-IND-1104,WH-IND-03,158,0,0,0,4
2025-04-08,SKU-IND-1104,WH-IND-03,141,0,0,1,4
2025-04-09,SKU-IND-1104,WH-IND-03,106,0,0,2,4
2025-04-10,SKU-IND-1104,WH-IND-03,139,0,0,3,4
2025-04-11,SKU-IND-1104,WH-IND-03,119,0,0,4,4
2025-04-12,SKU-IND-1104,WH-IND-03,138,0,0,5,4
2025-04-13,SKU-IND-1104,WH-IND-03,50,0,0,6,4
2025-04-14,SKU-IND-1104,WH-IND-03,148,0,0,0,4
2025-04-15,SKU-IND-1104,WH-IND-03,126,0,0,1,4
2025-04-16,SKU-IND-1104,WH-IND-03,141,0,0,2,4
2025-04-17,SKU-IND-1104,WH-IND-03,114,0,0,3,4
2025-04-18,SKU-IND-1104,WH-IND-03,134,0,0,4,4
2025-04-19,SKU-IND-1104,WH-IND-03,140,0,0,5,4
2025-04-20,SKU-IND-1104,WH-IND-03,59,0,0,6,4
2025-04-21,SKU-IND-1104,WH-IND-03,173,0,0,0,4
2025-04-22,SKU-IND-1104,WH-IND-03,121,0,0,1,4
2025-04-23,SKU-IND-1104,WH-IND-03,138,0,0,2,4
2025-04-24,SKU-IND-1104,WH-IND-03,126,0,0,3,4
2025-04-25,SKU-IND-1104,WH-IND-03,141,0,0,4,4
2025-04-26,SKU-IND-1104,WH-IND-03,127,0,0,5,4
2025-04-27,SKU-IND-1104,WH-IND-03,46,0,0,6,4
2025-04-28,SKU-IND-1104,WH-IND-03,160,0,0,0,4
2025-04-29,SKU-IND-1104,WH-IND-03,121,0,0,1,4
2025-04-30,SKU-IND-1104,WH-IND-03,111,0,0,2,4
2025-05-01,SKU-IND-1104,WH-IND-03,120,0,0,3,5
2025-05-02,SKU-IND-1104,WH-IND-03,133,0,0,4,5
2025-05-03,SKU-IND-1104,WH-IND-03,141,0,0,5,5
2025-05-04,SKU-IND-1104,WH-IND-03,51,0,0,6,5
2025-05-05,SKU-IND-1104,WH-IND-03,159,0,0,0,5
2025-05-06,SKU-IND-1104,WH-IND-03,110,0,0,1,5
2025-05-07,SKU-IND-1104,WH-IND-03,120,0,0,2,5
2025-05-08,SKU-IND-1104,WH-IND-03,122,0,0,3,5
2025-05-09,SKU-IND-1104,WH-IND-03,124,0,0,4,5
2025-05-10,SKU-IND-1104,WH-IND-03,126,0,0,5,5
2025-05-11,SKU-IND-1104,WH-IND-03,57,0,0,6,5
2025-05-12,SKU-IND-1104,WH-IND-03,138,0,0,0,5
2025-05-13,SKU-IND-1104,WH-IND-03,126,0,0,1,5
2025-05-14,SKU-IND-1104,WH-IND-03,124,0,0,2,5
2025-05-15,SKU-IND-1104,WH-IND-03,113,0,0,3,5
2025-05-16,SKU-IND-1104,WH-IND-03,122,0,0,4,5
2025-05-17,SKU-IND-1104,WH-IND-03,122,0,0,5,5
2025-05-18,SKU-IND-1104,WH-IND-03,47,0,0,6,5
2025-05-19,SKU-IND-1104,WH-IND-03,142,0,0,0,5
2025-05-20,SKU-IND-1104,WH-IND-03,124,0,0,1,5
2025-05-21,SKU-IND-1104,WH-IND-03,118,0,0,2,5
2025-05-22,SKU-IND-1104,WH-IND-03,137,0,0,3,5
2025-05-23,SKU-IND-1104,WH-IND-03,109,0,0,4,5
2025-05-24,SKU-IND-1104,WH-IND-03,114,0,0,5,5
2025-05-25,SKU-IND-1104,WH-IND-03,80,0,0,6,5
2025-05-26,SKU-IND-1104,WH-IND-03,128,0,0,0,5
2025-05-27,SKU-IND-1104,WH-IND-03,106,0,0,1,5
2025-05-28,SKU-IND-1104,WH-IND-03,129,0,0,2,5
2025-05-29,SKU-IND-1104,WH-IND-03,97,0,0,3,5
2025-05-30,SKU-IND-1104,WH-IND-03,118,0,0,4,5
2025-05-31,SKU-IND-1104,WH-IND-03,144,0,0,5,5
2025-06-01,SKU-IND-1104,WH-IND-03,30,0,1,6,6
2025-06-02,SKU-IND-1104,WH-IND-03,116,0,1,0,6
2025-06-03,SKU-IND-1104,WH-IND-03,103,0,1,1,6
2025-06-04,SKU-IND-1104,WH-IND-03,129,0,1,2,6
2025-06-05,SKU-IND-1104,WH-IND-03,132,0,1,3,6
2025-06-06,SKU-IND-1104,WH-IND-03,113,0,1,4,6
2025-06-07,SKU-IND-1104,WH-IND-03,126,0,1,5,6
2025-06-08,SKU-IND-1104,WH-IND-03,63,0,1,6,6
2025-06-09,SKU-IND-1104,WH-IND-03,156,0,1,0,6
2025-06-10,SKU-IND-1104,WH-IND-03,115,0,1,1,6
2025-06-11,SKU-IND-1104,WH-IND-03,92,0,1,2,6
2025-06-12,SKU-IND-1104,WH-IND-03,108,0,1,3,6
2025-06-13,SKU-IND-1104,WH-IND-03,112,0,1,4,6
2025-06-14,SKU-IND-1104,WH-IND-03,114,0,1,5,6
2025-06-15,SKU-IND-1104,WH-IND-03,44,0,1,6,6
2025-06-16,SKU-IND-1104,WH-IND-03,146,0,1,0,6
2025-06-17,SKU-IND-1104,WH-IND-03,130,0,1,1,6
2025-06-18,SKU-IND-1104,WH-IND-03,114,0,1,2,6
2025-06-19,SKU-IND-1104,WH-IND-03,127,0,1,3,6
2025-06-20,SKU-IND-1104,WH-IND-03,119,0,1,4,6
2025-06-21,SKU-IND-1104,WH-IND-03,115,0,1,5,6
2025-06-22,SKU-IND-1104,WH-IND-03,56,0,1,6,6
2025-06-23,SKU-IND-1104,WH-IND-03,132,0,1,0,6
2025-06-24,SKU-IND-1104,WH-IND-03,137,0,1,1,6
2025-06-25,SKU-IND-1104,WH-IND-03,97,0,1,2,6
2025-06-26,SKU-IND-1104,WH-IND-03,107,0,1,3,6
2025-06-27,SKU-IND-1104,WH-IND-03,111,0,1,4,6
2025-06-28,SKU-IND-1104,WH-IND-03,118,0,1,5,6
2025-06-29,SKU-IND-1104,WH-IND-03,59,0,1,6,6
2025-06-30,SKU-IND-1104,WH-IND-03,129,0,1,0,6
2025-07-01,SKU-IND-1104,WH-IND-03,96,0,1,1,7
2025-07-02,SKU-IND-1104,WH-IND-03,121,0,1,2,7
2025-07-03,SKU-IND-1104,WH-IND-03,120,0,1,3,7
2025-07-04,SKU-IND-1104,WH-IND-03,89,0,1,4,7
2025-07-05,SKU-IND-1104,WH-IND-03,111,0,1,5,7
2025-07-06,SKU-IND-1104,WH-IND-03,26,0,1,6,7
2025-07-07,SKU-IND-1104,WH-IND-03,119,0,1,0,7
2025-07-08,SKU-IND-1104,WH-IND-03,100,0,1,1,7
2025-07-09,SKU-IND-1104,WH-IND-03,119,0,1,2,7
2025-07-10,SKU-IND-1104,WH-IND-03,110,0,1,3,7
2025-07-11,SKU-IND-1104,WH-IND-03,94,0,1,4,7
2025-07-12,SKU-IND-1104,WH-IND-03,118,0,1,5,7
2025-07-13,SKU-IND-1104,WH-IND-03,27,0,1,6,7
2025-07-14,SKU-IND-1104,WH-IND-03,128,0,1,0,7
2025-07-15,SKU-IND-1104,WH-IND-03,99,0,1,1,7
2025-07-16,SKU-IND-1104,WH-IND-03,103,0,1,2,7
2025-07-17,SKU-IND-1104,WH-IND-03,113,0,1,3,7
2025-07-18,SKU-IND-1104,WH-IND-03,113,0,1,4,7
2025-07-19,SKU-IND-1104,WH-IND-03,122,0,1,5,7
2025-07-20,SKU-IND-1104,WH-IND-03,41,0,1,6,7
2025-07-21,SKU-IND-1104,WH-IND-03,125,0,1,0,7
2025-07-22,SKU-IND-1104,WH-IND-03,101,0,1,1,7
2025-07-23,SKU-IND-1104,WH-IND-03,108,0,1,2,7
2025-07-24,SKU-IND-1104,WH-IND-03,110,0,1,3,7
2025-07-25,SKU-IND-1104,WH-IND-03,104,0,1,4,7
2025-07-26,SKU-IND-1104,WH-IND-03,85,0,1,5,7
2025-07-27,SKU-IND-1104,WH-IND-03,45,0,1,6,7
2025-07-28,SKU-IND-1104,WH-IND-03,124,0,1,0,7
2025-07-29,SKU-IND-1104,WH-IND-03,96,0,1,1,7
2025-07-30,SKU-IND-1104,WH-IND-03,89,0,1,2,7
2025-07-31,SKU-IND-1104,WH-IND-03,120,0,1,3,7
2025-08-01,SKU-IND-1104,WH-IND-03,109,0,1,4,8
2025-08-02,SKU-IND-1104,WH-IND-03,100,0,1,5,8
2025-08-03,SKU-IND-1104,WH-IND-03,28,0,1,6,8
2025-08-04,SKU-IND-1104,WH-IND-03,109,0,1,0,8
2025-08-05,SKU-IND-1104,WH-IND-03,117,0,1,1,8
2025-08-06,SKU-IND-1104,WH-IND-03,103,0,1,2,8
2025-08-07,SKU-IND-1104,WH-IND-03,96,0,1,3,8
2025-08-08,SKU-IND-1104,WH-IND-03,107,0,1,4,8
2025-08-09,SKU-IND-1104,WH-IND-03,92,0,1,5,8
2025-08-10,SKU-IND-1104,WH-IND-03,57,0,1,6,8
2025-08-11,SKU-IND-1104,WH-IND-03,131,0,1,0,8
2025-08-12,SKU-IND-1104,WH-IND-03,95,0,1,1,8
2025-08-13,SKU-IND-1104,WH-IND-03,93,0,1,2,8
2025-08-14,SKU-IND-1104,WH-IND-03,71,0,1,3,8
2025-08-15,SKU-IND-1104,WH-IND-03,83,0,1,4,8
2025-08-16,SKU-IND-1104,WH-IND-03,85,0,1,5,8
2025-08-17,SKU-IND-1104,WH-IND-03,41,0,1,6,8
2025-08-18,SKU-IND-1104,WH-IND-03,111,0,1,0,8
2025-08-19,SKU-IND-1104,WH-IND-03,84,0,1,1,8
2025-08-20,SKU-IND-1104,WH-IND-03,96,0,1,2,8
2025-08-21,SKU-IND-1104,WH-IND-03,104,0,1,3,8
2025-08-22,SKU-IND-1104,WH-IND-03,104,0,1,4,8
2025-08-23,SKU-IND-1104,WH-IND-03,77,0,1,5,8
2025-08-24,SKU-IND-1104,WH-IND-03,38,0,1,6,8
2025-08-25,SKU-IND-1104,WH-IND-03,97,0,1,0,8
2025-08-26,SKU-IND-1104,WH-IND-03,108,0,1,1,8
2025-08-27,SKU-IND-1104,WH-IND-03,106,0,1,2,8
2025-08-28,SKU-IND-1104,WH-IND-03,87,0,1,3,8
2025-08-29,SKU-IND-1104,WH-IND-03,89,0,1,4,8
2025-08-30,SKU-IND-1104,WH-IND-03,92,0,1,5,8
2025-08-31,SKU-IND-1104,WH-IND-03,13,0,1,6,8
2025-09-01,SKU-IND-1104,WH-IND-03,115,0,0,0,9
2025-09-02,SKU-IND-1104,WH-IND-03,94,0,0,1,9
2025-09-03,SKU-IND-1104,WH-IND-03,108,0,0,2,9
2025-09-04,SKU-IND-1104,WH-IND-03,84,0,0,3,9
2025-09-05,SKU-IND-1104,WH-IND-03,89,0,0,4,9
2025-09-06,SKU-IND-1104,WH-IND-03,79,0,0,5,9
2025-09-07,SKU-IND-1104,WH-IND-03,27,0,0,6,9
2025-09-08,SKU-IND-1104,WH-IND-03,97,0,0,0,9
2025-09-09,SKU-IND-1104,WH-IND-03,107,0,0,1,9
2025-09-10,SKU-IND-1104,WH-IND-03,88,0,0,2,9
2025-09-11,SKU-IND-1104,WH-IND-03,140,1,0,3,9
2025-09-12,SKU-IND-1104,WH-IND-03,135,1,0,4,9
2025-09-13,SKU-IND-1104,WH-IND-03,125,1,0,5,9
2025-09-14,SKU-IND-1104,WH-IND-03,53,1,0,6,9
2025-09-15,SKU-IND-1104,WH-IND-03,166,1,0,0,9
2025-09-16,SKU-IND-1104,WH-IND-03,125,1,0,1,9
2025-09-17,SKU-IND-1104,WH-IND-03,147,1,0,2,9
2025-09-18,SKU-IND-1104,WH-IND-03,129,1,0,3,9
2025-09-19,SKU-IND-1104,WH-IND-03,133,1,0,4,9
2025-09-20,SKU-IND-1104,WH-IND-03,144,1,0,5,9
2025-09-21,SKU-IND-1104,WH-IND-03,47,1,0,6,9
2025-09-22,SKU-IND-1104,WH-IND-03,159,1,0,0,9
2025-09-23,SKU-IND-1104,WH-IND-03,134,1,0,1,9
2025-09-24,SKU-IND-1104,WH-IND-03,139,1,0,2,9
2025-09-25,SKU-IND-1104,WH-IND-03,111,1,0,3,9
2025-09-26,SKU-IND-1104,WH-IND-03,117,1,0,4,9
2025-09-27,SKU-IND-1104,WH-IND-03,145,1,0,5,9
2025-09-28,SKU-IND-1104,WH-IND-03,66,1,0,6,9
2025-09-29,SKU-IND-1104,WH-IND-03,148,1,0,0,9
2025-09-30,SKU-IND-1104,WH-IND-03,135,1,0,1,9
2025-10-01,SKU-IND-1104,WH-IND-03,98,0,0,2,10
2025-10-02,SKU-IND-1104,WH-IND-03,102,0,0,3,10
2025-10-03,SKU-IND-1104,WH-IND-03,72,0,0,4,10
2025-10-04,SKU-IND-1104,WH-IND-03,85,0,0,5,10
2025-10-05,SKU-IND-1104,WH-IND-03,34,0,0,6,10
2025-10-06,SKU-IND-1104,WH-IND-03,117,0,0,0,10
2025-10-07,SKU-IND-1104,WH-IND-03,123,0,0,1,10
2025-10-08,SKU-IND-1104,WH-IND-03,92,0,0,2,10
2025-10-09,SKU-IND-1104,WH-IND-03,79,0,0,3,10
2025-10-10,SKU-IND-1104,WH-IND-03,99,0,0,4,10
2025-10-11,SKU-IND-1104,WH-IND-03,153,1,0,5,10
2025-10-12,SKU-IND-1104,WH-IND-03,56,1,0,6,10
2025-10-13,SKU-IND-1104,WH-IND-03,149,1,0,0,10
2025-10-14,SKU-IND-1104,WH-IND-03,149,1,0,1,10
2025-10-15,SKU-IND-1104,WH-IND-03,146,1,0,2,10
2025-10-16,SKU-IND-1104,WH-IND-03,127,1,0,3,10
2025-10-17,SKU-IND-1104,WH-IND-03,143,1,0,4,10
2025-10-18,SKU-IND-1104,WH-IND-03,150,1,0,5,10
2025-10-19,SKU-IND-1104,WH-IND-03,68,1,0,6,10
2025-10-20,SKU-IND-1104,WH-IND-03,159,1,0,0,10
2025-10-21,SKU-IND-1104,WH-IND-03,135,1,0,1,10
2025-10-22,SKU-IND-1104,WH-IND-03,153,1,0,2,10
2025-10-23,SKU-IND-1104,WH-IND-03,126,1,0,3,10
2025-10-24,SKU-IND-1104,WH-IND-03,144,1,0,4,10
2025-10-25,SKU-IND-1104,WH-IND-03,124,1,0,5,10
2025-10-26,SKU-IND-1104,WH-IND-03,68,1,0,6,10
2025-10-27,SKU-IND-1104,WH-IND-03,158,1,0,0,10
2025-10-28,SKU-IND-1104,WH-IND-03,154,1,0,1,10
2025-10-29,SKU-IND-1104,WH-IND-03,146,1,0,2,10
2025-10-30,SKU-IND-1104,WH-IND-03,127,1,0,3,10
2025-10-31,SKU-IND-1104,WH-IND-03,157,1,0,4,10
2025-11-01,SKU-IND-1104,WH-IND-03,114,0,0,5,11
2025-11-02,SKU-IND-1104,WH-IND-03,48,0,0,6,11
2025-11-03,SKU-IND-1104,WH-IND-03,103,0,0,0,11
2025-11-04,SKU-IND-1104,WH-IND-03,94,0,0,1,11
2025-11-05,SKU-IND-1104,WH-IND-03,99,0,0,2,11
2025-11-06,SKU-IND-1104,WH-IND-03,90,0,0,3,11
2025-11-07,SKU-IND-1104,WH-IND-03,117,0,0,4,11
2025-11-08,SKU-IND-1104,WH-IND-03,100,0,0,5,11
2025-11-09,SKU-IND-1104,WH-IND-03,9,0,0,6,11
2025-11-10,SKU-IND-1104,WH-IND-03,117,0,0,0,11
2025-11-11,SKU-IND-1104,WH-IND-03,95,0,0,1,11
2025-11-12,SKU-IND-1104,WH-IND-03,98,0,0,2,11
2025-11-13,SKU-IND-1104,WH-IND-03,95,0,0,3,11
2025-11-14,SKU-IND-1104,WH-IND-03,108,0,0,4,11
2025-11-15,SKU-IND-1104,WH-IND-03,112,0,0,5,11
2025-11-16,SKU-IND-1104,WH-IND-03,43,0,0,6,11
2025-11-17,SKU-IND-1104,WH-IND-03,111,0,0,0,11
2025-11-18,SKU-IND-1104,WH-IND-03,100,0,0,1,11
2025-11-19,SKU-IND-1104,WH-IND-03,101,0,0,2,11
2025-11-20,SKU-IND-1104,WH-IND-03,92,0,0,3,11
2025-11-21,SKU-IND-1104,WH-IND-03,107,0,0,4,11
2025-11-22,SKU-IND-1104,WH-IND-03,106,0,0,5,11
2025-11-23,SKU-IND-1104,WH-IND-03,57,0,0,6,11
2025-11-24,SKU-IND-1104,WH-IND-03,131,0,0,0,11
2025-11-25,SKU-IND-1104,WH-IND-03,94,0,0,1,11
2025-11-26,SKU-IND-1104,WH-IND-03,111,0,0,2,11
2025-11-27,SKU-IND-1104,WH-IND-03,91,0,0,3,11
2025-11-28,SKU-IND-1104,WH-IND-03,110,0,0,4,11
2025-11-29,SKU-IND-1104,WH-IND-03,97,0,0,5,11
2025-11-30,SKU-IND-1104,WH-IND-03,29,0,0,6,11
2025-12-01,SKU-IND-1104,WH-IND-03,122,0,0,0,12
2025-12-02,SKU-IND-1104,WH-IND-03,73,0,0,1,12
2025-12-03,SKU-IND-1104,WH-IND-03,84,0,0,2,12
2025-12-04,SKU-IND-1104,WH-IND-03,102,0,0,3,12
2025-12-05,SKU-IND-1104,WH-IND-03,105,0,0,4,12
2025-12-06,SKU-IND-1104,WH-IND-03,100,0,0,5,12
2025-12-07,SKU-IND-1104,WH-IND-03,24,0,0,6,12
2025-12-08,SKU-IND-1104,WH-IND-03,112,0,0,0,12
2025-12-09,SKU-IND-1104,WH-IND-03,110,0,0,1,12
2025-12-10,SKU-IND-1104,WH-IND-03,112,0,0,2,12
2025-12-11,SKU-IND-1104,WH-IND-03,106,0,0,3,12
2025-12-12,SKU-IND-1104,WH-IND-03,119,0,0,4,12
2025-12-13,SKU-IND-1104,WH-IND-03,111,0,0,5,12
2025-12-14,SKU-IND-1104,WH-IND-03,34,0,0,6,12
2025-12-15,SKU-IND-1104,WH-IND-03,120,0,0,0,12
2025-12-16,SKU-IND-1104,WH-IND-03,91,0,0,1,12
2025-12-17,SKU-IND-1104,WH-IND-03,106,0,0,2,12
2025-12-18,SKU-IND-1104,WH-IND-03,120,0,0,3,12
2025-12-19,SKU-IND-1104,WH-IND-03,116,0,0,4,12
2025-12-20,SKU-IND-1104,WH-IND-03,124,0,0,5,12
2025-12-21,SKU-IND-1104,WH-IND-03,40,0,0,6,12
2025-12-22,SKU-IND-1104,WH-IND-03,140,0,0,0,12
2025-12-23,SKU-IND-1104,WH-IND-03,107,0,0,1,12
2025-12-24,SKU-IND-1104,WH-IND-03,126,0,0,2,12
2025-12-25,SKU-IND-1104,WH-IND-03,109,0,0,3,12
2025-12-26,SKU-IND-1104,WH-IND-03,118,0,0,4,12
2025-12-27,SKU-IND-1104,WH-IND-03,127,0,0,5,12
2025-12-28,SKU-IND-1104,WH-IND-03,42,0,0,6,12
2025-12-29,SKU-IND-1104,WH-IND-03,130,0,0,0,12
2025-12-30,SKU-IND-1104,WH-IND-03,126,0,0,1,12
2024-01-01,SKU-IND-9912,WH-IND-01,207,0,0,0,1
2024-01-02,SKU-IND-9912,WH-IND-01,167,0,0,1,1
2024-01-03,SKU-IND-9912,WH-IND-01,206,0,0,2,1
2024-01-04,SKU-IND-9912,WH-IND-01,178,0,0,3,1
2024-01-05,SKU-IND-9912,WH-IND-01,185,0,0,4,1
2024-01-06,SKU-IND-9912,WH-IND-01,197,0,0,5,1
2024-01-07,SKU-IND-9912,WH-IND-01,67,0,0,6,1
2024-01-08,SKU-IND-9912,WH-IND-01,201,0,0,0,1
2024-01-09,SKU-IND-9912,WH-IND-01,188,0,0,1,1
2024-01-10,SKU-IND-9912,WH-IND-01,166,0,0,2,1
2024-01-11,SKU-IND-9912,WH-IND-01,183,0,0,3,1
2024-01-12,SKU-IND-9912,WH-IND-01,189,0,0,4,1
2024-01-13,SKU-IND-9912,WH-IND-01,184,0,0,5,1
2024-01-14,SKU-IND-9912,WH-IND-01,57,0,0,6,1
2024-01-15,SKU-IND-9912,WH-IND-01,234,0,0,0,1
2024-01-16,SKU-IND-9912,WH-IND-01,190,0,0,1,1
2024-01-17,SKU-IND-9912,WH-IND-01,205,0,0,2,1
2024-01-18,SKU-IND-9912,WH-IND-01,186,0,0,3,1
2024-01-19,SKU-IND-9912,WH-IND-01,180,0,0,4,1
2024-01-20,SKU-IND-9912,WH-IND-01,193,0,0,5,1
2024-01-21,SKU-IND-9912,WH-IND-01,74,0,0,6,1
2024-01-22,SKU-IND-9912,WH-IND-01,207,0,0,0,1
2024-01-23,SKU-IND-9912,WH-IND-01,208,0,0,1,1
2024-01-24,SKU-IND-9912,WH-IND-01,185,0,0,2,1
2024-01-25,SKU-IND-9912,WH-IND-01,172,0,0,3,1
2024-01-26,SKU-IND-9912,WH-IND-01,208,0,0,4,1
2024-01-27,SKU-IND-9912,WH-IND-01,188,0,0,5,1
2024-01-28,SKU-IND-9912,WH-IND-01,70,0,0,6,1
2024-01-29,SKU-IND-9912,WH-IND-01,204,0,0,0,1
2024-01-30,SKU-IND-9912,WH-IND-01,214,0,0,1,1
2024-01-31,SKU-IND-9912,WH-IND-01,181,0,0,2,1
2024-02-01,SKU-IND-9912,WH-IND-01,196,0,0,3,2
2024-02-02,SKU-IND-9912,WH-IND-01,206,0,0,4,2
2024-02-03,SKU-IND-9912,WH-IND-01,201,0,0,5,2
2024-02-04,SKU-IND-9912,WH-IND-01,78,0,0,6,2
2024-02-05,SKU-IND-9912,WH-IND-01,208,0,0,0,2
2024-02-06,SKU-IND-9912,WH-IND-01,188,0,0,1,2
2024-02-07,SKU-IND-9912,WH-IND-01,200,0,0,2,2
2024-02-08,SKU-IND-9912,WH-IND-01,189,0,0,3,2
2024-02-09,SKU-IND-9912,WH-IND-01,201,0,0,4,2
2024-02-10,SKU-IND-9912,WH-IND-01,206,0,0,5,2
2024-02-11,SKU-IND-9912,WH-IND-01,90,0,0,6,2
2024-02-12,SKU-IND-9912,WH-IND-01,216,0,0,0,2
2024-02-13,SKU-IND-9912,WH-IND-01,225,0,0,1,2
2024-02-14,SKU-IND-9912,WH-IND-01,209,0,0,2,2
2024-02-15,SKU-IND-9912,WH-IND-01,201,0,0,3,2
2024-02-16,SKU-IND-9912,WH-IND-01,213,0,0,4,2
2024-02-17,SKU-IND-9912,WH-IND-01,228,0,0,5,2
2024-02-18,SKU-IND-9912,WH-IND-01,64,0,0,6,2
2024-02-19,SKU-IND-9912,WH-IND-01,230,0,0,0,2
2024-02-20,SKU-IND-9912,WH-IND-01,176,0,0,1,2
2024-02-21,SKU-IND-9912,WH-IND-01,205,0,0,2,2
2024-02-22,SKU-IND-9912,WH-IND-01,207,0,0,3,2
2024-02-23,SKU-IND-9912,WH-IND-01,203,0,0,4,2
2024-02-24,SKU-IND-9912,WH-IND-01,196,0,0,5,2
2024-02-25,SKU-IND-9912,WH-IND-01,58,0,0,6,2
2024-02-26,SKU-IND-9912,WH-IND-01,239,0,0,0,2
2024-02-27,SKU-IND-9912,WH-IND-01,220,0,0,1,2
2024-02-28,SKU-IND-9912,WH-IND-01,198,0,0,2,2
2024-02-29,SKU-IND-9912,WH-IND-01,210,0,0,3,2
2024-03-01,SKU-IND-9912,WH-IND-01,187,0,0,4,3
2024-03-02,SKU-IND-9912,WH-IND-01,210,0,0,5,3
2024-03-03,SKU-IND-9912,WH-IND-01,77,0,0,6,3
2024-03-04,SKU-IND-9912,WH-IND-01,228,0,0,0,3
2024-03-05,SKU-IND-9912,WH-IND-01,197,0,0,1,3
2024-03-06,SKU-IND-9912,WH-IND-01,202,0,0,2,3
2024-03-07,SKU-IND-9912,WH-IND-01,211,0,0,3,3
2024-03-08,SKU-IND-9912,WH-IND-01,192,0,0,4,3
2024-03-09,SKU-IND-9912,WH-IND-01,202,0,0,5,3
2024-03-10,SKU-IND-9912,WH-IND-01,82,0,0,6,3
2024-03-11,SKU-IND-9912,WH-IND-01,226,0,0,0,3
2024-03-12,SKU-IND-9912,WH-IND-01,227,0,0,1,3
2024-03-13,SKU-IND-9912,WH-IND-01,198,0,0,2,3
2024-03-14,SKU-IND-9912,WH-IND-01,200,0,0,3,3
2024-03-15,SKU-IND-9912,WH-IND-01,197,0,0,4,3
2024-03-16,SKU-IND-9912,WH-IND-01,228,0,0,5,3
2024-03-17,SKU-IND-9912,WH-IND-01,89,0,0,6,3
2024-03-18,SKU-IND-9912,WH-IND-01,229,0,0,0,3
2024-03-19,SKU-IND-9912,WH-IND-01,220,0,0,1,3
2024-03-20,SKU-IND-9912,WH-IND-01,210,0,0,2,3
2024-03-21,SKU-IND-9912,WH-IND-01,211,0,0,3,3
2024-03-22,SKU-IND-9912,WH-IND-01,205,0,0,4,3
2024-03-23,SKU-IND-9912,WH-IND-01,200,0,0,5,3
2024-03-24,SKU-IND-9912,WH-IND-01,87,0,0,6,3
2024-03-25,SKU-IND-9912,WH-IND-01,234,0,0,0,3
2024-03-26,SKU-IND-9912,WH-IND-01,229,0,0,1,3
2024-03-27,SKU-IND-9912,WH-IND-01,194,0,0,2,3
2024-03-28,SKU-IND-9912,WH-IND-01,226,0,0,3,3
2024-03-29,SKU-IND-9912,WH-IND-01,208,0,0,4,3
2024-03-30,SKU-IND-9912,WH-IND-01,212,0,0,5,3
2024-03-31,SKU-IND-9912,WH-IND-01,93,0,0,6,3
2024-04-01,SKU-IND-9912,WH-IND-01,233,0,0,0,4
2024-04-02,SKU-IND-9912,WH-IND-01,218,0,0,1,4
2024-04-03,SKU-IND-9912,WH-IND-01,178,0,0,2,4
2024-04-04,SKU-IND-9912,WH-IND-01,201,0,0,3,4
2024-04-05,SKU-IND-9912,WH-IND-01,198,0,0,4,4
2024-04-06,SKU-IND-9912,WH-IND-01,195,0,0,5,4
2024-04-07,SKU-IND-9912,WH-IND-01,81,0,0,6,4
2024-04-08,SKU-IND-9912,WH-IND-01,244,0,0,0,4
2024-04-09,SKU-IND-9912,WH-IND-01,216,0,0,1,4
2024-04-10,SKU-IND-9912,WH-IND-01,211,0,0,2,4
2024-04-11,SKU-IND-9912,WH-IND-01,201,0,0,3,4
2024-04-12,SKU-IND-9912,WH-IND-01,212,0,0,4,4
2024-04-13,SKU-IND-9912,WH-IND-01,210,0,0,5,4
2024-04-14,SKU-IND-9912,WH-IND-01,93,0,0,6,4
2024-04-15,SKU-IND-9912,WH-IND-01,248,0,0,0,4
2024-04-16,SKU-IND-9912,WH-IND-01,208,0,0,1,4
2024-04-17,SKU-IND-9912,WH-IND-01,198,0,0,2,4
2024-04-18,SKU-IND-9912,WH-IND-01,200,0,0,3,4
2024-04-19,SKU-IND-9912,WH-IND-01,201,0,0,4,4
2024-04-20,SKU-IND-9912,WH-IND-01,204,0,0,5,4
2024-04-21,SKU-IND-9912,WH-IND-01,86,0,0,6,4
2024-04-22,SKU-IND-9912,WH-IND-01,246,0,0,0,4
2024-04-23,SKU-IND-9912,WH-IND-01,206,0,0,1,4
2024-04-24,SKU-IND-9912,WH-IND-01,207,0,0,2,4
2024-04-25,SKU-IND-9912,WH-IND-01,208,0,0,3,4
2024-04-26,SKU-IND-9912,WH-IND-01,201,0,0,4,4
2024-04-27,SKU-IND-9912,WH-IND-01,196,0,0,5,4
2024-04-28,SKU-IND-9912,WH-IND-01,62,0,0,6,4
2024-04-29,SKU-IND-9912,WH-IND-01,229,0,0,0,4
2024-04-30,SKU-IND-9912,WH-IND-01,211,0,0,1,4
2024-05-01,SKU-IND-9912,WH-IND-01,197,0,0,2,5
2024-05-02,SKU-IND-9912,WH-IND-01,202,0,0,3,5
2024-05-03,SKU-IND-9912,WH-IND-01,210,0,0,4,5
2024-05-04,SKU-IND-9912,WH-IND-01,210,0,0,5,5
2024-05-05,SKU-IND-9912,WH-IND-01,69,0,0,6,5
2024-05-06,SKU-IND-9912,WH-IND-01,246,0,0,0,5
2024-05-07,SKU-IND-9912,WH-IND-01,216,0,0,1,5
2024-05-08,SKU-IND-9912,WH-IND-01,191,0,0,2,5
2024-05-09,SKU-IND-9912,WH-IND-01,194,0,0,3,5
2024-05-10,SKU-IND-9912,WH-IND-01,216,0,0,4,5
2024-05-11,SKU-IND-9912,WH-IND-01,201,0,0,5,5
2024-05-12,SKU-IND-9912,WH-IND-01,56,0,0,6,5
2024-05-13,SKU-IND-9912,WH-IND-01,217,0,0,0,5
2024-05-14,SKU-IND-9912,WH-IND-01,199,0,0,1,5
2024-05-15,SKU-IND-9912,WH-IND-01,188,0,0,2,5
2024-05-16,SKU-IND-9912,WH-IND-01,196,0,0,3,5
2024-05-17,SKU-IND-9912,WH-IND-01,201,0,0,4,5
2024-05-18,SKU-IND-9912,WH-IND-01,217,0,0,5,5
2024-05-19,SKU-IND-9912,WH-IND-01,76,0,0,6,5
2024-05-20,SKU-IND-9912,WH-IND-01,242,0,0,0,5
2024-05-21,SKU-IND-9912,WH-IND-01,215,0,0,1,5
2024-05-22,SKU-IND-9912,WH-IND-01,215,0,0,2,5
2024-05-23,SKU-IND-9912,WH-IND-01,202,0,0,3,5
2024-05-24,SKU-IND-9912,WH-IND-01,176,0,0,4,5
2024-05-25,SKU-IND-9912,WH-IND-01,203,0,0,5,5
2024-05-26,SKU-IND-9912,WH-IND-01,90,0,0,6,5
2024-05-27,SKU-IND-9912,WH-IND-01,226,0,0,0,5
2024-05-28,SKU-IND-9912,WH-IND-01,216,0,0,1,5
2024-05-29,SKU-IND-9912,WH-IND-01,206,0,0,2,5
2024-05-30,SKU-IND-9912,WH-IND-01,202,0,0,3,5
2024-05-31,SKU-IND-9912,WH-IND-01,208,0,0,4,5
2024-06-01,SKU-IND-9912,WH-IND-01,199,0,1,5,6
2024-06-02,SKU-IND-9912,WH-IND-01,50,0,1,6,6
2024-06-03,SKU-IND-9912,WH-IND-01,218,0,1,0,6
2024-06-04,SKU-IND-9912,WH-IND-01,207,0,1,1,6
2024-06-05,SKU-IND-9912,WH-IND-01,185,0,1,2,6
2024-06-06,SKU-IND-9912,WH-IND-01,191,0,1,3,6
2024-06-07,SKU-IND-9912,WH-IND-01,181,0,1,4,6
2024-06-08,SKU-IND-9912,WH-IND-01,212,0,1,5,6
2024-06-09,SKU-IND-9912,WH-IND-01,95,0,1,6,6
2024-06-10,SKU-IND-9912,WH-IND-01,210,0,1,0,6
2024-06-11,SKU-IND-9912,WH-IND-01,193,0,1,1,6
2024-06-12,SKU-IND-9912,WH-IND-01,183,0,1,2,6
2024-06-13,SKU-IND-9912,WH-IND-01,197,0,1,3,6
2024-06-14,SKU-IND-9912,WH-IND-01,195,0,1,4,6
2024-06-15,SKU-IND-9912,WH-IND-01,198,0,1,5,6
2024-06-16,SKU-IND-9912,WH-IND-01,79,0,1,6,6
2024-06-17,SKU-IND-9912,WH-IND-01,249,0,1,0,6
2024-06-18,SKU-IND-9912,WH-IND-01,176,0,1,1,6
2024-06-19,SKU-IND-9912,WH-IND-01,168,0,1,2,6
2024-06-20,SKU-IND-9912,WH-IND-01,183,0,1,3,6
2024-06-21,SKU-IND-9912,WH-IND-01,169,0,1,4,6
2024-06-22,SKU-IND-9912,WH-IND-01,169,0,1,5,6
2024-06-23,SKU-IND-9912,WH-IND-01,63,0,1,6,6
2024-06-24,SKU-IND-9912,WH-IND-01,203,0,1,0,6
2024-06-25,SKU-IND-9912,WH-IND-01,174,0,1,1,6
2024-06-26,SKU-IND-9912,WH-IND-01,190,0,1,2,6
2024-06-27,SKU-IND-9912,WH-IND-01,178,0,1,3,6
2024-06-28,SKU-IND-9912,WH-IND-01,181,0,1,4,6
2024-06-29,SKU-IND-9912,WH-IND-01,193,0,1,5,6
2024-06-30,SKU-IND-9912,WH-IND-01,64,0,1,6,6
2024-07-01,SKU-IND-9912,WH-IND-01,206,0,1,0,7
2024-07-02,SKU-IND-9912,WH-IND-01,185,0,1,1,7
2024-07-03,SKU-IND-9912,WH-IND-01,159,0,1,2,7
2024-07-04,SKU-IND-9912,WH-IND-01,154,0,1,3,7
2024-07-05,SKU-IND-9912,WH-IND-01,184,0,1,4,7
2024-07-06,SKU-IND-9912,WH-IND-01,185,0,1,5,7
2024-07-07,SKU-IND-9912,WH-IND-01,94,0,1,6,7
2024-07-08,SKU-IND-9912,WH-IND-01,207,0,1,0,7
2024-07-09,SKU-IND-9912,WH-IND-01,187,0,1,1,7
2024-07-10,SKU-IND-9912,WH-IND-01,175,0,1,2,7
2024-07-11,SKU-IND-9912,WH-IND-01,180,0,1,3,7
2024-07-12,SKU-IND-9912,WH-IND-01,195,0,1,4,7
2024-07-13,SKU-IND-9912,WH-IND-01,152,0,1,5,7
2024-07-14,SKU-IND-9912,WH-IND-01,75,0,1,6,7
2024-07-15,SKU-IND-9912,WH-IND-01,226,0,1,0,7
2024-07-16,SKU-IND-9912,WH-IND-01,178,0,1,1,7
2024-07-17,SKU-IND-9912,WH-IND-01,193,0,1,2,7
2024-07-18,SKU-IND-9912,WH-IND-01,167,0,1,3,7
2024-07-19,SKU-IND-9912,WH-IND-01,173,0,1,4,7
2024-07-20,SKU-IND-9912,WH-IND-01,173,0,1,5,7
2024-07-21,SKU-IND-9912,WH-IND-01,44,0,1,6,7
2024-07-22,SKU-IND-9912,WH-IND-01,185,0,1,0,7
2024-07-23,SKU-IND-9912,WH-IND-01,159,0,1,1,7
2024-07-24,SKU-IND-9912,WH-IND-01,180,0,1,2,7
2024-07-25,SKU-IND-9912,WH-IND-01,181,0,1,3,7
2024-07-26,SKU-IND-9912,WH-IND-01,174,0,1,4,7
2024-07-27,SKU-IND-9912,WH-IND-01,179,0,1,5,7
2024-07-28,SKU-IND-9912,WH-IND-01,66,0,1,6,7
2024-07-29,SKU-IND-9912,WH-IND-01,208,0,1,0,7
2024-07-30,SKU-IND-9912,WH-IND-01,169,0,1,1,7
2024-07-31,SKU-IND-9912,WH-IND-01,169,0,1,2,7
2024-08-01,SKU-IND-9912,WH-IND-01,165,0,1,3,8
2024-08-02,SKU-IND-9912,WH-IND-01,175,0,1,4,8
2024-08-03,SKU-IND-9912,WH-IND-01,162,0,1,5,8
2024-08-04,SKU-IND-9912,WH-IND-01,77,0,1,6,8
2024-08-05,SKU-IND-9912,WH-IND-01,179,0,1,0,8
2024-08-06,SKU-IND-9912,WH-IND-01,154,0,1,1,8
2024-08-07,SKU-IND-9912,WH-IND-01,173,0,1,2,8
2024-08-08,SKU-IND-9912,WH-IND-01,164,0,1,3,8
2024-08-09,SKU-IND-9912,WH-IND-01,160,0,1,4,8
2024-08-10,SKU-IND-9912,WH-IND-01,174,0,1,5,8
2024-08-11,SKU-IND-9912,WH-IND-01,59,0,1,6,8
2024-08-12,SKU-IND-9912,WH-IND-01,186,0,1,0,8
2024-08-13,SKU-IND-9912,WH-IND-01,179,0,1,1,8
2024-08-14,SKU-IND-9912,WH-IND-01,180,0,1,2,8
2024-08-15,SKU-IND-9912,WH-IND-01,180,0,1,3,8
2024-08-16,SKU-IND-9912,WH-IND-01,159,0,1,4,8
2024-08-17,SKU-IND-9912,WH-IND-01,176,0,1,5,8
2024-08-18,SKU-IND-9912,WH-IND-01,54,0,1,6,8
2024-08-19,SKU-IND-9912,WH-IND-01,175,0,1,0,8
2024-08-20,SKU-IND-9912,WH-IND-01,135,0,1,1,8
2024-08-21,SKU-IND-9912,WH-IND-01,179,0,1,2,8
2024-08-22,SKU-IND-9912,WH-IND-01,151,0,1,3,8
2024-08-23,SKU-IND-9912,WH-IND-01,159,0,1,4,8
2024-08-24,SKU-IND-9912,WH-IND-01,150,0,1,5,8
2024-08-25,SKU-IND-9912,WH-IND-01,71,0,1,6,8
2024-08-26,SKU-IND-9912,WH-IND-01,179,0,1,0,8
2024-08-27,SKU-IND-9912,WH-IND-01,144,0,1,1,8
2024-08-28,SKU-IND-9912,WH-IND-01,164,0,1,2,8
2024-08-29,SKU-IND-9912,WH-IND-01,142,0,1,3,8
2024-08-30,SKU-IND-9912,WH-IND-01,149,0,1,4,8
2024-08-31,SKU-IND-9912,WH-IND-01,134,0,1,5,8
2024-09-01,SKU-IND-9912,WH-IND-01,47,0,0,6,9
2024-09-02,SKU-IND-9912,WH-IND-01,183,0,0,0,9
2024-09-03,SKU-IND-9912,WH-IND-01,135,0,0,1,9
2024-09-04,SKU-IND-9912,WH-IND-01,140,0,0,2,9
2024-09-05,SKU-IND-9912,WH-IND-01,157,0,0,3,9
2024-09-06,SKU-IND-9912,WH-IND-01,151,0,0,4,9
2024-09-07,SKU-IND-9912,WH-IND-01,179,0,0,5,9
2024-09-08,SKU-IND-9912,WH-IND-01,83,0,0,6,9
2024-09-09,SKU-IND-9912,WH-IND-01,170,0,0,0,9
2024-09-10,SKU-IND-9912,WH-IND-01,162,0,0,1,9
2024-09-11,SKU-IND-9912,WH-IND-01,235,1,0,2,9
2024-09-12,SKU-IND-9912,WH-IND-01,219,1,0,3,9
2024-09-13,SKU-IND-9912,WH-IND-01,209,1,0,4,9
2024-09-14,SKU-IND-9912,WH-IND-01,225,1,0,5,9
2024-09-15,SKU-IND-9912,WH-IND-01,88,1,0,6,9
2024-09-16,SKU-IND-9912,WH-IND-01,254,1,0,0,9
2024-09-17,SKU-IND-9912,WH-IND-01,230,1,0,1,9
2024-09-18,SKU-IND-9912,WH-IND-01,216,1,0,2,9
2024-09-19,SKU-IND-9912,WH-IND-01,212,1,0,3,9
2024-09-20,SKU-IND-9912,WH-IND-01,226,1,0,4,9
2024-09-21,SKU-IND-9912,WH-IND-01,229,1,0,5,9
2024-09-22,SKU-IND-9912,WH-IND-01,76,1,0,6,9
2024-09-23,SKU-IND-9912,WH-IND-01,268,1,0,0,9
2024-09-24,SKU-IND-9912,WH-IND-01,204,1,0,1,9
2024-09-25,SKU-IND-9912,WH-IND-01,218,1,0,2,9
2024-09-26,SKU-IND-9912,WH-IND-01,221,1,0,3,9
2024-09-27,SKU-IND-9912,WH-IND-01,217,1,0,4,9
2024-09-28,SKU-IND-9912,WH-IND-01,218,1,0,5,9
2024-09-29,SKU-IND-9912,WH-IND-01,110,1,0,6,9
2024-09-30,SKU-IND-9912,WH-IND-01,248,1,0,0,9
2024-10-01,SKU-IND-9912,WH-IND-01,182,0,0,1,10
2024-10-02,SKU-IND-9912,WH-IND-01,159,0,0,2,10
2024-10-03,SKU-IND-9912,WH-IND-01,155,0,0,3,10
2024-10-04,SKU-IND-9912,WH-IND-01,160,0,0,4,10
2024-10-05,SKU-IND-9912,WH-IND-01,183,0,0,5,10
2024-10-06,SKU-IND-9912,WH-IND-01,50,0,0,6,10
2024-10-07,SKU-IND-9912,WH-IND-01,165,0,0,0,10
2024-10-08,SKU-IND-9912,WH-IND-01,146,0,0,1,10
2024-10-09,SKU-IND-9912,WH-IND-01,155,0,0,2,10
2024-10-10,SKU-IND-9912,WH-IND-01,135,0,0,3,10
2024-10-11,SKU-IND-9912,WH-IND-01,225,1,0,4,10
2024-10-12,SKU-IND-9912,WH-IND-01,243,1,0,5,10
2024-10-13,SKU-IND-9912,WH-IND-01,91,1,0,6,10
2024-10-14,SKU-IND-9912,WH-IND-01,255,1,0,0,10
2024-10-15,SKU-IND-9912,WH-IND-01,218,1,0,1,10
2024-10-16,SKU-IND-9912,WH-IND-01,235,1,0,2,10
2024-10-17,SKU-IND-9912,WH-IND-01,216,1,0,3,10
2024-10-18,SKU-IND-9912,WH-IND-01,246,1,0,4,10
2024-10-19,SKU-IND-9912,WH-IND-01,247,1,0,5,10
2024-10-20,SKU-IND-9912,WH-IND-01,93,1,0,6,10
2024-10-21,SKU-IND-9912,WH-IND-01,260,1,0,0,10
2024-10-22,SKU-IND-9912,WH-IND-01,238,1,0,1,10
2024-10-23,SKU-IND-9912,WH-IND-01,239,1,0,2,10
2024-10-24,SKU-IND-9912,WH-IND-01,218,1,0,3,10
2024-10-25,SKU-IND-9912,WH-IND-01,221,1,0,4,10
2024-10-26,SKU-IND-9912,WH-IND-01,213,1,0,5,10
2024-10-27,SKU-IND-9912,WH-IND-01,95,1,0,6,10
2024-10-28,SKU-IND-9912,WH-IND-01,270,1,0,0,10
2024-10-29,SKU-IND-9912,WH-IND-01,213,1,0,1,10
2024-10-30,SKU-IND-9912,WH-IND-01,224,1,0,2,10
2024-10-31,SKU-IND-9912,WH-IND-01,214,1,0,3,10
2024-11-01,SKU-IND-9912,WH-IND-01,148,0,0,4,11
2024-11-02,SKU-IND-9912,WH-IND-01,164,0,0,5,11
2024-11-03,SKU-IND-9912,WH-IND-01,55,0,0,6,11
2024-11-04,SKU-IND-9912,WH-IND-01,179,0,0,0,11
2024-11-05,SKU-IND-9912,WH-IND-01,141,0,0,1,11
2024-11-06,SKU-IND-9912,WH-IND-01,161,0,0,2,11
2024-11-07,SKU-IND-9912,WH-IND-01,159,0,0,3,11
2024-11-08,SKU-IND-9912,WH-IND-01,152,0,0,4,11
2024-11-09,SKU-IND-9912,WH-IND-01,158,0,0,5,11
2024-11-10,SKU-IND-9912,WH-IND-01,66,0,0,6,11
2024-11-11,SKU-IND-9912,WH-IND-01,176,0,0,0,11
2024-11-12,SKU-IND-9912,WH-IND-01,145,0,0,1,11
2024-11-13,SKU-IND-9912,WH-IND-01,182,0,0,2,11
2024-11-14,SKU-IND-9912,WH-IND-01,155,0,0,3,11
2024-11-15,SKU-IND-9912,WH-IND-01,161,0,0,4,11
2024-11-16,SKU-IND-9912,WH-IND-01,174,0,0,5,11
2024-11-17,SKU-IND-9912,WH-IND-01,104,0,0,6,11
2024-11-18,SKU-IND-9912,WH-IND-01,174,0,0,0,11
2024-11-19,SKU-IND-9912,WH-IND-01,168,0,0,1,11
2024-11-20,SKU-IND-9912,WH-IND-01,156,0,0,2,11
2024-11-21,SKU-IND-9912,WH-IND-01,158,0,0,3,11
2024-11-22,SKU-IND-9912,WH-IND-01,156,0,0,4,11
2024-11-23,SKU-IND-9912,WH-IND-01,152,0,0,5,11
2024-11-24,SKU-IND-9912,WH-IND-01,65,0,0,6,11
2024-11-25,SKU-IND-9912,WH-IND-01,174,0,0,0,11
2024-11-26,SKU-IND-9912,WH-IND-01,177,0,0,1,11
2024-11-27,SKU-IND-9912,WH-IND-01,167,0,0,2,11
2024-11-28,SKU-IND-9912,WH-IND-01,171,0,0,3,11
2024-11-29,SKU-IND-9912,WH-IND-01,162,0,0,4,11
2024-11-30,SKU-IND-9912,WH-IND-01,163,0,0,5,11
2024-12-01,SKU-IND-9912,WH-IND-01,70,0,0,6,12
2024-12-02,SKU-IND-9912,WH-IND-01,181,0,0,0,12
2024-12-03,SKU-IND-9912,WH-IND-01,165,0,0,1,12
2024-12-04,SKU-IND-9912,WH-IND-01,160,0,0,2,12
2024-12-05,SKU-IND-9912,WH-IND-01,160,0,0,3,12
2024-12-06,SKU-IND-9912,WH-IND-01,146,0,0,4,12
2024-12-07,SKU-IND-9912,WH-IND-01,185,0,0,5,12
2024-12-08,SKU-IND-9912,WH-IND-01,60,0,0,6,12
2024-12-09,SKU-IND-9912,WH-IND-01,210,0,0,0,12
2024-12-10,SKU-IND-9912,WH-IND-01,184,0,0,1,12
2024-12-11,SKU-IND-9912,WH-IND-01,158,0,0,2,12
2024-12-12,SKU-IND-9912,WH-IND-01,160,0,0,3,12
2024-12-13,SKU-IND-9912,WH-IND-01,202,0,0,4,12
2024-12-14,SKU-IND-9912,WH-IND-01,193,0,0,5,12
2024-12-15,SKU-IND-9912,WH-IND-01,69,0,0,6,12
2024-12-16,SKU-IND-9912,WH-IND-01,204,0,0,0,12
2024-12-17,SKU-IND-9912,WH-IND-01,168,0,0,1,12
2024-12-18,SKU-IND-9912,WH-IND-01,180,0,0,2,12
2024-12-19,SKU-IND-9912,WH-IND-01,168,0,0,3,12
2024-12-20,SKU-IND-9912,WH-IND-01,153,0,0,4,12
2024-12-21,SKU-IND-9912,WH-IND-01,162,0,0,5,12
2024-12-22,SKU-IND-9912,WH-IND-01,71,0,0,6,12
2024-12-23,SKU-IND-9912,WH-IND-01,192,0,0,0,12
2024-12-24,SKU-IND-9912,WH-IND-01,177,0,0,1,12
2024-12-25,SKU-IND-9912,WH-IND-01,167,0,0,2,12
2024-12-26,SKU-IND-9912,WH-IND-01,170,0,0,3,12
2024-12-27,SKU-IND-9912,WH-IND-01,189,0,0,4,12
2024-12-28,SKU-IND-9912,WH-IND-01,183,0,0,5,12
2024-12-29,SKU-IND-9912,WH-IND-01,72,0,0,6,12
2024-12-30,SKU-IND-9912,WH-IND-01,218,0,0,0,12
2024-12-31,SKU-IND-9912,WH-IND-01,187,0,0,1,12
2025-01-01,SKU-IND-9912,WH-IND-01,198,0,0,2,1
2025-01-02,SKU-IND-9912,WH-IND-01,177,0,0,3,1
2025-01-03,SKU-IND-9912,WH-IND-01,178,0,0,4,1
2025-01-04,SKU-IND-9912,WH-IND-01,169,0,0,5,1
2025-01-05,SKU-IND-9912,WH-IND-01,68,0,0,6,1
2025-01-06,SKU-IND-9912,WH-IND-01,223,0,0,0,1
2025-01-07,SKU-IND-9912,WH-IND-01,199,0,0,1,1
2025-01-08,SKU-IND-9912,WH-IND-01,196,0,0,2,1
2025-01-09,SKU-IND-9912,WH-IND-01,165,0,0,3,1
2025-01-10,SKU-IND-9912,WH-IND-01,198,0,0,4,1
2025-01-11,SKU-IND-9912,WH-IND-01,166,0,0,5,1
2025-01-12,SKU-IND-9912,WH-IND-01,85,0,0,6,1
2025-01-13,SKU-IND-9912,WH-IND-01,212,0,0,0,1
2025-01-14,SKU-IND-9912,WH-IND-01,196,0,0,1,1
2025-01-15,SKU-IND-9912,WH-IND-01,173,0,0,2,1
2025-01-16,SKU-IND-9912,WH-IND-01,202,0,0,3,1
2025-01-17,SKU-IND-9912,WH-IND-01,173,0,0,4,1
2025-01-18,SKU-IND-9912,WH-IND-01,182,0,0,5,1
2025-01-19,SKU-IND-9912,WH-IND-01,65,0,0,6,1
2025-01-20,SKU-IND-9912,WH-IND-01,200,0,0,0,1
2025-01-21,SKU-IND-9912,WH-IND-01,192,0,0,1,1
2025-01-22,SKU-IND-9912,WH-IND-01,212,0,0,2,1
2025-01-23,SKU-IND-9912,WH-IND-01,222,0,0,3,1
2025-01-24,SKU-IND-9912,WH-IND-01,193,0,0,4,1
2025-01-25,SKU-IND-9912,WH-IND-01,205,0,0,5,1
2025-01-26,SKU-IND-9912,WH-IND-01,80,0,0,6,1
2025-01-27,SKU-IND-9912,WH-IND-01,228,0,0,0,1
2025-01-28,SKU-IND-9912,WH-IND-01,190,0,0,1,1
2025-01-29,SKU-IND-9912,WH-IND-01,197,0,0,2,1
2025-01-30,SKU-IND-9912,WH-IND-01,201,0,0,3,1
2025-01-31,SKU-IND-9912,WH-IND-01,189,0,0,4,1
2025-02-01,SKU-IND-9912,WH-IND-01,195,0,0,5,2
2025-02-02,SKU-IND-9912,WH-IND-01,77,0,0,6,2
2025-02-03,SKU-IND-9912,WH-IND-01,235,0,0,0,2
2025-02-04,SKU-IND-9912,WH-IND-01,185,0,0,1,2
2025-02-05,SKU-IND-9912,WH-IND-01,197,0,0,2,2
2025-02-06,SKU-IND-9912,WH-IND-01,219,0,0,3,2
2025-02-07,SKU-IND-9912,WH-IND-01,211,0,0,4,2
2025-02-08,SKU-IND-9912,WH-IND-01,213,0,0,5,2
2025-02-09,SKU-IND-9912,WH-IND-01,79,0,0,6,2
2025-02-10,SKU-IND-9912,WH-IND-01,233,0,0,0,2
2025-02-11,SKU-IND-9912,WH-IND-01,211,0,0,1,2
2025-02-12,SKU-IND-9912,WH-IND-01,217,0,0,2,2
2025-02-13,SKU-IND-9912,WH-IND-01,178,0,0,3,2
2025-02-14,SKU-IND-9912,WH-IND-01,186,0,0,4,2
2025-02-15,SKU-IND-9912,WH-IND-01,216,0,0,5,2
2025-02-16,SKU-IND-9912,WH-IND-01,77,0,0,6,2
2025-02-17,SKU-IND-9912,WH-IND-01,224,0,0,0,2
2025-02-18,SKU-IND-9912,WH-IND-01,188,0,0,1,2
2025-02-19,SKU-IND-9912,WH-IND-01,196,0,0,2,2
2025-02-20,SKU-IND-9912,WH-IND-01,187,0,0,3,2
2025-02-21,SKU-IND-9912,WH-IND-01,226,0,0,4,2
2025-02-22,SKU-IND-9912,WH-IND-01,203,0,0,5,2
2025-02-23,SKU-IND-9912,WH-IND-01,80,0,0,6,2
2025-02-24,SKU-IND-9912,WH-IND-01,241,0,0,0,2
2025-02-25,SKU-IND-9912,WH-IND-01,215,0,0,1,2
2025-02-26,SKU-IND-9912,WH-IND-01,215,0,0,2,2
2025-02-27,SKU-IND-9912,WH-IND-01,216,0,0,3,2
2025-02-28,SKU-IND-9912,WH-IND-01,198,0,0,4,2
2025-03-01,SKU-IND-9912,WH-IND-01,202,0,0,5,3
2025-03-02,SKU-IND-9912,WH-IND-01,90,0,0,6,3
2025-03-03,SKU-IND-9912,WH-IND-01,230,0,0,0,3
2025-03-04,SKU-IND-9912,WH-IND-01,206,0,0,1,3
2025-03-05,SKU-IND-9912,WH-IND-01,210,0,0,2,3
2025-03-06,SKU-IND-9912,WH-IND-01,215,0,0,3,3
2025-03-07,SKU-IND-9912,WH-IND-01,186,0,0,4,3
2025-03-08,SKU-IND-9912,WH-IND-01,214,0,0,5,3
2025-03-09,SKU-IND-9912,WH-IND-01,80,0,0,6,3
2025-03-10,SKU-IND-9912,WH-IND-01,246,0,0,0,3
2025-03-11,SKU-IND-9912,WH-IND-01,216,0,0,1,3
2025-03-12,SKU-IND-9912,WH-IND-01,225,0,0,2,3
2025-03-13,SKU-IND-9912,WH-IND-01,222,0,0,3,3
2025-03-14,SKU-IND-9912,WH-IND-01,223,0,0,4,3
2025-03-15,SKU-IND-9912,WH-IND-01,224,0,0,5,3
2025-03-16,SKU-IND-9912,WH-IND-01,86,0,0,6,3
2025-03-17,SKU-IND-9912,WH-IND-01,239,0,0,0,3
2025-03-18,SKU-IND-9912,WH-IND-01,218,0,0,1,3
2025-03-19,SKU-IND-9912,WH-IND-01,216,0,0,2,3
2025-03-20,SKU-IND-9912,WH-IND-01,205,0,0,3,3
2025-03-21,SKU-IND-9912,WH-IND-01,213,0,0,4,3
2025-03-22,SKU-IND-9912,WH-IND-01,208,0,0,5,3
2025-03-23,SKU-IND-9912,WH-IND-01,74,0,0,6,3
2025-03-24,SKU-IND-9912,WH-IND-01,254,0,0,0,3
2025-03-25,SKU-IND-9912,WH-IND-01,209,0,0,1,3
2025-03-26,SKU-IND-9912,WH-IND-01,232,0,0,2,3
2025-03-27,SKU-IND-9912,WH-IND-01,190,0,0,3,3
2025-03-28,SKU-IND-9912,WH-IND-01,202,0,0,4,3
2025-03-29,SKU-IND-9912,WH-IND-01,209,0,0,5,3
2025-03-30,SKU-IND-9912,WH-IND-01,96,0,0,6,3
2025-03-31,SKU-IND-9912,WH-IND-01,245,0,0,0,3
2025-04-01,SKU-IND-9912,WH-IND-01,212,0,0,1,4
2025-04-02,SKU-IND-9912,WH-IND-01,196,0,0,2,4
2025-04-03,SKU-IND-9912,WH-IND-01,196,0,0,3,4
2025-04-04,SKU-IND-9912,WH-IND-01,212,0,0,4,4
2025-04-05,SKU-IND-9912,WH-IND-01,193,0,0,5,4
2025-04-06,SKU-IND-9912,WH-IND-01,77,0,0,6,4
2025-04-07,SKU-IND-9912,WH-IND-01,246,0,0,0,4
2025-04-08,SKU-IND-9912,WH-IND-01,198,0,0,1,4
2025-04-09,SKU-IND-9912,WH-IND-01,227,0,0,2,4
2025-04-10,SKU-IND-9912,WH-IND-01,222,0,0,3,4
2025-04-11,SKU-IND-9912,WH-IND-01,191,0,0,4,4
2025-04-12,SKU-IND-9912,WH-IND-01,198,0,0,5,4
2025-04-13,SKU-IND-9912,WH-IND-01,57,0,0,6,4
2025-04-14,SKU-IND-9912,WH-IND-01,231,0,0,0,4
2025-04-15,SKU-IND-9912,WH-IND-01,217,0,0,1,4
2025-04-16,SKU-IND-9912,WH-IND-01,203,0,0,2,4
2025-04-17,SKU-IND-9912,WH-IND-01,213,0,0,3,4
2025-04-18,SKU-IND-9912,WH-IND-01,191,0,0,4,4
2025-04-19,SKU-IND-9912,WH-IND-01,217,0,0,5,4
2025-04-20,SKU-IND-9912,WH-IND-01,76,0,0,6,4
2025-04-21,SKU-IND-9912,WH-IND-01,239,0,0,0,4
2025-04-22,SKU-IND-9912,WH-IND-01,206,0,0,1,4
2025-04-23,SKU-IND-9912,WH-IND-01,193,0,0,2,4
2025-04-24,SKU-IND-9912,WH-IND-01,194,0,0,3,4
2025-04-25,SKU-IND-9912,WH-IND-01,217,0,0,4,4
2025-04-26,SKU-IND-9912,WH-IND-01,211,0,0,5,4
2025-04-27,SKU-IND-9912,WH-IND-01,94,0,0,6,4
2025-04-28,SKU-IND-9912,WH-IND-01,241,0,0,0,4
2025-04-29,SKU-IND-9912,WH-IND-01,207,0,0,1,4
2025-04-30,SKU-IND-9912,WH-IND-01,186,0,0,2,4
2025-05-01,SKU-IND-9912,WH-IND-01,202,0,0,3,5
2025-05-02,SKU-IND-9912,WH-IND-01,205,0,0,4,5
2025-05-03,SKU-IND-9912,WH-IND-01,227,0,0,5,5
2025-05-04,SKU-IND-9912,WH-IND-01,89,0,0,6,5
2025-05-05,SKU-IND-9912,WH-IND-01,252,0,0,0,5
2025-05-06,SKU-IND-9912,WH-IND-01,211,0,0,1,5
2025-05-07,SKU-IND-9912,WH-IND-01,196,0,0,2,5
2025-05-08,SKU-IND-9912,WH-IND-01,205,0,0,3,5
2025-05-09,SKU-IND-9912,WH-IND-01,206,0,0,4,5
2025-05-10,SKU-IND-9912,WH-IND-01,193,0,0,5,5
2025-05-11,SKU-IND-9912,WH-IND-01,76,0,0,6,5
2025-05-12,SKU-IND-9912,WH-IND-01,231,0,0,0,5
2025-05-13,SKU-IND-9912,WH-IND-01,220,0,0,1,5
2025-05-14,SKU-IND-9912,WH-IND-01,179,0,0,2,5
2025-05-15,SKU-IND-9912,WH-IND-01,215,0,0,3,5
2025-05-16,SKU-IND-9912,WH-IND-01,191,0,0,4,5
2025-05-17,SKU-IND-9912,WH-IND-01,186,0,0,5,5
2025-05-18,SKU-IND-9912,WH-IND-01,93,0,0,6,5
2025-05-19,SKU-IND-9912,WH-IND-01,239,0,0,0,5
2025-05-20,SKU-IND-9912,WH-IND-01,214,0,0,1,5
2025-05-21,SKU-IND-9912,WH-IND-01,208,0,0,2,5
2025-05-22,SKU-IND-9912,WH-IND-01,222,0,0,3,5
2025-05-23,SKU-IND-9912,WH-IND-01,205,0,0,4,5
2025-05-24,SKU-IND-9912,WH-IND-01,197,0,0,5,5
2025-05-25,SKU-IND-9912,WH-IND-01,83,0,0,6,5
2025-05-26,SKU-IND-9912,WH-IND-01,241,0,0,0,5
2025-05-27,SKU-IND-9912,WH-IND-01,189,0,0,1,5
2025-05-28,SKU-IND-9912,WH-IND-01,190,0,0,2,5
2025-05-29,SKU-IND-9912,WH-IND-01,193,0,0,3,5
2025-05-30,SKU-IND-9912,WH-IND-01,173,0,0,4,5
2025-05-31,SKU-IND-9912,WH-IND-01,197,0,0,5,5
2025-06-01,SKU-IND-9912,WH-IND-01,57,0,1,6,6
2025-06-02,SKU-IND-9912,WH-IND-01,225,0,1,0,6
2025-06-03,SKU-IND-9912,WH-IND-01,204,0,1,1,6
2025-06-04,SKU-IND-9912,WH-IND-01,189,0,1,2,6
2025-06-05,SKU-IND-9912,WH-IND-01,212,0,1,3,6
2025-06-06,SKU-IND-9912,WH-IND-01,177,0,1,4,6
2025-06-07,SKU-IND-9912,WH-IND-01,206,0,1,5,6
2025-06-08,SKU-IND-9912,WH-IND-01,84,0,1,6,6
2025-06-09,SKU-IND-9912,WH-IND-01,202,0,1,0,6
2025-06-10,SKU-IND-9912,WH-IND-01,222,0,1,1,6
2025-06-11,SKU-IND-9912,WH-IND-01,190,0,1,2,6
2025-06-12,SKU-IND-9912,WH-IND-01,181,0,1,3,6
2025-06-13,SKU-IND-9912,WH-IND-01,174,0,1,4,6
2025-06-14,SKU-IND-9912,WH-IND-01,187,0,1,5,6
2025-06-15,SKU-IND-9912,WH-IND-01,74,0,1,6,6
2025-06-16,SKU-IND-9912,WH-IND-01,218,0,1,0,6
2025-06-17,SKU-IND-9912,WH-IND-01,185,0,1,1,6
2025-06-18,SKU-IND-9912,WH-IND-01,195,0,1,2,6
2025-06-19,SKU-IND-9912,WH-IND-01,183,0,1,3,6
2025-06-20,SKU-IND-9912,WH-IND-01,165,0,1,4,6
2025-06-21,SKU-IND-9912,WH-IND-01,185,0,1,5,6
2025-06-22,SKU-IND-9912,WH-IND-01,48,0,1,6,6
2025-06-23,SKU-IND-9912,WH-IND-01,218,0,1,0,6
2025-06-24,SKU-IND-9912,WH-IND-01,174,0,1,1,6
2025-06-25,SKU-IND-9912,WH-IND-01,187,0,1,2,6
2025-06-26,SKU-IND-9912,WH-IND-01,199,0,1,3,6
2025-06-27,SKU-IND-9912,WH-IND-01,173,0,1,4,6
2025-06-28,SKU-IND-9912,WH-IND-01,195,0,1,5,6
2025-06-29,SKU-IND-9912,WH-IND-01,68,0,1,6,6
2025-06-30,SKU-IND-9912,WH-IND-01,229,0,1,0,6
2025-07-01,SKU-IND-9912,WH-IND-01,178,0,1,1,7
2025-07-02,SKU-IND-9912,WH-IND-01,172,0,1,2,7
2025-07-03,SKU-IND-9912,WH-IND-01,189,0,1,3,7
2025-07-04,SKU-IND-9912,WH-IND-01,176,0,1,4,7
2025-07-05,SKU-IND-9912,WH-IND-01,171,0,1,5,7
2025-07-06,SKU-IND-9912,WH-IND-01,66,0,1,6,7
2025-07-07,SKU-IND-9912,WH-IND-01,206,0,1,0,7
2025-07-08,SKU-IND-9912,WH-IND-01,194,0,1,1,7
2025-07-09,SKU-IND-9912,WH-IND-01,157,0,1,2,7
2025-07-10,SKU-IND-9912,WH-IND-01,178,0,1,3,7
2025-07-11,SKU-IND-9912,WH-IND-01,184,0,1,4,7
2025-07-12,SKU-IND-9912,WH-IND-01,179,0,1,5,7
2025-07-13,SKU-IND-9912,WH-IND-01,85,0,1,6,7
2025-07-14,SKU-IND-9912,WH-IND-01,201,0,1,0,7
2025-07-15,SKU-IND-9912,WH-IND-01,173,0,1,1,7
2025-07-16,SKU-IND-9912,WH-IND-01,182,0,1,2,7
2025-07-17,SKU-IND-9912,WH-IND-01,176,0,1,3,7
2025-07-18,SKU-IND-9912,WH-IND-01,170,0,1,4,7
2025-07-19,SKU-IND-9912,WH-IND-01,179,0,1,5,7
2025-07-20,SKU-IND-9912,WH-IND-01,62,0,1,6,7
2025-07-21,SKU-IND-9912,WH-IND-01,192,0,1,0,7
2025-07-22,SKU-IND-9912,WH-IND-01,166,0,1,1,7
2025-07-23,SKU-IND-9912,WH-IND-01,187,0,1,2,7
2025-07-24,SKU-IND-9912,WH-IND-01,135,0,1,3,7
2025-07-25,SKU-IND-9912,WH-IND-01,175,0,1,4,7
2025-07-26,SKU-IND-9912,WH-IND-01,171,0,1,5,7
2025-07-27,SKU-IND-9912,WH-IND-01,49,0,1,6,7
2025-07-28,SKU-IND-9912,WH-IND-01,199,0,1,0,7
2025-07-29,SKU-IND-9912,WH-IND-01,175,0,1,1,7
2025-07-30,SKU-IND-9912,WH-IND-01,175,0,1,2,7
2025-07-31,SKU-IND-9912,WH-IND-01,139,0,1,3,7
2025-08-01,SKU-IND-9912,WH-IND-01,183,0,1,4,8
2025-08-02,SKU-IND-9912,WH-IND-01,159,0,1,5,8
2025-08-03,SKU-IND-9912,WH-IND-01,74,0,1,6,8
2025-08-04,SKU-IND-9912,WH-IND-01,200,0,1,0,8
2025-08-05,SKU-IND-9912,WH-IND-01,157,0,1,1,8
2025-08-06,SKU-IND-9912,WH-IND-01,173,0,1,2,8
2025-08-07,SKU-IND-9912,WH-IND-01,161,0,1,3,8
2025-08-08,SKU-IND-9912,WH-IND-01,142,0,1,4,8
2025-08-09,SKU-IND-9912,WH-IND-01,178,0,1,5,8
2025-08-10,SKU-IND-9912,WH-IND-01,57,0,1,6,8
2025-08-11,SKU-IND-9912,WH-IND-01,179,0,1,0,8
2025-08-12,SKU-IND-9912,WH-IND-01,159,0,1,1,8
2025-08-13,SKU-IND-9912,WH-IND-01,166,0,1,2,8
2025-08-14,SKU-IND-9912,WH-IND-01,162,0,1,3,8
2025-08-15,SKU-IND-9912,WH-IND-01,169,0,1,4,8
2025-08-16,SKU-IND-9912,WH-IND-01,147,0,1,5,8
2025-08-17,SKU-IND-9912,WH-IND-01,56,0,1,6,8
2025-08-18,SKU-IND-9912,WH-IND-01,185,0,1,0,8
2025-08-19,SKU-IND-9912,WH-IND-01,183,0,1,1,8
2025-08-20,SKU-IND-9912,WH-IND-01,160,0,1,2,8
2025-08-21,SKU-IND-9912,WH-IND-01,173,0,1,3,8
2025-08-22,SKU-IND-9912,WH-IND-01,161,0,1,4,8
2025-08-23,SKU-IND-9912,WH-IND-01,155,0,1,5,8
2025-08-24,SKU-IND-9912,WH-IND-01,61,0,1,6,8
2025-08-25,SKU-IND-9912,WH-IND-01,182,0,1,0,8
2025-08-26,SKU-IND-9912,WH-IND-01,166,0,1,1,8
2025-08-27,SKU-IND-9912,WH-IND-01,174,0,1,2,8
2025-08-28,SKU-IND-9912,WH-IND-01,163,0,1,3,8
2025-08-29,SKU-IND-9912,WH-IND-01,172,0,1,4,8
2025-08-30,SKU-IND-9912,WH-IND-01,147,0,1,5,8
2025-08-31,SKU-IND-9912,WH-IND-01,58,0,1,6,8
2025-09-01,SKU-IND-9912,WH-IND-01,173,0,0,0,9
2025-09-02,SKU-IND-9912,WH-IND-01,161,0,0,1,9
2025-09-03,SKU-IND-9912,WH-IND-01,153,0,0,2,9
2025-09-04,SKU-IND-9912,WH-IND-01,165,0,0,3,9
2025-09-05,SKU-IND-9912,WH-IND-01,146,0,0,4,9
2025-09-06,SKU-IND-9912,WH-IND-01,157,0,0,5,9
2025-09-07,SKU-IND-9912,WH-IND-01,70,0,0,6,9
2025-09-08,SKU-IND-9912,WH-IND-01,157,0,0,0,9
2025-09-09,SKU-IND-9912,WH-IND-01,180,0,0,1,9
2025-09-10,SKU-IND-9912,WH-IND-01,153,0,0,2,9
2025-09-11,SKU-IND-9912,WH-IND-01,203,1,0,3,9
2025-09-12,SKU-IND-9912,WH-IND-01,228,1,0,4,9
2025-09-13,SKU-IND-9912,WH-IND-01,226,1,0,5,9
2025-09-14,SKU-IND-9912,WH-IND-01,89,1,0,6,9
2025-09-15,SKU-IND-9912,WH-IND-01,270,1,0,0,9
2025-09-16,SKU-IND-9912,WH-IND-01,234,1,0,1,9
2025-09-17,SKU-IND-9912,WH-IND-01,228,1,0,2,9
2025-09-18,SKU-IND-9912,WH-IND-01,230,1,0,3,9
2025-09-19,SKU-IND-9912,WH-IND-01,224,1,0,4,9
2025-09-20,SKU-IND-9912,WH-IND-01,244,1,0,5,9
2025-09-21,SKU-IND-9912,WH-IND-01,73,1,0,6,9
2025-09-22,SKU-IND-9912,WH-IND-01,260,1,0,0,9
2025-09-23,SKU-IND-9912,WH-IND-01,225,1,0,1,9
2025-09-24,SKU-IND-9912,WH-IND-01,233,1,0,2,9
2025-09-25,SKU-IND-9912,WH-IND-01,215,1,0,3,9
2025-09-26,SKU-IND-9912,WH-IND-01,204,1,0,4,9
2025-09-27,SKU-IND-9912,WH-IND-01,226,1,0,5,9
2025-09-28,SKU-IND-9912,WH-IND-01,92,1,0,6,9
2025-09-29,SKU-IND-9912,WH-IND-01,274,1,0,0,9
2025-09-30,SKU-IND-9912,WH-IND-01,210,1,0,1,9
2025-10-01,SKU-IND-9912,WH-IND-01,167,0,0,2,10
2025-10-02,SKU-IND-9912,WH-IND-01,181,0,0,3,10
2025-10-03,SKU-IND-9912,WH-IND-01,150,0,0,4,10
2025-10-04,SKU-IND-9912,WH-IND-01,140,0,0,5,10
2025-10-05,SKU-IND-9912,WH-IND-01,57,0,0,6,10
2025-10-06,SKU-IND-9912,WH-IND-01,178,0,0,0,10
2025-10-07,SKU-IND-9912,WH-IND-01,161,0,0,1,10
2025-10-08,SKU-IND-9912,WH-IND-01,148,0,0,2,10
2025-10-09,SKU-IND-9912,WH-IND-01,172,0,0,3,10
2025-10-10,SKU-IND-9912,WH-IND-01,142,0,0,4,10
2025-10-11,SKU-IND-9912,WH-IND-01,205,1,0,5,10
2025-10-12,SKU-IND-9912,WH-IND-01,102,1,0,6,10
2025-10-13,SKU-IND-9912,WH-IND-01,233,1,0,0,10
2025-10-14,SKU-IND-9912,WH-IND-01,222,1,0,1,10
2025-10-15,SKU-IND-9912,WH-IND-01,260,1,0,2,10
2025-10-16,SKU-IND-9912,WH-IND-01,225,1,0,3,10
2025-10-17,SKU-IND-9912,WH-IND-01,213,1,0,4,10
2025-10-18,SKU-IND-9912,WH-IND-01,225,1,0,5,10
2025-10-19,SKU-IND-9912,WH-IND-01,89,1,0,6,10
2025-10-20,SKU-IND-9912,WH-IND-01,262,1,0,0,10
2025-10-21,SKU-IND-9912,WH-IND-01,234,1,0,1,10
2025-10-22,SKU-IND-9912,WH-IND-01,215,1,0,2,10
2025-10-23,SKU-IND-9912,WH-IND-01,245,1,0,3,10
2025-10-24,SKU-IND-9912,WH-IND-01,230,1,0,4,10
2025-10-25,SKU-IND-9912,WH-IND-01,235,1,0,5,10
2025-10-26,SKU-IND-9912,WH-IND-01,84,1,0,6,10
2025-10-27,SKU-IND-9912,WH-IND-01,276,1,0,0,10
2025-10-28,SKU-IND-9912,WH-IND-01,225,1,0,1,10
2025-10-29,SKU-IND-9912,WH-IND-01,231,1,0,2,10
2025-10-30,SKU-IND-9912,WH-IND-01,218,1,0,3,10
2025-10-31,SKU-IND-9912,WH-IND-01,218,1,0,4,10
2025-11-01,SKU-IND-9912,WH-IND-01,166,0,0,5,11
2025-11-02,SKU-IND-9912,WH-IND-01,58,0,0,6,11
2025-11-03,SKU-IND-9912,WH-IND-01,173,0,0,0,11
2025-11-04,SKU-IND-9912,WH-IND-01,151,0,0,1,11
2025-11-05,SKU-IND-9912,WH-IND-01,167,0,0,2,11
2025-11-06,SKU-IND-9912,WH-IND-01,152,0,0,3,11
2025-11-07,SKU-IND-9912,WH-IND-01,158,0,0,4,11
2025-11-08,SKU-IND-9912,WH-IND-01,160,0,0,5,11
2025-11-09,SKU-IND-9912,WH-IND-01,42,0,0,6,11
2025-11-10,SKU-IND-9912,WH-IND-01,168,0,0,0,11
2025-11-11,SKU-IND-9912,WH-IND-01,164,0,0,1,11
2025-11-12,SKU-IND-9912,WH-IND-01,153,0,0,2,11
2025-11-13,SKU-IND-9912,WH-IND-01,173,0,0,3,11
2025-11-14,SKU-IND-9912,WH-IND-01,172,0,0,4,11
2025-11-15,SKU-IND-9912,WH-IND-01,170,0,0,5,11
2025-11-16,SKU-IND-9912,WH-IND-01,85,0,0,6,11
2025-11-17,SKU-IND-9912,WH-IND-01,186,0,0,0,11
2025-11-18,SKU-IND-9912,WH-IND-01,170,0,0,1,11
2025-11-19,SKU-IND-9912,WH-IND-01,157,0,0,2,11
2025-11-20,SKU-IND-9912,WH-IND-01,191,0,0,3,11
2025-11-21,SKU-IND-9912,WH-IND-01,186,0,0,4,11
2025-11-22,SKU-IND-9912,WH-IND-01,164,0,0,5,11
2025-11-23,SKU-IND-9912,WH-IND-01,70,0,0,6,11
2025-11-24,SKU-IND-9912,WH-IND-01,205,0,0,0,11
2025-11-25,SKU-IND-9912,WH-IND-01,164,0,0,1,11
2025-11-26,SKU-IND-9912,WH-IND-01,158,0,0,2,11
2025-11-27,SKU-IND-9912,WH-IND-01,176,0,0,3,11
2025-11-28,SKU-IND-9912,WH-IND-01,168,0,0,4,11
2025-11-29,SKU-IND-9912,WH-IND-01,169,0,0,5,11
2025-11-30,SKU-IND-9912,WH-IND-01,57,0,0,6,11
2025-12-01,SKU-IND-9912,WH-IND-01,174,0,0,0,12
2025-12-02,SKU-IND-9912,WH-IND-01,171,0,0,1,12
2025-12-03,SKU-IND-9912,WH-IND-01,179,0,0,2,12
2025-12-04,SKU-IND-9912,WH-IND-01,167,0,0,3,12
2025-12-05,SKU-IND-9912,WH-IND-01,186,0,0,4,12
2025-12-06,SKU-IND-9912,WH-IND-01,162,0,0,5,12
2025-12-07,SKU-IND-9912,WH-IND-01,56,0,0,6,12
2025-12-08,SKU-IND-9912,WH-IND-01,196,0,0,0,12
2025-12-09,SKU-IND-9912,WH-IND-01,170,0,0,1,12
2025-12-10,SKU-IND-9912,WH-IND-01,180,0,0,2,12
2025-12-11,SKU-IND-9912,WH-IND-01,163,0,0,3,12
2025-12-12,SKU-IND-9912,WH-IND-01,188,0,0,4,12
2025-12-13,SKU-IND-9912,WH-IND-01,195,0,0,5,12
2025-12-14,SKU-IND-9912,WH-IND-01,69,0,0,6,12
2025-12-15,SKU-IND-9912,WH-IND-01,214,0,0,0,12
2025-12-16,SKU-IND-9912,WH-IND-01,162,0,0,1,12
2025-12-17,SKU-IND-9912,WH-IND-01,187,0,0,2,12
2025-12-18,SKU-IND-9912,WH-IND-01,187,0,0,3,12
2025-12-19,SKU-IND-9912,WH-IND-01,185,0,0,4,12
2025-12-20,SKU-IND-9912,WH-IND-01,176,0,0,5,12
2025-12-21,SKU-IND-9912,WH-IND-01,37,0,0,6,12
2025-12-22,SKU-IND-9912,WH-IND-01,197,0,0,0,12
2025-12-23,SKU-IND-9912,WH-IND-01,171,0,0,1,12
2025-12-24,SKU-IND-9912,WH-IND-01,167,0,0,2,12
2025-12-25,SKU-IND-9912,WH-IND-01,180,0,0,3,12
2025-12-26,SKU-IND-9912,WH-IND-01,174,0,0,4,12
2025-12-27,SKU-IND-9912,WH-IND-01,170,0,0,5,12
2025-12-28,SKU-IND-9912,WH-IND-01,60,0,0,6,12
2025-12-29,SKU-IND-9912,WH-IND-01,199,0,0,0,12
2025-12-30,SKU-IND-9912,WH-IND-01,193,0,0,1,12
2024-01-01,SKU-IND-9912,WH-IND-02,153,0,0,0,1
2024-01-02,SKU-IND-9912,WH-IND-02,134,0,0,1,1
2024-01-03,SKU-IND-9912,WH-IND-02,135,0,0,2,1
2024-01-04,SKU-IND-9912,WH-IND-02,144,0,0,3,1
2024-01-05,SKU-IND-9912,WH-IND-02,146,0,0,4,1
2024-01-06,SKU-IND-9912,WH-IND-02,107,0,0,5,1
2024-01-07,SKU-IND-9912,WH-IND-02,68,0,0,6,1
2024-01-08,SKU-IND-9912,WH-IND-02,179,0,0,0,1
2024-01-09,SKU-IND-9912,WH-IND-02,131,0,0,1,1
2024-01-10,SKU-IND-9912,WH-IND-02,132,0,0,2,1
2024-01-11,SKU-IND-9912,WH-IND-02,138,0,0,3,1
2024-01-12,SKU-IND-9912,WH-IND-02,135,0,0,4,1
2024-01-13,SKU-IND-9912,WH-IND-02,146,0,0,5,1
2024-01-14,SKU-IND-9912,WH-IND-02,36,0,0,6,1
2024-01-15,SKU-IND-9912,WH-IND-02,154,0,0,0,1
2024-01-16,SKU-IND-9912,WH-IND-02,162,0,0,1,1
2024-01-17,SKU-IND-9912,WH-IND-02,135,0,0,2,1
2024-01-18,SKU-IND-9912,WH-IND-02,159,0,0,3,1
2024-01-19,SKU-IND-9912,WH-IND-02,150,0,0,4,1
2024-01-20,SKU-IND-9912,WH-IND-02,126,0,0,5,1
2024-01-21,SKU-IND-9912,WH-IND-02,65,0,0,6,1
2024-01-22,SKU-IND-9912,WH-IND-02,168,0,0,0,1
2024-01-23,SKU-IND-9912,WH-IND-02,142,0,0,1,1
2024-01-24,SKU-IND-9912,WH-IND-02,150,0,0,2,1
2024-01-25,SKU-IND-9912,WH-IND-02,153,0,0,3,1
2024-01-26,SKU-IND-9912,WH-IND-02,156,0,0,4,1
2024-01-27,SKU-IND-9912,WH-IND-02,162,0,0,5,1
2024-01-28,SKU-IND-9912,WH-IND-02,64,0,0,6,1
2024-01-29,SKU-IND-9912,WH-IND-02,156,0,0,0,1
2024-01-30,SKU-IND-9912,WH-IND-02,144,0,0,1,1
2024-01-31,SKU-IND-9912,WH-IND-02,183,0,0,2,1
2024-02-01,SKU-IND-9912,WH-IND-02,158,0,0,3,2
2024-02-02,SKU-IND-9912,WH-IND-02,177,0,0,4,2
2024-02-03,SKU-IND-9912,WH-IND-02,166,0,0,5,2
2024-02-04,SKU-IND-9912,WH-IND-02,63,0,0,6,2
2024-02-05,SKU-IND-9912,WH-IND-02,178,0,0,0,2
2024-02-06,SKU-IND-9912,WH-IND-02,151,0,0,1,2
2024-02-07,SKU-IND-9912,WH-IND-02,133,0,0,2,2
2024-02-08,SKU-IND-9912,WH-IND-02,152,0,0,3,2
2024-02-09,SKU-IND-9912,WH-IND-02,166,0,0,4,2
2024-02-10,SKU-IND-9912,WH-IND-02,146,0,0,5,2
2024-02-11,SKU-IND-9912,WH-IND-02,66,0,0,6,2
2024-02-12,SKU-IND-9912,WH-IND-02,186,0,0,0,2
2024-02-13,SKU-IND-9912,WH-IND-02,143,0,0,1,2
2024-02-14,SKU-IND-9912,WH-IND-02,149,0,0,2,2
2024-02-15,SKU-IND-9912,WH-IND-02,143,0,0,3,2
2024-02-16,SKU-IND-9912,WH-IND-02,145,0,0,4,2
2024-02-17,SKU-IND-9912,WH-IND-02,140,0,0,5,2
2024-02-18,SKU-IND-9912,WH-IND-02,52,0,0,6,2
2024-02-19,SKU-IND-9912,WH-IND-02,194,0,0,0,2
2024-02-20,SKU-IND-9912,WH-IND-02,145,0,0,1,2
2024-02-21,SKU-IND-9912,WH-IND-02,157,0,0,2,2
2024-02-22,SKU-IND-9912,WH-IND-02,150,0,0,3,2
2024-02-23,SKU-IND-9912,WH-IND-02,169,0,0,4,2
2024-02-24,SKU-IND-9912,WH-IND-02,171,0,0,5,2
2024-02-25,SKU-IND-9912,WH-IND-02,72,0,0,6,2
2024-02-26,SKU-IND-9912,WH-IND-02,184,0,0,0,2
2024-02-27,SKU-IND-9912,WH-IND-02,154,0,0,1,2
2024-02-28,SKU-IND-9912,WH-IND-02,144,0,0,2,2
2024-02-29,SKU-IND-9912,WH-IND-02,179,0,0,3,2
2024-03-01,SKU-IND-9912,WH-IND-02,149,0,0,4,3
2024-03-02,SKU-IND-9912,WH-IND-02,165,0,0,5,3
2024-03-03,SKU-IND-9912,WH-IND-02,75,0,0,6,3
2024-03-04,SKU-IND-9912,WH-IND-02,176,0,0,0,3
2024-03-05,SKU-IND-9912,WH-IND-02,170,0,0,1,3
2024-03-06,SKU-IND-9912,WH-IND-02,167,0,0,2,3
2024-03-07,SKU-IND-9912,WH-IND-02,178,0,0,3,3
2024-03-08,SKU-IND-9912,WH-IND-02,153,0,0,4,3
2024-03-09,SKU-IND-9912,WH-IND-02,144,0,0,5,3
2024-03-10,SKU-IND-9912,WH-IND-02,58,0,0,6,3
2024-03-11,SKU-IND-9912,WH-IND-02,185,0,0,0,3
2024-03-12,SKU-IND-9912,WH-IND-02,160,0,0,1,3
2024-03-13,SKU-IND-9912,WH-IND-02,155,0,0,2,3
2024-03-14,SKU-IND-9912,WH-IND-02,138,0,0,3,3
2024-03-15,SKU-IND-9912,WH-IND-02,165,0,0,4,3
2024-03-16,SKU-IND-9912,WH-IND-02,182,0,0,5,3
2024-03-17,SKU-IND-9912,WH-IND-02,69,0,0,6,3
2024-03-18,SKU-IND-9912,WH-IND-02,191,0,0,0,3
2024-03-19,SKU-IND-9912,WH-IND-02,166,0,0,1,3
2024-03-20,SKU-IND-9912,WH-IND-02,164,0,0,2,3
2024-03-21,SKU-IND-9912,WH-IND-02,171,0,0,3,3
2024-03-22,SKU-IND-9912,WH-IND-02,165,0,0,4,3
2024-03-23,SKU-IND-9912,WH-IND-02,157,0,0,5,3
2024-03-24,SKU-IND-9912,WH-IND-02,55,0,0,6,3
2024-03-25,SKU-IND-9912,WH-IND-02,182,0,0,0,3
2024-03-26,SKU-IND-9912,WH-IND-02,164,0,0,1,3
2024-03-27,SKU-IND-9912,WH-IND-02,157,0,0,2,3
2024-03-28,SKU-IND-9912,WH-IND-02,164,0,0,3,3
2024-03-29,SKU-IND-9912,WH-IND-02,165,0,0,4,3
2024-03-30,SKU-IND-9912,WH-IND-02,170,0,0,5,3
2024-03-31,SKU-IND-9912,WH-IND-02,78,0,0,6,3
2024-04-01,SKU-IND-9912,WH-IND-02,186,0,0,0,4
2024-04-02,SKU-IND-9912,WH-IND-02,146,0,0,1,4
2024-04-03,SKU-IND-9912,WH-IND-02,157,0,0,2,4
2024-04-04,SKU-IND-9912,WH-IND-02,161,0,0,3,4
2024-04-05,SKU-IND-9912,WH-IND-02,140,0,0,4,4
2024-04-06,SKU-IND-9912,WH-IND-02,176,0,0,5,4
2024-04-07,SKU-IND-9912,WH-IND-02,65,0,0,6,4
2024-04-08,SKU-IND-9912,WH-IND-02,189,0,0,0,4
2024-04-09,SKU-IND-9912,WH-IND-02,176,0,0,1,4
2024-04-10,SKU-IND-9912,WH-IND-02,153,0,0,2,4
2024-04-11,SKU-IND-9912,WH-IND-02,167,0,0,3,4
2024-04-12,SKU-IND-9912,WH-IND-02,159,0,0,4,4
2024-04-13,SKU-IND-9912,WH-IND-02,158,0,0,5,4
2024-04-14,SKU-IND-9912,WH-IND-02,55,0,0,6,4
2024-04-15,SKU-IND-9912,WH-IND-02,203,0,0,0,4
2024-04-16,SKU-IND-9912,WH-IND-02,156,0,0,1,4
2024-04-17,SKU-IND-9912,WH-IND-02,168,0,0,2,4
2024-04-18,SKU-IND-9912,WH-IND-02,139,0,0,3,4
2024-04-19,SKU-IND-9912,WH-IND-02,173,0,0,4,4
2024-04-20,SKU-IND-9912,WH-IND-02,171,0,0,5,4
2024-04-21,SKU-IND-9912,WH-IND-02,65,0,0,6,4
2024-04-22,SKU-IND-9912,WH-IND-02,181,0,0,0,4
2024-04-23,SKU-IND-9912,WH-IND-02,164,0,0,1,4
2024-04-24,SKU-IND-9912,WH-IND-02,185,0,0,2,4
2024-04-25,SKU-IND-9912,WH-IND-02,139,0,0,3,4
2024-04-26,SKU-IND-9912,WH-IND-02,167,0,0,4,4
2024-04-27,SKU-IND-9912,WH-IND-02,148,0,0,5,4
2024-04-28,SKU-IND-9912,WH-IND-02,63,0,0,6,4
2024-04-29,SKU-IND-9912,WH-IND-02,179,0,0,0,4
2024-04-30,SKU-IND-9912,WH-IND-02,153,0,0,1,4
2024-05-01,SKU-IND-9912,WH-IND-02,158,0,0,2,5
2024-05-02,SKU-IND-9912,WH-IND-02,145,0,0,3,5
2024-05-03,SKU-IND-9912,WH-IND-02,169,0,0,4,5
2024-05-04,SKU-IND-9912,WH-IND-02,137,0,0,5,5
2024-05-05,SKU-IND-9912,WH-IND-02,69,0,0,6,5
2024-05-06,SKU-IND-9912,WH-IND-02,177,0,0,0,5
2024-05-07,SKU-IND-9912,WH-IND-02,144,0,0,1,5
2024-05-08,SKU-IND-9912,WH-IND-02,159,0,0,2,5
2024-05-09,SKU-IND-9912,WH-IND-02,139,0,0,3,5
2024-05-10,SKU-IND-9912,WH-IND-02,156,0,0,4,5
2024-05-11,SKU-IND-9912,WH-IND-02,140,0,0,5,5
2024-05-12,SKU-IND-9912,WH-IND-02,67,0,0,6,5
2024-05-13,SKU-IND-9912,WH-IND-02,168,0,0,0,5
2024-05-14,SKU-IND-9912,WH-IND-02,150,0,0,1,5
2024-05-15,SKU-IND-9912,WH-IND-02,158,0,0,2,5
2024-05-16,SKU-IND-9912,WH-IND-02,146,0,0,3,5
2024-05-17,SKU-IND-9912,WH-IND-02,154,0,0,4,5
2024-05-18,SKU-IND-9912,WH-IND-02,137,0,0,5,5
2024-05-19,SKU-IND-9912,WH-IND-02,68,0,0,6,5
2024-05-20,SKU-IND-9912,WH-IND-02,196,0,0,0,5
2024-05-21,SKU-IND-9912,WH-IND-02,185,0,0,1,5
2024-05-22,SKU-IND-9912,WH-IND-02,154,0,0,2,5
2024-05-23,SKU-IND-9912,WH-IND-02,162,0,0,3,5
2024-05-24,SKU-IND-9912,WH-IND-02,133,0,0,4,5
2024-05-25,SKU-IND-9912,WH-IND-02,169,0,0,5,5
2024-05-26,SKU-IND-9912,WH-IND-02,69,0,0,6,5
2024-05-27,SKU-IND-9912,WH-IND-02,169,0,0,0,5
2024-05-28,SKU-IND-9912,WH-IND-02,165,0,0,1,5
2024-05-29,SKU-IND-9912,WH-IND-02,148,0,0,2,5
2024-05-30,SKU-IND-9912,WH-IND-02,146,0,0,3,5
2024-05-31,SKU-IND-9912,WH-IND-02,156,0,0,4,5
2024-06-01,SKU-IND-9912,WH-IND-02,138,0,1,5,6
2024-06-02,SKU-IND-9912,WH-IND-02,71,0,1,6,6
2024-06-03,SKU-IND-9912,WH-IND-02,160,0,1,0,6
2024-06-04,SKU-IND-9912,WH-IND-02,137,0,1,1,6
2024-06-05,SKU-IND-9912,WH-IND-02,139,0,1,2,6
2024-06-06,SKU-IND-9912,WH-IND-02,157,0,1,3,6
2024-06-07,SKU-IND-9912,WH-IND-02,141,0,1,4,6
2024-06-08,SKU-IND-9912,WH-IND-02,133,0,1,5,6
2024-06-09,SKU-IND-9912,WH-IND-02,52,0,1,6,6
2024-06-10,SKU-IND-9912,WH-IND-02,169,0,1,0,6
2024-06-11,SKU-IND-9912,WH-IND-02,134,0,1,1,6
2024-06-12,SKU-IND-9912,WH-IND-02,134,0,1,2,6
2024-06-13,SKU-IND-9912,WH-IND-02,170,0,1,3,6
2024-06-14,SKU-IND-9912,WH-IND-02,136,0,1,4,6
2024-06-15,SKU-IND-9912,WH-IND-02,142,0,1,5,6
2024-06-16,SKU-IND-9912,WH-IND-02,54,0,1,6,6
2024-06-17,SKU-IND-9912,WH-IND-02,162,0,1,0,6
2024-06-18,SKU-IND-9912,WH-IND-02,151,0,1,1,6
2024-06-19,SKU-IND-9912,WH-IND-02,155,0,1,2,6
2024-06-20,SKU-IND-9912,WH-IND-02,140,0,1,3,6
2024-06-21,SKU-IND-9912,WH-IND-02,129,0,1,4,6
2024-06-22,SKU-IND-9912,WH-IND-02,157,0,1,5,6
2024-06-23,SKU-IND-9912,WH-IND-02,56,0,1,6,6
2024-06-24,SKU-IND-9912,WH-IND-02,183,0,1,0,6
2024-06-25,SKU-IND-9912,WH-IND-02,117,0,1,1,6
2024-06-26,SKU-IND-9912,WH-IND-02,144,0,1,2,6
2024-06-27,SKU-IND-9912,WH-IND-02,163,0,1,3,6
2024-06-28,SKU-IND-9912,WH-IND-02,137,0,1,4,6
2024-06-29,SKU-IND-9912,WH-IND-02,138,0,1,5,6
2024-06-30,SKU-IND-9912,WH-IND-02,59,0,1,6,6
2024-07-01,SKU-IND-9912,WH-IND-02,155,0,1,0,7
2024-07-02,SKU-IND-9912,WH-IND-02,136,0,1,1,7
2024-07-03,SKU-IND-9912,WH-IND-02,135,0,1,2,7
2024-07-04,SKU-IND-9912,WH-IND-02,132,0,1,3,7
2024-07-05,SKU-IND-9912,WH-IND-02,152,0,1,4,7
2024-07-06,SKU-IND-9912,WH-IND-02,143,0,1,5,7
2024-07-07,SKU-IND-9912,WH-IND-02,58,0,1,6,7
2024-07-08,SKU-IND-9912,WH-IND-02,167,0,1,0,7
2024-07-09,SKU-IND-9912,WH-IND-02,134,0,1,1,7
2024-07-10,SKU-IND-9912,WH-IND-02,128,0,1,2,7
2024-07-11,SKU-IND-9912,WH-IND-02,129,0,1,3,7
2024-07-12,SKU-IND-9912,WH-IND-02,136,0,1,4,7
2024-07-13,SKU-IND-9912,WH-IND-02,124,0,1,5,7
2024-07-14,SKU-IND-9912,WH-IND-02,48,0,1,6,7
2024-07-15,SKU-IND-9912,WH-IND-02,149,0,1,0,7
2024-07-16,SKU-IND-9912,WH-IND-02,158,0,1,1,7
2024-07-17,SKU-IND-9912,WH-IND-02,103,0,1,2,7
2024-07-18,SKU-IND-9912,WH-IND-02,132,0,1,3,7
2024-07-19,SKU-IND-9912,WH-IND-02,153,0,1,4,7
2024-07-20,SKU-IND-9912,WH-IND-02,134,0,1,5,7
2024-07-21,SKU-IND-9912,WH-IND-02,61,0,1,6,7
2024-07-22,SKU-IND-9912,WH-IND-02,153,0,1,0,7
2024-07-23,SKU-IND-9912,WH-IND-02,124,0,1,1,7
2024-07-24,SKU-IND-9912,WH-IND-02,107,0,1,2,7
2024-07-25,SKU-IND-9912,WH-IND-02,134,0,1,3,7
2024-07-26,SKU-IND-9912,WH-IND-02,122,0,1,4,7
2024-07-27,SKU-IND-9912,WH-IND-02,122,0,1,5,7
2024-07-28,SKU-IND-9912,WH-IND-02,46,0,1,6,7
2024-07-29,SKU-IND-9912,WH-IND-02,169,0,1,0,7
2024-07-30,SKU-IND-9912,WH-IND-02,157,0,1,1,7
2024-07-31,SKU-IND-9912,WH-IND-02,132,0,1,2,7
2024-08-01,SKU-IND-9912,WH-IND-02,124,0,1,3,8
2024-08-02,SKU-IND-9912,WH-IND-02,116,0,1,4,8
2024-08-03,SKU-IND-9912,WH-IND-02,134,0,1,5,8
2024-08-04,SKU-IND-9912,WH-IND-02,71,0,1,6,8
2024-08-05,SKU-IND-9912,WH-IND-02,144,0,1,0,8
2024-08-06,SKU-IND-9912,WH-IND-02,101,0,1,1,8
2024-08-07,SKU-IND-9912,WH-IND-02,135,0,1,2,8
2024-08-08,SKU-IND-9912,WH-IND-02,138,0,1,3,8
2024-08-09,SKU-IND-9912,WH-IND-02,109,0,1,4,8
2024-08-10,SKU-IND-9912,WH-IND-02,128,0,1,5,8
2024-08-11,SKU-IND-9912,WH-IND-02,55,0,1,6,8
2024-08-12,SKU-IND-9912,WH-IND-02,144,0,1,0,8
2024-08-13,SKU-IND-9912,WH-IND-02,117,0,1,1,8
2024-08-14,SKU-IND-9912,WH-IND-02,137,0,1,2,8
2024-08-15,SKU-IND-9912,WH-IND-02,120,0,1,3,8
2024-08-16,SKU-IND-9912,WH-IND-02,108,0,1,4,8
2024-08-17,SKU-IND-9912,WH-IND-02,102,0,1,5,8
2024-08-18,SKU-IND-9912,WH-IND-02,64,0,1,6,8
2024-08-19,SKU-IND-9912,WH-IND-02,150,0,1,0,8
2024-08-20,SKU-IND-9912,WH-IND-02,125,0,1,1,8
2024-08-21,SKU-IND-9912,WH-IND-02,119,0,1,2,8
2024-08-22,SKU-IND-9912,WH-IND-02,117,0,1,3,8
2024-08-23,SKU-IND-9912,WH-IND-02,111,0,1,4,8
2024-08-24,SKU-IND-9912,WH-IND-02,118,0,1,5,8
2024-08-25,SKU-IND-9912,WH-IND-02,25,0,1,6,8
2024-08-26,SKU-IND-9912,WH-IND-02,133,0,1,0,8
2024-08-27,SKU-IND-9912,WH-IND-02,119,0,1,1,8
2024-08-28,SKU-IND-9912,WH-IND-02,129,0,1,2,8
2024-08-29,SKU-IND-9912,WH-IND-02,121,0,1,3,8
2024-08-30,SKU-IND-9912,WH-IND-02,130,0,1,4,8
2024-08-31,SKU-IND-9912,WH-IND-02,137,0,1,5,8
2024-09-01,SKU-IND-9912,WH-IND-02,60,0,0,6,9
2024-09-02,SKU-IND-9912,WH-IND-02,145,0,0,0,9
2024-09-03,SKU-IND-9912,WH-IND-02,121,0,0,1,9
2024-09-04,SKU-IND-9912,WH-IND-02,110,0,0,2,9
2024-09-05,SKU-IND-9912,WH-IND-02,129,0,0,3,9
2024-09-06,SKU-IND-9912,WH-IND-02,139,0,0,4,9
2024-09-07,SKU-IND-9912,WH-IND-02,124,0,0,5,9
2024-09-08,SKU-IND-9912,WH-IND-02,69,0,0,6,9
2024-09-09,SKU-IND-9912,WH-IND-02,121,0,0,0,9
2024-09-10,SKU-IND-9912,WH-IND-02,107,0,0,1,9
2024-09-11,SKU-IND-9912,WH-IND-02,183,1,0,2,9
2024-09-12,SKU-IND-9912,WH-IND-02,177,1,0,3,9
2024-09-13,SKU-IND-9912,WH-IND-02,188,1,0,4,9
2024-09-14,SKU-IND-9912,WH-IND-02,173,1,0,5,9
2024-09-15,SKU-IND-9912,WH-IND-02,59,1,0,6,9
2024-09-16,SKU-IND-9912,WH-IND-02,197,1,0,0,9
2024-09-17,SKU-IND-9912,WH-IND-02,156,1,0,1,9
2024-09-18,SKU-IND-9912,WH-IND-02,160,1,0,2,9
2024-09-19,SKU-IND-9912,WH-IND-02,184,1,0,3,9
2024-09-20,SKU-IND-9912,WH-IND-02,182,1,0,4,9
2024-09-21,SKU-IND-9912,WH-IND-02,177,1,0,5,9
2024-09-22,SKU-IND-9912,WH-IND-02,49,1,0,6,9
2024-09-23,SKU-IND-9912,WH-IND-02,194,1,0,0,9
2024-09-24,SKU-IND-9912,WH-IND-02,159,1,0,1,9
2024-09-25,SKU-IND-9912,WH-IND-02,185,1,0,2,9
2024-09-26,SKU-IND-9912,WH-IND-02,166,1,0,3,9
2024-09-27,SKU-IND-9912,WH-IND-02,160,1,0,4,9
2024-09-28,SKU-IND-9912,WH-IND-02,172,1,0,5,9
2024-09-29,SKU-IND-9912,WH-IND-02,61,1,0,6,9
2024-09-30,SKU-IND-9912,WH-IND-02,215,1,0,0,9
2024-10-01,SKU-IND-9912,WH-IND-02,110,0,0,1,10
2024-10-02,SKU-IND-9912,WH-IND-02,103,0,0,2,10
2024-10-03,SKU-IND-9912,WH-IND-02,94,0,0,3,10
2024-10-04,SKU-IND-9912,WH-IND-02,118,0,0,4,10
2024-10-05,SKU-IND-9912,WH-IND-02,112,0,0,5,10
2024-10-06,SKU-IND-9912,WH-IND-02,31,0,0,6,10
2024-10-07,SKU-IND-9912,WH-IND-02,150,0,0,0,10
2024-10-08,SKU-IND-9912,WH-IND-02,126,0,0,1,10
2024-10-09,SKU-IND-9912,WH-IND-02,118,0,0,2,10
2024-10-10,SKU-IND-9912,WH-IND-02,134,0,0,3,10
2024-10-11,SKU-IND-9912,WH-IND-02,180,1,0,4,10
2024-10-12,SKU-IND-9912,WH-IND-02,163,1,0,5,10
2024-10-13,SKU-IND-9912,WH-IND-02,57,1,0,6,10
2024-10-14,SKU-IND-9912,WH-IND-02,208,1,0,0,10
2024-10-15,SKU-IND-9912,WH-IND-02,177,1,0,1,10
2024-10-16,SKU-IND-9912,WH-IND-02,175,1,0,2,10
2024-10-17,SKU-IND-9912,WH-IND-02,164,1,0,3,10
2024-10-18,SKU-IND-9912,WH-IND-02,180,1,0,4,10
2024-10-19,SKU-IND-9912,WH-IND-02,165,1,0,5,10
2024-10-20,SKU-IND-9912,WH-IND-02,68,1,0,6,10
2024-10-21,SKU-IND-9912,WH-IND-02,216,1,0,0,10
2024-10-22,SKU-IND-9912,WH-IND-02,167,1,0,1,10
2024-10-23,SKU-IND-9912,WH-IND-02,157,1,0,2,10
2024-10-24,SKU-IND-9912,WH-IND-02,163,1,0,3,10
2024-10-25,SKU-IND-9912,WH-IND-02,186,1,0,4,10
2024-10-26,SKU-IND-9912,WH-IND-02,178,1,0,5,10
2024-10-27,SKU-IND-9912,WH-IND-02,68,1,0,6,10
2024-10-28,SKU-IND-9912,WH-IND-02,196,1,0,0,10
2024-10-29,SKU-IND-9912,WH-IND-02,181,1,0,1,10
2024-10-30,SKU-IND-9912,WH-IND-02,166,1,0,2,10
2024-10-31,SKU-IND-9912,WH-IND-02,179,1,0,3,10
2024-11-01,SKU-IND-9912,WH-IND-02,113,0,0,4,11
2024-11-02,SKU-IND-9912,WH-IND-02,112,0,0,5,11
2024-11-03,SKU-IND-9912,WH-IND-02,41,0,0,6,11
2024-11-04,SKU-IND-9912,WH-IND-02,136,0,0,0,11
2024-11-05,SKU-IND-9912,WH-IND-02,122,0,0,1,11
2024-11-06,SKU-IND-9912,WH-IND-02,125,0,0,2,11
2024-11-07,SKU-IND-9912,WH-IND-02,81,0,0,3,11
2024-11-08,SKU-IND-9912,WH-IND-02,114,0,0,4,11
2024-11-09,SKU-IND-9912,WH-IND-02,119,0,0,5,11
2024-11-10,SKU-IND-9912,WH-IND-02,66,0,0,6,11
2024-11-11,SKU-IND-9912,WH-IND-02,130,0,0,0,11
2024-11-12,SKU-IND-9912,WH-IND-02,126,0,0,1,11
2024-11-13,SKU-IND-9912,WH-IND-02,141,0,0,2,11
2024-11-14,SKU-IND-9912,WH-IND-02,110,0,0,3,11
2024-11-15,SKU-IND-9912,WH-IND-02,129,0,0,4,11
2024-11-16,SKU-IND-9912,WH-IND-02,116,0,0,5,11
2024-11-17,SKU-IND-9912,WH-IND-02,44,0,0,6,11
2024-11-18,SKU-IND-9912,WH-IND-02,135,0,0,0,11
2024-11-19,SKU-IND-9912,WH-IND-02,117,0,0,1,11
2024-11-20,SKU-IND-9912,WH-IND-02,156,0,0,2,11
2024-11-21,SKU-IND-9912,WH-IND-02,136,0,0,3,11
2024-11-22,SKU-IND-9912,WH-IND-02,139,0,0,4,11
2024-11-23,SKU-IND-9912,WH-IND-02,132,0,0,5,11
2024-11-24,SKU-IND-9912,WH-IND-02,32,0,0,6,11
2024-11-25,SKU-IND-9912,WH-IND-02,151,0,0,0,11
2024-11-26,SKU-IND-9912,WH-IND-02,140,0,0,1,11
2024-11-27,SKU-IND-9912,WH-IND-02,118,0,0,2,11
2024-11-28,SKU-IND-9912,WH-IND-02,139,0,0,3,11
2024-11-29,SKU-IND-9912,WH-IND-02,136,0,0,4,11
2024-11-30,SKU-IND-9912,WH-IND-02,149,0,0,5,11
2024-12-01,SKU-IND-9912,WH-IND-02,47,0,0,6,12
2024-12-02,SKU-IND-9912,WH-IND-02,137,0,0,0,12
2024-12-03,SKU-IND-9912,WH-IND-02,126,0,0,1,12
2024-12-04,SKU-IND-9912,WH-IND-02,146,0,0,2,12
2024-12-05,SKU-IND-9912,WH-IND-02,110,0,0,3,12
2024-12-06,SKU-IND-9912,WH-IND-02,107,0,0,4,12
2024-12-07,SKU-IND-9912,WH-IND-02,132,0,0,5,12
2024-12-08,SKU-IND-9912,WH-IND-02,47,0,0,6,12
2024-12-09,SKU-IND-9912,WH-IND-02,152,0,0,0,12
2024-12-10,SKU-IND-9912,WH-IND-02,143,0,0,1,12
2024-12-11,SKU-IND-9912,WH-IND-02,126,0,0,2,12
2024-12-12,SKU-IND-9912,WH-IND-02,112,0,0,3,12
2024-12-13,SKU-IND-9912,WH-IND-02,156,0,0,4,12
2024-12-14,SKU-IND-9912,WH-IND-02,122,0,0,5,12
2024-12-15,SKU-IND-9912,WH-IND-02,41,0,0,6,12
2024-12-16,SKU-IND-9912,WH-IND-02,167,0,0,0,12
2024-12-17,SKU-IND-9912,WH-IND-02,130,0,0,1,12
2024-12-18,SKU-IND-9912,WH-IND-02,134,0,0,2,12
2024-12-19,SKU-IND-9912,WH-IND-02,141,0,0,3,12
2024-12-20,SKU-IND-9912,WH-IND-02,148,0,0,4,12
2024-12-21,SKU-IND-9912,WH-IND-02,132,0,0,5,12
2024-12-22,SKU-IND-9912,WH-IND-02,71,0,0,6,12
2024-12-23,SKU-IND-9912,WH-IND-02,133,0,0,0,12
2024-12-24,SKU-IND-9912,WH-IND-02,145,0,0,1,12
2024-12-25,SKU-IND-9912,WH-IND-02,128,0,0,2,12
2024-12-26,SKU-IND-9912,WH-IND-02,153,0,0,3,12
2024-12-27,SKU-IND-9912,WH-IND-02,140,0,0,4,12
2024-12-28,SKU-IND-9912,WH-IND-02,131,0,0,5,12
2024-12-29,SKU-IND-9912,WH-IND-02,63,0,0,6,12
2024-12-30,SKU-IND-9912,WH-IND-02,170,0,0,0,12
2024-12-31,SKU-IND-9912,WH-IND-02,147,0,0,1,12
2025-01-01,SKU-IND-9912,WH-IND-02,128,0,0,2,1
2025-01-02,SKU-IND-9912,WH-IND-02,135,0,0,3,1
2025-01-03,SKU-IND-9912,WH-IND-02,140,0,0,4,1
2025-01-04,SKU-IND-9912,WH-IND-02,140,0,0,5,1
2025-01-05,SKU-IND-9912,WH-IND-02,65,0,0,6,1
2025-01-06,SKU-IND-9912,WH-IND-02,140,0,0,0,1
2025-01-07,SKU-IND-9912,WH-IND-02,146,0,0,1,1
2025-01-08,SKU-IND-9912,WH-IND-02,139,0,0,2,1
2025-01-09,SKU-IND-9912,WH-IND-02,133,0,0,3,1
2025-01-10,SKU-IND-9912,WH-IND-02,135,0,0,4,1
2025-01-11,SKU-IND-9912,WH-IND-02,141,0,0,5,1
2025-01-12,SKU-IND-9912,WH-IND-02,17,0,0,6,1
2025-01-13,SKU-IND-9912,WH-IND-02,158,0,0,0,1
2025-01-14,SKU-IND-9912,WH-IND-02,135,0,0,1,1
2025-01-15,SKU-IND-9912,WH-IND-02,151,0,0,2,1
2025-01-16,SKU-IND-9912,WH-IND-02,136,0,0,3,1
2025-01-17,SKU-IND-9912,WH-IND-02,143,0,0,4,1
2025-01-18,SKU-IND-9912,WH-IND-02,163,0,0,5,1
2025-01-19,SKU-IND-9912,WH-IND-02,69,0,0,6,1
2025-01-20,SKU-IND-9912,WH-IND-02,179,0,0,0,1
2025-01-21,SKU-IND-9912,WH-IND-02,141,0,0,1,1
2025-01-22,SKU-IND-9912,WH-IND-02,153,0,0,2,1
2025-01-23,SKU-IND-9912,WH-IND-02,145,0,0,3,1
2025-01-24,SKU-IND-9912,WH-IND-02,146,0,0,4,1
2025-01-25,SKU-IND-9912,WH-IND-02,153,0,0,5,1
2025-01-26,SKU-IND-9912,WH-IND-02,52,0,0,6,1
2025-01-27,SKU-IND-9912,WH-IND-02,188,0,0,0,1
2025-01-28,SKU-IND-9912,WH-IND-02,147,0,0,1,1
2025-01-29,SKU-IND-9912,WH-IND-02,156,0,0,2,1
2025-01-30,SKU-IND-9912,WH-IND-02,166,0,0,3,1
2025-01-31,SKU-IND-9912,WH-IND-02,162,0,0,4,1
2025-02-01,SKU-IND-9912,WH-IND-02,135,0,0,5,2
2025-02-02,SKU-IND-9912,WH-IND-02,65,0,0,6,2
2025-02-03,SKU-IND-9912,WH-IND-02,183,0,0,0,2
2025-02-04,SKU-IND-9912,WH-IND-02,161,0,0,1,2
2025-02-05,SKU-IND-9912,WH-IND-02,139,0,0,2,2
2025-02-06,SKU-IND-9912,WH-IND-02,145,0,0,3,2
2025-02-07,SKU-IND-9912,WH-IND-02,163,0,0,4,2
2025-02-08,SKU-IND-9912,WH-IND-02,144,0,0,5,2
2025-02-09,SKU-IND-9912,WH-IND-02,57,0,0,6,2
2025-02-10,SKU-IND-9912,WH-IND-02,194,0,0,0,2
2025-02-11,SKU-IND-9912,WH-IND-02,153,0,0,1,2
2025-02-12,SKU-IND-9912,WH-IND-02,145,0,0,2,2
2025-02-13,SKU-IND-9912,WH-IND-02,144,0,0,3,2
2025-02-14,SKU-IND-9912,WH-IND-02,158,0,0,4,2
2025-02-15,SKU-IND-9912,WH-IND-02,139,0,0,5,2
2025-02-16,SKU-IND-9912,WH-IND-02,59,0,0,6,2
2025-02-17,SKU-IND-9912,WH-IND-02,182,0,0,0,2
2025-02-18,SKU-IND-9912,WH-IND-02,170,0,0,1,2
2025-02-19,SKU-IND-9912,WH-IND-02,163,0,0,2,2
2025-02-20,SKU-IND-9912,WH-IND-02,148,0,0,3,2
2025-02-21,SKU-IND-9912,WH-IND-02,169,0,0,4,2
2025-02-22,SKU-IND-9912,WH-IND-02,153,0,0,5,2
2025-02-23,SKU-IND-9912,WH-IND-02,48,0,0,6,2
2025-02-24,SKU-IND-9912,WH-IND-02,178,0,0,0,2
2025-02-25,SKU-IND-9912,WH-IND-02,173,0,0,1,2
2025-02-26,SKU-IND-9912,WH-IND-02,159,0,0,2,2
2025-02-27,SKU-IND-9912,WH-IND-02,157,0,0,3,2
2025-02-28,SKU-IND-9912,WH-IND-02,176,0,0,4,2
2025-03-01,SKU-IND-9912,WH-IND-02,141,0,0,5,3
2025-03-02,SKU-IND-9912,WH-IND-02,48,0,0,6,3
2025-03-03,SKU-IND-9912,WH-IND-02,163,0,0,0,3
2025-03-04,SKU-IND-9912,WH-IND-02,162,0,0,1,3
2025-03-05,SKU-IND-9912,WH-IND-02,160,0,0,2,3
2025-03-06,SKU-IND-9912,WH-IND-02,176,0,0,3,3
2025-03-07,SKU-IND-9912,WH-IND-02,161,0,0,4,3
2025-03-08,SKU-IND-9912,WH-IND-02,154,0,0,5,3
2025-03-09,SKU-IND-9912,WH-IND-02,63,0,0,6,3
2025-03-10,SKU-IND-9912,WH-IND-02,184,0,0,0,3
2025-03-11,SKU-IND-9912,WH-IND-02,140,0,0,1,3
2025-03-12,SKU-IND-9912,WH-IND-02,190,0,0,2,3
2025-03-13,SKU-IND-9912,WH-IND-02,165,0,0,3,3
2025-03-14,SKU-IND-9912,WH-IND-02,162,0,0,4,3
2025-03-15,SKU-IND-9912,WH-IND-02,166,0,0,5,3
2025-03-16,SKU-IND-9912,WH-IND-02,72,0,0,6,3
2025-03-17,SKU-IND-9912,WH-IND-02,182,0,0,0,3
2025-03-18,SKU-IND-9912,WH-IND-02,153,0,0,1,3
2025-03-19,SKU-IND-9912,WH-IND-02,167,0,0,2,3
2025-03-20,SKU-IND-9912,WH-IND-02,164,0,0,3,3
2025-03-21,SKU-IND-9912,WH-IND-02,151,0,0,4,3
2025-03-22,SKU-IND-9912,WH-IND-02,176,0,0,5,3
2025-03-23,SKU-IND-9912,WH-IND-02,67,0,0,6,3
2025-03-24,SKU-IND-9912,WH-IND-02,193,0,0,0,3
2025-03-25,SKU-IND-9912,WH-IND-02,176,0,0,1,3
2025-03-26,SKU-IND-9912,WH-IND-02,161,0,0,2,3
2025-03-27,SKU-IND-9912,WH-IND-02,164,0,0,3,3
2025-03-28,SKU-IND-9912,WH-IND-02,170,0,0,4,3
2025-03-29,SKU-IND-9912,WH-IND-02,152,0,0,5,3
2025-03-30,SKU-IND-9912,WH-IND-02,64,0,0,6,3
2025-03-31,SKU-IND-9912,WH-IND-02,186,0,0,0,3
2025-04-01,SKU-IND-9912,WH-IND-02,150,0,0,1,4
2025-04-02,SKU-IND-9912,WH-IND-02,186,0,0,2,4
2025-04-03,SKU-IND-9912,WH-IND-02,145,0,0,3,4
2025-04-04,SKU-IND-9912,WH-IND-02,146,0,0,4,4
2025-04-05,SKU-IND-9912,WH-IND-02,175,0,0,5,4
2025-04-06,SKU-IND-9912,WH-IND-02,72,0,0,6,4
2025-04-07,SKU-IND-9912,WH-IND-02,173,0,0,0,4
2025-04-08,SKU-IND-9912,WH-IND-02,167,0,0,1,4
2025-04-09,SKU-IND-9912,WH-IND-02,177,0,0,2,4
2025-04-10,SKU-IND-9912,WH-IND-02,160,0,0,3,4
2025-04-11,SKU-IND-9912,WH-IND-02,189,0,0,4,4
2025-04-12,SKU-IND-9912,WH-IND-02,141,0,0,5,4
2025-04-13,SKU-IND-9912,WH-IND-02,72,0,0,6,4
2025-04-14,SKU-IND-9912,WH-IND-02,197,0,0,0,4
2025-04-15,SKU-IND-9912,WH-IND-02,170,0,0,1,4
2025-04-16,SKU-IND-9912,WH-IND-02,158,0,0,2,4
2025-04-17,SKU-IND-9912,WH-IND-02,157,0,0,3,4
2025-04-18,SKU-IND-9912,WH-IND-02,165,0,0,4,4
2025-04-19,SKU-IND-9912,WH-IND-02,169,0,0,5,4
2025-04-20,SKU-IND-9912,WH-IND-02,70,0,0,6,4
2025-04-21,SKU-IND-9912,WH-IND-02,195,0,0,0,4
2025-04-22,SKU-IND-9912,WH-IND-02,148,0,0,1,4
2025-04-23,SKU-IND-9912,WH-IND-02,157,0,0,2,4
2025-04-24,SKU-IND-9912,WH-IND-02,148,0,0,3,4
2025-04-25,SKU-IND-9912,WH-IND-02,154,0,0,4,4
2025-04-26,SKU-IND-9912,WH-IND-02,170,0,0,5,4
2025-04-27,SKU-IND-9912,WH-IND-02,64,0,0,6,4
2025-04-28,SKU-IND-9912,WH-IND-02,211,0,0,0,4
2025-04-29,SKU-IND-9912,WH-IND-02,160,0,0,1,4
2025-04-30,SKU-IND-9912,WH-IND-02,159,0,0,2,4
2025-05-01,SKU-IND-9912,WH-IND-02,159,0,0,3,5
2025-05-02,SKU-IND-9912,WH-IND-02,151,0,0,4,5
2025-05-03,SKU-IND-9912,WH-IND-02,157,0,0,5,5
2025-05-04,SKU-IND-9912,WH-IND-02,75,0,0,6,5
2025-05-05,SKU-IND-9912,WH-IND-02,182,0,0,0,5
2025-05-06,SKU-IND-9912,WH-IND-02,148,0,0,1,5
2025-05-07,SKU-IND-9912,WH-IND-02,146,0,0,2,5
2025-05-08,SKU-IND-9912,WH-IND-02,151,0,0,3,5
2025-05-09,SKU-IND-9912,WH-IND-02,157,0,0,4,5
2025-05-10,SKU-IND-9912,WH-IND-02,169,0,0,5,5
2025-05-11,SKU-IND-9912,WH-IND-02,47,0,0,6,5
2025-05-12,SKU-IND-9912,WH-IND-02,175,0,0,0,5
2025-05-13,SKU-IND-9912,WH-IND-02,157,0,0,1,5
2025-05-14,SKU-IND-9912,WH-IND-02,135,0,0,2,5
2025-05-15,SKU-IND-9912,WH-IND-02,146,0,0,3,5
2025-05-16,SKU-IND-9912,WH-IND-02,147,0,0,4,5
2025-05-17,SKU-IND-9912,WH-IND-02,145,0,0,5,5
2025-05-18,SKU-IND-9912,WH-IND-02,64,0,0,6,5
2025-05-19,SKU-IND-9912,WH-IND-02,175,0,0,0,5
2025-05-20,SKU-IND-9912,WH-IND-02,147,0,0,1,5
2025-05-21,SKU-IND-9912,WH-IND-02,158,0,0,2,5
2025-05-22,SKU-IND-9912,WH-IND-02,172,0,0,3,5
2025-05-23,SKU-IND-9912,WH-IND-02,171,0,0,4,5
2025-05-24,SKU-IND-9912,WH-IND-02,131,0,0,5,5
2025-05-25,SKU-IND-9912,WH-IND-02,67,0,0,6,5
2025-05-26,SKU-IND-9912,WH-IND-02,173,0,0,0,5
2025-05-27,SKU-IND-9912,WH-IND-02,153,0,0,1,5
2025-05-28,SKU-IND-9912,WH-IND-02,147,0,0,2,5
2025-05-29,SKU-IND-9912,WH-IND-02,152,0,0,3,5
2025-05-30,SKU-IND-9912,WH-IND-02,152,0,0,4,5
2025-05-31,SKU-IND-9912,WH-IND-02,144,0,0,5,5
2025-06-01,SKU-IND-9912,WH-IND-02,50,0,1,6,6
2025-06-02,SKU-IND-9912,WH-IND-02,167,0,1,0,6
2025-06-03,SKU-IND-9912,WH-IND-02,152,0,1,1,6
2025-06-04,SKU-IND-9912,WH-IND-02,156,0,1,2,6
2025-06-05,SKU-IND-9912,WH-IND-02,158,0,1,3,6
2025-06-06,SKU-IND-9912,WH-IND-02,143,0,1,4,6
2025-06-07,SKU-IND-9912,WH-IND-02,151,0,1,5,6
2025-06-08,SKU-IND-9912,WH-IND-02,70,0,1,6,6
2025-06-09,SKU-IND-9912,WH-IND-02,183,0,1,0,6
2025-06-10,SKU-IND-9912,WH-IND-02,147,0,1,1,6
2025-06-11,SKU-IND-9912,WH-IND-02,144,0,1,2,6
2025-06-12,SKU-IND-9912,WH-IND-02,149,0,1,3,6
2025-06-13,SKU-IND-9912,WH-IND-02,133,0,1,4,6
2025-06-14,SKU-IND-9912,WH-IND-02,144,0,1,5,6
2025-06-15,SKU-IND-9912,WH-IND-02,66,0,1,6,6
2025-06-16,SKU-IND-9912,WH-IND-02,174,0,1,0,6
2025-06-17,SKU-IND-9912,WH-IND-02,142,0,1,1,6
2025-06-18,SKU-IND-9912,WH-IND-02,147,0,1,2,6
2025-06-19,SKU-IND-9912,WH-IND-02,135,0,1,3,6
2025-06-20,SKU-IND-9912,WH-IND-02,152,0,1,4,6
2025-06-21,SKU-IND-9912,WH-IND-02,143,0,1,5,6
2025-06-22,SKU-IND-9912,WH-IND-02,54,0,1,6,6
2025-06-23,SKU-IND-9912,WH-IND-02,160,0,1,0,6
2025-06-24,SKU-IND-9912,WH-IND-02,142,0,1,1,6
2025-06-25,SKU-IND-9912,WH-IND-02,137,0,1,2,6
2025-06-26,SKU-IND-9912,WH-IND-02,149,0,1,3,6
2025-06-27,SKU-IND-9912,WH-IND-02,137,0,1,4,6
2025-06-28,SKU-IND-9912,WH-IND-02,159,0,1,5,6
2025-06-29,SKU-IND-9912,WH-IND-02,72,0,1,6,6
2025-06-30,SKU-IND-9912,WH-IND-02,151,0,1,0,6
2025-07-01,SKU-IND-9912,WH-IND-02,141,0,1,1,7
2025-07-02,SKU-IND-9912,WH-IND-02,132,0,1,2,7
2025-07-03,SKU-IND-9912,WH-IND-02,135,0,1,3,7
2025-07-04,SKU-IND-9912,WH-IND-02,161,0,1,4,7
2025-07-05,SKU-IND-9912,WH-IND-02,135,0,1,5,7
2025-07-06,SKU-IND-9912,WH-IND-02,59,0,1,6,7
2025-07-07,SKU-IND-9912,WH-IND-02,164,0,1,0,7
2025-07-08,SKU-IND-9912,WH-IND-02,126,0,1,1,7
2025-07-09,SKU-IND-9912,WH-IND-02,127,0,1,2,7
2025-07-10,SKU-IND-9912,WH-IND-02,123,0,1,3,7
2025-07-11,SKU-IND-9912,WH-IND-02,126,0,1,4,7
2025-07-12,SKU-IND-9912,WH-IND-02,104,0,1,5,7
2025-07-13,SKU-IND-9912,WH-IND-02,60,0,1,6,7
2025-07-14,SKU-IND-9912,WH-IND-02,179,0,1,0,7
2025-07-15,SKU-IND-9912,WH-IND-02,136,0,1,1,7
2025-07-16,SKU-IND-9912,WH-IND-02,119,0,1,2,7
2025-07-17,SKU-IND-9912,WH-IND-02,127,0,1,3,7
2025-07-18,SKU-IND-9912,WH-IND-02,129,0,1,4,7
2025-07-19,SKU-IND-9912,WH-IND-02,122,0,1,5,7
2025-07-20,SKU-IND-9912,WH-IND-02,63,0,1,6,7
2025-07-21,SKU-IND-9912,WH-IND-02,162,0,1,0,7
2025-07-22,SKU-IND-9912,WH-IND-02,119,0,1,1,7
2025-07-23,SKU-IND-9912,WH-IND-02,140,0,1,2,7
2025-07-24,SKU-IND-9912,WH-IND-02,149,0,1,3,7
2025-07-25,SKU-IND-9912,WH-IND-02,153,0,1,4,7
2025-07-26,SKU-IND-9912,WH-IND-02,163,0,1,5,7
2025-07-27,SKU-IND-9912,WH-IND-02,42,0,1,6,7
2025-07-28,SKU-IND-9912,WH-IND-02,182,0,1,0,7
2025-07-29,SKU-IND-9912,WH-IND-02,126,0,1,1,7
2025-07-30,SKU-IND-9912,WH-IND-02,123,0,1,2,7
2025-07-31,SKU-IND-9912,WH-IND-02,133,0,1,3,7
2025-08-01,SKU-IND-9912,WH-IND-02,123,0,1,4,8
2025-08-02,SKU-IND-9912,WH-IND-02,133,0,1,5,8
2025-08-03,SKU-IND-9912,WH-IND-02,36,0,1,6,8
2025-08-04,SKU-IND-9912,WH-IND-02,145,0,1,0,8
2025-08-05,SKU-IND-9912,WH-IND-02,142,0,1,1,8
2025-08-06,SKU-IND-9912,WH-IND-02,127,0,1,2,8
2025-08-07,SKU-IND-9912,WH-IND-02,129,0,1,3,8
2025-08-08,SKU-IND-9912,WH-IND-02,132,0,1,4,8
2025-08-09,SKU-IND-9912,WH-IND-02,140,0,1,5,8
2025-08-10,SKU-IND-9912,WH-IND-02,32,0,1,6,8
2025-08-11,SKU-IND-9912,WH-IND-02,152,0,1,0,8
2025-08-12,SKU-IND-9912,WH-IND-02,123,0,1,1,8
2025-08-13,SKU-IND-9912,WH-IND-02,127,0,1,2,8
2025-08-14,SKU-IND-9912,WH-IND-02,137,0,1,3,8
2025-08-15,SKU-IND-9912,WH-IND-02,112,0,1,4,8
2025-08-16,SKU-IND-9912,WH-IND-02,113,0,1,5,8
2025-08-17,SKU-IND-9912,WH-IND-02,28,0,1,6,8
2025-08-18,SKU-IND-9912,WH-IND-02,137,0,1,0,8
2025-08-19,SKU-IND-9912,WH-IND-02,139,0,1,1,8
2025-08-20,SKU-IND-9912,WH-IND-02,122,0,1,2,8
2025-08-21,SKU-IND-9912,WH-IND-02,109,0,1,3,8
2025-08-22,SKU-IND-9912,WH-IND-02,118,0,1,4,8
2025-08-23,SKU-IND-9912,WH-IND-02,106,0,1,5,8
2025-08-24,SKU-IND-9912,WH-IND-02,36,0,1,6,8
2025-08-25,SKU-IND-9912,WH-IND-02,145,0,1,0,8
2025-08-26,SKU-IND-9912,WH-IND-02,109,0,1,1,8
2025-08-27,SKU-IND-9912,WH-IND-02,135,0,1,2,8
2025-08-28,SKU-IND-9912,WH-IND-02,121,0,1,3,8
2025-08-29,SKU-IND-9912,WH-IND-02,123,0,1,4,8
2025-08-30,SKU-IND-9912,WH-IND-02,119,0,1,5,8
2025-08-31,SKU-IND-9912,WH-IND-02,57,0,1,6,8
2025-09-01,SKU-IND-9912,WH-IND-02,148,0,0,0,9
2025-09-02,SKU-IND-9912,WH-IND-02,125,0,0,1,9
2025-09-03,SKU-IND-9912,WH-IND-02,127,0,0,2,9
2025-09-04,SKU-IND-9912,WH-IND-02,118,0,0,3,9
2025-09-05,SKU-IND-9912,WH-IND-02,127,0,0,4,9
2025-09-06,SKU-IND-9912,WH-IND-02,117,0,0,5,9
2025-09-07,SKU-IND-9912,WH-IND-02,48,0,0,6,9
2025-09-08,SKU-IND-9912,WH-IND-02,135,0,0,0,9
2025-09-09,SKU-IND-9912,WH-IND-02,115,0,0,1,9
2025-09-10,SKU-IND-9912,WH-IND-02,112,0,0,2,9
2025-09-11,SKU-IND-9912,WH-IND-02,179,1,0,3,9
2025-09-12,SKU-IND-9912,WH-IND-02,188,1,0,4,9
2025-09-13,SKU-IND-9912,WH-IND-02,187,1,0,5,9
2025-09-14,SKU-IND-9912,WH-IND-02,55,1,0,6,9
2025-09-15,SKU-IND-9912,WH-IND-02,214,1,0,0,9
2025-09-16,SKU-IND-9912,WH-IND-02,170,1,0,1,9
2025-09-17,SKU-IND-9912,WH-IND-02,180,1,0,2,9
2025-09-18,SKU-IND-9912,WH-IND-02,163,1,0,3,9
2025-09-19,SKU-IND-9912,WH-IND-02,174,1,0,4,9
2025-09-20,SKU-IND-9912,WH-IND-02,176,1,0,5,9
2025-09-21,SKU-IND-9912,WH-IND-02,52,1,0,6,9
2025-09-22,SKU-IND-9912,WH-IND-02,205,1,0,0,9
2025-09-23,SKU-IND-9912,WH-IND-02,187,1,0,1,9
2025-09-24,SKU-IND-9912,WH-IND-02,170,1,0,2,9
2025-09-25,SKU-IND-9912,WH-IND-02,187,1,0,3,9
2025-09-26,SKU-IND-9912,WH-IND-02,170,1,0,4,9
2025-09-27,SKU-IND-9912,WH-IND-02,182,1,0,5,9
2025-09-28,SKU-IND-9912,WH-IND-02,44,1,0,6,9
2025-09-29,SKU-IND-9912,WH-IND-02,225,1,0,0,9
2025-09-30,SKU-IND-9912,WH-IND-02,189,1,0,1,9
2025-10-01,SKU-IND-9912,WH-IND-02,115,0,0,2,10
2025-10-02,SKU-IND-9912,WH-IND-02,96,0,0,3,10
2025-10-03,SKU-IND-9912,WH-IND-02,122,0,0,4,10
2025-10-04,SKU-IND-9912,WH-IND-02,102,0,0,5,10
2025-10-05,SKU-IND-9912,WH-IND-02,52,0,0,6,10
2025-10-06,SKU-IND-9912,WH-IND-02,141,0,0,0,10
2025-10-07,SKU-IND-9912,WH-IND-02,108,0,0,1,10
2025-10-08,SKU-IND-9912,WH-IND-02,131,0,0,2,10
2025-10-09,SKU-IND-9912,WH-IND-02,128,0,0,3,10
2025-10-10,SKU-IND-9912,WH-IND-02,130,0,0,4,10
2025-10-11,SKU-IND-9912,WH-IND-02,173,1,0,5,10
2025-10-12,SKU-IND-9912,WH-IND-02,53,1,0,6,10
2025-10-13,SKU-IND-9912,WH-IND-02,210,1,0,0,10
2025-10-14,SKU-IND-9912,WH-IND-02,170,1,0,1,10
2025-10-15,SKU-IND-9912,WH-IND-02,157,1,0,2,10
2025-10-16,SKU-IND-9912,WH-IND-02,188,1,0,3,10
2025-10-17,SKU-IND-9912,WH-IND-02,197,1,0,4,10
2025-10-18,SKU-IND-9912,WH-IND-02,173,1,0,5,10
2025-10-19,SKU-IND-9912,WH-IND-02,93,1,0,6,10
2025-10-20,SKU-IND-9912,WH-IND-02,201,1,0,0,10
2025-10-21,SKU-IND-9912,WH-IND-02,170,1,0,1,10
2025-10-22,SKU-IND-9912,WH-IND-02,167,1,0,2,10
2025-10-23,SKU-IND-9912,WH-IND-02,193,1,0,3,10
2025-10-24,SKU-IND-9912,WH-IND-02,166,1,0,4,10
2025-10-25,SKU-IND-9912,WH-IND-02,183,1,0,5,10
2025-10-26,SKU-IND-9912,WH-IND-02,63,1,0,6,10
2025-10-27,SKU-IND-9912,WH-IND-02,196,1,0,0,10
2025-10-28,SKU-IND-9912,WH-IND-02,187,1,0,1,10
2025-10-29,SKU-IND-9912,WH-IND-02,171,1,0,2,10
2025-10-30,SKU-IND-9912,WH-IND-02,171,1,0,3,10
2025-10-31,SKU-IND-9912,WH-IND-02,189,1,0,4,10
2025-11-01,SKU-IND-9912,WH-IND-02,139,0,0,5,11
2025-11-02,SKU-IND-9912,WH-IND-02,56,0,0,6,11
2025-11-03,SKU-IND-9912,WH-IND-02,133,0,0,0,11
2025-11-04,SKU-IND-9912,WH-IND-02,116,0,0,1,11
2025-11-05,SKU-IND-9912,WH-IND-02,123,0,0,2,11
2025-11-06,SKU-IND-9912,WH-IND-02,126,0,0,3,11
2025-11-07,SKU-IND-9912,WH-IND-02,112,0,0,4,11
2025-11-08,SKU-IND-9912,WH-IND-02,131,0,0,5,11
2025-11-09,SKU-IND-9912,WH-IND-02,50,0,0,6,11
2025-11-10,SKU-IND-9912,WH-IND-02,123,0,0,0,11
2025-11-11,SKU-IND-9912,WH-IND-02,113,0,0,1,11
2025-11-12,SKU-IND-9912,WH-IND-02,118,0,0,2,11
2025-11-13,SKU-IND-9912,WH-IND-02,123,0,0,3,11
2025-11-14,SKU-IND-9912,WH-IND-02,145,0,0,4,11
2025-11-15,SKU-IND-9912,WH-IND-02,127,0,0,5,11
2025-11-16,SKU-IND-9912,WH-IND-02,40,0,0,6,11
2025-11-17,SKU-IND-9912,WH-IND-02,146,0,0,0,11
2025-11-18,SKU-IND-9912,WH-IND-02,121,0,0,1,11
2025-11-19,SKU-IND-9912,WH-IND-02,129,0,0,2,11
2025-11-20,SKU-IND-9912,WH-IND-02,132,0,0,3,11
2025-11-21,SKU-IND-9912,WH-IND-02,140,0,0,4,11
2025-11-22,SKU-IND-9912,WH-IND-02,126,0,0,5,11
2025-11-23,SKU-IND-9912,WH-IND-02,69,0,0,6,11
2025-11-24,SKU-IND-9912,WH-IND-02,156,0,0,0,11
2025-11-25,SKU-IND-9912,WH-IND-02,119,0,0,1,11
2025-11-26,SKU-IND-9912,WH-IND-02,152,0,0,2,11
2025-11-27,SKU-IND-9912,WH-IND-02,131,0,0,3,11
2025-11-28,SKU-IND-9912,WH-IND-02,119,0,0,4,11
2025-11-29,SKU-IND-9912,WH-IND-02,147,0,0,5,11
2025-11-30,SKU-IND-9912,WH-IND-02,74,0,0,6,11
2025-12-01,SKU-IND-9912,WH-IND-02,148,0,0,0,12
2025-12-02,SKU-IND-9912,WH-IND-02,124,0,0,1,12
2025-12-03,SKU-IND-9912,WH-IND-02,128,0,0,2,12
2025-12-04,SKU-IND-9912,WH-IND-02,138,0,0,3,12
2025-12-05,SKU-IND-9912,WH-IND-02,145,0,0,4,12
2025-12-06,SKU-IND-9912,WH-IND-02,137,0,0,5,12
2025-12-07,SKU-IND-9912,WH-IND-02,53,0,0,6,12
2025-12-08,SKU-IND-9912,WH-IND-02,168,0,0,0,12
2025-12-09,SKU-IND-9912,WH-IND-02,128,0,0,1,12
2025-12-10,SKU-IND-9912,WH-IND-02,143,0,0,2,12
2025-12-11,SKU-IND-9912,WH-IND-02,129,0,0,3,12
2025-12-12,SKU-IND-9912,WH-IND-02,137,0,0,4,12
2025-12-13,SKU-IND-9912,WH-IND-02,132,0,0,5,12
2025-12-14,SKU-IND-9912,WH-IND-02,52,0,0,6,12
2025-12-15,SKU-IND-9912,WH-IND-02,150,0,0,0,12
2025-12-16,SKU-IND-9912,WH-IND-02,149,0,0,1,12
2025-12-17,SKU-IND-9912,WH-IND-02,126,0,0,2,12
2025-12-18,SKU-IND-9912,WH-IND-02,126,0,0,3,12
2025-12-19,SKU-IND-9912,WH-IND-02,159,0,0,4,12
2025-12-20,SKU-IND-9912,WH-IND-02,146,0,0,5,12
2025-12-21,SKU-IND-9912,WH-IND-02,27,0,0,6,12
2025-12-22,SKU-IND-9912,WH-IND-02,150,0,0,0,12
2025-12-23,SKU-IND-9912,WH-IND-02,116,0,0,1,12
2025-12-24,SKU-IND-9912,WH-IND-02,126,0,0,2,12
2025-12-25,SKU-IND-9912,WH-IND-02,102,0,0,3,12
2025-12-26,SKU-IND-9912,WH-IND-02,136,0,0,4,12
2025-12-27,SKU-IND-9912,WH-IND-02,125,0,0,5,12
2025-12-28,SKU-IND-9912,WH-IND-02,56,0,0,6,12
2025-12-29,SKU-IND-9912,WH-IND-02,141,0,0,0,12
2025-12-30,SKU-IND-9912,WH-IND-02,140,0,0,1,12
2024-01-01,SKU-IND-9912,WH-IND-03,124,0,0,0,1
2024-01-02,SKU-IND-9912,WH-IND-03,129,0,0,1,1
2024-01-03,SKU-IND-9912,WH-IND-03,128,0,0,2,1
2024-01-04,SKU-IND-9912,WH-IND-03,121,0,0,3,1
2024-01-05,SKU-IND-9912,WH-IND-03,109,0,0,4,1
2024-01-06,SKU-IND-9912,WH-IND-03,135,0,0,5,1
2024-01-07,SKU-IND-9912,WH-IND-03,28,0,0,6,1
2024-01-08,SKU-IND-9912,WH-IND-03,115,0,0,0,1
2024-01-09,SKU-IND-9912,WH-IND-03,113,0,0,1,1
2024-01-10,SKU-IND-9912,WH-IND-03,139,0,0,2,1
2024-01-11,SKU-IND-9912,WH-IND-03,112,0,0,3,1
2024-01-12,SKU-IND-9912,WH-IND-03,113,0,0,4,1
2024-01-13,SKU-IND-9912,WH-IND-03,99,0,0,5,1
2024-01-14,SKU-IND-9912,WH-IND-03,56,0,0,6,1
2024-01-15,SKU-IND-9912,WH-IND-03,144,0,0,0,1
2024-01-16,SKU-IND-9912,WH-IND-03,125,0,0,1,1
2024-01-17,SKU-IND-9912,WH-IND-03,109,0,0,2,1
2024-01-18,SKU-IND-9912,WH-IND-03,108,0,0,3,1
2024-01-19,SKU-IND-9912,WH-IND-03,102,0,0,4,1
2024-01-20,SKU-IND-9912,WH-IND-03,118,0,0,5,1
2024-01-21,SKU-IND-9912,WH-IND-03,34,0,0,6,1
2024-01-22,SKU-IND-9912,WH-IND-03,122,0,0,0,1
2024-01-23,SKU-IND-9912,WH-IND-03,113,0,0,1,1
2024-01-24,SKU-IND-9912,WH-IND-03,112,0,0,2,1
2024-01-25,SKU-IND-9912,WH-IND-03,112,0,0,3,1
2024-01-26,SKU-IND-9912,WH-IND-03,124,0,0,4,1
2024-01-27,SKU-IND-9912,WH-IND-03,120,0,0,5,1
2024-01-28,SKU-IND-9912,WH-IND-03,44,0,0,6,1
2024-01-29,SKU-IND-9912,WH-IND-03,139,0,0,0,1
2024-01-30,SKU-IND-9912,WH-IND-03,108,0,0,1,1
2024-01-31,SKU-IND-9912,WH-IND-03,121,0,0,2,1
2024-02-01,SKU-IND-9912,WH-IND-03,122,0,0,3,2
2024-02-02,SKU-IND-9912,WH-IND-03,103,0,0,4,2
2024-02-03,SKU-IND-9912,WH-IND-03,132,0,0,5,2
2024-02-04,SKU-IND-9912,WH-IND-03,38,0,0,6,2
2024-02-05,SKU-IND-9912,WH-IND-03,140,0,0,0,2
2024-02-06,SKU-IND-9912,WH-IND-03,134,0,0,1,2
2024-02-07,SKU-IND-9912,WH-IND-03,132,0,0,2,2
2024-02-08,SKU-IND-9912,WH-IND-03,122,0,0,3,2
2024-02-09,SKU-IND-9912,WH-IND-03,118,0,0,4,2
2024-02-10,SKU-IND-9912,WH-IND-03,133,0,0,5,2
2024-02-11,SKU-IND-9912,WH-IND-03,56,0,0,6,2
2024-02-12,SKU-IND-9912,WH-IND-03,134,0,0,0,2
2024-02-13,SKU-IND-9912,WH-IND-03,114,0,0,1,2
2024-02-14,SKU-IND-9912,WH-IND-03,100,0,0,2,2
2024-02-15,SKU-IND-9912,WH-IND-03,125,0,0,3,2
2024-02-16,SKU-IND-9912,WH-IND-03,123,0,0,4,2
2024-02-17,SKU-IND-9912,WH-IND-03,136,0,0,5,2
2024-02-18,SKU-IND-9912,WH-IND-03,53,0,0,6,2
2024-02-19,SKU-IND-9912,WH-IND-03,158,0,0,0,2
2024-02-20,SKU-IND-9912,WH-IND-03,116,0,0,1,2
2024-02-21,SKU-IND-9912,WH-IND-03,137,0,0,2,2
2024-02-22,SKU-IND-9912,WH-IND-03,119,0,0,3,2
2024-02-23,SKU-IND-9912,WH-IND-03,133,0,0,4,2
2024-02-24,SKU-IND-9912,WH-IND-03,109,0,0,5,2
2024-02-25,SKU-IND-9912,WH-IND-03,52,0,0,6,2
2024-02-26,SKU-IND-9912,WH-IND-03,122,0,0,0,2
2024-02-27,SKU-IND-9912,WH-IND-03,122,0,0,1,2
2024-02-28,SKU-IND-9912,WH-IND-03,131,0,0,2,2
2024-02-29,SKU-IND-9912,WH-IND-03,120,0,0,3,2
2024-03-01,SKU-IND-9912,WH-IND-03,114,0,0,4,3
2024-03-02,SKU-IND-9912,WH-IND-03,136,0,0,5,3
2024-03-03,SKU-IND-9912,WH-IND-03,49,0,0,6,3
2024-03-04,SKU-IND-9912,WH-IND-03,140,0,0,0,3
2024-03-05,SKU-IND-9912,WH-IND-03,127,0,0,1,3
2024-03-06,SKU-IND-9912,WH-IND-03,156,0,0,2,3
2024-03-07,SKU-IND-9912,WH-IND-03,140,0,0,3,3
2024-03-08,SKU-IND-9912,WH-IND-03,140,0,0,4,3
2024-03-09,SKU-IND-9912,WH-IND-03,132,0,0,5,3
2024-03-10,SKU-IND-9912,WH-IND-03,52,0,0,6,3
2024-03-11,SKU-IND-9912,WH-IND-03,119,0,0,0,3
2024-03-12,SKU-IND-9912,WH-IND-03,120,0,0,1,3
2024-03-13,SKU-IND-9912,WH-IND-03,122,0,0,2,3
2024-03-14,SKU-IND-9912,WH-IND-03,106,0,0,3,3
2024-03-15,SKU-IND-9912,WH-IND-03,115,0,0,4,3
2024-03-16,SKU-IND-9912,WH-IND-03,105,0,0,5,3
2024-03-17,SKU-IND-9912,WH-IND-03,50,0,0,6,3
2024-03-18,SKU-IND-9912,WH-IND-03,156,0,0,0,3
2024-03-19,SKU-IND-9912,WH-IND-03,140,0,0,1,3
2024-03-20,SKU-IND-9912,WH-IND-03,133,0,0,2,3
2024-03-21,SKU-IND-9912,WH-IND-03,117,0,0,3,3
2024-03-22,SKU-IND-9912,WH-IND-03,106,0,0,4,3
2024-03-23,SKU-IND-9912,WH-IND-03,108,0,0,5,3
2024-03-24,SKU-IND-9912,WH-IND-03,37,0,0,6,3
2024-03-25,SKU-IND-9912,WH-IND-03,138,0,0,0,3
2024-03-26,SKU-IND-9912,WH-IND-03,126,0,0,1,3
2024-03-27,SKU-IND-9912,WH-IND-03,117,0,0,2,3
2024-03-28,SKU-IND-9912,WH-IND-03,132,0,0,3,3
2024-03-29,SKU-IND-9912,WH-IND-03,126,0,0,4,3
2024-03-30,SKU-IND-9912,WH-IND-03,128,0,0,5,3
2024-03-31,SKU-IND-9912,WH-IND-03,64,0,0,6,3
2024-04-01,SKU-IND-9912,WH-IND-03,134,0,0,0,4
2024-04-02,SKU-IND-9912,WH-IND-03,133,0,0,1,4
2024-04-03,SKU-IND-9912,WH-IND-03,128,0,0,2,4
2024-04-04,SKU-IND-9912,WH-IND-03,125,0,0,3,4
2024-04-05,SKU-IND-9912,WH-IND-03,138,0,0,4,4
2024-04-06,SKU-IND-9912,WH-IND-03,138,0,0,5,4
2024-04-07,SKU-IND-9912,WH-IND-03,40,0,0,6,4
2024-04-08,SKU-IND-9912,WH-IND-03,145,0,0,0,4
2024-04-09,SKU-IND-9912,WH-IND-03,131,0,0,1,4
2024-04-10,SKU-IND-9912,WH-IND-03,125,0,0,2,4
2024-04-11,SKU-IND-9912,WH-IND-03,135,0,0,3,4
2024-04-12,SKU-IND-9912,WH-IND-03,131,0,0,4,4
2024-04-13,SKU-IND-9912,WH-IND-03,148,0,0,5,4
2024-04-14,SKU-IND-9912,WH-IND-03,34,0,0,6,4
2024-04-15,SKU-IND-9912,WH-IND-03,146,0,0,0,4
2024-04-16,SKU-IND-9912,WH-IND-03,118,0,0,1,4
2024-04-17,SKU-IND-9912,WH-IND-03,134,0,0,2,4
2024-04-18,SKU-IND-9912,WH-IND-03,110,0,0,3,4
2024-04-19,SKU-IND-9912,WH-IND-03,131,0,0,4,4
2024-04-20,SKU-IND-9912,WH-IND-03,120,0,0,5,4
2024-04-21,SKU-IND-9912,WH-IND-03,42,0,0,6,4
2024-04-22,SKU-IND-9912,WH-IND-03,130,0,0,0,4
2024-04-23,SKU-IND-9912,WH-IND-03,122,0,0,1,4
2024-04-24,SKU-IND-9912,WH-IND-03,139,0,0,2,4
2024-04-25,SKU-IND-9912,WH-IND-03,127,0,0,3,4
2024-04-26,SKU-IND-9912,WH-IND-03,134,0,0,4,4
2024-04-27,SKU-IND-9912,WH-IND-03,145,0,0,5,4
2024-04-28,SKU-IND-9912,WH-IND-03,53,0,0,6,4
2024-04-29,SKU-IND-9912,WH-IND-03,139,0,0,0,4
2024-04-30,SKU-IND-9912,WH-IND-03,132,0,0,1,4
2024-05-01,SKU-IND-9912,WH-IND-03,120,0,0,2,5
2024-05-02,SKU-IND-9912,WH-IND-03,120,0,0,3,5
2024-05-03,SKU-IND-9912,WH-IND-03,109,0,0,4,5
2024-05-04,SKU-IND-9912,WH-IND-03,136,0,0,5,5
2024-05-05,SKU-IND-9912,WH-IND-03,46,0,0,6,5
2024-05-06,SKU-IND-9912,WH-IND-03,146,0,0,0,5
2024-05-07,SKU-IND-9912,WH-IND-03,114,0,0,1,5
2024-05-08,SKU-IND-9912,WH-IND-03,130,0,0,2,5
2024-05-09,SKU-IND-9912,WH-IND-03,116,0,0,3,5
2024-05-10,SKU-IND-9912,WH-IND-03,123,0,0,4,5
2024-05-11,SKU-IND-9912,WH-IND-03,134,0,0,5,5
2024-05-12,SKU-IND-9912,WH-IND-03,58,0,0,6,5
2024-05-13,SKU-IND-9912,WH-IND-03,143,0,0,0,5
2024-05-14,SKU-IND-9912,WH-IND-03,104,0,0,1,5
2024-05-15,SKU-IND-9912,WH-IND-03,157,0,0,2,5
2024-05-16,SKU-IND-9912,WH-IND-03,143,0,0,3,5
2024-05-17,SKU-IND-9912,WH-IND-03,131,0,0,4,5
2024-05-18,SKU-IND-9912,WH-IND-03,115,0,0,5,5
2024-05-19,SKU-IND-9912,WH-IND-03,48,0,0,6,5
2024-05-20,SKU-IND-9912,WH-IND-03,135,0,0,0,5
2024-05-21,SKU-IND-9912,WH-IND-03,137,0,0,1,5
2024-05-22,SKU-IND-9912,WH-IND-03,125,0,0,2,5
2024-05-23,SKU-IND-9912,WH-IND-03,113,0,0,3,5
2024-05-24,SKU-IND-9912,WH-IND-03,117,0,0,4,5
2024-05-25,SKU-IND-9912,WH-IND-03,134,0,0,5,5
2024-05-26,SKU-IND-9912,WH-IND-03,66,0,0,6,5
2024-05-27,SKU-IND-9912,WH-IND-03,157,0,0,0,5
2024-05-28,SKU-IND-9912,WH-IND-03,129,0,0,1,5
2024-05-29,SKU-IND-9912,WH-IND-03,118,0,0,2,5
2024-05-30,SKU-IND-9912,WH-IND-03,84,0,0,3,5
2024-05-31,SKU-IND-9912,WH-IND-03,124,0,0,4,5
2024-06-01,SKU-IND-9912,WH-IND-03,120,0,1,5,6
2024-06-02,SKU-IND-9912,WH-IND-03,49,0,1,6,6
2024-06-03,SKU-IND-9912,WH-IND-03,138,0,1,0,6
2024-06-04,SKU-IND-9912,WH-IND-03,104,0,1,1,6
2024-06-05,SKU-IND-9912,WH-IND-03,125,0,1,2,6
2024-06-06,SKU-IND-9912,WH-IND-03,126,0,1,3,6
2024-06-07,SKU-IND-9912,WH-IND-03,126,0,1,4,6
2024-06-08,SKU-IND-9912,WH-IND-03,129,0,1,5,6
2024-06-09,SKU-IND-9912,WH-IND-03,54,0,1,6,6
2024-06-10,SKU-IND-9912,WH-IND-03,131,0,1,0,6
2024-06-11,SKU-IND-9912,WH-IND-03,117,0,1,1,6
2024-06-12,SKU-IND-9912,WH-IND-03,118,0,1,2,6
2024-06-13,SKU-IND-9912,WH-IND-03,118,0,1,3,6
2024-06-14,SKU-IND-9912,WH-IND-03,128,0,1,4,6
2024-06-15,SKU-IND-9912,WH-IND-03,123,0,1,5,6
2024-06-16,SKU-IND-9912,WH-IND-03,69,0,1,6,6
2024-06-17,SKU-IND-9912,WH-IND-03,158,0,1,0,6
2024-06-18,SKU-IND-9912,WH-IND-03,116,0,1,1,6
2024-06-19,SKU-IND-9912,WH-IND-03,72,0,1,2,6
2024-06-20,SKU-IND-9912,WH-IND-03,129,0,1,3,6
2024-06-21,SKU-IND-9912,WH-IND-03,109,0,1,4,6
2024-06-22,SKU-IND-9912,WH-IND-03,105,0,1,5,6
2024-06-23,SKU-IND-9912,WH-IND-03,41,0,1,6,6
2024-06-24,SKU-IND-9912,WH-IND-03,126,0,1,0,6
2024-06-25,SKU-IND-9912,WH-IND-03,120,0,1,1,6
2024-06-26,SKU-IND-9912,WH-IND-03,96,0,1,2,6
2024-06-27,SKU-IND-9912,WH-IND-03,101,0,1,3,6
2024-06-28,SKU-IND-9912,WH-IND-03,116,0,1,4,6
2024-06-29,SKU-IND-9912,WH-IND-03,119,0,1,5,6
2024-06-30,SKU-IND-9912,WH-IND-03,52,0,1,6,6
2024-07-01,SKU-IND-9912,WH-IND-03,120,0,1,0,7
2024-07-02,SKU-IND-9912,WH-IND-03,100,0,1,1,7
2024-07-03,SKU-IND-9912,WH-IND-03,105,0,1,2,7
2024-07-04,SKU-IND-9912,WH-IND-03,114,0,1,3,7
2024-07-05,SKU-IND-9912,WH-IND-03,127,0,1,4,7
2024-07-06,SKU-IND-9912,WH-IND-03,87,0,1,5,7
2024-07-07,SKU-IND-9912,WH-IND-03,41,0,1,6,7
2024-07-08,SKU-IND-9912,WH-IND-03,111,0,1,0,7
2024-07-09,SKU-IND-9912,WH-IND-03,91,0,1,1,7
2024-07-10,SKU-IND-9912,WH-IND-03,120,0,1,2,7
2024-07-11,SKU-IND-9912,WH-IND-03,115,0,1,3,7
2024-07-12,SKU-IND-9912,WH-IND-03,114,0,1,4,7
2024-07-13,SKU-IND-9912,WH-IND-03,119,0,1,5,7
2024-07-14,SKU-IND-9912,WH-IND-03,38,0,1,6,7
2024-07-15,SKU-IND-9912,WH-IND-03,119,0,1,0,7
2024-07-16,SKU-IND-9912,WH-IND-03,132,0,1,1,7
2024-07-17,SKU-IND-9912,WH-IND-03,104,0,1,2,7
2024-07-18,SKU-IND-9912,WH-IND-03,115,0,1,3,7
2024-07-19,SKU-IND-9912,WH-IND-03,107,0,1,4,7
2024-07-20,SKU-IND-9912,WH-IND-03,86,0,1,5,7
2024-07-21,SKU-IND-9912,WH-IND-03,19,0,1,6,7
2024-07-22,SKU-IND-9912,WH-IND-03,115,0,1,0,7
2024-07-23,SKU-IND-9912,WH-IND-03,117,0,1,1,7
2024-07-24,SKU-IND-9912,WH-IND-03,114,0,1,2,7
2024-07-25,SKU-IND-9912,WH-IND-03,115,0,1,3,7
2024-07-26,SKU-IND-9912,WH-IND-03,94,0,1,4,7
2024-07-27,SKU-IND-9912,WH-IND-03,122,0,1,5,7
2024-07-28,SKU-IND-9912,WH-IND-03,31,0,1,6,7
2024-07-29,SKU-IND-9912,WH-IND-03,122,0,1,0,7
2024-07-30,SKU-IND-9912,WH-IND-03,104,0,1,1,7
2024-07-31,SKU-IND-9912,WH-IND-03,101,0,1,2,7
2024-08-01,SKU-IND-9912,WH-IND-03,118,0,1,3,8
2024-08-02,SKU-IND-9912,WH-IND-03,95,0,1,4,8
2024-08-03,SKU-IND-9912,WH-IND-03,88,0,1,5,8
2024-08-04,SKU-IND-9912,WH-IND-03,41,0,1,6,8
2024-08-05,SKU-IND-9912,WH-IND-03,113,0,1,0,8
2024-08-06,SKU-IND-9912,WH-IND-03,140,0,1,1,8
2024-08-07,SKU-IND-9912,WH-IND-03,109,0,1,2,8
2024-08-08,SKU-IND-9912,WH-IND-03,97,0,1,3,8
2024-08-09,SKU-IND-9912,WH-IND-03,89,0,1,4,8
2024-08-10,SKU-IND-9912,WH-IND-03,80,0,1,5,8
2024-08-11,SKU-IND-9912,WH-IND-03,29,0,1,6,8
2024-08-12,SKU-IND-9912,WH-IND-03,117,0,1,0,8
2024-08-13,SKU-IND-9912,WH-IND-03,116,0,1,1,8
2024-08-14,SKU-IND-9912,WH-IND-03,113,0,1,2,8
2024-08-15,SKU-IND-9912,WH-IND-03,102,0,1,3,8
2024-08-16,SKU-IND-9912,WH-IND-03,96,0,1,4,8
2024-08-17,SKU-IND-9912,WH-IND-03,102,0,1,5,8
2024-08-18,SKU-IND-9912,WH-IND-03,34,0,1,6,8
2024-08-19,SKU-IND-9912,WH-IND-03,133,0,1,0,8
2024-08-20,SKU-IND-9912,WH-IND-03,97,0,1,1,8
2024-08-21,SKU-IND-9912,WH-IND-03,98,0,1,2,8
2024-08-22,SKU-IND-9912,WH-IND-03,74,0,1,3,8
2024-08-23,SKU-IND-9912,WH-IND-03,96,0,1,4,8
2024-08-24,SKU-IND-9912,WH-IND-03,108,0,1,5,8
2024-08-25,SKU-IND-9912,WH-IND-03,27,0,1,6,8
2024-08-26,SKU-IND-9912,WH-IND-03,104,0,1,0,8
2024-08-27,SKU-IND-9912,WH-IND-03,107,0,1,1,8
2024-08-28,SKU-IND-9912,WH-IND-03,81,0,1,2,8
2024-08-29,SKU-IND-9912,WH-IND-03,109,0,1,3,8
2024-08-30,SKU-IND-9912,WH-IND-03,91,0,1,4,8
2024-08-31,SKU-IND-9912,WH-IND-03,93,0,1,5,8
2024-09-01,SKU-IND-9912,WH-IND-03,26,0,0,6,9
2024-09-02,SKU-IND-9912,WH-IND-03,116,0,0,0,9
2024-09-03,SKU-IND-9912,WH-IND-03,124,0,0,1,9
2024-09-04,SKU-IND-9912,WH-IND-03,105,0,0,2,9
2024-09-05,SKU-IND-9912,WH-IND-03,87,0,0,3,9
2024-09-06,SKU-IND-9912,WH-IND-03,109,0,0,4,9
2024-09-07,SKU-IND-9912,WH-IND-03,93,0,0,5,9
2024-09-08,SKU-IND-9912,WH-IND-03,53,0,0,6,9
2024-09-09,SKU-IND-9912,WH-IND-03,119,0,0,0,9
2024-09-10,SKU-IND-9912,WH-IND-03,63,0,0,1,9
2024-09-11,SKU-IND-9912,WH-IND-03,128,1,0,2,9
2024-09-12,SKU-IND-9912,WH-IND-03,149,1,0,3,9
2024-09-13,SKU-IND-9912,WH-IND-03,140,1,0,4,9
2024-09-14,SKU-IND-9912,WH-IND-03,127,1,0,5,9
2024-09-15,SKU-IND-9912,WH-IND-03,48,1,0,6,9
2024-09-16,SKU-IND-9912,WH-IND-03,138,1,0,0,9
2024-09-17,SKU-IND-9912,WH-IND-03,137,1,0,1,9
2024-09-18,SKU-IND-9912,WH-IND-03,163,1,0,2,9
2024-09-19,SKU-IND-9912,WH-IND-03,147,1,0,3,9
2024-09-20,SKU-IND-9912,WH-IND-03,163,1,0,4,9
2024-09-21,SKU-IND-9912,WH-IND-03,148,1,0,5,9
2024-09-22,SKU-IND-9912,WH-IND-03,66,1,0,6,9
2024-09-23,SKU-IND-9912,WH-IND-03,181,1,0,0,9
2024-09-24,SKU-IND-9912,WH-IND-03,142,1,0,1,9
2024-09-25,SKU-IND-9912,WH-IND-03,136,1,0,2,9
2024-09-26,SKU-IND-9912,WH-IND-03,149,1,0,3,9
2024-09-27,SKU-IND-9912,WH-IND-03,154,1,0,4,9
2024-09-28,SKU-IND-9912,WH-IND-03,132,1,0,5,9
2024-09-29,SKU-IND-9912,WH-IND-03,47,1,0,6,9
2024-09-30,SKU-IND-9912,WH-IND-03,160,1,0,0,9
2024-10-01,SKU-IND-9912,WH-IND-03,104,0,0,1,10
2024-10-02,SKU-IND-9912,WH-IND-03,104,0,0,2,10
2024-10-03,SKU-IND-9912,WH-IND-03,79,0,0,3,10
2024-10-04,SKU-IND-9912,WH-IND-03,116,0,0,4,10
2024-10-05,SKU-IND-9912,WH-IND-03,88,0,0,5,10
2024-10-06,SKU-IND-9912,WH-IND-03,35,0,0,6,10
2024-10-07,SKU-IND-9912,WH-IND-03,99,0,0,0,10
2024-10-08,SKU-IND-9912,WH-IND-03,125,0,0,1,10
2024-10-09,SKU-IND-9912,WH-IND-03,98,0,0,2,10
2024-10-10,SKU-IND-9912,WH-IND-03,85,0,0,3,10
2024-10-11,SKU-IND-9912,WH-IND-03,148,1,0,4,10
2024-10-12,SKU-IND-9912,WH-IND-03,147,1,0,5,10
2024-10-13,SKU-IND-9912,WH-IND-03,53,1,0,6,10
2024-10-14,SKU-IND-9912,WH-IND-03,168,1,0,0,10
2024-10-15,SKU-IND-9912,WH-IND-03,129,1,0,1,10
2024-10-16,SKU-IND-9912,WH-IND-03,133,1,0,2,10
2024-10-17,SKU-IND-9912,WH-IND-03,116,1,0,3,10
2024-10-18,SKU-IND-9912,WH-IND-03,124,1,0,4,10
2024-10-19,SKU-IND-9912,WH-IND-03,159,1,0,5,10
2024-10-20,SKU-IND-9912,WH-IND-03,74,1,0,6,10
2024-10-21,SKU-IND-9912,WH-IND-03,161,1,0,0,10
2024-10-22,SKU-IND-9912,WH-IND-03,158,1,0,1,10
2024-10-23,SKU-IND-9912,WH-IND-03,137,1,0,2,10
2024-10-24,SKU-IND-9912,WH-IND-03,137,1,0,3,10
2024-10-25,SKU-IND-9912,WH-IND-03,140,1,0,4,10
2024-10-26,SKU-IND-9912,WH-IND-03,138,1,0,5,10
2024-10-27,SKU-IND-9912,WH-IND-03,53,1,0,6,10
2024-10-28,SKU-IND-9912,WH-IND-03,174,1,0,0,10
2024-10-29,SKU-IND-9912,WH-IND-03,142,1,0,1,10
2024-10-30,SKU-IND-9912,WH-IND-03,149,1,0,2,10
2024-10-31,SKU-IND-9912,WH-IND-03,152,1,0,3,10
2024-11-01,SKU-IND-9912,WH-IND-03,101,0,0,4,11
2024-11-02,SKU-IND-9912,WH-IND-03,86,0,0,5,11
2024-11-03,SKU-IND-9912,WH-IND-03,23,0,0,6,11
2024-11-04,SKU-IND-9912,WH-IND-03,114,0,0,0,11
2024-11-05,SKU-IND-9912,WH-IND-03,96,0,0,1,11
2024-11-06,SKU-IND-9912,WH-IND-03,99,0,0,2,11
2024-11-07,SKU-IND-9912,WH-IND-03,98,0,0,3,11
2024-11-08,SKU-IND-9912,WH-IND-03,127,0,0,4,11
2024-11-09,SKU-IND-9912,WH-IND-03,83,0,0,5,11
2024-11-10,SKU-IND-9912,WH-IND-03,17,0,0,6,11
2024-11-11,SKU-IND-9912,WH-IND-03,117,0,0,0,11
2024-11-12,SKU-IND-9912,WH-IND-03,95,0,0,1,11
2024-11-13,SKU-IND-9912,WH-IND-03,103,0,0,2,11
2024-11-14,SKU-IND-9912,WH-IND-03,106,0,0,3,11
2024-11-15,SKU-IND-9912,WH-IND-03,114,0,0,4,11
2024-11-16,SKU-IND-9912,WH-IND-03,83,0,0,5,11
2024-11-17,SKU-IND-9912,WH-IND-03,33,0,0,6,11
2024-11-18,SKU-IND-9912,WH-IND-03,120,0,0,0,11
2024-11-19,SKU-IND-9912,WH-IND-03,109,0,0,1,11
2024-11-20,SKU-IND-9912,WH-IND-03,125,0,0,2,11
2024-11-21,SKU-IND-9912,WH-IND-03,111,0,0,3,11
2024-11-22,SKU-IND-9912,WH-IND-03,100,0,0,4,11
2024-11-23,SKU-IND-9912,WH-IND-03,91,0,0,5,11
2024-11-24,SKU-IND-9912,WH-IND-03,34,0,0,6,11
2024-11-25,SKU-IND-9912,WH-IND-03,110,0,0,0,11
2024-11-26,SKU-IND-9912,WH-IND-03,109,0,0,1,11
2024-11-27,SKU-IND-9912,WH-IND-03,105,0,0,2,11
2024-11-28,SKU-IND-9912,WH-IND-03,88,0,0,3,11
2024-11-29,SKU-IND-9912,WH-IND-03,98,0,0,4,11
2024-11-30,SKU-IND-9912,WH-IND-03,113,0,0,5,11
2024-12-01,SKU-IND-9912,WH-IND-03,45,0,0,6,12
2024-12-02,SKU-IND-9912,WH-IND-03,125,0,0,0,12
2024-12-03,SKU-IND-9912,WH-IND-03,108,0,0,1,12
2024-12-04,SKU-IND-9912,WH-IND-03,122,0,0,2,12
2024-12-05,SKU-IND-9912,WH-IND-03,107,0,0,3,12
2024-12-06,SKU-IND-9912,WH-IND-03,100,0,0,4,12
2024-12-07,SKU-IND-9912,WH-IND-03,94,0,0,5,12
2024-12-08,SKU-IND-9912,WH-IND-03,44,0,0,6,12
2024-12-09,SKU-IND-9912,WH-IND-03,94,0,0,0,12
2024-12-10,SKU-IND-9912,WH-IND-03,103,0,0,1,12
2024-12-11,SKU-IND-9912,WH-IND-03,103,0,0,2,12
2024-12-12,SKU-IND-9912,WH-IND-03,91,0,0,3,12
2024-12-13,SKU-IND-9912,WH-IND-03,96,0,0,4,12
2024-12-14,SKU-IND-9912,WH-IND-03,116,0,0,5,12
2024-12-15,SKU-IND-9912,WH-IND-03,45,0,0,6,12
2024-12-16,SKU-IND-9912,WH-IND-03,124,0,0,0,12
2024-12-17,SKU-IND-9912,WH-IND-03,111,0,0,1,12
2024-12-18,SKU-IND-9912,WH-IND-03,109,0,0,2,12
2024-12-19,SKU-IND-9912,WH-IND-03,122,0,0,3,12
2024-12-20,SKU-IND-9912,WH-IND-03,110,0,0,4,12
2024-12-21,SKU-IND-9912,WH-IND-03,92,0,0,5,12
2024-12-22,SKU-IND-9912,WH-IND-03,61,0,0,6,12
2024-12-23,SKU-IND-9912,WH-IND-03,130,0,0,0,12
2024-12-24,SKU-IND-9912,WH-IND-03,103,0,0,1,12
2024-12-25,SKU-IND-9912,WH-IND-03,96,0,0,2,12
2024-12-26,SKU-IND-9912,WH-IND-03,114,0,0,3,12
2024-12-27,SKU-IND-9912,WH-IND-03,109,0,0,4,12
2024-12-28,SKU-IND-9912,WH-IND-03,128,0,0,5,12
2024-12-29,SKU-IND-9912,WH-IND-03,40,0,0,6,12
2024-12-30,SKU-IND-9912,WH-IND-03,119,0,0,0,12
2024-12-31,SKU-IND-9912,WH-IND-03,121,0,0,1,12
2025-01-01,SKU-IND-9912,WH-IND-03,122,0,0,2,1
2025-01-02,SKU-IND-9912,WH-IND-03,114,0,0,3,1
2025-01-03,SKU-IND-9912,WH-IND-03,120,0,0,4,1
2025-01-04,SKU-IND-9912,WH-IND-03,112,0,0,5,1
2025-01-05,SKU-IND-9912,WH-IND-03,47,0,0,6,1
2025-01-06,SKU-IND-9912,WH-IND-03,143,0,0,0,1
2025-01-07,SKU-IND-9912,WH-IND-03,120,0,0,1,1
2025-01-08,SKU-IND-9912,WH-IND-03,112,0,0,2,1
2025-01-09,SKU-IND-9912,WH-IND-03,129,0,0,3,1
2025-01-10,SKU-IND-9912,WH-IND-03,88,0,0,4,1
2025-01-11,SKU-IND-9912,WH-IND-03,138,0,0,5,1
2025-01-12,SKU-IND-9912,WH-IND-03,27,0,0,6,1
2025-01-13,SKU-IND-9912,WH-IND-03,125,0,0,0,1
2025-01-14,SKU-IND-9912,WH-IND-03,115,0,0,1,1
2025-01-15,SKU-IND-9912,WH-IND-03,114,0,0,2,1
2025-01-16,SKU-IND-9912,WH-IND-03,127,0,0,3,1
2025-01-17,SKU-IND-9912,WH-IND-03,104,0,0,4,1
2025-01-18,SKU-IND-9912,WH-IND-03,119,0,0,5,1
2025-01-19,SKU-IND-9912,WH-IND-03,40,0,0,6,1
2025-01-20,SKU-IND-9912,WH-IND-03,138,0,0,0,1
2025-01-21,SKU-IND-9912,WH-IND-03,117,0,0,1,1
2025-01-22,SKU-IND-9912,WH-IND-03,119,0,0,2,1
2025-01-23,SKU-IND-9912,WH-IND-03,112,0,0,3,1
2025-01-24,SKU-IND-9912,WH-IND-03,112,0,0,4,1
2025-01-25,SKU-IND-9912,WH-IND-03,122,0,0,5,1
2025-01-26,SKU-IND-9912,WH-IND-03,58,0,0,6,1
2025-01-27,SKU-IND-9912,WH-IND-03,130,0,0,0,1
2025-01-28,SKU-IND-9912,WH-IND-03,109,0,0,1,1
2025-01-29,SKU-IND-9912,WH-IND-03,126,0,0,2,1
2025-01-30,SKU-IND-9912,WH-IND-03,119,0,0,3,1
2025-01-31,SKU-IND-9912,WH-IND-03,129,0,0,4,1
2025-02-01,SKU-IND-9912,WH-IND-03,110,0,0,5,2
2025-02-02,SKU-IND-9912,WH-IND-03,28,0,0,6,2
2025-02-03,SKU-IND-9912,WH-IND-03,133,0,0,0,2
2025-02-04,SKU-IND-9912,WH-IND-03,112,0,0,1,2
2025-02-05,SKU-IND-9912,WH-IND-03,120,0,0,2,2
2025-02-06,SKU-IND-9912,WH-IND-03,114,0,0,3,2
2025-02-07,SKU-IND-9912,WH-IND-03,130,0,0,4,2
2025-02-08,SKU-IND-9912,WH-IND-03,119,0,0,5,2
2025-02-09,SKU-IND-9912,WH-IND-03,50,0,0,6,2
2025-02-10,SKU-IND-9912,WH-IND-03,143,0,0,0,2
2025-02-11,SKU-IND-9912,WH-IND-03,125,0,0,1,2
2025-02-12,SKU-IND-9912,WH-IND-03,123,0,0,2,2
2025-02-13,SKU-IND-9912,WH-IND-03,129,0,0,3,2
2025-02-14,SKU-IND-9912,WH-IND-03,114,0,0,4,2
2025-02-15,SKU-IND-9912,WH-IND-03,139,0,0,5,2
2025-02-16,SKU-IND-9912,WH-IND-03,46,0,0,6,2
2025-02-17,SKU-IND-9912,WH-IND-03,128,0,0,0,2
2025-02-18,SKU-IND-9912,WH-IND-03,126,0,0,1,2
2025-02-19,SKU-IND-9912,WH-IND-03,115,0,0,2,2
2025-02-20,SKU-IND-9912,WH-IND-03,132,0,0,3,2
2025-02-21,SKU-IND-9912,WH-IND-03,149,0,0,4,2
2025-02-22,SKU-IND-9912,WH-IND-03,116,0,0,5,2
2025-02-23,SKU-IND-9912,WH-IND-03,53,0,0,6,2
2025-02-24,SKU-IND-9912,WH-IND-03,124,0,0,0,2
2025-02-25,SKU-IND-9912,WH-IND-03,130,0,0,1,2
2025-02-26,SKU-IND-9912,WH-IND-03,115,0,0,2,2
2025-02-27,SKU-IND-9912,WH-IND-03,119,0,0,3,2
2025-02-28,SKU-IND-9912,WH-IND-03,113,0,0,4,2
2025-03-01,SKU-IND-9912,WH-IND-03,134,0,0,5,3
2025-03-02,SKU-IND-9912,WH-IND-03,61,0,0,6,3
2025-03-03,SKU-IND-9912,WH-IND-03,145,0,0,0,3
2025-03-04,SKU-IND-9912,WH-IND-03,117,0,0,1,3
2025-03-05,SKU-IND-9912,WH-IND-03,144,0,0,2,3
2025-03-06,SKU-IND-9912,WH-IND-03,118,0,0,3,3
2025-03-07,SKU-IND-9912,WH-IND-03,102,0,0,4,3
2025-03-08,SKU-IND-9912,WH-IND-03,132,0,0,5,3
2025-03-09,SKU-IND-9912,WH-IND-03,38,0,0,6,3
2025-03-10,SKU-IND-9912,WH-IND-03,157,0,0,0,3
2025-03-11,SKU-IND-9912,WH-IND-03,123,0,0,1,3
2025-03-12,SKU-IND-9912,WH-IND-03,134,0,0,2,3
2025-03-13,SKU-IND-9912,WH-IND-03,143,0,0,3,3
2025-03-14,SKU-IND-9912,WH-IND-03,114,0,0,4,3
2025-03-15,SKU-IND-9912,WH-IND-03,121,0,0,5,3
2025-03-16,SKU-IND-9912,WH-IND-03,50,0,0,6,3
2025-03-17,SKU-IND-9912,WH-IND-03,164,0,0,0,3
2025-03-18,SKU-IND-9912,WH-IND-03,120,0,0,1,3
2025-03-19,SKU-IND-9912,WH-IND-03,121,0,0,2,3
2025-03-20,SKU-IND-9912,WH-IND-03,133,0,0,3,3
2025-03-21,SKU-IND-9912,WH-IND-03,122,0,0,4,3
2025-03-22,SKU-IND-9912,WH-IND-03,130,0,0,5,3
2025-03-23,SKU-IND-9912,WH-IND-03,34,0,0,6,3
2025-03-24,SKU-IND-9912,WH-IND-03,172,0,0,0,3
2025-03-25,SKU-IND-9912,WH-IND-03,113,0,0,1,3
2025-03-26,SKU-IND-9912,WH-IND-03,125,0,0,2,3
2025-03-27,SKU-IND-9912,WH-IND-03,128,0,0,3,3
2025-03-28,SKU-IND-9912,WH-IND-03,150,0,0,4,3
2025-03-29,SKU-IND-9912,WH-IND-03,113,0,0,5,3
2025-03-30,SKU-IND-9912,WH-IND-03,73,0,0,6,3
2025-03-31,SKU-IND-9912,WH-IND-03,156,0,0,0,3
2025-04-01,SKU-IND-9912,WH-IND-03,133,0,0,1,4
2025-04-02,SKU-IND-9912,WH-IND-03,117,0,0,2,4
2025-04-03,SKU-IND-9912,WH-IND-03,135,0,0,3,4
2025-04-04,SKU-IND-9912,WH-IND-03,120,0,0,4,4
2025-04-05,SKU-IND-9912,WH-IND-03,142,0,0,5,4
2025-04-06,SKU-IND-9912,WH-IND-03,40,0,0,6,4
2025-04-07,SKU-IND-9912,WH-IND-03,146,0,0,0,4
2025-04-08,SKU-IND-9912,WH-IND-03,122,0,0,1,4
2025-04-09,SKU-IND-9912,WH-IND-03,117,0,0,2,4
2025-04-10,SKU-IND-9912,WH-IND-03,136,0,0,3,4
2025-04-11,SKU-IND-9912,WH-IND-03,134,0,0,4,4
2025-04-12,SKU-IND-9912,WH-IND-03,142,0,0,5,4
2025-04-13,SKU-IND-9912,WH-IND-03,31,0,0,6,4
2025-04-14,SKU-IND-9912,WH-IND-03,159,0,0,0,4
2025-04-15,SKU-IND-9912,WH-IND-03,156,0,0,1,4
2025-04-16,SKU-IND-9912,WH-IND-03,123,0,0,2,4
2025-04-17,SKU-IND-9912,WH-IND-03,149,0,0,3,4
2025-04-18,SKU-IND-9912,WH-IND-03,125,0,0,4,4
2025-04-19,SKU-IND-9912,WH-IND-03,112,0,0,5,4
2025-04-20,SKU-IND-9912,WH-IND-03,47,0,0,6,4
2025-04-21,SKU-IND-9912,WH-IND-03,158,0,0,0,4
2025-04-22,SKU-IND-9912,WH-IND-03,118,0,0,1,4
2025-04-23,SKU-IND-9912,WH-IND-03,120,0,0,2,4
2025-04-24,SKU-IND-9912,WH-IND-03,134,0,0,3,4
2025-04-25,SKU-IND-9912,WH-IND-03,127,0,0,4,4
2025-04-26,SKU-IND-9912,WH-IND-03,133,0,0,5,4
2025-04-27,SKU-IND-9912,WH-IND-03,53,0,0,6,4
2025-04-28,SKU-IND-9912,WH-IND-03,151,0,0,0,4
2025-04-29,SKU-IND-9912,WH-IND-03,122,0,0,1,4
2025-04-30,SKU-IND-9912,WH-IND-03,129,0,0,2,4
2025-05-01,SKU-IND-9912,WH-IND-03,116,0,0,3,5
2025-05-02,SKU-IND-9912,WH-IND-03,140,0,0,4,5
2025-05-03,SKU-IND-9912,WH-IND-03,119,0,0,5,5
2025-05-04,SKU-IND-9912,WH-IND-03,63,0,0,6,5
2025-05-05,SKU-IND-9912,WH-IND-03,142,0,0,0,5
2025-05-06,SKU-IND-9912,WH-IND-03,128,0,0,1,5
2025-05-07,SKU-IND-9912,WH-IND-03,120,0,0,2,5
2025-05-08,SKU-IND-9912,WH-IND-03,114,0,0,3,5
2025-05-09,SKU-IND-9912,WH-IND-03,105,0,0,4,5
2025-05-10,SKU-IND-9912,WH-IND-03,113,0,0,5,5
2025-05-11,SKU-IND-9912,WH-IND-03,46,0,0,6,5
2025-05-12,SKU-IND-9912,WH-IND-03,146,0,0,0,5
2025-05-13,SKU-IND-9912,WH-IND-03,136,0,0,1,5
2025-05-14,SKU-IND-9912,WH-IND-03,119,0,0,2,5
2025-05-15,SKU-IND-9912,WH-IND-03,114,0,0,3,5
2025-05-16,SKU-IND-9912,WH-IND-03,107,0,0,4,5
2025-05-17,SKU-IND-9912,WH-IND-03,129,0,0,5,5
2025-05-18,SKU-IND-9912,WH-IND-03,64,0,0,6,5
2025-05-19,SKU-IND-9912,WH-IND-03,156,0,0,0,5
2025-05-20,SKU-IND-9912,WH-IND-03,131,0,0,1,5
2025-05-21,SKU-IND-9912,WH-IND-03,130,0,0,2,5
2025-05-22,SKU-IND-9912,WH-IND-03,141,0,0,3,5
2025-05-23,SKU-IND-9912,WH-IND-03,126,0,0,4,5
2025-05-24,SKU-IND-9912,WH-IND-03,129,0,0,5,5
2025-05-25,SKU-IND-9912,WH-IND-03,45,0,0,6,5
2025-05-26,SKU-IND-9912,WH-IND-03,124,0,0,0,5
2025-05-27,SKU-IND-9912,WH-IND-03,114,0,0,1,5
2025-05-28,SKU-IND-9912,WH-IND-03,121,0,0,2,5
2025-05-29,SKU-IND-9912,WH-IND-03,121,0,0,3,5
2025-05-30,SKU-IND-9912,WH-IND-03,142,0,0,4,5
2025-05-31,SKU-IND-9912,WH-IND-03,121,0,0,5,5
2025-06-01,SKU-IND-9912,WH-IND-03,61,0,1,6,6
2025-06-02,SKU-IND-9912,WH-IND-03,133,0,1,0,6
2025-06-03,SKU-IND-9912,WH-IND-03,116,0,1,1,6
2025-06-04,SKU-IND-9912,WH-IND-03,104,0,1,2,6
2025-06-05,SKU-IND-9912,WH-IND-03,111,0,1,3,6
2025-06-06,SKU-IND-9912,WH-IND-03,125,0,1,4,6
2025-06-07,SKU-IND-9912,WH-IND-03,119,0,1,5,6
2025-06-08,SKU-IND-9912,WH-IND-03,58,0,1,6,6
2025-06-09,SKU-IND-9912,WH-IND-03,138,0,1,0,6
2025-06-10,SKU-IND-9912,WH-IND-03,114,0,1,1,6
2025-06-11,SKU-IND-9912,WH-IND-03,141,0,1,2,6
2025-06-12,SKU-IND-9912,WH-IND-03,116,0,1,3,6
2025-06-13,SKU-IND-9912,WH-IND-03,130,0,1,4,6
2025-06-14,SKU-IND-9912,WH-IND-03,112,0,1,5,6
2025-06-15,SKU-IND-9912,WH-IND-03,54,0,1,6,6
2025-06-16,SKU-IND-9912,WH-IND-03,144,0,1,0,6
2025-06-17,SKU-IND-9912,WH-IND-03,118,0,1,1,6
2025-06-18,SKU-IND-9912,WH-IND-03,89,0,1,2,6
2025-06-19,SKU-IND-9912,WH-IND-03,115,0,1,3,6
2025-06-20,SKU-IND-9912,WH-IND-03,129,0,1,4,6
2025-06-21,SKU-IND-9912,WH-IND-03,121,0,1,5,6
2025-06-22,SKU-IND-9912,WH-IND-03,50,0,1,6,6
2025-06-23,SKU-IND-9912,WH-IND-03,112,0,1,0,6
2025-06-24,SKU-IND-9912,WH-IND-03,106,0,1,1,6
2025-06-25,SKU-IND-9912,WH-IND-03,118,0,1,2,6
2025-06-26,SKU-IND-9912,WH-IND-03,118,0,1,3,6
2025-06-27,SKU-IND-9912,WH-IND-03,127,0,1,4,6
2025-06-28,SKU-IND-9912,WH-IND-03,111,0,1,5,6
2025-06-29,SKU-IND-9912,WH-IND-03,49,0,1,6,6
2025-06-30,SKU-IND-9912,WH-IND-03,129,0,1,0,6
2025-07-01,SKU-IND-9912,WH-IND-03,101,0,1,1,7
2025-07-02,SKU-IND-9912,WH-IND-03,86,0,1,2,7
2025-07-03,SKU-IND-9912,WH-IND-03,116,0,1,3,7
2025-07-04,SKU-IND-9912,WH-IND-03,113,0,1,4,7
2025-07-05,SKU-IND-9912,WH-IND-03,104,0,1,5,7
2025-07-06,SKU-IND-9912,WH-IND-03,26,0,1,6,7
2025-07-07,SKU-IND-9912,WH-IND-03,134,0,1,0,7
2025-07-08,SKU-IND-9912,WH-IND-03,107,0,1,1,7
2025-07-09,SKU-IND-9912,WH-IND-03,116,0,1,2,7
2025-07-10,SKU-IND-9912,WH-IND-03,130,0,1,3,7
2025-07-11,SKU-IND-9912,WH-IND-03,85,0,1,4,7
2025-07-12,SKU-IND-9912,WH-IND-03,101,0,1,5,7
2025-07-13,SKU-IND-9912,WH-IND-03,41,0,1,6,7
2025-07-14,SKU-IND-9912,WH-IND-03,141,0,1,0,7
2025-07-15,SKU-IND-9912,WH-IND-03,89,0,1,1,7
2025-07-16,SKU-IND-9912,WH-IND-03,129,0,1,2,7
2025-07-17,SKU-IND-9912,WH-IND-03,109,0,1,3,7
2025-07-18,SKU-IND-9912,WH-IND-03,106,0,1,4,7
2025-07-19,SKU-IND-9912,WH-IND-03,104,0,1,5,7
2025-07-20,SKU-IND-9912,WH-IND-03,37,0,1,6,7
2025-07-21,SKU-IND-9912,WH-IND-03,134,0,1,0,7
2025-07-22,SKU-IND-9912,WH-IND-03,94,0,1,1,7
2025-07-23,SKU-IND-9912,WH-IND-03,109,0,1,2,7
2025-07-24,SKU-IND-9912,WH-IND-03,101,0,1,3,7
2025-07-25,SKU-IND-9912,WH-IND-03,96,0,1,4,7
2025-07-26,SKU-IND-9912,WH-IND-03,134,0,1,5,7
2025-07-27,SKU-IND-9912,WH-IND-03,46,0,1,6,7
2025-07-28,SKU-IND-9912,WH-IND-03,127,0,1,0,7
2025-07-29,SKU-IND-9912,WH-IND-03,117,0,1,1,7
2025-07-30,SKU-IND-9912,WH-IND-03,88,0,1,2,7
2025-07-31,SKU-IND-9912,WH-IND-03,123,0,1,3,7
2025-08-01,SKU-IND-9912,WH-IND-03,75,0,1,4,8
2025-08-02,SKU-IND-9912,WH-IND-03,94,0,1,5,8
2025-08-03,SKU-IND-9912,WH-IND-03,36,0,1,6,8
2025-08-04,SKU-IND-9912,WH-IND-03,124,0,1,0,8
2025-08-05,SKU-IND-9912,WH-IND-03,105,0,1,1,8
2025-08-06,SKU-IND-9912,WH-IND-03,100,0,1,2,8
2025-08-07,SKU-IND-9912,WH-IND-03,102,0,1,3,8
2025-08-08,SKU-IND-9912,WH-IND-03,91,0,1,4,8
2025-08-09,SKU-IND-9912,WH-IND-03,84,0,1,5,8
2025-08-10,SKU-IND-9912,WH-IND-03,48,0,1,6,8
2025-08-11,SKU-IND-9912,WH-IND-03,124,0,1,0,8
2025-08-12,SKU-IND-9912,WH-IND-03,118,0,1,1,8
2025-08-13,SKU-IND-9912,WH-IND-03,92,0,1,2,8
2025-08-14,SKU-IND-9912,WH-IND-03,108,0,1,3,8
2025-08-15,SKU-IND-9912,WH-IND-03,97,0,1,4,8
2025-08-16,SKU-IND-9912,WH-IND-03,113,0,1,5,8
2025-08-17,SKU-IND-9912,WH-IND-03,51,0,1,6,8
2025-08-18,SKU-IND-9912,WH-IND-03,117,0,1,0,8
2025-08-19,SKU-IND-9912,WH-IND-03,95,0,1,1,8
2025-08-20,SKU-IND-9912,WH-IND-03,110,0,1,2,8
2025-08-21,SKU-IND-9912,WH-IND-03,106,0,1,3,8
2025-08-22,SKU-IND-9912,WH-IND-03,91,0,1,4,8
2025-08-23,SKU-IND-9912,WH-IND-03,84,0,1,5,8
2025-08-24,SKU-IND-9912,WH-IND-03,36,0,1,6,8
2025-08-25,SKU-IND-9912,WH-IND-03,130,0,1,0,8
2025-08-26,SKU-IND-9912,WH-IND-03,111,0,1,1,8
2025-08-27,SKU-IND-9912,WH-IND-03,85,0,1,2,8
2025-08-28,SKU-IND-9912,WH-IND-03,84,0,1,3,8
2025-08-29,SKU-IND-9912,WH-IND-03,112,0,1,4,8
2025-08-30,SKU-IND-9912,WH-IND-03,84,0,1,5,8
2025-08-31,SKU-IND-9912,WH-IND-03,44,0,1,6,8
2025-09-01,SKU-IND-9912,WH-IND-03,105,0,0,0,9
2025-09-02,SKU-IND-9912,WH-IND-03,115,0,0,1,9
2025-09-03,SKU-IND-9912,WH-IND-03,88,0,0,2,9
2025-09-04,SKU-IND-9912,WH-IND-03,109,0,0,3,9
2025-09-05,SKU-IND-9912,WH-IND-03,98,0,0,4,9
2025-09-06,SKU-IND-9912,WH-IND-03,99,0,0,5,9
2025-09-07,SKU-IND-9912,WH-IND-03,16,0,0,6,9
2025-09-08,SKU-IND-9912,WH-IND-03,86,0,0,0,9
2025-09-09,SKU-IND-9912,WH-IND-03,93,0,0,1,9
2025-09-10,SKU-IND-9912,WH-IND-03,99,0,0,2,9
2025-09-11,SKU-IND-9912,WH-IND-03,126,1,0,3,9
2025-09-12,SKU-IND-9912,WH-IND-03,127,1,0,4,9
2025-09-13,SKU-IND-9912,WH-IND-03,145,1,0,5,9
2025-09-14,SKU-IND-9912,WH-IND-03,61,1,0,6,9
2025-09-15,SKU-IND-9912,WH-IND-03,158,1,0,0,9
2025-09-16,SKU-IND-9912,WH-IND-03,147,1,0,1,9
2025-09-17,SKU-IND-9912,WH-IND-03,125,1,0,2,9
2025-09-18,SKU-IND-9912,WH-IND-03,134,1,0,3,9
2025-09-19,SKU-IND-9912,WH-IND-03,157,1,0,4,9
2025-09-20,SKU-IND-9912,WH-IND-03,139,1,0,5,9
2025-09-21,SKU-IND-9912,WH-IND-03,56,1,0,6,9
2025-09-22,SKU-IND-9912,WH-IND-03,184,1,0,0,9
2025-09-23,SKU-IND-9912,WH-IND-03,122,1,0,1,9
2025-09-24,SKU-IND-9912,WH-IND-03,147,1,0,2,9
2025-09-25,SKU-IND-9912,WH-IND-03,156,1,0,3,9
2025-09-26,SKU-IND-9912,WH-IND-03,134,1,0,4,9
2025-09-27,SKU-IND-9912,WH-IND-03,147,1,0,5,9
2025-09-28,SKU-IND-9912,WH-IND-03,44,1,0,6,9
2025-09-29,SKU-IND-9912,WH-IND-03,151,1,0,0,9
2025-09-30,SKU-IND-9912,WH-IND-03,142,1,0,1,9
2025-10-01,SKU-IND-9912,WH-IND-03,104,0,0,2,10
2025-10-02,SKU-IND-9912,WH-IND-03,107,0,0,3,10
2025-10-03,SKU-IND-9912,WH-IND-03,112,0,0,4,10
2025-10-04,SKU-IND-9912,WH-IND-03,94,0,0,5,10
2025-10-05,SKU-IND-9912,WH-IND-03,51,0,0,6,10
2025-10-06,SKU-IND-9912,WH-IND-03,105,0,0,0,10
2025-10-07,SKU-IND-9912,WH-IND-03,105,0,0,1,10
2025-10-08,SKU-IND-9912,WH-IND-03,97,0,0,2,10
2025-10-09,SKU-IND-9912,WH-IND-03,100,0,0,3,10
2025-10-10,SKU-IND-9912,WH-IND-03,100,0,0,4,10
2025-10-11,SKU-IND-9912,WH-IND-03,120,1,0,5,10
2025-10-12,SKU-IND-9912,WH-IND-03,42,1,0,6,10
2025-10-13,SKU-IND-9912,WH-IND-03,160,1,0,0,10
2025-10-14,SKU-IND-9912,WH-IND-03,119,1,0,1,10
2025-10-15,SKU-IND-9912,WH-IND-03,148,1,0,2,10
2025-10-16,SKU-IND-9912,WH-IND-03,148,1,0,3,10
2025-10-17,SKU-IND-9912,WH-IND-03,142,1,0,4,10
2025-10-18,SKU-IND-9912,WH-IND-03,126,1,0,5,10
2025-10-19,SKU-IND-9912,WH-IND-03,71,1,0,6,10
2025-10-20,SKU-IND-9912,WH-IND-03,183,1,0,0,10
2025-10-21,SKU-IND-9912,WH-IND-03,141,1,0,1,10
2025-10-22,SKU-IND-9912,WH-IND-03,145,1,0,2,10
2025-10-23,SKU-IND-9912,WH-IND-03,141,1,0,3,10
2025-10-24,SKU-IND-9912,WH-IND-03,145,1,0,4,10
2025-10-25,SKU-IND-9912,WH-IND-03,138,1,0,5,10
2025-10-26,SKU-IND-9912,WH-IND-03,55,1,0,6,10
2025-10-27,SKU-IND-9912,WH-IND-03,171,1,0,0,10
2025-10-28,SKU-IND-9912,WH-IND-03,166,1,0,1,10
2025-10-29,SKU-IND-9912,WH-IND-03,125,1,0,2,10
2025-10-30,SKU-IND-9912,WH-IND-03,139,1,0,3,10
2025-10-31,SKU-IND-9912,WH-IND-03,127,1,0,4,10
2025-11-01,SKU-IND-9912,WH-IND-03,115,0,0,5,11
2025-11-02,SKU-IND-9912,WH-IND-03,32,0,0,6,11
2025-11-03,SKU-IND-9912,WH-IND-03,96,0,0,0,11
2025-11-04,SKU-IND-9912,WH-IND-03,105,0,0,1,11
2025-11-05,SKU-IND-9912,WH-IND-03,117,0,0,2,11
2025-11-06,SKU-IND-9912,WH-IND-03,105,0,0,3,11
2025-11-07,SKU-IND-9912,WH-IND-03,100,0,0,4,11
2025-11-08,SKU-IND-9912,WH-IND-03,103,0,0,5,11
2025-11-09,SKU-IND-9912,WH-IND-03,55,0,0,6,11
2025-11-10,SKU-IND-9912,WH-IND-03,104,0,0,0,11
2025-11-11,SKU-IND-9912,WH-IND-03,97,0,0,1,11
2025-11-12,SKU-IND-9912,WH-IND-03,94,0,0,2,11
2025-11-13,SKU-IND-9912,WH-IND-03,86,0,0,3,11
2025-11-14,SKU-IND-9912,WH-IND-03,96,0,0,4,11
2025-11-15,SKU-IND-9912,WH-IND-03,112,0,0,5,11
2025-11-16,SKU-IND-9912,WH-IND-03,46,0,0,6,11
2025-11-17,SKU-IND-9912,WH-IND-03,122,0,0,0,11
2025-11-18,SKU-IND-9912,WH-IND-03,102,0,0,1,11
2025-11-19,SKU-IND-9912,WH-IND-03,106,0,0,2,11
2025-11-20,SKU-IND-9912,WH-IND-03,92,0,0,3,11
2025-11-21,SKU-IND-9912,WH-IND-03,97,0,0,4,11
2025-11-22,SKU-IND-9912,WH-IND-03,103,0,0,5,11
2025-11-23,SKU-IND-9912,WH-IND-03,43,0,0,6,11
2025-11-24,SKU-IND-9912,WH-IND-03,120,0,0,0,11
2025-11-25,SKU-IND-9912,WH-IND-03,100,0,0,1,11
2025-11-26,SKU-IND-9912,WH-IND-03,98,0,0,2,11
2025-11-27,SKU-IND-9912,WH-IND-03,137,0,0,3,11
2025-11-28,SKU-IND-9912,WH-IND-03,113,0,0,4,11
2025-11-29,SKU-IND-9912,WH-IND-03,107,0,0,5,11
2025-11-30,SKU-IND-9912,WH-IND-03,38,0,0,6,11
2025-12-01,SKU-IND-9912,WH-IND-03,114,0,0,0,12
2025-12-02,SKU-IND-9912,WH-IND-03,102,0,0,1,12
2025-12-03,SKU-IND-9912,WH-IND-03,107,0,0,2,12
2025-12-04,SKU-IND-9912,WH-IND-03,83,0,0,3,12
2025-12-05,SKU-IND-9912,WH-IND-03,87,0,0,4,12
2025-12-06,SKU-IND-9912,WH-IND-03,97,0,0,5,12
2025-12-07,SKU-IND-9912,WH-IND-03,44,0,0,6,12
2025-12-08,SKU-IND-9912,WH-IND-03,118,0,0,0,12
2025-12-09,SKU-IND-9912,WH-IND-03,122,0,0,1,12
2025-12-10,SKU-IND-9912,WH-IND-03,89,0,0,2,12
2025-12-11,SKU-IND-9912,WH-IND-03,97,0,0,3,12
2025-12-12,SKU-IND-9912,WH-IND-03,123,0,0,4,12
2025-12-13,SKU-IND-9912,WH-IND-03,108,0,0,5,12
2025-12-14,SKU-IND-9912,WH-IND-03,52,0,0,6,12
2025-12-15,SKU-IND-9912,WH-IND-03,146,0,0,0,12
2025-12-16,SKU-IND-9912,WH-IND-03,99,0,0,1,12
2025-12-17,SKU-IND-9912,WH-IND-03,106,0,0,2,12
2025-12-18,SKU-IND-9912,WH-IND-03,105,0,0,3,12
2025-12-19,SKU-IND-9912,WH-IND-03,86,0,0,4,12
2025-12-20,SKU-IND-9912,WH-IND-03,105,0,0,5,12
2025-12-21,SKU-IND-9912,WH-IND-03,53,0,0,6,12
2025-12-22,SKU-IND-9912,WH-IND-03,131,0,0,0,12
2025-12-23,SKU-IND-9912,WH-IND-03,116,0,0,1,12
2025-12-24,SKU-IND-9912,WH-IND-03,105,0,0,2,12
2025-12-25,SKU-IND-9912,WH-IND-03,102,0,0,3,12
2025-12-26,SKU-IND-9912,WH-IND-03,124,0,0,4,12
2025-12-27,SKU-IND-9912,WH-IND-03,105,0,0,5,12
2025-12-28,SKU-IND-9912,WH-IND-03,47,0,0,6,12
2025-12-29,SKU-IND-9912,WH-IND-03,129,0,0,0,12
2025-12-30,SKU-IND-9912,WH-IND-03,127,0,0,1,12
