shipment_id,ship_date,origin,destination,corridor,transport_mode,distance_km,planned_transit_hours,expected_delivery,monsoon_season,supplier_reliability,vehicle_age_years,load_weight_tons,carrier_rating,actual_delivery,delay_hours,is_delayed
SHP-TRK-10000,2025-04-01 01:00:00,Sriperumbudur (Tamil Nadu),Chakan Assembly Alpha (Pune),Golden Quadrilateral Delhi-Kolkata,Road (Heavy Haulage),371.6,10.6,2025-04-01 11:37:06,0,0.792,3.2,16.4,3.5,2025-04-01 11:37:06,0.0,0
SHP-TRK-10001,2025-04-01 01:00:00,Sriperumbudur (Tamil Nadu),Chakan Assembly Alpha (Pune),NH48 Western Corridor,Coastal Ro-Ro,734.3,21.0,2025-04-01 21:58:50,0,0.912,6.6,16.1,4.0,2025-04-01 21:58:50,0.0,0
SHP-TRK-10002,2025-04-01 04:00:00,Bengaluru Electronic City,Chakan Assembly Alpha (Pune),NH48 Western Corridor,Rail (Dedicated Freight Corridor),595.0,13.2,2025-04-01 17:13:16,0,0.891,8.7,21.1,4.83,2025-04-01 22:19:16,5.1,1
SHP-TRK-10003,2025-04-01 05:00:00,Bengaluru Electronic City,Chakan Assembly Alpha (Pune),Western DFC Electric Rail,Rail (Dedicated Freight Corridor),1028.2,22.8,2025-04-02 03:50:56,0,0.79,1.1,31.0,4.41,2025-04-02 03:50:56,0.0,0
SHP-TRK-10004,2025-04-01 06:00:00,Pune MIDC (Maharashtra),Manesar Northern Plant,NH48 Western Corridor,Road (Heavy Haulage),967.2,27.6,2025-04-02 09:38:03,0,0.945,8.6,7.4,4.5,2025-04-04 06:08:03,44.5,1
SHP-TRK-10005,2025-04-01 07:00:00,Gurugram (Haryana),Chakan Assembly Alpha (Pune),Golden Quadrilateral Delhi-Kolkata,Rail (Dedicated Freight Corridor),1066.1,23.7,2025-04-02 06:41:30,0,0.826,1.1,20.5,4.08,2025-04-02 06:41:30,0.0,0
SHP-TRK-10006,2025-04-01 09:00:00,Gurugram (Haryana),Oragadam Southern Plant (Chennai),NH48 Western Corridor,Road (Express),1057.0,30.2,2025-04-02 15:11:55,0,0.974,1.8,4.7,3.54,2025-04-02 15:11:55,0.0,0
SHP-TRK-10007,2025-04-01 09:00:00,Pune MIDC (Maharashtra),Kundli DC,NH48 Western Corridor,Road (Heavy Haulage),771.3,22.0,2025-04-02 07:02:12,0,0.908,1.1,20.7,4.36,2025-04-02 07:02:12,0.0,0
SHP-TRK-10008,2025-04-01 09:00:00,Sanand Hub (Gujarat),Manesar Northern Plant,NH48 Western Corridor,Road (Heavy Haulage),1303.0,37.2,2025-04-02 22:13:39,0,0.912,1.1,11.3,3.81,2025-04-02 22:13:39,0.0,0
SHP-TRK-10009,2025-04-01 11:00:00,Sanand Hub (Gujarat),Chakan Assembly Alpha (Pune),Golden Quadrilateral Delhi-Kolkata,Rail (Dedicated Freight Corridor),978.1,21.7,2025-04-02 08:44:06,0,0.895,1.6,30.7,4.61,2025-04-02 08:44:06,0.0,0
SHP-TRK-10010,2025-04-01 13:00:00,Pune MIDC (Maharashtra),Kundli DC,NH48 Western Corridor,Rail (Dedicated Freight Corridor),990.1,22.0,2025-04-02 11:00:11,0,0.913,6.9,18.8,4.78,2025-04-02 21:30:11,10.5,1
SHP-TRK-10011,2025-04-01 16:00:00,Sriperumbudur (Tamil Nadu),Oragadam Southern Plant (Chennai),NH48 Western Corridor,Road (Heavy Haulage),1324.4,37.8,2025-04-03 05:50:25,0,0.893,7.3,17.0,3.77,2025-04-03 05:50:25,0.0,0
SHP-TRK-10012,2025-04-01 18:00:00,Pune MIDC (Maharashtra),Oragadam Southern Plant (Chennai),Western DFC Electric Rail,Road (Heavy Haulage),1373.5,39.2,2025-04-03 09:14:38,0,0.737,7.6,12.5,3.43,2025-04-03 09:14:38,0.0,0
SHP-TRK-10013,2025-04-01 21:00:00,Bengaluru Electronic City,Oragadam Southern Plant (Chennai),Western DFC Electric Rail,Road (Heavy Haulage),1362.5,38.9,2025-04-03 11:55:46,0,0.747,7.1,15.8,3.79,2025-04-03 11:55:46,0.0,0
SHP-TRK-10014,2025-04-01 22:00:00,Sanand Hub (Gujarat),Chakan Assembly Alpha (Pune),NH48 Western Corridor,Road (Heavy Haulage),1047.1,29.9,2025-04-03 03:54:57,0,0.949,7.5,23.3,3.86,2025-04-03 12:42:57,8.8,1
SHP-TRK-10015,2025-04-02 00:00:00,Sanand Hub (Gujarat),Oragadam Southern Plant (Chennai),NH48 Western Corridor,Rail (Dedicated Freight Corridor),674.5,15.0,2025-04-02 14:59:23,0,0.935,7.3,13.0,4.83,2025-04-02 14:59:23,0.0,0
SHP-TRK-10016,2025-04-02 01:00:00,Bengaluru Electronic City,Oragadam Southern Plant (Chennai),Coastal Maritime Lane,Rail (Dedicated Freight Corridor),1301.6,28.9,2025-04-03 05:55:26,0,0.747,4.1,19.7,3.69,2025-04-03 05:55:26,0.0,0
SHP-TRK-10017,2025-04-02 14:00:00,Gurugram (Haryana),Manesar Northern Plant,Chennai-Bengaluru Expressway,Road (Express),1148.0,32.8,2025-04-03 22:48:02,0,0.834,5.9,8.9,3.67,2025-04-03 22:48:02,0.0,0
SHP-TRK-10018,2025-04-02 14:00:00,Sriperumbudur (Tamil Nadu),Chakan Assembly Alpha (Pune),NH48 Western Corridor,Road (Heavy Haulage),252.4,7.2,2025-04-02 21:12:40,0,0.907,6.9,18.7,3.43,2025-04-03 02:24:40,5.2,1
SHP-TRK-10019,2025-04-02 16:00:00,Sanand Hub (Gujarat),Bhiwandi Central DC,NH48 Western Corridor,Road (Heavy Haulage),376.4,10.8,2025-04-03 02:45:16,0,0.778,5.2,21.2,3.49,2025-04-03 02:45:16,0.0,0
SHP-TRK-10020,2025-04-03 01:00:00,Bengaluru Electronic City,Chakan Assembly Alpha (Pune),Coastal Maritime Lane,Road (Heavy Haulage),989.6,28.3,2025-04-04 05:16:23,0,0.865,4.3,16.3,4.44,2025-04-04 05:16:23,0.0,0
SHP-TRK-10021,2025-04-03 06:00:00,Pune MIDC (Maharashtra),Chakan Assembly Alpha (Pune),Western DFC Electric Rail,Rail (Dedicated Freight Corridor),1294.6,28.8,2025-04-04 10:46:10,0,0.884,5.3,7.7,3.58,2025-04-04 10:46:10,0.0,0
SHP-TRK-10022,2025-04-03 07:00:00,Bengaluru Electronic City,Chakan Assembly Alpha (Pune),NH48 Western Corridor,Rail (Dedicated Freight Corridor),720.2,16.0,2025-04-03 23:00:18,0,0.953,2.6,18.5,3.43,2025-04-03 23:00:18,0.0,0
SHP-TRK-10023,2025-04-03 12:00:00,Pune MIDC (Maharashtra),Chakan Assembly Alpha (Pune),Western DFC Electric Rail,Rail (Dedicated Freight Corridor),1004.1,22.3,2025-04-04 10:18:48,0,0.899,3.0,4.8,4.2,2025-04-04 10:18:48,0.0,0
SHP-TRK-10024,2025-04-03 16:00:00,Pune MIDC (Maharashtra),Bhiwandi Central DC,Western DFC Electric Rail,Road (Express),650.4,18.6,2025-04-04 10:34:53,0,0.926,4.6,9.5,4.72,2025-04-04 10:34:53,0.0,0
SHP-TRK-10025,2025-04-04 00:00:00,Bengaluru Electronic City,Chakan Assembly Alpha (Pune),Chennai-Bengaluru Expressway,Road (Heavy Haulage),1332.1,38.1,2025-04-05 14:03:38,0,0.773,1.5,28.6,4.21,2025-04-05 14:03:38,0.0,0
SHP-TRK-10026,2025-04-04 02:00:00,Gurugram (Haryana),Chakan Assembly Alpha (Pune),NH48 Western Corridor,Rail (Dedicated Freight Corridor),700.6,15.6,2025-04-04 17:34:05,0,0.929,4.5,31.9,3.88,2025-04-04 17:34:05,0.0,0
SHP-TRK-10027,2025-04-04 05:00:00,Sanand Hub (Gujarat),Oragadam Southern Plant (Chennai),NH48 Western Corridor,Road (Heavy Haulage),693.5,19.8,2025-04-05 00:48:50,0,0.841,6.8,22.6,3.41,2025-04-05 00:48:50,0.0,0
SHP-TRK-10028,2025-04-04 06:00:00,Sanand Hub (Gujarat),Manesar Northern Plant,NH48 Western Corridor,Rail (Dedicated Freight Corridor),1215.4,27.0,2025-04-05 09:00:31,0,0.921,5.4,6.3,4.28,2025-04-05 09:00:31,0.0,0
SHP-TRK-10029,2025-04-04 17:00:00,Pune MIDC (Maharashtra),Bhiwandi Central DC,Western DFC Electric Rail,Road (Express),418.4,12.0,2025-04-05 04:57:14,0,0.895,6.0,24.9,3.69,2025-04-05 04:57:14,0.0,0
SHP-TRK-10030,2025-04-04 22:00:00,Gurugram (Haryana),Manesar Northern Plant,Golden Quadrilateral Delhi-Kolkata,Coastal Ro-Ro,966.6,27.6,2025-04-06 01:37:00,0,0.89,8.1,20.4,3.63,2025-04-06 01:37:00,0.0,0
SHP-TRK-10031,2025-04-05 01:00:00,Bengaluru Electronic City,Manesar Northern Plant,NH48 Western Corridor,Road (Heavy Haulage),626.6,17.9,2025-04-05 18:54:09,0,0.783,2.7,16.2,4.16,2025-04-05 18:54:09,0.0,0
SHP-TRK-10032,2025-04-05 02:00:00,Sanand Hub (Gujarat),Chakan Assembly Alpha (Pune),NH48 Western Corridor,Rail (Dedicated Freight Corridor),1236.2,27.5,2025-04-06 05:28:15,0,0.891,7.4,12.0,3.8,2025-04-06 05:28:15,0.0,0
SHP-TRK-10033,2025-04-05 09:00:00,Gurugram (Haryana),Manesar Northern Plant,NH48 Western Corridor,Road (Heavy Haulage),479.1,13.7,2025-04-05 22:41:20,0,0.901,2.7,20.9,4.39,2025-04-05 22:41:20,0.0,0
SHP-TRK-10034,2025-04-05 09:00:00,Pune MIDC (Maharashtra),Bhiwandi Central DC,NH48 Western Corridor,Road (Express),356.1,10.2,2025-04-05 19:10:23,0,0.902,3.9,16.4,3.45,2025-04-06 03:22:23,8.2,1
SHP-TRK-10035,2025-04-05 16:00:00,Gurugram (Haryana),Chakan Assembly Alpha (Pune),NH48 Western Corridor,Rail (Dedicated Freight Corridor),1050.2,23.3,2025-04-06 15:20:17,0,0.804,8.2,28.9,4.89,2025-04-08 03:44:17,36.4,1
SHP-TRK-10036,2025-04-05 19:00:00,Pune MIDC (Maharashtra),Bhiwandi Central DC,Western DFC Electric Rail,Road (Heavy Haulage),330.7,9.4,2025-04-06 04:26:55,0,0.745,9.0,13.5,4.61,2025-04-06 04:26:55,0.0,0
SHP-TRK-10037,2025-04-05 20:00:00,Gurugram (Haryana),Kundli DC,NH48 Western Corridor,Road (Heavy Haulage),743.4,21.2,2025-04-06 17:14:27,0,0.754,1.2,14.4,4.25,2025-04-06 17:14:27,0.0,0
SHP-TRK-10038,2025-04-05 21:00:00,Bengaluru Electronic City,Manesar Northern Plant,NH48 Western Corridor,Road (Heavy Haulage),1167.2,33.3,2025-04-07 06:20:57,0,0.882,7.1,5.6,4.33,2025-04-07 06:20:57,0.0,0
SHP-TRK-10039,2025-04-06 05:00:00,Sriperumbudur (Tamil Nadu),Manesar Northern Plant,Western DFC Electric Rail,Air Cargo Express,947.1,15.8,2025-04-06 20:47:08,0,0.978,7.1,16.7,3.98,2025-04-06 20:47:08,0.0,0
SHP-TRK-10040,2025-04-06 05:00:00,Sanand Hub (Gujarat),Manesar Northern Plant,Coastal Maritime Lane,Coastal Ro-Ro,660.3,18.9,2025-04-06 23:51:55,0,0.857,2.7,31.9,4.37,2025-04-06 23:51:55,0.0,0
SHP-TRK-10041,2025-04-06 06:00:00,Pune MIDC (Maharashtra),Manesar Northern Plant,NH48 Western Corridor,Rail (Dedicated Freight Corridor),795.7,17.7,2025-04-06 23:40:57,0,0.895,6.4,14.8,3.65,2025-04-06 23:40:57,0.0,0
SHP-TRK-10042,2025-04-06 10:00:00,Sriperumbudur (Tamil Nadu),Manesar Northern Plant,Western DFC Electric Rail,Rail (Dedicated Freight Corridor),580.3,12.9,2025-04-06 22:53:47,0,0.761,6.1,21.0,4.08,2025-04-07 19:59:47,21.1,1
SHP-TRK-10043,2025-04-06 13:00:00,Sriperumbudur (Tamil Nadu),Bhiwandi Central DC,NH48 Western Corridor,Road (Heavy Haulage),1184.9,33.9,2025-04-07 22:51:17,0,0.879,6.6,27.5,4.84,2025-04-07 22:51:17,0.0,0
SHP-TRK-10044,2025-04-06 17:00:00,Sriperumbudur (Tamil Nadu),Oragadam Southern Plant (Chennai),NH48 Western Corridor,Road (Heavy Haulage),937.1,26.8,2025-04-07 19:46:30,0,0.792,8.4,20.5,3.93,2025-04-07 19:46:30,0.0,0
SHP-TRK-10045,2025-04-06 18:00:00,Sanand Hub (Gujarat),Chakan Assembly Alpha (Pune),NH48 Western Corridor,Road (Heavy Haulage),978.2,27.9,2025-04-07 21:56:56,0,0.949,8.1,22.6,4.73,2025-04-09 05:44:56,31.8,1
SHP-TRK-10046,2025-04-06 19:00:00,Sanand Hub (Gujarat),Manesar Northern Plant,Chennai-Bengaluru Expressway,Road (Heavy Haulage),1446.7,41.3,2025-04-08 12:20:01,0,0.728,8.2,21.6,4.1,2025-04-08 12:20:01,0.0,0
SHP-TRK-10047,2025-04-06 20:00:00,Pune MIDC (Maharashtra),Chakan Assembly Alpha (Pune),NH48 Western Corridor,Road (Heavy Haulage),1420.4,40.6,2025-04-08 12:34:59,0,0.932,7.8,30.3,3.51,2025-04-08 23:22:59,10.8,1
SHP-TRK-10048,2025-04-06 21:00:00,Sanand Hub (Gujarat),Chakan Assembly Alpha (Pune),NH48 Western Corridor,Rail (Dedicated Freight Corridor),371.2,8.2,2025-04-07 05:14:53,0,0.764,2.2,31.3,4.85,2025-04-07 05:14:53,0.0,0
SHP-TRK-10049,2025-04-07 01:00:00,Bengaluru Electronic City,Chakan Assembly Alpha (Pune),NH48 Western Corridor,Road (Express),609.3,17.4,2025-04-07 18:24:26,0,0.78,2.0,11.6,4.41,2025-04-07 18:24:26,0.0,0
SHP-TRK-10050,2025-04-07 01:00:00,Sanand Hub (Gujarat),Chakan Assembly Alpha (Pune),NH48 Western Corridor,Road (Express),661.2,18.9,2025-04-07 19:53:26,0,0.945,2.2,6.8,3.85,2025-04-07 19:53:26,0.0,0
SHP-TRK-10051,2025-04-07 03:00:00,Sriperumbudur (Tamil Nadu),Bhiwandi Central DC,Western DFC Electric Rail,Road (Heavy Haulage),856.6,24.5,2025-04-08 03:28:28,0,0.757,6.0,12.0,3.52,2025-04-08 03:28:28,0.0,0
SHP-TRK-10052,2025-04-07 04:00:00,Bengaluru Electronic City,Oragadam Southern Plant (Chennai),NH48 Western Corridor,Road (Express),752.3,21.5,2025-04-08 01:29:42,0,0.839,6.8,20.3,4.57,2025-04-08 01:29:42,0.0,0
SHP-TRK-10053,2025-04-07 08:00:00,Gurugram (Haryana),Oragadam Southern Plant (Chennai),Chennai-Bengaluru Expressway,Rail (Dedicated Freight Corridor),1437.3,31.9,2025-04-08 15:56:27,0,0.951,4.0,9.9,4.51,2025-04-08 15:56:27,0.0,0
SHP-TRK-10054,2025-04-07 09:00:00,Bengaluru Electronic City,Oragadam Southern Plant (Chennai),NH48 Western Corridor,Road (Express),1281.8,36.6,2025-04-08 21:37:17,0,0.826,3.6,17.0,3.59,2025-04-08 21:37:17,0.0,0
SHP-TRK-10055,2025-04-07 10:00:00,Sanand Hub (Gujarat),Kundli DC,Western DFC Electric Rail,Road (Heavy Haulage),945.2,27.0,2025-04-08 13:00:18,0,0.847,6.2,10.8,3.96,2025-04-08 13:00:18,0.0,0
SHP-TRK-10056,2025-04-07 11:00:00,Sriperumbudur (Tamil Nadu),Chakan Assembly Alpha (Pune),NH48 Western Corridor,Rail (Dedicated Freight Corridor),584.4,13.0,2025-04-07 23:59:09,0,0.777,2.5,27.2,4.79,2025-04-07 23:59:09,0.0,0
SHP-TRK-10057,2025-04-07 14:00:00,Gurugram (Haryana),Manesar Northern Plant,NH48 Western Corridor,Road (Heavy Haulage),1207.3,34.5,2025-04-09 00:29:37,0,0.816,1.7,19.8,4.59,2025-04-09 00:29:37,0.0,0
SHP-TRK-10058,2025-04-07 15:00:00,Sanand Hub (Gujarat),Manesar Northern Plant,NH48 Western Corridor,Road (Heavy Haulage),1298.9,37.1,2025-04-09 04:06:39,0,0.785,3.1,4.5,4.59,2025-04-09 04:06:39,0.0,0
SHP-TRK-10059,2025-04-07 17:00:00,Sriperumbudur (Tamil Nadu),Bhiwandi Central DC,Western DFC Electric Rail,Road (Heavy Haulage),671.5,19.2,2025-04-08 12:11:04,0,0.744,4.9,29.8,3.71,2025-04-08 20:59:04,8.8,1
SHP-TRK-10060,2025-04-07 17:00:00,Sanand Hub (Gujarat),Kundli DC,Western DFC Electric Rail,Rail (Dedicated Freight Corridor),1162.7,25.8,2025-04-08 18:50:15,0,0.76,4.9,16.3,4.9,2025-04-08 18:50:15,0.0,0
SHP-TRK-10061,2025-04-07 18:00:00,Pune MIDC (Maharashtra),Oragadam Southern Plant (Chennai),NH48 Western Corridor,Road (Express),286.6,8.2,2025-04-08 02:11:14,0,0.773,3.7,18.5,4.77,2025-04-08 02:11:14,0.0,0
SHP-TRK-10062,2025-04-07 19:00:00,Sriperumbudur (Tamil Nadu),Oragadam Southern Plant (Chennai),NH48 Western Corridor,Road (Heavy Haulage),911.4,26.0,2025-04-08 21:02:23,0,0.834,7.7,8.9,3.76,2025-04-09 09:20:23,12.3,1
SHP-TRK-10063,2025-04-07 22:00:00,Sanand Hub (Gujarat),Manesar Northern Plant,Western DFC Electric Rail,Road (Heavy Haulage),587.3,16.8,2025-04-08 14:46:43,0,0.765,4.0,26.5,4.53,2025-04-08 14:46:43,0.0,0
SHP-TRK-10064,2025-04-08 06:00:00,Sanand Hub (Gujarat),Bhiwandi Central DC,Golden Quadrilateral Delhi-Kolkata,Road (Heavy Haulage),928.9,26.5,2025-04-09 08:32:27,0,0.962,4.1,6.3,4.19,2025-04-10 13:08:27,28.6,1
SHP-TRK-10065,2025-04-08 14:00:00,Pune MIDC (Maharashtra),Chakan Assembly Alpha (Pune),NH48 Western Corridor,Road (Heavy Haulage),1403.8,40.1,2025-04-10 06:06:29,0,0.894,8.5,11.8,4.42,2025-04-10 06:06:29,0.0,0
SHP-TRK-10066,2025-04-08 14:00:00,Bengaluru Electronic City,Bhiwandi Central DC,Chennai-Bengaluru Expressway,Coastal Ro-Ro,1136.9,32.5,2025-04-09 22:28:56,0,0.792,3.3,31.0,4.46,2025-04-10 20:04:56,21.6,1
SHP-TRK-10067,2025-04-08 19:00:00,Sriperumbudur (Tamil Nadu),Kundli DC,NH48 Western Corridor,Road (Heavy Haulage),344.7,9.8,2025-04-09 04:50:57,0,0.835,3.1,13.9,4.8,2025-04-09 04:50:57,0.0,0
SHP-TRK-10068,2025-04-08 21:00:00,Sanand Hub (Gujarat),Oragadam Southern Plant (Chennai),NH48 Western Corridor,Coastal Ro-Ro,360.8,10.3,2025-04-09 07:18:34,0,0.762,5.8,8.6,4.07,2025-04-09 07:18:34,0.0,0
SHP-TRK-10069,2025-04-08 22:00:00,Sriperumbudur (Tamil Nadu),Chakan Assembly Alpha (Pune),Golden Quadrilateral Delhi-Kolkata,Rail (Dedicated Freight Corridor),1151.4,25.6,2025-04-09 23:35:13,0,0.916,5.6,29.4,4.54,2025-04-09 23:35:13,0.0,0
SHP-TRK-10070,2025-04-09 01:00:00,Sanand Hub (Gujarat),Chakan Assembly Alpha (Pune),Golden Quadrilateral Delhi-Kolkata,Road (Heavy Haulage),743.4,21.2,2025-04-09 22:14:27,0,0.825,8.1,29.1,3.87,2025-04-09 22:14:27,0.0,0
SHP-TRK-10071,2025-04-09 05:00:00,Sriperumbudur (Tamil Nadu),Chakan Assembly Alpha (Pune),NH48 Western Corridor,Road (Heavy Haulage),660.5,18.9,2025-04-09 23:52:20,0,0.832,7.6,7.8,4.2,2025-04-09 23:52:20,0.0,0
SHP-TRK-10072,2025-04-09 09:00:00,Bengaluru Electronic City,Oragadam Southern Plant (Chennai),Western DFC Electric Rail,Road (Heavy Haulage),770.6,22.0,2025-04-10 07:01:03,0,0.763,1.9,19.5,3.92,2025-04-10 07:01:03,0.0,0
SHP-TRK-10073,2025-04-09 10:00:00,Pune MIDC (Maharashtra),Manesar Northern Plant,Chennai-Bengaluru Expressway,Coastal Ro-Ro,929.9,26.6,2025-04-10 12:34:09,0,0.891,8.2,15.5,3.42,2025-04-10 12:34:09,0.0,0
SHP-TRK-10074,2025-04-09 12:00:00,Pune MIDC (Maharashtra),Bhiwandi Central DC,Western DFC Electric Rail,Road (Heavy Haulage),806.8,23.1,2025-04-10 11:03:02,0,0.751,8.8,10.4,4.51,2025-04-11 03:39:02,16.6,1
SHP-TRK-10075,2025-04-09 13:00:00,Sanand Hub (Gujarat),Manesar Northern Plant,NH48 Western Corridor,Rail (Dedicated Freight Corridor),457.0,10.2,2025-04-09 23:09:22,0,0.868,3.4,30.3,4.88,2025-04-09 23:09:22,0.0,0
SHP-TRK-10076,2025-04-09 14:00:00,Bengaluru Electronic City,Kundli DC,NH48 Western Corridor,Road (Heavy Haulage),310.4,8.9,2025-04-09 22:52:08,0,0.734,6.5,17.1,3.78,2025-04-10 16:10:08,17.3,1
SHP-TRK-10077,2025-04-09 15:00:00,Sriperumbudur (Tamil Nadu),Oragadam Southern Plant (Chennai),Chennai-Bengaluru Expressway,Road (Express),822.8,23.5,2025-04-10 14:30:32,0,0.811,3.9,26.7,3.71,2025-04-10 14:30:32,0.0,0
SHP-TRK-10078,2025-04-09 15:00:00,Sanand Hub (Gujarat),Oragadam Southern Plant (Chennai),Chennai-Bengaluru Expressway,Rail (Dedicated Freight Corridor),515.5,11.5,2025-04-10 02:27:18,0,0.819,7.5,27.1,4.09,2025-04-10 02:27:18,0.0,0
SHP-TRK-10079,2025-04-09 21:00:00,Bengaluru Electronic City,Kundli DC,Coastal Maritime Lane,Road (Heavy Haulage),1070.6,30.6,2025-04-11 03:35:22,0,0.858,1.3,17.6,3.64,2025-04-11 03:35:22,0.0,0
SHP-TRK-10080,2025-04-09 23:00:00,Sriperumbudur (Tamil Nadu),Kundli DC,Golden Quadrilateral Delhi-Kolkata,Rail (Dedicated Freight Corridor),332.1,7.4,2025-04-10 06:22:51,0,0.829,1.9,21.4,4.39,2025-04-10 06:22:51,0.0,0
SHP-TRK-10081,2025-04-10 08:00:00,Sanand Hub (Gujarat),Oragadam Southern Plant (Chennai),Western DFC Electric Rail,Rail (Dedicated Freight Corridor),1250.4,27.8,2025-04-11 11:47:09,0,0.932,5.9,14.8,3.56,2025-04-11 11:47:09,0.0,0
SHP-TRK-10082,2025-04-10 09:00:00,Bengaluru Electronic City,Oragadam Southern Plant (Chennai),Golden Quadrilateral Delhi-Kolkata,Rail (Dedicated Freight Corridor),334.1,7.4,2025-04-10 16:25:30,0,0.823,2.5,8.8,3.46,2025-04-10 16:25:30,0.0,0
SHP-TRK-10083,2025-04-10 10:00:00,Bengaluru Electronic City,Chakan Assembly Alpha (Pune),Western DFC Electric Rail,Air Cargo Express,527.7,8.8,2025-04-10 18:47:39,0,0.851,6.9,30.8,4.8,2025-04-12 05:11:39,34.4,1
SHP-TRK-10084,2025-04-10 10:00:00,Gurugram (Haryana),Manesar Northern Plant,Western DFC Electric Rail,Rail (Dedicated Freight Corridor),1152.9,25.6,2025-04-11 11:37:10,0,0.858,6.4,16.3,4.64,2025-04-11 11:37:10,0.0,0
SHP-TRK-10085,2025-04-10 16:00:00,Sanand Hub (Gujarat),Bhiwandi Central DC,Chennai-Bengaluru Expressway,Rail (Dedicated Freight Corridor),767.6,17.1,2025-04-11 09:03:24,0,0.819,8.3,11.4,4.13,2025-04-11 09:03:24,0.0,0
SHP-TRK-10086,2025-04-10 16:00:00,Sriperumbudur (Tamil Nadu),Oragadam Southern Plant (Chennai),NH48 Western Corridor,Rail (Dedicated Freight Corridor),297.1,6.6,2025-04-10 22:36:09,0,0.791,1.1,31.4,3.99,2025-04-10 22:36:09,0.0,0
SHP-TRK-10087,2025-04-10 18:00:00,Pune MIDC (Maharashtra),Oragadam Southern Plant (Chennai),Chennai-Bengaluru Expressway,Rail (Dedicated Freight Corridor),1386.1,30.8,2025-04-12 00:48:08,0,0.824,7.3,11.8,3.44,2025-04-12 00:48:08,0.0,0
SHP-TRK-10088,2025-04-10 18:00:00,Sriperumbudur (Tamil Nadu),Manesar Northern Plant,NH48 Western Corridor,Rail (Dedicated Freight Corridor),1376.2,30.6,2025-04-12 00:34:58,0,0.767,6.0,10.6,4.22,2025-04-12 00:34:58,0.0,0
SHP-TRK-10089,2025-04-10 19:00:00,Bengaluru Electronic City,Chakan Assembly Alpha (Pune),Western DFC Electric Rail,Road (Heavy Haulage),1158.7,33.1,2025-04-12 04:06:24,0,0.953,1.7,15.3,4.39,2025-04-12 08:18:24,4.2,1
SHP-TRK-10090,2025-04-10 20:00:00,Sriperumbudur (Tamil Nadu),Chakan Assembly Alpha (Pune),NH48 Western Corridor,Road (Heavy Haulage),1251.9,35.8,2025-04-12 07:46:10,0,0.973,2.1,10.9,4.79,2025-04-12 07:46:10,0.0,0
SHP-TRK-10091,2025-04-11 09:00:00,Bengaluru Electronic City,Chakan Assembly Alpha (Pune),Western DFC Electric Rail,Road (Heavy Haulage),721.5,20.6,2025-04-12 05:36:48,0,0.727,5.7,4.8,3.86,2025-04-12 05:36:48,0.0,0
SHP-TRK-10092,2025-04-11 15:00:00,Sanand Hub (Gujarat),Manesar Northern Plant,Coastal Maritime Lane,Road (Heavy Haulage),903.0,25.8,2025-04-12 16:48:03,0,0.792,6.7,12.0,3.96,2025-04-12 16:48:03,0.0,0
SHP-TRK-10093,2025-04-11 18:00:00,Sriperumbudur (Tamil Nadu),Chakan Assembly Alpha (Pune),Chennai-Bengaluru Expressway,Road (Heavy Haulage),1216.8,34.8,2025-04-13 04:45:54,0,0.778,2.8,27.0,3.54,2025-04-13 04:45:54,0.0,0
SHP-TRK-10094,2025-04-11 20:00:00,Bengaluru Electronic City,Oragadam Southern Plant (Chennai),NH48 Western Corridor,Air Cargo Express,503.4,8.4,2025-04-12 04:23:21,0,0.916,1.4,18.0,3.9,2025-04-12 04:23:21,0.0,0
SHP-TRK-10095,2025-04-11 22:00:00,Bengaluru Electronic City,Oragadam Southern Plant (Chennai),Western DFC Electric Rail,Road (Heavy Haulage),1216.5,34.8,2025-04-13 08:45:27,0,0.918,2.2,8.6,3.94,2025-04-13 08:45:27,0.0,0
SHP-TRK-10096,2025-04-12 00:00:00,Bengaluru Electronic City,Manesar Northern Plant,NH48 Western Corridor,Road (Heavy Haulage),720.3,20.6,2025-04-12 20:34:47,0,0.901,2.5,22.1,4.73,2025-04-12 20:34:47,0.0,0
SHP-TRK-10097,2025-04-12 00:00:00,Gurugram (Haryana),Chakan Assembly Alpha (Pune),Western DFC Electric Rail,Road (Heavy Haulage),538.6,15.4,2025-04-12 15:23:22,0,0.895,7.6,23.0,4.0,2025-04-12 15:23:22,0.0,0
SHP-TRK-10098,2025-04-12 05:00:00,Sanand Hub (Gujarat),Manesar Northern Plant,Golden Quadrilateral Delhi-Kolkata,Road (Heavy Haulage),574.8,16.4,2025-04-12 21:25:19,0,0.741,8.9,8.8,4.87,2025-04-12 21:25:19,0.0,0
SHP-TRK-10099,2025-04-12 06:00:00,Pune MIDC (Maharashtra),Manesar Northern Plant,Chennai-Bengaluru Expressway,Rail (Dedicated Freight Corridor),597.3,13.3,2025-04-12 19:16:26,0,0.842,6.0,15.8,3.9,2025-04-12 19:16:26,0.0,0
SHP-TRK-10100,2025-04-12 07:00:00,Sriperumbudur (Tamil Nadu),Bhiwandi Central DC,Coastal Maritime Lane,Road (Heavy Haulage),1076.9,30.8,2025-04-13 13:46:07,0,0.934,5.4,25.9,3.46,2025-04-14 17:40:07,27.9,1
SHP-TRK-10101,2025-04-12 12:00:00,Gurugram (Haryana),Kundli DC,NH48 Western Corridor,Road (Heavy Haulage),1168.4,33.4,2025-04-13 21:23:01,0,0.786,7.9,7.3,4.41,2025-04-16 07:35:01,58.2,1
SHP-TRK-10102,2025-04-12 13:00:00,Pune MIDC (Maharashtra),Oragadam Southern Plant (Chennai),Western DFC Electric Rail,Rail (Dedicated Freight Corridor),973.8,21.6,2025-04-13 10:38:22,0,0.897,5.6,16.3,4.55,2025-04-13 10:38:22,0.0,0
SHP-TRK-10103,2025-04-12 13:00:00,Sanand Hub (Gujarat),Manesar Northern Plant,Western DFC Electric Rail,Road (Heavy Haulage),1146.5,32.8,2025-04-13 21:45:25,0,0.777,1.5,8.1,4.67,2025-04-13 21:45:25,0.0,0
SHP-TRK-10104,2025-04-12 14:00:00,Sanand Hub (Gujarat),Manesar Northern Plant,Western DFC Electric Rail,Road (Heavy Haulage),1364.6,39.0,2025-04-14 04:59:22,0,0.806,4.7,4.9,3.44,2025-04-14 13:11:22,8.2,1
SHP-TRK-10105,2025-04-12 17:00:00,Sriperumbudur (Tamil Nadu),Oragadam Southern Plant (Chennai),NH48 Western Corridor,Rail (Dedicated Freight Corridor),605.1,13.4,2025-04-13 06:26:49,0,0.893,8.7,5.9,4.27,2025-04-13 06:26:49,0.0,0
SHP-TRK-10106,2025-04-12 18:00:00,Sriperumbudur (Tamil Nadu),Oragadam Southern Plant (Chennai),NH48 Western Corridor,Road (Heavy Haulage),971.1,27.7,2025-04-13 21:44:43,0,0.809,8.3,15.7,3.84,2025-04-14 19:20:43,21.6,1
SHP-TRK-10107,2025-04-12 21:00:00,Sriperumbudur (Tamil Nadu),Manesar Northern Plant,Golden Quadrilateral Delhi-Kolkata,Coastal Ro-Ro,1061.6,30.3,2025-04-14 03:19:56,0,0.897,8.6,12.6,3.73,2025-04-14 11:43:56,8.4,1
SHP-TRK-10108,2025-04-12 21:00:00,Sriperumbudur (Tamil Nadu),Manesar Northern Plant,NH48 Western Corridor,Rail (Dedicated Freight Corridor),1124.5,25.0,2025-04-13 21:59:22,0,0.804,6.3,19.8,3.54,2025-04-14 03:59:22,6.0,1
SHP-TRK-10109,2025-04-13 01:00:00,Pune MIDC (Maharashtra),Kundli DC,NH48 Western Corridor,Rail (Dedicated Freight Corridor),732.4,16.3,2025-04-13 17:16:34,0,0.91,7.2,7.8,3.93,2025-04-14 14:40:34,21.4,1
SHP-TRK-10110,2025-04-13 06:00:00,Bengaluru Electronic City,Chakan Assembly Alpha (Pune),Chennai-Bengaluru Expressway,Rail (Dedicated Freight Corridor),1399.2,31.1,2025-04-14 13:05:32,0,0.867,5.1,6.8,3.97,2025-04-14 13:05:32,0.0,0
SHP-TRK-10111,2025-04-13 13:00:00,Sriperumbudur (Tamil Nadu),Oragadam Southern Plant (Chennai),NH48 Western Corridor,Road (Heavy Haulage),627.9,17.9,2025-04-14 06:56:24,0,0.745,2.4,31.7,4.2,2025-04-14 06:56:24,0.0,0
SHP-TRK-10112,2025-04-13 13:00:00,Gurugram (Haryana),Kundli DC,Chennai-Bengaluru Expressway,Rail (Dedicated Freight Corridor),642.3,14.3,2025-04-14 03:16:26,0,0.799,4.2,23.0,3.87,2025-04-14 03:16:26,0.0,0
SHP-TRK-10113,2025-04-13 14:00:00,Sanand Hub (Gujarat),Manesar Northern Plant,Western DFC Electric Rail,Road (Heavy Haulage),1082.1,30.9,2025-04-14 20:55:02,0,0.902,7.0,28.5,4.5,2025-04-14 20:55:02,0.0,0
SHP-TRK-10114,2025-04-13 14:00:00,Sriperumbudur (Tamil Nadu),Chakan Assembly Alpha (Pune),NH48 Western Corridor,Road (Heavy Haulage),781.6,22.3,2025-04-14 12:19:57,0,0.88,7.8,9.9,3.56,2025-04-16 14:37:57,50.3,1
SHP-TRK-10115,2025-04-13 18:00:00,Bengaluru Electronic City,Manesar Northern Plant,NH48 Western Corridor,Rail (Dedicated Freight Corridor),318.4,7.1,2025-04-14 01:04:34,0,0.747,5.7,19.5,4.36,2025-04-14 01:04:34,0.0,0
SHP-TRK-10116,2025-04-14 05:00:00,Pune MIDC (Maharashtra),Chakan Assembly Alpha (Pune),Golden Quadrilateral Delhi-Kolkata,Rail (Dedicated Freight Corridor),552.8,12.3,2025-04-14 17:17:01,0,0.8,5.9,29.2,4.27,2025-04-14 17:17:01,0.0,0
SHP-TRK-10117,2025-04-14 17:00:00,Pune MIDC (Maharashtra),Oragadam Southern Plant (Chennai),Western DFC Electric Rail,Rail (Dedicated Freight Corridor),477.9,10.6,2025-04-15 03:37:13,0,0.902,5.5,14.4,3.43,2025-04-15 03:37:13,0.0,0
SHP-TRK-10118,2025-04-14 19:00:00,Bengaluru Electronic City,Chakan Assembly Alpha (Pune),Golden Quadrilateral Delhi-Kolkata,Road (Express),647.6,18.5,2025-04-15 13:30:12,0,0.896,4.2,25.3,4.02,2025-04-15 13:30:12,0.0,0
SHP-TRK-10119,2025-04-15 02:00:00,Gurugram (Haryana),Chakan Assembly Alpha (Pune),Western DFC Electric Rail,Road (Heavy Haulage),1413.2,40.4,2025-04-16 18:22:36,0,0.818,1.5,13.8,3.64,2025-04-16 18:22:36,0.0,0
SHP-TRK-10120,2025-04-15 04:00:00,Sriperumbudur (Tamil Nadu),Kundli DC,NH48 Western Corridor,Rail (Dedicated Freight Corridor),730.8,16.2,2025-04-15 20:14:27,0,0.75,8.1,15.9,4.39,2025-04-15 20:14:27,0.0,0
SHP-TRK-10121,2025-04-15 04:00:00,Bengaluru Electronic City,Manesar Northern Plant,Chennai-Bengaluru Expressway,Road (Heavy Haulage),1378.6,39.4,2025-04-16 19:23:19,0,0.889,8.6,8.7,4.3,2025-04-16 19:23:19,0.0,0
SHP-TRK-10122,2025-04-15 04:00:00,Sriperumbudur (Tamil Nadu),Oragadam Southern Plant (Chennai),NH48 Western Corridor,Road (Heavy Haulage),720.1,20.6,2025-04-16 00:34:26,0,0.762,6.9,10.2,4.29,2025-04-16 15:52:26,15.3,1
SHP-TRK-10123,2025-04-15 05:00:00,Gurugram (Haryana),Manesar Northern Plant,Chennai-Bengaluru Expressway,Road (Heavy Haulage),898.3,25.7,2025-04-16 06:40:00,0,0.741,5.5,29.5,3.84,2025-04-16 06:40:00,0.0,0
SHP-TRK-10124,2025-04-15 06:00:00,Sanand Hub (Gujarat),Chakan Assembly Alpha (Pune),Western DFC Electric Rail,Road (Heavy Haulage),346.7,9.9,2025-04-15 15:54:24,0,0.964,7.0,20.6,3.52,2025-04-15 15:54:24,0.0,0
SHP-TRK-10125,2025-04-15 09:00:00,Bengaluru Electronic City,Manesar Northern Plant,Golden Quadrilateral Delhi-Kolkata,Road (Express),582.5,16.6,2025-04-16 01:38:32,0,0.965,2.0,28.6,3.67,2025-04-16 01:38:32,0.0,0
SHP-TRK-10126,2025-04-15 16:00:00,Pune MIDC (Maharashtra),Chakan Assembly Alpha (Pune),Western DFC Electric Rail,Road (Heavy Haulage),946.8,27.1,2025-04-16 19:03:02,0,0.963,6.4,17.7,4.83,2025-04-16 19:03:02,0.0,0
SHP-TRK-10127,2025-04-15 22:00:00,Sanand Hub (Gujarat),Kundli DC,Chennai-Bengaluru Expressway,Road (Heavy Haulage),586.4,16.8,2025-04-16 14:45:15,0,0.754,4.5,22.2,3.48,2025-04-16 14:45:15,0.0,0
SHP-TRK-10128,2025-04-15 23:00:00,Sriperumbudur (Tamil Nadu),Kundli DC,NH48 Western Corridor,Road (Heavy Haulage),781.1,22.3,2025-04-16 21:19:00,0,0.733,7.6,27.2,3.93,2025-04-16 21:19:00,0.0,0
SHP-TRK-10129,2025-04-16 02:00:00,Pune MIDC (Maharashtra),Manesar Northern Plant,Western DFC Electric Rail,Road (Express),1191.3,34.0,2025-04-17 12:02:12,0,0.876,4.3,30.8,4.31,2025-04-17 12:02:12,0.0,0
SHP-TRK-10130,2025-04-16 04:00:00,Sanand Hub (Gujarat),Manesar Northern Plant,NH48 Western Corridor,Rail (Dedicated Freight Corridor),321.5,7.1,2025-04-16 11:08:40,0,0.877,7.1,18.9,3.52,2025-04-17 06:32:40,19.4,1
SHP-TRK-10131,2025-04-16 04:00:00,Bengaluru Electronic City,Chakan Assembly Alpha (Pune),NH48 Western Corridor,Road (Heavy Haulage),714.0,20.4,2025-04-17 00:24:04,0,0.733,4.2,18.6,3.97,2025-04-17 00:24:04,0.0,0
SHP-TRK-10132,2025-04-16 05:00:00,Pune MIDC (Maharashtra),Chakan Assembly Alpha (Pune),NH48 Western Corridor,Rail (Dedicated Freight Corridor),335.4,7.5,2025-04-16 12:27:10,0,0.869,5.5,28.6,4.84,2025-04-16 12:27:10,0.0,0
SHP-TRK-10133,2025-04-16 14:00:00,Sanand Hub (Gujarat),Chakan Assembly Alpha (Pune),NH48 Western Corridor,Road (Heavy Haulage),899.5,25.7,2025-04-17 15:42:02,0,0.888,1.4,30.5,3.84,2025-04-17 15:42:02,0.0,0
SHP-TRK-10134,2025-04-16 22:00:00,Sanand Hub (Gujarat),Chakan Assembly Alpha (Pune),NH48 Western Corridor,Road (Heavy Haulage),872.3,24.9,2025-04-17 22:55:19,0,0.784,3.9,31.7,4.82,2025-04-17 22:55:19,0.0,0
SHP-TRK-10135,2025-04-17 00:00:00,Sanand Hub (Gujarat),Oragadam Southern Plant (Chennai),NH48 Western Corridor,Rail (Dedicated Freight Corridor),255.0,5.7,2025-04-17 05:40:01,0,0.894,6.1,15.8,4.02,2025-04-17 05:40:01,0.0,0
SHP-TRK-10136,2025-04-17 02:00:00,Sanand Hub (Gujarat),Oragadam Southern Plant (Chennai),NH48 Western Corridor,Road (Heavy Haulage),1398.1,39.9,2025-04-18 17:56:40,0,0.876,6.8,13.2,3.76,2025-04-18 17:56:40,0.0,0
SHP-TRK-10137,2025-04-17 05:00:00,Sanand Hub (Gujarat),Chakan Assembly Alpha (Pune),Golden Quadrilateral Delhi-Kolkata,Road (Express),906.3,25.9,2025-04-18 06:53:40,0,0.844,8.4,6.5,4.57,2025-04-18 16:53:40,10.0,1
SHP-TRK-10138,2025-04-17 06:00:00,Gurugram (Haryana),Chakan Assembly Alpha (Pune),Chennai-Bengaluru Expressway,Air Cargo Express,519.6,8.7,2025-04-17 14:39:35,0,0.824,4.3,31.4,3.9,2025-04-18 17:09:35,26.5,1
SHP-TRK-10139,2025-04-17 07:00:00,Pune MIDC (Maharashtra),Oragadam Southern Plant (Chennai),Chennai-Bengaluru Expressway,Rail (Dedicated Freight Corridor),1215.0,27.0,2025-04-18 09:59:59,0,0.945,1.5,23.5,4.22,2025-04-18 21:29:59,11.5,1
SHP-TRK-10140,2025-04-17 08:00:00,Bengaluru Electronic City,Oragadam Southern Plant (Chennai),NH48 Western Corridor,Coastal Ro-Ro,1060.5,30.3,2025-04-18 14:18:04,0,0.823,2.1,8.9,4.72,2025-04-18 14:18:04,0.0,0
SHP-TRK-10141,2025-04-17 08:00:00,Gurugram (Haryana),Kundli DC,NH48 Western Corridor,Road (Heavy Haulage),1053.1,30.1,2025-04-18 14:05:15,0,0.846,4.3,14.3,4.26,2025-04-18 14:05:15,0.0,0
SHP-TRK-10142,2025-04-17 11:00:00,Sanand Hub (Gujarat),Oragadam Southern Plant (Chennai),Western DFC Electric Rail,Rail (Dedicated Freight Corridor),502.1,11.2,2025-04-17 22:09:30,0,0.913,1.2,14.3,4.25,2025-04-17 22:09:30,0.0,0
SHP-TRK-10143,2025-04-17 20:00:00,Bengaluru Electronic City,Manesar Northern Plant,Golden Quadrilateral Delhi-Kolkata,Rail (Dedicated Freight Corridor),1132.0,25.2,2025-04-18 21:09:22,0,0.879,4.9,8.2,4.03,2025-04-18 21:09:22,0.0,0
SHP-TRK-10144,2025-04-17 21:00:00,Sriperumbudur (Tamil Nadu),Oragadam Southern Plant (Chennai),NH48 Western Corridor,Road (Heavy Haulage),845.5,24.2,2025-04-18 21:09:24,0,0.794,6.9,5.2,4.81,2025-04-18 21:09:24,0.0,0
SHP-TRK-10145,2025-04-17 22:00:00,Sanand Hub (Gujarat),Oragadam Southern Plant (Chennai),Western DFC Electric Rail,Road (Heavy Haulage),910.6,26.0,2025-04-19 00:01:05,0,0.826,5.2,29.2,3.43,2025-04-19 00:01:05,0.0,0
SHP-TRK-10146,2025-04-17 22:00:00,Gurugram (Haryana),Manesar Northern Plant,Western DFC Electric Rail,Air Cargo Express,1222.2,20.4,2025-04-18 18:22:11,0,0.832,7.0,29.6,3.67,2025-04-18 18:22:11,0.0,0
SHP-TRK-10147,2025-04-18 04:00:00,Bengaluru Electronic City,Chakan Assembly Alpha (Pune),NH48 Western Corridor,Road (Heavy Haulage),916.2,26.2,2025-04-19 06:10:33,0,0.873,4.4,21.4,3.66,2025-04-19 11:28:33,5.3,1
SHP-TRK-10148,2025-04-18 09:00:00,Sriperumbudur (Tamil Nadu),Chakan Assembly Alpha (Pune),Western DFC Electric Rail,Road (Heavy Haulage),1224.2,35.0,2025-04-19 19:58:41,0,0.724,6.2,22.9,4.8,2025-04-19 19:58:41,0.0,0
SHP-TRK-10149,2025-04-18 11:00:00,Sanand Hub (Gujarat),Chakan Assembly Alpha (Pune),Western DFC Electric Rail,Air Cargo Express,927.5,15.5,2025-04-19 02:27:30,0,0.892,6.4,30.1,4.48,2025-04-19 02:27:30,0.0,0
SHP-TRK-10150,2025-04-18 11:00:00,Bengaluru Electronic City,Bhiwandi Central DC,NH48 Western Corridor,Road (Heavy Haulage),1326.9,37.9,2025-04-20 00:54:37,0,0.787,2.8,8.3,4.15,2025-04-20 00:54:37,0.0,0
SHP-TRK-10151,2025-04-18 15:00:00,Sriperumbudur (Tamil Nadu),Chakan Assembly Alpha (Pune),Golden Quadrilateral Delhi-Kolkata,Road (Express),625.1,17.9,2025-04-19 08:51:37,0,0.827,2.7,31.4,4.8,2025-04-19 08:51:37,0.0,0
SHP-TRK-10152,2025-04-19 04:00:00,Bengaluru Electronic City,Bhiwandi Central DC,Golden Quadrilateral Delhi-Kolkata,Road (Express),1408.8,40.3,2025-04-20 20:15:01,0,0.822,2.0,23.0,4.26,2025-04-20 20:15:01,0.0,0
SHP-TRK-10153,2025-04-19 09:00:00,Sanand Hub (Gujarat),Oragadam Southern Plant (Chennai),Western DFC Electric Rail,Road (Heavy Haulage),1024.3,29.3,2025-04-20 14:15:52,0,0.914,2.9,15.6,3.7,2025-04-20 14:15:52,0.0,0
SHP-TRK-10154,2025-04-19 10:00:00,Pune MIDC (Maharashtra),Kundli DC,Golden Quadrilateral Delhi-Kolkata,Road (Heavy Haulage),1326.4,37.9,2025-04-20 23:53:49,0,0.94,2.5,30.8,3.91,2025-04-20 23:53:49,0.0,0
SHP-TRK-10155,2025-04-19 16:00:00,Sanand Hub (Gujarat),Oragadam Southern Plant (Chennai),NH48 Western Corridor,Road (Heavy Haulage),630.3,18.0,2025-04-20 10:00:34,0,0.93,8.0,12.8,4.69,2025-04-20 10:00:34,0.0,0
SHP-TRK-10156,2025-04-19 19:00:00,Pune MIDC (Maharashtra),Chakan Assembly Alpha (Pune),Coastal Maritime Lane,Rail (Dedicated Freight Corridor),1069.0,23.8,2025-04-20 18:45:23,0,0.806,5.0,22.3,3.58,2025-04-20 18:45:23,0.0,0
SHP-TRK-10157,2025-04-19 22:00:00,Bengaluru Electronic City,Bhiwandi Central DC,NH48 Western Corridor,Air Cargo Express,1392.9,23.2,2025-04-20 21:12:51,0,0.805,6.3,25.2,4.82,2025-04-20 21:12:51,0.0,0
SHP-TRK-10158,2025-04-20 02:00:00,Bengaluru Electronic City,Bhiwandi Central DC,Golden Quadrilateral Delhi-Kolkata,Road (Heavy Haulage),1140.4,32.6,2025-04-21 10:34:55,0,0.896,3.0,28.5,3.48,2025-04-21 10:34:55,0.0,0
SHP-TRK-10159,2025-04-20 03:00:00,Pune MIDC (Maharashtra),Oragadam Southern Plant (Chennai),NH48 Western Corridor,Road (Express),451.9,12.9,2025-04-20 15:54:44,0,0.937,5.4,9.7,4.17,2025-04-20 15:54:44,0.0,0
SHP-TRK-10160,2025-04-20 10:00:00,Sriperumbudur (Tamil Nadu),Oragadam Southern Plant (Chennai),Chennai-Bengaluru Expressway,Road (Express),1101.3,31.5,2025-04-21 17:27:53,0,0.747,7.7,23.0,3.94,2025-04-21 17:27:53,0.0,0
SHP-TRK-10161,2025-04-20 19:00:00,Gurugram (Haryana),Manesar Northern Plant,Western DFC Electric Rail,Road (Heavy Haulage),1313.7,37.5,2025-04-22 08:31:58,0,0.732,8.7,23.2,3.81,2025-04-22 08:31:58,0.0,0
SHP-TRK-10162,2025-04-20 19:00:00,Sanand Hub (Gujarat),Kundli DC,Golden Quadrilateral Delhi-Kolkata,Road (Heavy Haulage),721.7,20.6,2025-04-21 15:37:16,0,0.756,1.1,19.5,3.95,2025-04-21 15:37:16,0.0,0
SHP-TRK-10163,2025-04-21 01:00:00,Bengaluru Electronic City,Oragadam Southern Plant (Chennai),Western DFC Electric Rail,Rail (Dedicated Freight Corridor),1305.9,29.0,2025-04-22 06:01:11,0,0.851,5.1,8.3,3.77,2025-04-22 06:01:11,0.0,0
SHP-TRK-10164,2025-04-21 02:00:00,Sanand Hub (Gujarat),Manesar Northern Plant,Western DFC Electric Rail,Rail (Dedicated Freight Corridor),756.6,16.8,2025-04-21 18:48:50,0,0.924,2.6,27.1,4.03,2025-04-21 18:48:50,0.0,0
SHP-TRK-10165,2025-04-21 08:00:00,Bengaluru Electronic City,Chakan Assembly Alpha (Pune),Western DFC Electric Rail,Road (Express),635.0,18.1,2025-04-22 02:08:36,0,0.875,9.0,16.5,3.92,2025-04-22 02:08:36,0.0,0
SHP-TRK-10166,2025-04-21 12:00:00,Sanand Hub (Gujarat),Chakan Assembly Alpha (Pune),NH48 Western Corridor,Road (Heavy Haulage),250.3,7.2,2025-04-21 19:09:02,0,0.958,7.8,24.9,3.5,2025-04-22 00:57:02,5.8,1
SHP-TRK-10167,2025-04-21 22:00:00,Pune MIDC (Maharashtra),Kundli DC,NH48 Western Corridor,Road (Heavy Haulage),864.9,24.7,2025-04-22 22:42:38,0,0.811,4.0,21.6,3.57,2025-04-22 22:42:38,0.0,0
SHP-TRK-10168,2025-04-22 00:00:00,Sanand Hub (Gujarat),Kundli DC,NH48 Western Corridor,Road (Heavy Haulage),477.9,13.7,2025-04-22 13:39:10,0,0.73,4.1,26.6,4.07,2025-04-22 13:39:10,0.0,0
SHP-TRK-10169,2025-04-22 04:00:00,Sriperumbudur (Tamil Nadu),Oragadam Southern Plant (Chennai),Chennai-Bengaluru Expressway,Air Cargo Express,261.9,4.4,2025-04-22 08:21:53,0,0.922,4.7,31.7,4.88,2025-04-22 08:21:53,0.0,0
SHP-TRK-10170,2025-04-22 08:00:00,Pune MIDC (Maharashtra),Chakan Assembly Alpha (Pune),Coastal Maritime Lane,Rail (Dedicated Freight Corridor),1279.0,28.4,2025-04-23 12:25:22,0,0.745,6.7,14.0,3.75,2025-04-23 23:37:22,11.2,1
SHP-TRK-10171,2025-04-22 10:00:00,Pune MIDC (Maharashtra),Oragadam Southern Plant (Chennai),NH48 Western Corridor,Road (Express),619.4,17.7,2025-04-23 03:41:47,0,0.783,2.9,6.4,3.84,2025-04-23 19:05:47,15.4,1
SHP-TRK-10172,2025-04-22 10:00:00,Bengaluru Electronic City,Oragadam Southern Plant (Chennai),Coastal Maritime Lane,Air Cargo Express,841.5,14.0,2025-04-23 00:01:32,0,0.806,1.9,30.7,3.85,2025-04-23 08:55:32,8.9,1
SHP-TRK-10173,2025-04-22 17:00:00,Bengaluru Electronic City,Chakan Assembly Alpha (Pune),NH48 Western Corridor,Road (Express),1011.9,28.9,2025-04-23 21:54:39,0,0.752,1.6,29.5,4.22,2025-04-25 02:00:39,28.1,1
SHP-TRK-10174,2025-04-22 18:00:00,Sanand Hub (Gujarat),Kundli DC,Chennai-Bengaluru Expressway,Road (Heavy Haulage),452.6,12.9,2025-04-23 06:55:50,0,0.942,1.1,18.6,4.8,2025-04-23 06:55:50,0.0,0
SHP-TRK-10175,2025-04-22 19:00:00,Gurugram (Haryana),Bhiwandi Central DC,NH48 Western Corridor,Air Cargo Express,591.0,9.9,2025-04-23 04:51:01,0,0.795,4.0,15.3,3.64,2025-04-23 04:51:01,0.0,0
SHP-TRK-10176,2025-04-22 21:00:00,Sriperumbudur (Tamil Nadu),Chakan Assembly Alpha (Pune),Western DFC Electric Rail,Road (Heavy Haulage),1205.7,34.4,2025-04-24 07:26:57,0,0.912,6.2,8.8,3.53,2025-04-24 07:26:57,0.0,0
SHP-TRK-10177,2025-04-22 22:00:00,Bengaluru Electronic City,Oragadam Southern Plant (Chennai),NH48 Western Corridor,Road (Heavy Haulage),1396.8,39.9,2025-04-24 13:54:28,0,0.968,3.8,5.7,3.99,2025-04-24 13:54:28,0.0,0
SHP-TRK-10178,2025-04-22 22:00:00,Gurugram (Haryana),Chakan Assembly Alpha (Pune),NH48 Western Corridor,Road (Express),1427.5,40.8,2025-04-24 14:47:09,0,0.819,7.2,13.9,3.69,2025-04-24 14:47:09,0.0,0
SHP-TRK-10179,2025-04-23 01:00:00,Sanand Hub (Gujarat),Kundli DC,Chennai-Bengaluru Expressway,Coastal Ro-Ro,1000.5,28.6,2025-04-24 05:35:10,0,0.93,1.6,13.7,4.35,2025-04-24 05:35:10,0.0,0
SHP-TRK-10180,2025-04-23 08:00:00,Bengaluru Electronic City,Chakan Assembly Alpha (Pune),Chennai-Bengaluru Expressway,Rail (Dedicated Freight Corridor),708.5,15.7,2025-04-23 23:44:43,0,0.754,2.6,11.0,4.36,2025-04-23 23:44:43,0.0,0
SHP-TRK-10181,2025-04-23 08:00:00,Sriperumbudur (Tamil Nadu),Manesar Northern Plant,Chennai-Bengaluru Expressway,Road (Heavy Haulage),494.9,14.1,2025-04-23 22:08:24,0,0.842,7.4,9.5,3.91,2025-04-25 08:14:24,34.1,1
SHP-TRK-10182,2025-04-23 09:00:00,Sriperumbudur (Tamil Nadu),Chakan Assembly Alpha (Pune),NH48 Western Corridor,Rail (Dedicated Freight Corridor),316.9,7.0,2025-04-23 16:02:31,0,0.879,2.9,15.1,3.85,2025-04-23 22:14:31,6.2,1
SHP-TRK-10183,2025-04-23 11:00:00,Sanand Hub (Gujarat),Kundli DC,Western DFC Electric Rail,Road (Heavy Haulage),397.9,11.4,2025-04-23 22:22:06,0,0.8,8.4,8.9,3.71,2025-04-23 22:22:06,0.0,0
SHP-TRK-10184,2025-04-23 11:00:00,Pune MIDC (Maharashtra),Oragadam Southern Plant (Chennai),Western DFC Electric Rail,Air Cargo Express,891.5,14.9,2025-04-24 01:51:28,0,0.771,2.3,29.7,3.96,2025-04-24 01:51:28,0.0,0
SHP-TRK-10185,2025-04-23 13:00:00,Pune MIDC (Maharashtra),Oragadam Southern Plant (Chennai),Golden Quadrilateral Delhi-Kolkata,Coastal Ro-Ro,966.9,27.6,2025-04-24 16:37:34,0,0.949,1.4,11.6,3.74,2025-04-24 16:37:34,0.0,0
SHP-TRK-10186,2025-04-23 17:00:00,Pune MIDC (Maharashtra),Kundli DC,NH48 Western Corridor,Road (Heavy Haulage),1403.9,40.1,2025-04-25 09:06:37,0,0.836,4.9,14.2,4.25,2025-04-25 09:06:37,0.0,0
SHP-TRK-10187,2025-04-24 00:00:00,Pune MIDC (Maharashtra),Bhiwandi Central DC,Western DFC Electric Rail,Road (Heavy Haulage),1268.2,36.2,2025-04-25 12:13:59,0,0.814,7.4,30.4,4.51,2025-04-25 12:13:59,0.0,0
SHP-TRK-10188,2025-04-24 04:00:00,Pune MIDC (Maharashtra),Bhiwandi Central DC,NH48 Western Corridor,Road (Heavy Haulage),732.3,20.9,2025-04-25 00:55:17,0,0.895,4.6,25.1,4.35,2025-04-25 00:55:17,0.0,0
SHP-TRK-10189,2025-04-24 05:00:00,Sanand Hub (Gujarat),Manesar Northern Plant,NH48 Western Corridor,Rail (Dedicated Freight Corridor),600.3,13.3,2025-04-24 18:20:23,0,0.915,4.9,10.4,4.47,2025-04-24 18:20:23,0.0,0
SHP-TRK-10190,2025-04-24 07:00:00,Gurugram (Haryana),Oragadam Southern Plant (Chennai),Chennai-Bengaluru Expressway,Rail (Dedicated Freight Corridor),880.1,19.6,2025-04-25 02:33:24,0,0.904,3.0,16.8,3.4,2025-04-25 09:45:24,7.2,1
SHP-TRK-10191,2025-04-24 08:00:00,Sanand Hub (Gujarat),Kundli DC,Golden Quadrilateral Delhi-Kolkata,Road (Heavy Haulage),1256.9,35.9,2025-04-25 19:54:43,0,0.863,2.2,24.5,4.5,2025-04-25 19:54:43,0.0,0
SHP-TRK-10192,2025-04-24 17:00:00,Pune MIDC (Maharashtra),Kundli DC,NH48 Western Corridor,Rail (Dedicated Freight Corridor),1028.2,22.8,2025-04-25 15:50:52,0,0.738,8.2,7.8,4.3,2025-04-26 19:32:52,27.7,1
SHP-TRK-10193,2025-04-24 19:00:00,Bengaluru Electronic City,Oragadam Southern Plant (Chennai),NH48 Western Corridor,Air Cargo Express,1293.6,21.6,2025-04-25 16:33:34,0,0.743,7.2,27.8,3.65,2025-04-26 04:27:34,11.9,1
SHP-TRK-10194,2025-04-24 19:00:00,Pune MIDC (Maharashtra),Oragadam Southern Plant (Chennai),NH48 Western Corridor,Rail (Dedicated Freight Corridor),504.1,11.2,2025-04-25 06:12:07,0,0.731,3.6,19.9,4.4,2025-04-25 06:12:07,0.0,0
SHP-TRK-10195,2025-04-24 20:00:00,Bengaluru Electronic City,Kundli DC,Coastal Maritime Lane,Road (Express),883.1,25.2,2025-04-25 21:13:53,0,0.787,1.4,24.5,4.2,2025-04-26 06:13:53,9.0,1
SHP-TRK-10196,2025-04-24 22:00:00,Sriperumbudur (Tamil Nadu),Manesar Northern Plant,NH48 Western Corridor,Road (Heavy Haulage),990.6,28.3,2025-04-26 02:18:13,0,0.972,6.8,29.9,4.29,2025-04-26 02:18:13,0.0,0
SHP-TRK-10197,2025-04-24 22:00:00,Sanand Hub (Gujarat),Manesar Northern Plant,Western DFC Electric Rail,Rail (Dedicated Freight Corridor),837.7,18.6,2025-04-25 16:36:59,0,0.857,3.7,18.8,4.61,2025-04-25 16:36:59,0.0,0
SHP-TRK-10198,2025-04-24 23:00:00,Sanand Hub (Gujarat),Chakan Assembly Alpha (Pune),Golden Quadrilateral Delhi-Kolkata,Road (Heavy Haulage),775.3,22.2,2025-04-25 21:09:01,0,0.792,5.5,14.0,4.78,2025-04-25 21:09:01,0.0,0
SHP-TRK-10199,2025-04-25 04:00:00,Sriperumbudur (Tamil Nadu),Oragadam Southern Plant (Chennai),NH48 Western Corridor,Road (Express),819.7,23.4,2025-04-26 03:25:14,0,0.807,8.4,4.8,4.51,2025-04-26 03:25:14,0.0,0
SHP-TRK-10200,2025-04-25 04:00:00,Bengaluru Electronic City,Chakan Assembly Alpha (Pune),Western DFC Electric Rail,Coastal Ro-Ro,987.0,28.2,2025-04-26 08:12:02,0,0.782,4.9,16.3,4.66,2025-04-26 13:48:02,5.6,1
SHP-TRK-10201,2025-04-25 05:00:00,Sanand Hub (Gujarat),Chakan Assembly Alpha (Pune),Golden Quadrilateral Delhi-Kolkata,Rail (Dedicated Freight Corridor),324.3,7.2,2025-04-25 12:12:26,0,0.87,2.0,5.5,3.58,2025-04-26 17:24:26,29.2,1
SHP-TRK-10202,2025-04-25 07:00:00,Sanand Hub (Gujarat),Oragadam Southern Plant (Chennai),NH48 Western Corridor,Road (Express),756.1,21.6,2025-04-26 04:36:05,0,0.73,4.6,20.4,3.9,2025-04-26 04:36:05,0.0,0
SHP-TRK-10203,2025-04-25 11:00:00,Bengaluru Electronic City,Chakan Assembly Alpha (Pune),NH48 Western Corridor,Road (Heavy Haulage),1169.9,33.4,2025-04-26 20:25:34,0,0.971,8.8,28.3,4.45,2025-04-26 20:25:34,0.0,0
SHP-TRK-10204,2025-04-25 17:00:00,Bengaluru Electronic City,Manesar Northern Plant,Western DFC Electric Rail,Rail (Dedicated Freight Corridor),1159.3,25.8,2025-04-26 18:45:46,0,0.793,3.5,29.9,4.77,2025-04-27 08:03:46,13.3,1
SHP-TRK-10205,2025-04-25 17:00:00,Sriperumbudur (Tamil Nadu),Oragadam Southern Plant (Chennai),NH48 Western Corridor,Road (Heavy Haulage),1272.5,36.4,2025-04-27 05:21:21,0,0.865,5.1,7.2,3.97,2025-04-29 07:45:21,50.4,1
SHP-TRK-10206,2025-04-25 17:00:00,Sriperumbudur (Tamil Nadu),Chakan Assembly Alpha (Pune),Coastal Maritime Lane,Rail (Dedicated Freight Corridor),940.8,20.9,2025-04-26 13:54:23,0,0.753,5.7,25.6,4.72,2025-04-26 13:54:23,0.0,0
SHP-TRK-10207,2025-04-25 21:00:00,Sriperumbudur (Tamil Nadu),Bhiwandi Central DC,NH48 Western Corridor,Rail (Dedicated Freight Corridor),621.6,13.8,2025-04-26 10:48:50,0,0.772,8.3,25.4,3.85,2025-04-26 10:48:50,0.0,0
SHP-TRK-10208,2025-04-26 00:00:00,Sanand Hub (Gujarat),Bhiwandi Central DC,NH48 Western Corridor,Rail (Dedicated Freight Corridor),989.9,22.0,2025-04-26 21:59:55,0,0.73,3.6,17.4,3.71,2025-04-29 12:29:55,62.5,1
SHP-TRK-10209,2025-04-26 06:00:00,Sanand Hub (Gujarat),Chakan Assembly Alpha (Pune),Western DFC Electric Rail,Road (Express),928.5,26.5,2025-04-27 08:31:42,0,0.725,1.3,16.8,4.73,2025-04-27 08:31:42,0.0,0
SHP-TRK-10210,2025-04-26 10:00:00,Sanand Hub (Gujarat),Oragadam Southern Plant (Chennai),NH48 Western Corridor,Coastal Ro-Ro,1245.5,35.6,2025-04-27 21:35:06,0,0.755,8.5,25.2,4.41,2025-04-27 21:35:06,0.0,0
SHP-TRK-10211,2025-04-26 12:00:00,Bengaluru Electronic City,Kundli DC,NH48 Western Corridor,Road (Heavy Haulage),1091.0,31.2,2025-04-27 19:10:14,0,0.919,8.4,10.1,4.51,2025-04-27 19:10:14,0.0,0
SHP-TRK-10212,2025-04-26 14:00:00,Sanand Hub (Gujarat),Oragadam Southern Plant (Chennai),NH48 Western Corridor,Road (Heavy Haulage),1429.5,40.8,2025-04-28 06:50:38,0,0.887,6.7,31.4,4.6,2025-04-28 06:50:38,0.0,0
SHP-TRK-10213,2025-04-26 14:00:00,Bengaluru Electronic City,Bhiwandi Central DC,Coastal Maritime Lane,Road (Heavy Haulage),512.5,14.6,2025-04-27 04:38:36,0,0.805,7.0,15.3,4.07,2025-04-27 04:38:36,0.0,0
SHP-TRK-10214,2025-04-26 19:00:00,Pune MIDC (Maharashtra),Chakan Assembly Alpha (Pune),NH48 Western Corridor,Road (Heavy Haulage),819.2,23.4,2025-04-27 18:24:17,0,0.764,3.8,15.5,4.73,2025-04-28 10:42:17,16.3,1
SHP-TRK-10215,2025-04-26 19:00:00,Sanand Hub (Gujarat),Manesar Northern Plant,Western DFC Electric Rail,Rail (Dedicated Freight Corridor),1091.3,24.3,2025-04-27 19:15:05,0,0.827,5.0,4.7,4.39,2025-04-27 19:15:05,0.0,0
SHP-TRK-10216,2025-04-27 04:00:00,Sanand Hub (Gujarat),Oragadam Southern Plant (Chennai),Western DFC Electric Rail,Coastal Ro-Ro,852.3,24.4,2025-04-28 04:21:08,0,0.957,6.7,20.5,4.7,2025-04-28 04:21:08,0.0,0
SHP-TRK-10217,2025-04-27 05:00:00,Bengaluru Electronic City,Oragadam Southern Plant (Chennai),Coastal Maritime Lane,Road (Heavy Haulage),1086.6,31.0,2025-04-28 12:02:44,0,0.742,7.9,17.7,4.03,2025-04-29 03:14:44,15.2,1
SHP-TRK-10218,2025-04-27 06:00:00,Gurugram (Haryana),Chakan Assembly Alpha (Pune),Western DFC Electric Rail,Road (Express),315.5,9.0,2025-04-27 15:00:54,0,0.973,5.1,12.5,4.69,2025-04-27 15:00:54,0.0,0
SHP-TRK-10219,2025-04-27 06:00:00,Bengaluru Electronic City,Chakan Assembly Alpha (Pune),NH48 Western Corridor,Road (Heavy Haulage),1186.1,33.9,2025-04-28 15:53:14,0,0.843,2.8,9.1,4.81,2025-04-28 15:53:14,0.0,0
SHP-TRK-10220,2025-04-27 07:00:00,Bengaluru Electronic City,Kundli DC,NH48 Western Corridor,Rail (Dedicated Freight Corridor),1319.4,29.3,2025-04-28 12:19:09,0,0.84,6.7,31.6,4.48,2025-04-28 17:43:09,5.4,1
SHP-TRK-10221,2025-04-27 08:00:00,Bengaluru Electronic City,Chakan Assembly Alpha (Pune),NH48 Western Corridor,Road (Heavy Haulage),1179.4,33.7,2025-04-28 17:41:47,0,0.755,4.7,21.2,3.44,2025-04-28 17:41:47,0.0,0
SHP-TRK-10222,2025-04-27 10:00:00,Pune MIDC (Maharashtra),Chakan Assembly Alpha (Pune),Chennai-Bengaluru Expressway,Road (Express),769.4,22.0,2025-04-28 07:58:59,0,0.859,4.8,15.2,4.74,2025-04-28 07:58:59,0.0,0
SHP-TRK-10223,2025-04-27 11:00:00,Bengaluru Electronic City,Manesar Northern Plant,Coastal Maritime Lane,Coastal Ro-Ro,860.8,24.6,2025-04-28 11:35:34,0,0.838,3.2,30.9,3.82,2025-04-29 03:41:34,16.1,1
SHP-TRK-10224,2025-04-27 14:00:00,Bengaluru Electronic City,Oragadam Southern Plant (Chennai),NH48 Western Corridor,Coastal Ro-Ro,944.3,27.0,2025-04-28 16:58:42,0,0.741,2.2,16.6,3.79,2025-04-28 16:58:42,0.0,0
SHP-TRK-10225,2025-04-27 21:00:00,Bengaluru Electronic City,Chakan Assembly Alpha (Pune),Coastal Maritime Lane,Road (Heavy Haulage),1383.6,39.5,2025-04-29 12:31:58,0,0.807,5.6,29.5,4.82,2025-04-30 15:49:58,27.3,1
SHP-TRK-10226,2025-04-27 21:00:00,Sanand Hub (Gujarat),Chakan Assembly Alpha (Pune),Western DFC Electric Rail,Coastal Ro-Ro,267.0,7.6,2025-04-28 04:37:46,0,0.787,4.6,23.6,4.89,2025-04-28 04:37:46,0.0,0
SHP-TRK-10227,2025-04-27 22:00:00,Bengaluru Electronic City,Oragadam Southern Plant (Chennai),Western DFC Electric Rail,Rail (Dedicated Freight Corridor),453.0,10.1,2025-04-28 08:03:59,0,0.974,7.8,18.2,3.74,2025-04-28 08:03:59,0.0,0
SHP-TRK-10228,2025-04-28 11:00:00,Sriperumbudur (Tamil Nadu),Manesar Northern Plant,Coastal Maritime Lane,Rail (Dedicated Freight Corridor),983.6,21.9,2025-04-29 08:51:28,0,0.816,7.2,9.2,3.92,2025-04-29 08:51:28,0.0,0
SHP-TRK-10229,2025-04-28 11:00:00,Bengaluru Electronic City,Bhiwandi Central DC,Golden Quadrilateral Delhi-Kolkata,Rail (Dedicated Freight Corridor),941.8,20.9,2025-04-29 07:55:42,0,0.809,7.5,11.1,3.79,2025-04-29 21:43:42,13.8,1
SHP-TRK-10230,2025-04-28 12:00:00,Sanand Hub (Gujarat),Manesar Northern Plant,Western DFC Electric Rail,Rail (Dedicated Freight Corridor),1410.4,31.3,2025-04-29 19:20:28,0,0.869,7.9,8.3,4.7,2025-04-29 19:20:28,0.0,0
SHP-TRK-10231,2025-04-28 12:00:00,Sriperumbudur (Tamil Nadu),Manesar Northern Plant,NH48 Western Corridor,Road (Heavy Haulage),799.5,22.8,2025-04-29 10:50:32,0,0.823,7.9,11.2,4.84,2025-04-29 10:50:32,0.0,0
SHP-TRK-10232,2025-04-28 13:00:00,Sanand Hub (Gujarat),Oragadam Southern Plant (Chennai),Coastal Maritime Lane,Air Cargo Express,782.1,13.0,2025-04-29 02:02:07,0,0.803,5.2,23.4,4.5,2025-04-29 02:02:07,0.0,0
SHP-TRK-10233,2025-04-28 13:00:00,Sanand Hub (Gujarat),Chakan Assembly Alpha (Pune),NH48 Western Corridor,Road (Heavy Haulage),628.8,18.0,2025-04-29 06:57:52,0,0.848,3.6,9.8,4.86,2025-04-29 06:57:52,0.0,0
SHP-TRK-10234,2025-04-28 15:00:00,Bengaluru Electronic City,Oragadam Southern Plant (Chennai),Coastal Maritime Lane,Rail (Dedicated Freight Corridor),539.9,12.0,2025-04-29 02:59:53,0,0.897,6.7,21.2,3.5,2025-04-29 22:47:53,19.8,1
SHP-TRK-10235,2025-04-28 15:00:00,Sriperumbudur (Tamil Nadu),Manesar Northern Plant,Chennai-Bengaluru Expressway,Road (Heavy Haulage),286.4,8.2,2025-04-28 23:11:00,0,0.939,4.7,10.5,3.51,2025-04-30 22:05:00,46.9,1
SHP-TRK-10236,2025-04-28 18:00:00,Sanand Hub (Gujarat),Oragadam Southern Plant (Chennai),Western DFC Electric Rail,Rail (Dedicated Freight Corridor),400.8,8.9,2025-04-29 02:54:21,0,0.795,2.9,10.4,4.46,2025-04-29 02:54:21,0.0,0
SHP-TRK-10237,2025-04-28 19:00:00,Sanand Hub (Gujarat),Oragadam Southern Plant (Chennai),Coastal Maritime Lane,Road (Heavy Haulage),1395.6,39.9,2025-04-30 10:52:27,0,0.928,2.9,6.4,3.8,2025-04-30 10:52:27,0.0,0
SHP-TRK-10238,2025-04-28 21:00:00,Sriperumbudur (Tamil Nadu),Bhiwandi Central DC,Chennai-Bengaluru Expressway,Air Cargo Express,681.6,11.4,2025-04-29 08:21:36,0,0.899,3.5,6.2,3.41,2025-04-29 08:21:36,0.0,0
SHP-TRK-10239,2025-04-28 23:00:00,Bengaluru Electronic City,Oragadam Southern Plant (Chennai),Golden Quadrilateral Delhi-Kolkata,Rail (Dedicated Freight Corridor),614.9,13.7,2025-04-29 12:39:53,0,0.931,3.4,16.8,4.44,2025-04-29 12:39:53,0.0,0
SHP-TRK-10240,2025-04-28 23:00:00,Gurugram (Haryana),Chakan Assembly Alpha (Pune),Western DFC Electric Rail,Rail (Dedicated Freight Corridor),1348.1,30.0,2025-04-30 04:57:29,0,0.761,7.0,20.1,3.9,2025-04-30 17:57:29,13.0,1
SHP-TRK-10241,2025-04-28 23:00:00,Sriperumbudur (Tamil Nadu),Bhiwandi Central DC,Western DFC Electric Rail,Rail (Dedicated Freight Corridor),872.5,19.4,2025-04-29 18:23:19,0,0.733,2.9,18.0,3.67,2025-04-29 18:23:19,0.0,0
SHP-TRK-10242,2025-04-29 02:00:00,Sriperumbudur (Tamil Nadu),Oragadam Southern Plant (Chennai),Western DFC Electric Rail,Road (Heavy Haulage),409.9,11.7,2025-04-29 13:42:45,0,0.961,7.9,24.0,4.61,2025-04-30 14:36:45,24.9,1
SHP-TRK-10243,2025-04-29 08:00:00,Pune MIDC (Maharashtra),Chakan Assembly Alpha (Pune),Chennai-Bengaluru Expressway,Rail (Dedicated Freight Corridor),942.8,21.0,2025-04-30 04:57:05,0,0.888,4.7,19.0,3.52,2025-04-30 23:15:05,18.3,1
SHP-TRK-10244,2025-04-29 13:00:00,Bengaluru Electronic City,Chakan Assembly Alpha (Pune),NH48 Western Corridor,Rail (Dedicated Freight Corridor),1080.0,24.0,2025-04-30 12:59:57,0,0.927,2.3,7.4,4.19,2025-05-01 22:23:57,33.4,1
SHP-TRK-10245,2025-04-29 13:00:00,Bengaluru Electronic City,Chakan Assembly Alpha (Pune),Chennai-Bengaluru Expressway,Rail (Dedicated Freight Corridor),1243.8,27.6,2025-04-30 16:38:25,0,0.883,1.6,7.6,3.6,2025-05-01 00:50:25,8.2,1
SHP-TRK-10246,2025-04-29 14:00:00,Bengaluru Electronic City,Oragadam Southern Plant (Chennai),Western DFC Electric Rail,Coastal Ro-Ro,1252.0,35.8,2025-05-01 01:46:13,0,0.905,1.9,24.7,4.36,2025-05-01 01:46:13,0.0,0
SHP-TRK-10247,2025-04-29 15:00:00,Bengaluru Electronic City,Kundli DC,NH48 Western Corridor,Road (Heavy Haulage),1366.8,39.1,2025-05-01 06:03:05,0,0.726,6.6,24.4,4.86,2025-05-01 06:03:05,0.0,0
SHP-TRK-10248,2025-04-29 16:00:00,Gurugram (Haryana),Chakan Assembly Alpha (Pune),Western DFC Electric Rail,Road (Express),1026.8,29.3,2025-04-30 21:20:14,0,0.753,6.2,31.5,4.06,2025-04-30 21:20:14,0.0,0
SHP-TRK-10249,2025-04-29 17:00:00,Sanand Hub (Gujarat),Oragadam Southern Plant (Chennai),Golden Quadrilateral Delhi-Kolkata,Road (Express),801.2,22.9,2025-04-30 15:53:30,0,0.734,4.4,17.4,4.36,2025-04-30 15:53:30,0.0,0
SHP-TRK-10250,2025-04-29 17:00:00,Bengaluru Electronic City,Oragadam Southern Plant (Chennai),Coastal Maritime Lane,Road (Heavy Haulage),682.1,19.5,2025-04-30 12:29:15,0,0.844,3.8,23.3,4.47,2025-04-30 12:29:15,0.0,0
SHP-TRK-10251,2025-04-29 20:00:00,Bengaluru Electronic City,Oragadam Southern Plant (Chennai),Golden Quadrilateral Delhi-Kolkata,Road (Heavy Haulage),297.8,8.5,2025-04-30 04:30:26,0,0.875,8.0,29.0,4.09,2025-04-30 04:30:26,0.0,0
SHP-TRK-10252,2025-04-29 23:00:00,Sanand Hub (Gujarat),Manesar Northern Plant,NH48 Western Corridor,Road (Express),755.6,21.6,2025-04-30 20:35:14,0,0.938,8.0,11.2,3.69,2025-04-30 20:35:14,0.0,0
SHP-TRK-10253,2025-04-30 01:00:00,Sanand Hub (Gujarat),Kundli DC,Golden Quadrilateral Delhi-Kolkata,Road (Express),308.5,8.8,2025-04-30 09:48:53,0,0.939,4.5,13.9,3.54,2025-04-30 09:48:53,0.0,0
SHP-TRK-10254,2025-04-30 02:00:00,Pune MIDC (Maharashtra),Manesar Northern Plant,NH48 Western Corridor,Road (Heavy Haulage),471.1,13.5,2025-04-30 15:27:35,0,0.735,5.7,27.6,4.26,2025-04-30 20:09:35,4.7,1
SHP-TRK-10255,2025-04-30 02:00:00,Pune MIDC (Maharashtra),Oragadam Southern Plant (Chennai),Western DFC Electric Rail,Road (Heavy Haulage),579.1,16.5,2025-04-30 18:32:39,0,0.727,6.9,21.7,4.51,2025-04-30 18:32:39,0.0,0
SHP-TRK-10256,2025-04-30 03:00:00,Sriperumbudur (Tamil Nadu),Chakan Assembly Alpha (Pune),NH48 Western Corridor,Road (Heavy Haulage),405.8,11.6,2025-04-30 14:35:42,0,0.896,7.9,31.0,3.68,2025-04-30 14:35:42,0.0,0
SHP-TRK-10257,2025-04-30 03:00:00,Sanand Hub (Gujarat),Bhiwandi Central DC,Western DFC Electric Rail,Rail (Dedicated Freight Corridor),1187.8,26.4,2025-05-01 05:23:40,0,0.903,7.7,6.0,4.68,2025-05-01 05:23:40,0.0,0
SHP-TRK-10258,2025-04-30 07:00:00,Bengaluru Electronic City,Manesar Northern Plant,Coastal Maritime Lane,Road (Heavy Haulage),290.1,8.3,2025-04-30 15:17:19,0,0.871,2.3,24.1,3.75,2025-04-30 15:17:19,0.0,0
SHP-TRK-10259,2025-04-30 07:00:00,Bengaluru Electronic City,Kundli DC,NH48 Western Corridor,Road (Heavy Haulage),1160.8,33.2,2025-05-01 16:09:53,0,0.85,8.3,8.5,3.75,2025-05-01 16:09:53,0.0,0
SHP-TRK-10260,2025-04-30 11:00:00,Sanand Hub (Gujarat),Manesar Northern Plant,Golden Quadrilateral Delhi-Kolkata,Rail (Dedicated Freight Corridor),621.4,13.8,2025-05-01 00:48:28,0,0.836,4.2,31.6,3.84,2025-05-01 00:48:28,0.0,0
SHP-TRK-10261,2025-04-30 20:00:00,Bengaluru Electronic City,Manesar Northern Plant,Coastal Maritime Lane,Road (Heavy Haulage),568.8,16.3,2025-05-01 12:15:07,0,0.953,1.8,22.6,3.65,2025-05-01 12:15:07,0.0,0
SHP-TRK-10262,2025-04-30 21:00:00,Gurugram (Haryana),Oragadam Southern Plant (Chennai),Golden Quadrilateral Delhi-Kolkata,Coastal Ro-Ro,611.9,17.5,2025-05-01 14:28:58,0,0.769,3.4,7.1,4.03,2025-05-01 19:58:58,5.5,1
SHP-TRK-10263,2025-04-30 23:00:00,Pune MIDC (Maharashtra),Chakan Assembly Alpha (Pune),Western DFC Electric Rail,Road (Heavy Haulage),486.6,13.9,2025-05-01 12:54:12,0,0.745,2.3,29.9,3.93,2025-05-01 12:54:12,0.0,0
SHP-TRK-10264,2025-05-01 06:00:00,Sriperumbudur (Tamil Nadu),Oragadam Southern Plant (Chennai),Golden Quadrilateral Delhi-Kolkata,Rail (Dedicated Freight Corridor),1004.5,22.3,2025-05-02 04:19:18,0,0.789,1.3,17.0,4.25,2025-05-02 04:19:18,0.0,0
SHP-TRK-10265,2025-05-01 06:00:00,Pune MIDC (Maharashtra),Kundli DC,Golden Quadrilateral Delhi-Kolkata,Road (Heavy Haulage),1059.2,30.3,2025-05-02 12:15:41,0,0.975,8.9,23.4,3.56,2025-05-03 14:39:41,26.4,1
SHP-TRK-10266,2025-05-01 07:00:00,Pune MIDC (Maharashtra),Kundli DC,Western DFC Electric Rail,Road (Heavy Haulage),766.2,21.9,2025-05-02 04:53:26,0,0.834,3.5,25.5,4.81,2025-05-02 04:53:26,0.0,0
SHP-TRK-10267,2025-05-01 08:00:00,Sanand Hub (Gujarat),Bhiwandi Central DC,NH48 Western Corridor,Road (Express),330.7,9.4,2025-05-01 17:26:59,0,0.79,8.3,21.9,3.79,2025-05-01 17:26:59,0.0,0
SHP-TRK-10268,2025-05-01 08:00:00,Pune MIDC (Maharashtra),Chakan Assembly Alpha (Pune),Western DFC Electric Rail,Road (Heavy Haulage),425.3,12.2,2025-05-01 20:09:06,0,0.934,2.9,22.4,4.29,2025-05-01 20:09:06,0.0,0
SHP-TRK-10269,2025-05-02 16:00:00,Sanand Hub (Gujarat),Chakan Assembly Alpha (Pune),NH48 Western Corridor,Coastal Ro-Ro,1233.6,35.2,2025-05-04 03:14:45,0,0.98,2.7,11.8,4.85,2025-05-04 03:14:45,0.0,0
SHP-TRK-10270,2025-05-02 23:00:00,Gurugram (Haryana),Oragadam Southern Plant (Chennai),NH48 Western Corridor,Road (Express),1422.9,40.7,2025-05-04 15:39:18,0,0.971,2.3,12.7,4.62,2025-05-05 00:03:18,8.4,1
SHP-TRK-10271,2025-05-03 00:00:00,Bengaluru Electronic City,Chakan Assembly Alpha (Pune),Coastal Maritime Lane,Road (Heavy Haulage),1005.6,28.7,2025-05-04 04:43:55,0,0.828,2.3,31.6,3.82,2025-05-04 04:43:55,0.0,0
SHP-TRK-10272,2025-05-03 01:00:00,Sanand Hub (Gujarat),Chakan Assembly Alpha (Pune),Western DFC Electric Rail,Road (Heavy Haulage),1364.5,39.0,2025-05-04 15:59:10,0,0.849,7.7,16.8,4.5,2025-05-04 15:59:10,0.0,0
SHP-TRK-10273,2025-05-03 01:00:00,Sanand Hub (Gujarat),Oragadam Southern Plant (Chennai),NH48 Western Corridor,Rail (Dedicated Freight Corridor),683.8,15.2,2025-05-03 16:11:47,0,0.859,9.0,17.5,4.05,2025-05-03 16:11:47,0.0,0
SHP-TRK-10274,2025-05-03 01:00:00,Pune MIDC (Maharashtra),Manesar Northern Plant,Western DFC Electric Rail,Air Cargo Express,975.2,16.3,2025-05-03 17:15:09,0,0.884,4.3,8.5,4.71,2025-05-03 21:27:09,4.2,1
SHP-TRK-10275,2025-05-03 02:00:00,Sanand Hub (Gujarat),Chakan Assembly Alpha (Pune),NH48 Western Corridor,Road (Express),857.3,24.5,2025-05-04 02:29:34,0,0.762,8.7,27.9,4.01,2025-05-04 02:29:34,0.0,0
SHP-TRK-10276,2025-05-03 02:00:00,Pune MIDC (Maharashtra),Chakan Assembly Alpha (Pune),NH48 Western Corridor,Road (Heavy Haulage),953.9,27.3,2025-05-04 05:15:17,0,0.838,5.1,4.7,4.48,2025-05-04 05:15:17,0.0,0
SHP-TRK-10277,2025-05-03 03:00:00,Bengaluru Electronic City,Manesar Northern Plant,Chennai-Bengaluru Expressway,Road (Heavy Haulage),956.1,27.3,2025-05-04 06:19:03,0,0.775,2.9,21.8,4.02,2025-05-04 06:19:03,0.0,0
SHP-TRK-10278,2025-05-03 07:00:00,Bengaluru Electronic City,Bhiwandi Central DC,Western DFC Electric Rail,Rail (Dedicated Freight Corridor),835.5,18.6,2025-05-04 01:33:58,0,0.773,6.0,14.4,4.12,2025-05-04 01:33:58,0.0,0
SHP-TRK-10279,2025-05-03 07:00:00,Bengaluru Electronic City,Manesar Northern Plant,Chennai-Bengaluru Expressway,Coastal Ro-Ro,791.4,22.6,2025-05-04 05:36:36,0,0.907,5.7,18.0,4.1,2025-05-04 05:36:36,0.0,0
SHP-TRK-10280,2025-05-03 10:00:00,Sanand Hub (Gujarat),Kundli DC,Coastal Maritime Lane,Road (Heavy Haulage),889.7,25.4,2025-05-04 11:25:08,0,0.884,5.3,8.1,3.55,2025-05-04 11:25:08,0.0,0
SHP-TRK-10281,2025-05-03 10:00:00,Sriperumbudur (Tamil Nadu),Oragadam Southern Plant (Chennai),NH48 Western Corridor,Road (Express),447.5,12.8,2025-05-03 22:47:06,0,0.826,8.4,24.0,4.18,2025-05-03 22:47:06,0.0,0
SHP-TRK-10282,2025-05-03 12:00:00,Sanand Hub (Gujarat),Kundli DC,NH48 Western Corridor,Rail (Dedicated Freight Corridor),953.0,21.2,2025-05-04 09:10:37,0,0.748,8.7,9.3,3.77,2025-05-04 09:10:37,0.0,0
SHP-TRK-10283,2025-05-03 13:00:00,Pune MIDC (Maharashtra),Bhiwandi Central DC,Western DFC Electric Rail,Rail (Dedicated Freight Corridor),1321.0,29.4,2025-05-04 18:21:17,0,0.74,3.6,11.3,3.98,2025-05-04 18:21:17,0.0,0
SHP-TRK-10284,2025-05-03 16:00:00,Pune MIDC (Maharashtra),Manesar Northern Plant,NH48 Western Corridor,Road (Heavy Haulage),587.5,16.8,2025-05-04 08:47:12,0,0.827,2.9,5.0,4.85,2025-05-04 08:47:12,0.0,0
SHP-TRK-10285,2025-05-03 17:00:00,Bengaluru Electronic City,Oragadam Southern Plant (Chennai),Golden Quadrilateral Delhi-Kolkata,Road (Heavy Haulage),1240.5,35.4,2025-05-05 04:26:37,0,0.758,2.3,26.2,3.47,2025-05-05 04:26:37,0.0,0
SHP-TRK-10286,2025-05-03 23:00:00,Sriperumbudur (Tamil Nadu),Oragadam Southern Plant (Chennai),Golden Quadrilateral Delhi-Kolkata,Road (Heavy Haulage),1223.1,34.9,2025-05-05 09:56:46,0,0.824,8.6,15.7,4.13,2025-05-05 09:56:46,0.0,0
SHP-TRK-10287,2025-05-04 01:00:00,Gurugram (Haryana),Kundli DC,Coastal Maritime Lane,Road (Heavy Haulage),1240.6,35.4,2025-05-05 12:26:48,0,0.926,2.6,26.6,3.83,2025-05-05 12:26:48,0.0,0
SHP-TRK-10288,2025-05-04 12:00:00,Gurugram (Haryana),Chakan Assembly Alpha (Pune),Western DFC Electric Rail,Road (Heavy Haulage),941.0,26.9,2025-05-05 14:53:03,0,0.888,1.1,30.9,3.42,2025-05-05 21:05:03,6.2,1
SHP-TRK-10289,2025-05-04 14:00:00,Sriperumbudur (Tamil Nadu),Kundli DC,Chennai-Bengaluru Expressway,Rail (Dedicated Freight Corridor),265.9,5.9,2025-05-04 19:54:34,0,0.861,4.7,18.2,4.15,2025-05-05 16:00:34,20.1,1
SHP-TRK-10290,2025-05-04 22:00:00,Pune MIDC (Maharashtra),Oragadam Southern Plant (Chennai),Western DFC Electric Rail,Road (Heavy Haulage),456.9,13.1,2025-05-05 11:03:11,0,0.947,5.9,8.8,4.18,2025-05-05 11:03:11,0.0,0
SHP-TRK-10291,2025-05-05 06:00:00,Sanand Hub (Gujarat),Manesar Northern Plant,Chennai-Bengaluru Expressway,Road (Heavy Haulage),1231.4,35.2,2025-05-06 17:10:56,0,0.975,5.0,17.0,3.6,2025-05-06 17:10:56,0.0,0
SHP-TRK-10292,2025-05-05 07:00:00,Sriperumbudur (Tamil Nadu),Oragadam Southern Plant (Chennai),Western DFC Electric Rail,Road (Heavy Haulage),1273.9,36.4,2025-05-06 19:23:54,0,0.943,1.8,7.0,4.71,2025-05-06 19:23:54,0.0,0
SHP-TRK-10293,2025-05-05 08:00:00,Sanand Hub (Gujarat),Manesar Northern Plant,Western DFC Electric Rail,Road (Heavy Haulage),677.3,19.4,2025-05-06 03:21:03,0,0.925,2.9,22.1,4.47,2025-05-06 03:21:03,0.0,0
SHP-TRK-10294,2025-05-05 08:00:00,Gurugram (Haryana),Chakan Assembly Alpha (Pune),Western DFC Electric Rail,Air Cargo Express,402.5,6.7,2025-05-05 14:42:31,0,0.831,2.3,23.8,3.56,2025-05-05 14:42:31,0.0,0
SHP-TRK-10295,2025-05-05 09:00:00,Sriperumbudur (Tamil Nadu),Bhiwandi Central DC,Western DFC Electric Rail,Coastal Ro-Ro,1390.3,39.7,2025-05-07 00:43:25,0,0.859,4.2,27.8,4.11,2025-05-07 00:43:25,0.0,0
SHP-TRK-10296,2025-05-05 11:00:00,Bengaluru Electronic City,Bhiwandi Central DC,Western DFC Electric Rail,Road (Express),650.0,18.6,2025-05-06 05:34:13,0,0.848,5.6,11.1,4.13,2025-05-06 05:34:13,0.0,0
SHP-TRK-10297,2025-05-05 14:00:00,Bengaluru Electronic City,Chakan Assembly Alpha (Pune),Coastal Maritime Lane,Road (Heavy Haulage),616.1,17.6,2025-05-06 07:36:12,0,0.764,4.7,12.9,4.22,2025-05-06 17:06:12,9.5,1
SHP-TRK-10298,2025-05-05 14:00:00,Sriperumbudur (Tamil Nadu),Oragadam Southern Plant (Chennai),Coastal Maritime Lane,Road (Heavy Haulage),702.8,20.1,2025-05-06 10:04:49,0,0.787,2.9,17.1,3.71,2025-05-06 10:04:49,0.0,0
SHP-TRK-10299,2025-05-05 16:00:00,Pune MIDC (Maharashtra),Chakan Assembly Alpha (Pune),Golden Quadrilateral Delhi-Kolkata,Road (Heavy Haulage),656.5,18.8,2025-05-06 10:45:23,0,0.867,2.6,24.9,3.7,2025-05-07 17:33:23,30.8,1
SHP-TRK-10300,2025-05-06 05:00:00,Gurugram (Haryana),Oragadam Southern Plant (Chennai),NH48 Western Corridor,Road (Express),1337.1,38.2,2025-05-07 19:12:09,0,0.753,2.4,18.1,4.82,2025-05-08 02:18:09,7.1,1
SHP-TRK-10301,2025-05-06 06:00:00,Gurugram (Haryana),Oragadam Southern Plant (Chennai),Western DFC Electric Rail,Coastal Ro-Ro,573.7,16.4,2025-05-06 22:23:28,0,0.903,6.3,31.7,3.48,2025-05-07 17:59:28,19.6,1
SHP-TRK-10302,2025-05-06 11:00:00,Sanand Hub (Gujarat),Chakan Assembly Alpha (Pune),Chennai-Bengaluru Expressway,Coastal Ro-Ro,1194.1,34.1,2025-05-07 21:06:58,0,0.853,3.4,8.7,3.96,2025-05-07 21:06:58,0.0,0
SHP-TRK-10303,2025-05-06 13:00:00,Pune MIDC (Maharashtra),Oragadam Southern Plant (Chennai),NH48 Western Corridor,Road (Heavy Haulage),372.8,10.7,2025-05-06 23:39:05,0,0.827,8.5,22.0,4.1,2025-05-06 23:39:05,0.0,0
SHP-TRK-10304,2025-05-06 14:00:00,Bengaluru Electronic City,Chakan Assembly Alpha (Pune),Golden Quadrilateral Delhi-Kolkata,Air Cargo Express,451.7,7.5,2025-05-06 21:31:44,0,0.853,4.9,21.7,4.27,2025-05-06 21:31:44,0.0,0
SHP-TRK-10305,2025-05-06 15:00:00,Sriperumbudur (Tamil Nadu),Chakan Assembly Alpha (Pune),NH48 Western Corridor,Road (Heavy Haulage),289.0,8.3,2025-05-06 23:15:22,0,0.913,6.8,8.2,3.63,2025-05-06 23:15:22,0.0,0
SHP-TRK-10306,2025-05-06 20:00:00,Bengaluru Electronic City,Chakan Assembly Alpha (Pune),NH48 Western Corridor,Road (Heavy Haulage),836.7,23.9,2025-05-07 19:54:24,0,0.826,8.9,6.0,4.34,2025-05-08 00:42:24,4.8,1
SHP-TRK-10307,2025-05-06 23:00:00,Sanand Hub (Gujarat),Bhiwandi Central DC,Western DFC Electric Rail,Rail (Dedicated Freight Corridor),923.9,20.5,2025-05-07 19:31:53,0,0.764,2.6,13.3,3.72,2025-05-07 19:31:53,0.0,0
SHP-TRK-10308,2025-05-07 03:00:00,Sanand Hub (Gujarat),Kundli DC,Chennai-Bengaluru Expressway,Road (Heavy Haulage),1195.6,34.2,2025-05-08 13:09:40,0,0.797,2.1,8.5,4.36,2025-05-08 13:09:40,0.0,0
SHP-TRK-10309,2025-05-07 10:00:00,Pune MIDC (Maharashtra),Kundli DC,NH48 Western Corridor,Rail (Dedicated Freight Corridor),542.1,12.0,2025-05-07 22:02:50,0,0.939,2.7,6.5,4.0,2025-05-07 22:02:50,0.0,0
SHP-TRK-10310,2025-05-07 12:00:00,Gurugram (Haryana),Manesar Northern Plant,Coastal Maritime Lane,Road (Heavy Haulage),560.3,16.0,2025-05-08 04:00:27,0,0.808,4.2,5.9,3.58,2025-05-08 04:00:27,0.0,0
SHP-TRK-10311,2025-05-07 12:00:00,Bengaluru Electronic City,Oragadam Southern Plant (Chennai),Chennai-Bengaluru Expressway,Road (Express),434.1,12.4,2025-05-08 00:24:09,0,0.815,4.0,8.7,4.46,2025-05-08 00:24:09,0.0,0
SHP-TRK-10312,2025-05-07 14:00:00,Sanand Hub (Gujarat),Oragadam Southern Plant (Chennai),Western DFC Electric Rail,Road (Heavy Haulage),395.6,11.3,2025-05-08 01:18:15,0,0.976,7.2,15.2,4.77,2025-05-08 01:18:15,0.0,0
SHP-TRK-10313,2025-05-07 18:00:00,Sriperumbudur (Tamil Nadu),Chakan Assembly Alpha (Pune),Chennai-Bengaluru Expressway,Road (Heavy Haulage),1023.1,29.2,2025-05-08 23:13:48,0,0.889,7.9,29.1,3.54,2025-05-08 23:13:48,0.0,0
SHP-TRK-10314,2025-05-07 18:00:00,Sriperumbudur (Tamil Nadu),Manesar Northern Plant,Western DFC Electric Rail,Road (Express),450.1,12.9,2025-05-08 06:51:40,0,0.927,6.8,6.9,3.66,2025-05-08 06:51:40,0.0,0
SHP-TRK-10315,2025-05-07 18:00:00,Bengaluru Electronic City,Chakan Assembly Alpha (Pune),Western DFC Electric Rail,Road (Heavy Haulage),993.5,28.4,2025-05-08 22:23:08,0,0.893,7.7,10.4,3.63,2025-05-10 05:05:08,30.7,1
SHP-TRK-10316,2025-05-07 23:00:00,Gurugram (Haryana),Bhiwandi Central DC,Coastal Maritime Lane,Rail (Dedicated Freight Corridor),366.9,8.2,2025-05-08 07:09:08,0,0.799,6.1,14.1,3.5,2025-05-08 07:09:08,0.0,0
SHP-TRK-10317,2025-05-08 03:00:00,Sriperumbudur (Tamil Nadu),Manesar Northern Plant,NH48 Western Corridor,Rail (Dedicated Freight Corridor),687.5,15.3,2025-05-08 18:16:38,0,0.939,2.6,27.2,4.54,2025-05-08 18:16:38,0.0,0
SHP-TRK-10318,2025-05-08 04:00:00,Pune MIDC (Maharashtra),Chakan Assembly Alpha (Pune),Chennai-Bengaluru Expressway,Rail (Dedicated Freight Corridor),768.5,17.1,2025-05-08 21:04:43,0,0.971,4.6,8.4,4.83,2025-05-08 21:04:43,0.0,0
SHP-TRK-10319,2025-05-08 06:00:00,Bengaluru Electronic City,Bhiwandi Central DC,NH48 Western Corridor,Air Cargo Express,349.9,5.8,2025-05-08 11:49:54,0,0.908,3.5,26.0,4.13,2025-05-08 11:49:54,0.0,0
SHP-TRK-10320,2025-05-08 11:00:00,Pune MIDC (Maharashtra),Oragadam Southern Plant (Chennai),NH48 Western Corridor,Road (Heavy Haulage),690.8,19.7,2025-05-09 06:44:14,0,0.857,7.5,14.4,4.41,2025-05-09 06:44:14,0.0,0
SHP-TRK-10321,2025-05-08 17:00:00,Bengaluru Electronic City,Chakan Assembly Alpha (Pune),Golden Quadrilateral Delhi-Kolkata,Coastal Ro-Ro,942.6,26.9,2025-05-09 19:55:55,0,0.888,1.2,21.5,4.22,2025-05-09 19:55:55,0.0,0
SHP-TRK-10322,2025-05-08 22:00:00,Bengaluru Electronic City,Chakan Assembly Alpha (Pune),Coastal Maritime Lane,Road (Heavy Haulage),740.4,21.2,2025-05-09 19:09:19,0,0.841,1.4,5.5,4.21,2025-05-09 19:09:19,0.0,0
SHP-TRK-10323,2025-05-09 01:00:00,Sriperumbudur (Tamil Nadu),Chakan Assembly Alpha (Pune),NH48 Western Corridor,Road (Express),477.9,13.7,2025-05-09 14:39:17,0,0.84,3.3,11.3,4.38,2025-05-09 14:39:17,0.0,0
SHP-TRK-10324,2025-05-09 05:00:00,Pune MIDC (Maharashtra),Oragadam Southern Plant (Chennai),NH48 Western Corridor,Road (Heavy Haulage),1426.0,40.7,2025-05-10 21:44:34,0,0.875,6.7,4.7,3.46,2025-05-10 21:44:34,0.0,0
SHP-TRK-10325,2025-05-09 06:00:00,Sriperumbudur (Tamil Nadu),Kundli DC,Western DFC Electric Rail,Coastal Ro-Ro,799.8,22.9,2025-05-10 04:51:09,0,0.966,6.4,6.3,3.76,2025-05-10 04:51:09,0.0,0
SHP-TRK-10326,2025-05-09 08:00:00,Bengaluru Electronic City,Oragadam Southern Plant (Chennai),NH48 Western Corridor,Rail (Dedicated Freight Corridor),447.1,9.9,2025-05-09 17:56:09,0,0.851,7.6,22.8,4.8,2025-05-09 17:56:09,0.0,0
SHP-TRK-10327,2025-05-09 08:00:00,Gurugram (Haryana),Chakan Assembly Alpha (Pune),Golden Quadrilateral Delhi-Kolkata,Road (Heavy Haulage),1243.1,35.5,2025-05-10 19:31:05,0,0.972,8.1,21.0,3.44,2025-05-10 19:31:05,0.0,0
SHP-TRK-10328,2025-05-09 10:00:00,Sanand Hub (Gujarat),Oragadam Southern Plant (Chennai),Western DFC Electric Rail,Rail (Dedicated Freight Corridor),1141.2,25.4,2025-05-10 11:21:33,0,0.793,5.5,6.9,4.53,2025-05-10 11:21:33,0.0,0
SHP-TRK-10329,2025-05-09 11:00:00,Sriperumbudur (Tamil Nadu),Kundli DC,Western DFC Electric Rail,Road (Heavy Haulage),645.4,18.4,2025-05-10 05:26:27,0,0.835,7.9,23.3,3.71,2025-05-10 05:26:27,0.0,0
SHP-TRK-10330,2025-05-09 12:00:00,Gurugram (Haryana),Chakan Assembly Alpha (Pune),NH48 Western Corridor,Air Cargo Express,627.5,10.5,2025-05-09 22:27:30,0,0.853,8.5,5.8,4.68,2025-05-09 22:27:30,0.0,0
SHP-TRK-10331,2025-05-09 16:00:00,Bengaluru Electronic City,Chakan Assembly Alpha (Pune),NH48 Western Corridor,Road (Heavy Haulage),1348.5,38.5,2025-05-11 06:31:42,0,0.918,5.0,31.7,3.49,2025-05-11 06:31:42,0.0,0
SHP-TRK-10332,2025-05-09 17:00:00,Bengaluru Electronic City,Oragadam Southern Plant (Chennai),Coastal Maritime Lane,Road (Heavy Haulage),1170.2,33.4,2025-05-11 02:26:05,0,0.79,5.7,24.3,4.72,2025-05-11 02:26:05,0.0,0
SHP-TRK-10333,2025-05-09 17:00:00,Sriperumbudur (Tamil Nadu),Bhiwandi Central DC,Western DFC Electric Rail,Rail (Dedicated Freight Corridor),387.7,8.6,2025-05-10 01:36:55,0,0.753,5.2,11.9,3.45,2025-05-10 23:36:55,22.0,1
SHP-TRK-10334,2025-05-09 21:00:00,Sriperumbudur (Tamil Nadu),Oragadam Southern Plant (Chennai),Western DFC Electric Rail,Coastal Ro-Ro,326.3,9.3,2025-05-10 06:19:24,0,0.863,7.7,31.9,3.88,2025-05-10 06:19:24,0.0,0
SHP-TRK-10335,2025-05-09 21:00:00,Gurugram (Haryana),Chakan Assembly Alpha (Pune),Western DFC Electric Rail,Rail (Dedicated Freight Corridor),299.3,6.7,2025-05-10 03:39:03,0,0.81,3.1,23.4,3.8,2025-05-10 03:39:03,0.0,0
SHP-TRK-10336,2025-05-09 23:00:00,Pune MIDC (Maharashtra),Chakan Assembly Alpha (Pune),NH48 Western Corridor,Rail (Dedicated Freight Corridor),1370.8,30.5,2025-05-11 05:27:47,0,0.919,6.3,27.2,4.85,2025-05-11 05:27:47,0.0,0
SHP-TRK-10337,2025-05-10 00:00:00,Pune MIDC (Maharashtra),Kundli DC,NH48 Western Corridor,Rail (Dedicated Freight Corridor),883.8,19.6,2025-05-10 19:38:25,0,0.753,5.7,17.8,3.42,2025-05-10 19:38:25,0.0,0
SHP-TRK-10338,2025-05-10 07:00:00,Sanand Hub (Gujarat),Oragadam Southern Plant (Chennai),NH48 Western Corridor,Coastal Ro-Ro,759.2,21.7,2025-05-11 04:41:33,0,0.906,5.8,12.7,3.73,2025-05-11 04:41:33,0.0,0
SHP-TRK-10339,2025-05-10 10:00:00,Gurugram (Haryana),Chakan Assembly Alpha (Pune),NH48 Western Corridor,Road (Heavy Haulage),516.1,14.7,2025-05-11 00:44:48,0,0.923,2.6,6.7,3.41,2025-05-11 00:44:48,0.0,0
SHP-TRK-10340,2025-05-10 12:00:00,Sanand Hub (Gujarat),Bhiwandi Central DC,Coastal Maritime Lane,Road (Express),1275.4,36.4,2025-05-12 00:26:25,0,0.898,1.4,26.0,4.6,2025-05-12 00:26:25,0.0,0
SHP-TRK-10341,2025-05-10 14:00:00,Sriperumbudur (Tamil Nadu),Chakan Assembly Alpha (Pune),Golden Quadrilateral Delhi-Kolkata,Road (Express),1426.9,40.8,2025-05-12 06:46:08,0,0.76,2.8,10.3,3.68,2025-05-12 06:46:08,0.0,0
SHP-TRK-10342,2025-05-10 15:00:00,Sanand Hub (Gujarat),Kundli DC,Chennai-Bengaluru Expressway,Road (Heavy Haulage),688.4,19.7,2025-05-11 10:40:10,0,0.939,5.4,29.3,3.41,2025-05-11 10:40:10,0.0,0
SHP-TRK-10343,2025-05-10 17:00:00,Sanand Hub (Gujarat),Chakan Assembly Alpha (Pune),Chennai-Bengaluru Expressway,Rail (Dedicated Freight Corridor),801.9,17.8,2025-05-11 10:49:14,0,0.878,2.5,26.6,3.8,2025-05-11 10:49:14,0.0,0
SHP-TRK-10344,2025-05-10 18:00:00,Bengaluru Electronic City,Chakan Assembly Alpha (Pune),Western DFC Electric Rail,Rail (Dedicated Freight Corridor),423.3,9.4,2025-05-11 03:24:25,0,0.835,3.7,18.9,3.41,2025-05-11 03:24:25,0.0,0
SHP-TRK-10345,2025-05-10 19:00:00,Pune MIDC (Maharashtra),Manesar Northern Plant,NH48 Western Corridor,Road (Heavy Haulage),1155.9,33.0,2025-05-12 04:01:34,0,0.968,2.9,13.4,4.27,2025-05-12 04:01:34,0.0,0
SHP-TRK-10346,2025-05-10 20:00:00,Sanand Hub (Gujarat),Oragadam Southern Plant (Chennai),Western DFC Electric Rail,Rail (Dedicated Freight Corridor),713.8,15.9,2025-05-11 11:51:40,0,0.829,5.5,4.7,3.52,2025-05-12 21:39:40,33.8,1
SHP-TRK-10347,2025-05-10 20:00:00,Pune MIDC (Maharashtra),Kundli DC,NH48 Western Corridor,Road (Heavy Haulage),932.7,26.6,2025-05-11 22:38:55,0,0.949,8.5,24.8,4.02,2025-05-12 18:08:55,19.5,1
SHP-TRK-10348,2025-05-10 20:00:00,Bengaluru Electronic City,Chakan Assembly Alpha (Pune),Golden Quadrilateral Delhi-Kolkata,Road (Heavy Haulage),794.8,22.7,2025-05-11 18:42:25,0,0.798,4.1,28.0,3.81,2025-05-11 18:42:25,0.0,0
SHP-TRK-10349,2025-05-10 23:00:00,Sanand Hub (Gujarat),Chakan Assembly Alpha (Pune),Western DFC Electric Rail,Coastal Ro-Ro,890.2,25.4,2025-05-12 00:26:00,0,0.875,3.9,26.7,3.58,2025-05-12 00:26:00,0.0,0
SHP-TRK-10350,2025-05-11 03:00:00,Sanand Hub (Gujarat),Oragadam Southern Plant (Chennai),NH48 Western Corridor,Coastal Ro-Ro,1293.4,37.0,2025-05-12 15:57:20,0,0.919,3.0,5.5,3.7,2025-05-13 14:15:20,22.3,1
SHP-TRK-10351,2025-05-11 03:00:00,Bengaluru Electronic City,Oragadam Southern Plant (Chennai),NH48 Western Corridor,Road (Express),737.6,21.1,2025-05-12 00:04:31,0,0.846,5.3,27.0,4.44,2025-05-13 03:10:31,27.1,1
SHP-TRK-10352,2025-05-11 06:00:00,Sriperumbudur (Tamil Nadu),Manesar Northern Plant,NH48 Western Corridor,Road (Heavy Haulage),1048.9,30.0,2025-05-12 11:58:08,0,0.856,6.1,13.8,4.28,2025-05-12 11:58:08,0.0,0
SHP-TRK-10353,2025-05-11 08:00:00,Sanand Hub (Gujarat),Oragadam Southern Plant (Chennai),Golden Quadrilateral Delhi-Kolkata,Road (Express),843.5,24.1,2025-05-12 08:06:01,0,0.953,3.1,15.8,4.74,2025-05-12 08:06:01,0.0,0
SHP-TRK-10354,2025-05-11 12:00:00,Sriperumbudur (Tamil Nadu),Bhiwandi Central DC,Chennai-Bengaluru Expressway,Road (Heavy Haulage),634.7,18.1,2025-05-12 06:08:07,0,0.766,2.9,16.0,3.88,2025-05-12 06:08:07,0.0,0
SHP-TRK-10355,2025-05-11 14:00:00,Sanand Hub (Gujarat),Chakan Assembly Alpha (Pune),Western DFC Electric Rail,Rail (Dedicated Freight Corridor),666.1,14.8,2025-05-12 04:48:05,0,0.914,8.1,25.3,4.52,2025-05-12 04:48:05,0.0,0
SHP-TRK-10356,2025-05-11 20:00:00,Sanand Hub (Gujarat),Chakan Assembly Alpha (Pune),Chennai-Bengaluru Expressway,Road (Heavy Haulage),545.6,15.6,2025-05-12 11:35:20,0,0.736,2.1,28.1,3.78,2025-05-12 11:35:20,0.0,0
SHP-TRK-10357,2025-05-12 00:00:00,Sriperumbudur (Tamil Nadu),Oragadam Southern Plant (Chennai),NH48 Western Corridor,Rail (Dedicated Freight Corridor),1287.3,28.6,2025-05-13 04:36:22,0,0.8,6.6,4.9,3.93,2025-05-13 04:36:22,0.0,0
SHP-TRK-10358,2025-05-12 00:00:00,Sriperumbudur (Tamil Nadu),Chakan Assembly Alpha (Pune),NH48 Western Corridor,Road (Express),1062.4,30.4,2025-05-13 06:21:20,0,0.929,5.5,24.9,3.93,2025-05-13 06:21:20,0.0,0
SHP-TRK-10359,2025-05-12 02:00:00,Pune MIDC (Maharashtra),Chakan Assembly Alpha (Pune),Golden Quadrilateral Delhi-Kolkata,Rail (Dedicated Freight Corridor),704.7,15.7,2025-05-12 17:39:39,0,0.799,4.7,27.0,4.22,2025-05-12 17:39:39,0.0,0
SHP-TRK-10360,2025-05-12 03:00:00,Sriperumbudur (Tamil Nadu),Kundli DC,NH48 Western Corridor,Road (Heavy Haulage),1100.7,31.4,2025-05-13 10:26:52,0,0.934,7.9,15.9,3.75,2025-05-13 22:32:52,12.1,1
SHP-TRK-10361,2025-05-12 03:00:00,Bengaluru Electronic City,Bhiwandi Central DC,Chennai-Bengaluru Expressway,Road (Heavy Haulage),763.2,21.8,2025-05-13 00:48:20,0,0.875,1.7,13.8,4.61,2025-05-15 02:24:20,49.6,1
SHP-TRK-10362,2025-05-12 03:00:00,Bengaluru Electronic City,Chakan Assembly Alpha (Pune),NH48 Western Corridor,Coastal Ro-Ro,443.2,12.7,2025-05-12 15:39:44,0,0.866,8.6,4.6,3.66,2025-05-14 10:39:44,43.0,1
SHP-TRK-10363,2025-05-12 04:00:00,Sanand Hub (Gujarat),Manesar Northern Plant,Western DFC Electric Rail,Air Cargo Express,1443.5,24.1,2025-05-13 04:03:28,0,0.897,1.6,31.8,3.83,2025-05-13 04:03:28,0.0,0
SHP-TRK-10364,2025-05-12 05:00:00,Sriperumbudur (Tamil Nadu),Oragadam Southern Plant (Chennai),NH48 Western Corridor,Road (Heavy Haulage),789.5,22.6,2025-05-13 03:33:25,0,0.938,5.6,32.0,3.82,2025-05-13 03:33:25,0.0,0
SHP-TRK-10365,2025-05-12 08:00:00,Sanand Hub (Gujarat),Chakan Assembly Alpha (Pune),Golden Quadrilateral Delhi-Kolkata,Road (Heavy Haulage),1336.9,38.2,2025-05-13 22:11:50,0,0.974,2.9,28.7,3.57,2025-05-13 22:11:50,0.0,0
SHP-TRK-10366,2025-05-12 11:00:00,Gurugram (Haryana),Manesar Northern Plant,Western DFC Electric Rail,Road (Heavy Haulage),594.7,17.0,2025-05-13 03:59:30,0,0.912,4.6,31.7,4.12,2025-05-13 14:05:30,10.1,1
SHP-TRK-10367,2025-05-12 15:00:00,Sriperumbudur (Tamil Nadu),Oragadam Southern Plant (Chennai),Chennai-Bengaluru Expressway,Road (Express),1376.5,39.3,2025-05-14 06:19:39,0,0.929,7.8,19.6,3.86,2025-05-14 06:19:39,0.0,0
SHP-TRK-10368,2025-05-12 16:00:00,Bengaluru Electronic City,Oragadam Southern Plant (Chennai),NH48 Western Corridor,Rail (Dedicated Freight Corridor),1403.9,31.2,2025-05-13 23:11:54,0,0.801,1.8,19.0,3.73,2025-05-14 04:47:54,5.6,1
SHP-TRK-10369,2025-05-12 23:00:00,Bengaluru Electronic City,Oragadam Southern Plant (Chennai),Golden Quadrilateral Delhi-Kolkata,Road (Express),761.6,21.8,2025-05-13 20:45:34,0,0.807,3.5,25.8,4.59,2025-05-14 00:57:34,4.2,1
SHP-TRK-10370,2025-05-13 04:00:00,Bengaluru Electronic City,Chakan Assembly Alpha (Pune),Coastal Maritime Lane,Road (Heavy Haulage),1281.4,36.6,2025-05-14 16:36:41,0,0.905,4.9,18.8,4.85,2025-05-14 16:36:41,0.0,0
SHP-TRK-10371,2025-05-13 05:00:00,Sanand Hub (Gujarat),Bhiwandi Central DC,NH48 Western Corridor,Road (Heavy Haulage),1061.3,30.3,2025-05-14 11:19:23,0,0.825,8.5,6.9,4.78,2025-05-14 11:19:23,0.0,0
SHP-TRK-10372,2025-05-13 07:00:00,Gurugram (Haryana),Chakan Assembly Alpha (Pune),Western DFC Electric Rail,Road (Heavy Haulage),441.3,12.6,2025-05-13 19:36:28,0,0.972,8.3,9.1,4.76,2025-05-14 00:48:28,5.2,1
SHP-TRK-10373,2025-05-13 08:00:00,Sanand Hub (Gujarat),Oragadam Southern Plant (Chennai),Western DFC Electric Rail,Road (Heavy Haulage),336.1,9.6,2025-05-13 17:36:08,0,0.779,8.5,29.5,3.43,2025-05-13 17:36:08,0.0,0
SHP-TRK-10374,2025-05-13 11:00:00,Bengaluru Electronic City,Manesar Northern Plant,Coastal Maritime Lane,Road (Heavy Haulage),1010.7,28.9,2025-05-14 15:52:34,0,0.739,8.3,30.8,3.86,2025-05-15 06:28:34,14.6,1
SHP-TRK-10375,2025-05-13 13:00:00,Bengaluru Electronic City,Chakan Assembly Alpha (Pune),Coastal Maritime Lane,Rail (Dedicated Freight Corridor),853.7,19.0,2025-05-14 07:58:14,0,0.742,6.0,13.9,4.05,2025-05-14 07:58:14,0.0,0
SHP-TRK-10376,2025-05-13 20:00:00,Sanand Hub (Gujarat),Chakan Assembly Alpha (Pune),NH48 Western Corridor,Road (Express),1170.7,33.4,2025-05-15 05:26:52,0,0.774,3.6,17.3,4.8,2025-05-15 05:26:52,0.0,0
SHP-TRK-10377,2025-05-14 05:00:00,Sanand Hub (Gujarat),Oragadam Southern Plant (Chennai),Western DFC Electric Rail,Road (Heavy Haulage),802.7,22.9,2025-05-15 03:56:03,0,0.954,8.4,15.0,4.74,2025-05-15 03:56:03,0.0,0
SHP-TRK-10378,2025-05-14 08:00:00,Pune MIDC (Maharashtra),Chakan Assembly Alpha (Pune),Western DFC Electric Rail,Road (Heavy Haulage),525.7,15.0,2025-05-14 23:01:07,0,0.772,1.3,22.2,3.48,2025-05-14 23:01:07,0.0,0
SHP-TRK-10379,2025-05-14 13:00:00,Sanand Hub (Gujarat),Bhiwandi Central DC,Western DFC Electric Rail,Air Cargo Express,749.3,12.5,2025-05-15 01:29:17,0,0.974,2.6,10.4,3.66,2025-05-15 01:29:17,0.0,0
SHP-TRK-10380,2025-05-14 16:00:00,Bengaluru Electronic City,Kundli DC,Western DFC Electric Rail,Rail (Dedicated Freight Corridor),1371.3,30.5,2025-05-15 22:28:23,0,0.733,2.7,20.1,3.46,2025-05-15 22:28:23,0.0,0
SHP-TRK-10381,2025-05-14 18:00:00,Bengaluru Electronic City,Manesar Northern Plant,Western DFC Electric Rail,Rail (Dedicated Freight Corridor),634.7,14.1,2025-05-15 08:06:14,0,0.744,4.4,8.0,4.11,2025-05-15 08:06:14,0.0,0
SHP-TRK-10382,2025-05-14 22:00:00,Bengaluru Electronic City,Bhiwandi Central DC,NH48 Western Corridor,Rail (Dedicated Freight Corridor),1224.4,27.2,2025-05-16 01:12:28,0,0.945,6.4,5.8,4.54,2025-05-16 01:12:28,0.0,0
SHP-TRK-10383,2025-05-15 02:00:00,Sanand Hub (Gujarat),Chakan Assembly Alpha (Pune),NH48 Western Corridor,Air Cargo Express,1153.3,19.2,2025-05-15 21:13:16,0,0.843,4.6,4.7,3.94,2025-05-15 21:13:16,0.0,0
SHP-TRK-10384,2025-05-15 03:00:00,Sriperumbudur (Tamil Nadu),Manesar Northern Plant,Coastal Maritime Lane,Road (Express),887.6,25.4,2025-05-16 04:21:36,0,0.824,8.6,22.2,4.66,2025-05-16 10:15:36,5.9,1
SHP-TRK-10385,2025-05-15 04:00:00,Bengaluru Electronic City,Manesar Northern Plant,NH48 Western Corridor,Rail (Dedicated Freight Corridor),972.0,21.6,2025-05-16 01:36:01,0,0.736,4.3,19.5,4.52,2025-05-16 01:36:01,0.0,0
SHP-TRK-10386,2025-05-15 06:00:00,Pune MIDC (Maharashtra),Bhiwandi Central DC,NH48 Western Corridor,Road (Heavy Haulage),893.9,25.5,2025-05-16 07:32:26,0,0.963,7.7,27.7,4.04,2025-05-16 07:32:26,0.0,0
SHP-TRK-10387,2025-05-15 06:00:00,Bengaluru Electronic City,Chakan Assembly Alpha (Pune),Coastal Maritime Lane,Road (Heavy Haulage),538.9,15.4,2025-05-15 21:23:45,0,0.782,1.7,30.0,4.4,2025-05-15 21:23:45,0.0,0
SHP-TRK-10388,2025-05-15 07:00:00,Gurugram (Haryana),Oragadam Southern Plant (Chennai),NH48 Western Corridor,Rail (Dedicated Freight Corridor),474.1,10.5,2025-05-15 17:32:10,0,0.936,7.1,14.1,4.2,2025-05-15 17:32:10,0.0,0
SHP-TRK-10389,2025-05-15 09:00:00,Sanand Hub (Gujarat),Chakan Assembly Alpha (Pune),NH48 Western Corridor,Road (Heavy Haulage),1217.1,34.8,2025-05-16 19:46:26,0,0.793,2.5,18.4,3.76,2025-05-16 19:46:26,0.0,0
SHP-TRK-10390,2025-05-15 10:00:00,Sanand Hub (Gujarat),Oragadam Southern Plant (Chennai),Western DFC Electric Rail,Road (Express),1230.2,35.1,2025-05-16 21:08:49,0,0.969,7.3,21.1,3.46,2025-05-16 21:08:49,0.0,0
SHP-TRK-10391,2025-05-15 13:00:00,Gurugram (Haryana),Oragadam Southern Plant (Chennai),Golden Quadrilateral Delhi-Kolkata,Road (Heavy Haulage),591.1,16.9,2025-05-16 05:53:23,0,0.872,5.7,16.8,3.8,2025-05-16 05:53:23,0.0,0
SHP-TRK-10392,2025-05-15 16:00:00,Bengaluru Electronic City,Oragadam Southern Plant (Chennai),Golden Quadrilateral Delhi-Kolkata,Rail (Dedicated Freight Corridor),723.8,16.1,2025-05-16 08:05:01,0,0.888,2.2,30.1,4.49,2025-05-16 08:05:01,0.0,0
SHP-TRK-10393,2025-05-15 16:00:00,Sanand Hub (Gujarat),Chakan Assembly Alpha (Pune),Chennai-Bengaluru Expressway,Rail (Dedicated Freight Corridor),882.7,19.6,2025-05-16 11:36:56,0,0.962,4.9,18.0,3.77,2025-05-17 14:18:56,26.7,1
SHP-TRK-10394,2025-05-15 21:00:00,Gurugram (Haryana),Kundli DC,Western DFC Electric Rail,Coastal Ro-Ro,1062.5,30.4,2025-05-17 03:21:27,0,0.922,2.0,21.0,3.63,2025-05-17 16:57:27,13.6,1
SHP-TRK-10395,2025-05-16 00:00:00,Sanand Hub (Gujarat),Oragadam Southern Plant (Chennai),Western DFC Electric Rail,Road (Heavy Haulage),339.3,9.7,2025-05-16 09:41:40,0,0.851,2.5,20.3,4.24,2025-05-16 09:41:40,0.0,0
SHP-TRK-10396,2025-05-16 01:00:00,Pune MIDC (Maharashtra),Oragadam Southern Plant (Chennai),Western DFC Electric Rail,Road (Express),831.0,23.7,2025-05-17 00:44:36,0,0.889,1.1,22.5,3.86,2025-05-17 00:44:36,0.0,0
SHP-TRK-10397,2025-05-16 08:00:00,Sanand Hub (Gujarat),Chakan Assembly Alpha (Pune),Golden Quadrilateral Delhi-Kolkata,Coastal Ro-Ro,402.5,11.5,2025-05-16 19:30:02,0,0.813,5.7,27.5,4.73,2025-05-17 03:18:02,7.8,1
SHP-TRK-10398,2025-05-16 09:00:00,Sanand Hub (Gujarat),Chakan Assembly Alpha (Pune),Western DFC Electric Rail,Coastal Ro-Ro,564.0,16.1,2025-05-17 01:06:52,0,0.737,1.2,11.2,4.02,2025-05-17 01:06:52,0.0,0
SHP-TRK-10399,2025-05-16 18:00:00,Pune MIDC (Maharashtra),Kundli DC,NH48 Western Corridor,Road (Heavy Haulage),870.5,24.9,2025-05-17 18:52:21,0,0.956,7.4,6.3,4.26,2025-05-17 18:52:21,0.0,0
SHP-TRK-10400,2025-05-16 18:00:00,Gurugram (Haryana),Chakan Assembly Alpha (Pune),Chennai-Bengaluru Expressway,Rail (Dedicated Freight Corridor),742.0,16.5,2025-05-17 10:29:22,0,0.845,1.6,12.1,4.82,2025-05-17 10:29:22,0.0,0
SHP-TRK-10401,2025-05-16 18:00:00,Bengaluru Electronic City,Oragadam Southern Plant (Chennai),NH48 Western Corridor,Rail (Dedicated Freight Corridor),833.7,18.5,2025-05-17 12:31:38,0,0.912,7.9,21.7,3.59,2025-05-17 12:31:38,0.0,0
SHP-TRK-10402,2025-05-16 20:00:00,Gurugram (Haryana),Chakan Assembly Alpha (Pune),NH48 Western Corridor,Road (Express),1370.3,39.2,2025-05-18 11:09:06,0,0.907,7.0,10.5,4.33,2025-05-18 11:09:06,0.0,0
SHP-TRK-10403,2025-05-16 22:00:00,Pune MIDC (Maharashtra),Chakan Assembly Alpha (Pune),Chennai-Bengaluru Expressway,Coastal Ro-Ro,574.4,16.4,2025-05-17 14:24:43,0,0.934,5.1,17.2,4.27,2025-05-17 14:24:43,0.0,0
SHP-TRK-10404,2025-05-17 00:00:00,Pune MIDC (Maharashtra),Oragadam Southern Plant (Chennai),Golden Quadrilateral Delhi-Kolkata,Rail (Dedicated Freight Corridor),1103.3,24.5,2025-05-18 00:31:07,0,0.734,7.9,17.1,4.12,2025-05-18 08:25:07,7.9,1
SHP-TRK-10405,2025-05-17 01:00:00,Gurugram (Haryana),Oragadam Southern Plant (Chennai),NH48 Western Corridor,Road (Express),821.3,23.5,2025-05-18 00:27:53,0,0.978,7.2,10.3,3.75,2025-05-18 00:27:53,0.0,0
SHP-TRK-10406,2025-05-17 12:00:00,Bengaluru Electronic City,Bhiwandi Central DC,NH48 Western Corridor,Road (Express),1356.7,38.8,2025-05-19 02:45:42,0,0.874,4.0,18.3,4.24,2025-05-19 02:45:42,0.0,0
SHP-TRK-10407,2025-05-17 16:00:00,Bengaluru Electronic City,Oragadam Southern Plant (Chennai),Chennai-Bengaluru Expressway,Road (Heavy Haulage),900.1,25.7,2025-05-18 17:43:02,0,0.754,7.1,30.1,3.95,2025-05-18 17:43:02,0.0,0
SHP-TRK-10408,2025-05-17 18:00:00,Sanand Hub (Gujarat),Oragadam Southern Plant (Chennai),Coastal Maritime Lane,Road (Heavy Haulage),470.3,13.4,2025-05-18 07:26:13,0,0.786,4.3,15.0,4.08,2025-05-18 07:26:13,0.0,0
SHP-TRK-10409,2025-05-17 20:00:00,Sanand Hub (Gujarat),Chakan Assembly Alpha (Pune),NH48 Western Corridor,Rail (Dedicated Freight Corridor),984.0,21.9,2025-05-18 17:51:58,0,0.867,6.7,30.3,4.82,2025-05-18 17:51:58,0.0,0
SHP-TRK-10410,2025-05-17 20:00:00,Sanand Hub (Gujarat),Chakan Assembly Alpha (Pune),Chennai-Bengaluru Expressway,Road (Heavy Haulage),1416.5,40.5,2025-05-19 12:28:13,0,0.943,1.9,30.6,3.41,2025-05-19 12:28:13,0.0,0
SHP-TRK-10411,2025-05-17 21:00:00,Bengaluru Electronic City,Chakan Assembly Alpha (Pune),NH48 Western Corridor,Rail (Dedicated Freight Corridor),818.1,18.2,2025-05-18 15:10:49,0,0.879,8.0,22.7,4.63,2025-05-18 15:10:49,0.0,0
SHP-TRK-10412,2025-05-17 21:00:00,Gurugram (Haryana),Chakan Assembly Alpha (Pune),NH48 Western Corridor,Rail (Dedicated Freight Corridor),306.5,6.8,2025-05-18 03:48:37,0,0.894,7.9,9.0,4.68,2025-05-18 03:48:37,0.0,0
SHP-TRK-10413,2025-05-18 02:00:00,Gurugram (Haryana),Chakan Assembly Alpha (Pune),NH48 Western Corridor,Coastal Ro-Ro,912.8,26.1,2025-05-19 04:04:48,0,0.733,1.4,24.3,3.78,2025-05-19 04:04:48,0.0,0
SHP-TRK-10414,2025-05-18 04:00:00,Sanand Hub (Gujarat),Manesar Northern Plant,Chennai-Bengaluru Expressway,Road (Heavy Haulage),345.1,9.9,2025-05-18 13:51:35,0,0.77,4.1,17.8,3.88,2025-05-18 13:51:35,0.0,0
SHP-TRK-10415,2025-05-18 08:00:00,Gurugram (Haryana),Manesar Northern Plant,Western DFC Electric Rail,Road (Heavy Haulage),1300.0,37.1,2025-05-19 21:08:35,0,0.798,1.8,25.4,4.26,2025-05-19 21:08:35,0.0,0
SHP-TRK-10416,2025-05-18 08:00:00,Sanand Hub (Gujarat),Chakan Assembly Alpha (Pune),NH48 Western Corridor,Rail (Dedicated Freight Corridor),854.9,19.0,2025-05-19 02:59:50,0,0.862,3.3,30.6,4.48,2025-05-19 02:59:50,0.0,0
SHP-TRK-10417,2025-05-18 09:00:00,Sanand Hub (Gujarat),Chakan Assembly Alpha (Pune),NH48 Western Corridor,Rail (Dedicated Freight Corridor),1423.9,31.6,2025-05-19 16:38:33,0,0.761,4.9,14.5,3.59,2025-05-19 16:38:33,0.0,0
SHP-TRK-10418,2025-05-18 10:00:00,Bengaluru Electronic City,Chakan Assembly Alpha (Pune),NH48 Western Corridor,Air Cargo Express,1346.5,22.4,2025-05-19 08:26:28,0,0.937,3.4,26.2,4.19,2025-05-21 12:08:28,51.7,1
SHP-TRK-10419,2025-05-18 12:00:00,Bengaluru Electronic City,Oragadam Southern Plant (Chennai),Coastal Maritime Lane,Road (Heavy Haulage),297.2,8.5,2025-05-18 20:29:24,0,0.89,4.5,30.6,4.2,2025-05-18 20:29:24,0.0,0
SHP-TRK-10420,2025-05-18 13:00:00,Bengaluru Electronic City,Manesar Northern Plant,NH48 Western Corridor,Road (Heavy Haulage),507.5,14.5,2025-05-19 03:29:57,0,0.912,2.5,20.3,4.69,2025-05-19 03:29:57,0.0,0
SHP-TRK-10421,2025-05-18 20:00:00,Gurugram (Haryana),Oragadam Southern Plant (Chennai),NH48 Western Corridor,Road (Heavy Haulage),309.7,8.8,2025-05-19 04:50:58,0,0.79,6.2,19.2,3.99,2025-05-19 04:50:58,0.0,0
SHP-TRK-10422,2025-05-18 22:00:00,Sriperumbudur (Tamil Nadu),Oragadam Southern Plant (Chennai),NH48 Western Corridor,Rail (Dedicated Freight Corridor),795.9,17.7,2025-05-19 15:41:15,0,0.842,6.7,30.4,4.14,2025-05-19 20:17:15,4.6,1
SHP-TRK-10423,2025-05-18 23:00:00,Sriperumbudur (Tamil Nadu),Chakan Assembly Alpha (Pune),Coastal Maritime Lane,Road (Express),1384.9,39.6,2025-05-20 14:34:09,0,0.771,8.0,23.9,4.21,2025-05-20 14:34:09,0.0,0
SHP-TRK-10424,2025-05-19 02:00:00,Pune MIDC (Maharashtra),Oragadam Southern Plant (Chennai),Western DFC Electric Rail,Road (Heavy Haulage),945.0,27.0,2025-05-20 04:59:55,0,0.769,8.2,23.0,3.55,2025-05-20 04:59:55,0.0,0
SHP-TRK-10425,2025-05-19 07:00:00,Sriperumbudur (Tamil Nadu),Chakan Assembly Alpha (Pune),Western DFC Electric Rail,Road (Heavy Haulage),733.3,21.0,2025-05-20 03:57:09,0,0.873,1.7,16.4,4.88,2025-05-20 03:57:09,0.0,0
SHP-TRK-10426,2025-05-19 13:00:00,Sriperumbudur (Tamil Nadu),Manesar Northern Plant,NH48 Western Corridor,Road (Heavy Haulage),1421.0,40.6,2025-05-21 05:36:04,0,0.794,4.4,22.4,4.2,2025-05-22 08:54:04,27.3,1
SHP-TRK-10427,2025-05-19 15:00:00,Bengaluru Electronic City,Chakan Assembly Alpha (Pune),Chennai-Bengaluru Expressway,Road (Heavy Haulage),1073.2,30.7,2025-05-20 21:39:49,0,0.785,1.5,23.5,4.01,2025-05-20 21:39:49,0.0,0
SHP-TRK-10428,2025-05-19 17:00:00,Bengaluru Electronic City,Chakan Assembly Alpha (Pune),Coastal Maritime Lane,Rail (Dedicated Freight Corridor),460.9,10.2,2025-05-20 03:14:28,0,0.875,4.4,16.8,4.64,2025-05-20 03:14:28,0.0,0
SHP-TRK-10429,2025-05-19 19:00:00,Bengaluru Electronic City,Oragadam Southern Plant (Chennai),NH48 Western Corridor,Road (Heavy Haulage),353.1,10.1,2025-05-20 05:05:18,0,0.906,2.6,23.5,4.02,2025-05-20 05:05:18,0.0,0
SHP-TRK-10430,2025-05-20 01:00:00,Bengaluru Electronic City,Oragadam Southern Plant (Chennai),NH48 Western Corridor,Road (Heavy Haulage),1046.5,29.9,2025-05-21 06:53:58,0,0.893,3.3,17.2,3.72,2025-05-21 06:53:58,0.0,0
SHP-TRK-10431,2025-05-20 03:00:00,Sanand Hub (Gujarat),Bhiwandi Central DC,NH48 Western Corridor,Road (Heavy Haulage),585.5,16.7,2025-05-20 19:43:45,0,0.753,6.1,6.6,3.91,2025-05-21 14:13:45,18.5,1
SHP-TRK-10432,2025-05-20 08:00:00,Pune MIDC (Maharashtra),Manesar Northern Plant,Golden Quadrilateral Delhi-Kolkata,Road (Heavy Haulage),389.5,11.1,2025-05-20 19:07:45,0,0.859,4.5,11.9,4.71,2025-05-20 19:07:45,0.0,0
SHP-TRK-10433,2025-05-20 08:00:00,Gurugram (Haryana),Manesar Northern Plant,NH48 Western Corridor,Road (Heavy Haulage),558.5,16.0,2025-05-20 23:57:27,0,0.845,3.9,29.6,3.96,2025-05-20 23:57:27,0.0,0
SHP-TRK-10434,2025-05-20 09:00:00,Bengaluru Electronic City,Bhiwandi Central DC,Western DFC Electric Rail,Rail (Dedicated Freight Corridor),651.0,14.5,2025-05-20 23:27:57,0,0.933,1.3,28.4,4.0,2025-05-20 23:27:57,0.0,0
SHP-TRK-10435,2025-05-20 15:00:00,Bengaluru Electronic City,Manesar Northern Plant,Chennai-Bengaluru Expressway,Road (Heavy Haulage),786.1,22.5,2025-05-21 13:27:34,0,0.809,2.1,16.6,4.01,2025-05-21 13:27:34,0.0,0
SHP-TRK-10436,2025-05-20 20:00:00,Sriperumbudur (Tamil Nadu),Oragadam Southern Plant (Chennai),Western DFC Electric Rail,Coastal Ro-Ro,1219.0,34.8,2025-05-22 06:49:40,0,0.748,4.2,13.8,4.69,2025-05-22 06:49:40,0.0,0
SHP-TRK-10437,2025-05-20 22:00:00,Sanand Hub (Gujarat),Chakan Assembly Alpha (Pune),NH48 Western Corridor,Air Cargo Express,1052.5,17.5,2025-05-21 15:32:30,0,0.861,7.7,7.9,4.82,2025-05-22 06:56:30,15.4,1
SHP-TRK-10438,2025-05-21 02:00:00,Bengaluru Electronic City,Oragadam Southern Plant (Chennai),Coastal Maritime Lane,Rail (Dedicated Freight Corridor),1254.3,27.9,2025-05-22 05:52:25,0,0.979,1.2,7.6,4.63,2025-05-22 05:52:25,0.0,0
SHP-TRK-10439,2025-05-21 05:00:00,Bengaluru Electronic City,Chakan Assembly Alpha (Pune),NH48 Western Corridor,Road (Express),693.3,19.8,2025-05-22 00:48:26,0,0.852,5.5,24.5,4.32,2025-05-22 00:48:26,0.0,0
SHP-TRK-10440,2025-05-21 07:00:00,Sriperumbudur (Tamil Nadu),Oragadam Southern Plant (Chennai),NH48 Western Corridor,Rail (Dedicated Freight Corridor),351.6,7.8,2025-05-21 14:48:46,0,0.751,2.8,18.3,4.45,2025-05-21 14:48:46,0.0,0
SHP-TRK-10441,2025-05-21 14:00:00,Pune MIDC (Maharashtra),Oragadam Southern Plant (Chennai),NH48 Western Corridor,Road (Heavy Haulage),480.2,13.7,2025-05-22 03:43:16,0,0.736,5.7,31.7,4.57,2025-05-22 08:25:16,4.7,1
SHP-TRK-10442,2025-05-21 18:00:00,Bengaluru Electronic City,Bhiwandi Central DC,Coastal Maritime Lane,Road (Express),740.7,21.2,2025-05-22 15:09:47,0,0.892,4.7,21.8,3.68,2025-05-22 15:09:47,0.0,0
SHP-TRK-10443,2025-05-21 18:00:00,Sriperumbudur (Tamil Nadu),Oragadam Southern Plant (Chennai),Golden Quadrilateral Delhi-Kolkata,Road (Express),1046.5,29.9,2025-05-22 23:54:05,0,0.749,6.8,18.3,4.78,2025-05-22 23:54:05,0.0,0
SHP-TRK-10444,2025-05-22 03:00:00,Sanand Hub (Gujarat),Bhiwandi Central DC,NH48 Western Corridor,Road (Heavy Haulage),900.8,25.7,2025-05-23 04:44:09,0,0.759,7.0,4.7,4.47,2025-05-23 20:56:09,16.2,1
SHP-TRK-10445,2025-05-22 04:00:00,Gurugram (Haryana),Manesar Northern Plant,NH48 Western Corridor,Rail (Dedicated Freight Corridor),251.5,5.6,2025-05-22 09:35:23,0,0.751,5.3,23.1,4.5,2025-05-22 09:35:23,0.0,0
SHP-TRK-10446,2025-05-22 05:00:00,Sriperumbudur (Tamil Nadu),Chakan Assembly Alpha (Pune),Chennai-Bengaluru Expressway,Road (Heavy Haulage),1119.9,32.0,2025-05-23 12:59:49,0,0.953,1.9,31.7,3.42,2025-05-23 12:59:49,0.0,0
SHP-TRK-10447,2025-05-22 14:00:00,Gurugram (Haryana),Chakan Assembly Alpha (Pune),NH48 Western Corridor,Rail (Dedicated Freight Corridor),946.3,21.0,2025-05-23 11:01:41,0,0.955,3.6,22.9,4.34,2025-05-23 11:01:41,0.0,0
SHP-TRK-10448,2025-05-22 15:00:00,Bengaluru Electronic City,Chakan Assembly Alpha (Pune),NH48 Western Corridor,Road (Heavy Haulage),1332.3,38.1,2025-05-24 05:03:56,0,0.823,3.0,16.8,4.52,2025-05-24 05:03:56,0.0,0
SHP-TRK-10449,2025-05-22 16:00:00,Gurugram (Haryana),Oragadam Southern Plant (Chennai),Western DFC Electric Rail,Air Cargo Express,438.7,7.3,2025-05-22 23:18:40,0,0.9,5.1,22.4,4.06,2025-05-22 23:18:40,0.0,0
SHP-TRK-10450,2025-05-22 17:00:00,Gurugram (Haryana),Bhiwandi Central DC,Western DFC Electric Rail,Rail (Dedicated Freight Corridor),640.7,14.2,2025-05-23 07:14:15,0,0.976,6.3,5.7,4.33,2025-05-23 07:14:15,0.0,0
SHP-TRK-10451,2025-05-22 22:00:00,Sanand Hub (Gujarat),Chakan Assembly Alpha (Pune),NH48 Western Corridor,Rail (Dedicated Freight Corridor),776.0,17.2,2025-05-23 15:14:36,0,0.788,2.3,23.5,3.7,2025-05-23 15:14:36,0.0,0
SHP-TRK-10452,2025-05-23 00:00:00,Bengaluru Electronic City,Manesar Northern Plant,NH48 Western Corridor,Road (Heavy Haulage),337.9,9.7,2025-05-23 09:39:14,0,0.931,7.0,25.2,4.4,2025-05-23 09:39:14,0.0,0
SHP-TRK-10453,2025-05-23 01:00:00,Bengaluru Electronic City,Manesar Northern Plant,Western DFC Electric Rail,Road (Heavy Haulage),1183.5,33.8,2025-05-24 10:48:46,0,0.85,3.9,12.1,4.44,2025-05-24 10:48:46,0.0,0
SHP-TRK-10454,2025-05-23 04:00:00,Gurugram (Haryana),Oragadam Southern Plant (Chennai),Western DFC Electric Rail,Road (Express),1309.4,37.4,2025-05-24 17:24:41,0,0.857,5.1,20.4,4.85,2025-05-24 17:24:41,0.0,0
SHP-TRK-10455,2025-05-23 04:00:00,Sanand Hub (Gujarat),Chakan Assembly Alpha (Pune),Western DFC Electric Rail,Coastal Ro-Ro,987.9,28.2,2025-05-24 08:13:30,0,0.845,1.7,25.6,3.87,2025-05-24 08:13:30,0.0,0
SHP-TRK-10456,2025-05-23 08:00:00,Bengaluru Electronic City,Bhiwandi Central DC,Chennai-Bengaluru Expressway,Road (Heavy Haulage),558.0,15.9,2025-05-23 23:56:33,0,0.874,8.5,23.1,4.43,2025-05-23 23:56:33,0.0,0
SHP-TRK-10457,2025-05-23 08:00:00,Bengaluru Electronic City,Chakan Assembly Alpha (Pune),Golden Quadrilateral Delhi-Kolkata,Coastal Ro-Ro,1023.7,29.2,2025-05-24 13:14:51,0,0.812,1.4,5.4,4.54,2025-05-24 13:14:51,0.0,0
SHP-TRK-10458,2025-05-23 17:00:00,Sriperumbudur (Tamil Nadu),Bhiwandi Central DC,NH48 Western Corridor,Road (Heavy Haulage),534.5,15.3,2025-05-24 08:16:15,0,0.836,1.6,30.7,4.78,2025-05-24 08:16:15,0.0,0
SHP-TRK-10459,2025-05-23 18:00:00,Bengaluru Electronic City,Kundli DC,Coastal Maritime Lane,Rail (Dedicated Freight Corridor),256.4,5.7,2025-05-23 23:41:53,0,0.915,8.2,8.3,4.8,2025-05-24 11:23:53,11.7,1
SHP-TRK-10460,2025-05-23 19:00:00,Sriperumbudur (Tamil Nadu),Oragadam Southern Plant (Chennai),NH48 Western Corridor,Road (Heavy Haulage),1222.2,34.9,2025-05-25 05:55:08,0,0.743,6.1,29.7,3.52,2025-05-26 01:13:08,19.3,1
SHP-TRK-10461,2025-05-24 02:00:00,Sriperumbudur (Tamil Nadu),Chakan Assembly Alpha (Pune),NH48 Western Corridor,Road (Express),806.1,23.0,2025-05-25 01:01:49,0,0.876,2.4,24.9,4.39,2025-05-25 01:01:49,0.0,0
SHP-TRK-10462,2025-05-24 04:00:00,Sanand Hub (Gujarat),Manesar Northern Plant,Western DFC Electric Rail,Road (Heavy Haulage),546.6,15.6,2025-05-24 19:37:06,0,0.915,3.1,28.7,3.69,2025-05-24 19:37:06,0.0,0
SHP-TRK-10463,2025-05-24 07:00:00,Sriperumbudur (Tamil Nadu),Chakan Assembly Alpha (Pune),Golden Quadrilateral Delhi-Kolkata,Road (Heavy Haulage),1041.3,29.8,2025-05-25 12:45:05,0,0.882,3.3,14.9,4.16,2025-05-26 10:33:05,21.8,1
SHP-TRK-10464,2025-05-24 11:00:00,Pune MIDC (Maharashtra),Chakan Assembly Alpha (Pune),NH48 Western Corridor,Road (Heavy Haulage),280.9,8.0,2025-05-24 19:01:31,0,0.809,7.4,29.2,4.08,2025-05-24 19:01:31,0.0,0
SHP-TRK-10465,2025-05-24 11:00:00,Sanand Hub (Gujarat),Bhiwandi Central DC,Coastal Maritime Lane,Road (Heavy Haulage),837.1,23.9,2025-05-25 10:54:57,0,0.809,8.4,5.2,4.22,2025-05-25 10:54:57,0.0,0
SHP-TRK-10466,2025-05-24 14:00:00,Sanand Hub (Gujarat),Oragadam Southern Plant (Chennai),Golden Quadrilateral Delhi-Kolkata,Rail (Dedicated Freight Corridor),250.9,5.6,2025-05-24 19:34:28,0,0.964,2.3,10.9,3.46,2025-05-24 19:34:28,0.0,0
SHP-TRK-10467,2025-05-24 18:00:00,Sanand Hub (Gujarat),Kundli DC,NH48 Western Corridor,Road (Heavy Haulage),378.4,10.8,2025-05-25 04:48:40,0,0.907,7.8,11.6,3.48,2025-05-25 12:18:40,7.5,1
SHP-TRK-10468,2025-05-24 19:00:00,Sanand Hub (Gujarat),Oragadam Southern Plant (Chennai),Western DFC Electric Rail,Road (Heavy Haulage),554.2,15.8,2025-05-25 10:50:02,0,0.965,8.2,20.1,3.97,2025-05-25 10:50:02,0.0,0
SHP-TRK-10469,2025-05-24 21:00:00,Bengaluru Electronic City,Manesar Northern Plant,Chennai-Bengaluru Expressway,Rail (Dedicated Freight Corridor),1382.9,30.7,2025-05-26 03:43:53,0,0.807,5.5,7.1,4.02,2025-05-26 03:43:53,0.0,0
SHP-TRK-10470,2025-05-25 00:00:00,Sanand Hub (Gujarat),Bhiwandi Central DC,Western DFC Electric Rail,Road (Heavy Haulage),976.8,27.9,2025-05-26 03:54:34,0,0.9,4.1,28.4,4.06,2025-05-26 03:54:34,0.0,0
SHP-TRK-10471,2025-05-25 00:00:00,Sanand Hub (Gujarat),Oragadam Southern Plant (Chennai),Western DFC Electric Rail,Road (Express),1248.6,35.7,2025-05-26 11:40:26,0,0.848,1.9,4.9,4.45,2025-05-26 11:40:26,0.0,0
SHP-TRK-10472,2025-05-25 04:00:00,Pune MIDC (Maharashtra),Chakan Assembly Alpha (Pune),Western DFC Electric Rail,Rail (Dedicated Freight Corridor),742.6,16.5,2025-05-25 20:30:10,0,0.78,2.1,9.9,3.41,2025-05-26 03:36:10,7.1,1
SHP-TRK-10473,2025-05-25 05:00:00,Sriperumbudur (Tamil Nadu),Oragadam Southern Plant (Chennai),NH48 Western Corridor,Coastal Ro-Ro,665.0,19.0,2025-05-25 23:59:59,0,0.813,1.1,27.6,4.74,2025-05-27 19:23:59,43.4,1
SHP-TRK-10474,2025-05-25 08:00:00,Sriperumbudur (Tamil Nadu),Oragadam Southern Plant (Chennai),NH48 Western Corridor,Rail (Dedicated Freight Corridor),1026.7,22.8,2025-05-26 06:48:53,0,0.732,1.4,17.1,4.73,2025-05-26 06:48:53,0.0,0
SHP-TRK-10475,2025-05-25 10:00:00,Sanand Hub (Gujarat),Bhiwandi Central DC,NH48 Western Corridor,Road (Heavy Haulage),629.9,18.0,2025-05-26 03:59:52,0,0.824,2.2,18.3,4.06,2025-05-26 03:59:52,0.0,0
SHP-TRK-10476,2025-05-25 11:00:00,Bengaluru Electronic City,Bhiwandi Central DC,Western DFC Electric Rail,Road (Express),559.2,16.0,2025-05-26 02:58:41,0,0.95,5.6,10.6,4.6,2025-05-26 02:58:41,0.0,0
SHP-TRK-10477,2025-05-25 12:00:00,Sanand Hub (Gujarat),Kundli DC,Golden Quadrilateral Delhi-Kolkata,Road (Heavy Haulage),723.7,20.7,2025-05-26 08:40:40,0,0.848,8.0,15.9,3.47,2025-05-26 08:40:40,0.0,0
SHP-TRK-10478,2025-05-25 16:00:00,Sanand Hub (Gujarat),Chakan Assembly Alpha (Pune),NH48 Western Corridor,Rail (Dedicated Freight Corridor),386.5,8.6,2025-05-26 00:35:21,0,0.827,6.2,24.1,4.81,2025-05-26 05:47:21,5.2,1
SHP-TRK-10479,2025-05-25 20:00:00,Bengaluru Electronic City,Bhiwandi Central DC,Golden Quadrilateral Delhi-Kolkata,Air Cargo Express,452.6,7.5,2025-05-26 03:32:36,0,0.934,7.2,20.9,3.79,2025-05-26 03:32:36,0.0,0
SHP-TRK-10480,2025-05-25 20:00:00,Sanand Hub (Gujarat),Oragadam Southern Plant (Chennai),NH48 Western Corridor,Rail (Dedicated Freight Corridor),820.4,18.2,2025-05-26 14:13:54,0,0.815,6.1,29.3,3.61,2025-05-27 00:55:54,10.7,1
SHP-TRK-10481,2025-05-26 04:00:00,Sriperumbudur (Tamil Nadu),Manesar Northern Plant,NH48 Western Corridor,Coastal Ro-Ro,1390.3,39.7,2025-05-27 19:43:17,0,0.736,5.8,6.1,4.19,2025-05-27 19:43:17,0.0,0
SHP-TRK-10482,2025-05-26 05:00:00,Sriperumbudur (Tamil Nadu),Bhiwandi Central DC,NH48 Western Corridor,Road (Heavy Haulage),1304.7,37.3,2025-05-27 18:16:33,0,0.802,2.0,17.4,3.45,2025-05-27 18:16:33,0.0,0
SHP-TRK-10483,2025-05-26 11:00:00,Bengaluru Electronic City,Chakan Assembly Alpha (Pune),Chennai-Bengaluru Expressway,Road (Heavy Haulage),1429.2,40.8,2025-05-28 03:50:01,0,0.886,2.3,29.4,3.63,2025-05-28 03:50:01,0.0,0
SHP-TRK-10484,2025-05-26 13:00:00,Gurugram (Haryana),Bhiwandi Central DC,Golden Quadrilateral Delhi-Kolkata,Road (Express),490.4,14.0,2025-05-27 03:00:41,0,0.775,6.5,10.5,4.57,2025-05-27 03:00:41,0.0,0
SHP-TRK-10485,2025-05-26 21:00:00,Pune MIDC (Maharashtra),Oragadam Southern Plant (Chennai),Chennai-Bengaluru Expressway,Road (Express),1035.7,29.6,2025-05-28 02:35:32,0,0.779,3.2,13.2,3.71,2025-05-28 11:05:32,8.5,1
SHP-TRK-10486,2025-05-26 22:00:00,Bengaluru Electronic City,Kundli DC,Golden Quadrilateral Delhi-Kolkata,Road (Heavy Haulage),1074.7,30.7,2025-05-28 04:42:24,0,0.745,8.4,20.1,3.79,2025-05-29 04:30:24,23.8,1
SHP-TRK-10487,2025-05-26 23:00:00,Sriperumbudur (Tamil Nadu),Chakan Assembly Alpha (Pune),Western DFC Electric Rail,Road (Express),1014.0,29.0,2025-05-28 03:58:20,0,0.778,6.4,25.7,4.33,2025-05-28 03:58:20,0.0,0
SHP-TRK-10488,2025-05-27 04:00:00,Bengaluru Electronic City,Bhiwandi Central DC,Chennai-Bengaluru Expressway,Rail (Dedicated Freight Corridor),1211.6,26.9,2025-05-28 06:55:29,0,0.827,2.8,15.7,3.74,2025-05-28 06:55:29,0.0,0
SHP-TRK-10489,2025-05-27 09:00:00,Sriperumbudur (Tamil Nadu),Bhiwandi Central DC,Western DFC Electric Rail,Road (Heavy Haulage),544.8,15.6,2025-05-28 00:33:52,0,0.748,7.4,7.2,3.92,2025-05-29 07:33:52,31.0,1
SHP-TRK-10490,2025-05-27 12:00:00,Gurugram (Haryana),Kundli DC,NH48 Western Corridor,Road (Heavy Haulage),1096.1,31.3,2025-05-28 19:18:59,0,0.837,1.8,24.0,3.61,2025-05-30 03:54:59,32.6,1
SHP-TRK-10491,2025-05-27 19:00:00,Sanand Hub (Gujarat),Chakan Assembly Alpha (Pune),Golden Quadrilateral Delhi-Kolkata,Coastal Ro-Ro,1211.6,34.6,2025-05-29 05:37:06,0,0.823,3.7,10.9,4.23,2025-05-29 05:37:06,0.0,0
SHP-TRK-10492,2025-05-27 21:00:00,Sriperumbudur (Tamil Nadu),Chakan Assembly Alpha (Pune),NH48 Western Corridor,Coastal Ro-Ro,1408.8,40.3,2025-05-29 13:15:03,0,0.724,4.8,13.7,4.26,2025-05-29 13:15:03,0.0,0
SHP-TRK-10493,2025-05-27 21:00:00,Bengaluru Electronic City,Oragadam Southern Plant (Chennai),Golden Quadrilateral Delhi-Kolkata,Road (Express),1249.9,35.7,2025-05-29 08:42:43,0,0.785,5.9,20.6,4.13,2025-05-29 08:42:43,0.0,0
SHP-TRK-10494,2025-05-27 23:00:00,Bengaluru Electronic City,Chakan Assembly Alpha (Pune),NH48 Western Corridor,Road (Heavy Haulage),1069.7,30.6,2025-05-29 05:33:44,0,0.892,8.6,24.6,4.69,2025-05-30 15:45:44,34.2,1
SHP-TRK-10495,2025-05-28 08:00:00,Bengaluru Electronic City,Manesar Northern Plant,Western DFC Electric Rail,Coastal Ro-Ro,1336.4,38.2,2025-05-29 22:10:56,0,0.742,2.5,16.6,4.62,2025-05-29 22:10:56,0.0,0
SHP-TRK-10496,2025-05-28 09:00:00,Gurugram (Haryana),Oragadam Southern Plant (Chennai),Chennai-Bengaluru Expressway,Road (Heavy Haulage),975.3,27.9,2025-05-29 12:51:52,0,0.772,5.0,24.9,4.15,2025-05-29 12:51:52,0.0,0
SHP-TRK-10497,2025-05-28 10:00:00,Bengaluru Electronic City,Kundli DC,Western DFC Electric Rail,Rail (Dedicated Freight Corridor),586.6,13.0,2025-05-28 23:02:04,0,0.91,2.9,9.2,3.83,2025-05-28 23:02:04,0.0,0
SHP-TRK-10498,2025-05-28 12:00:00,Sriperumbudur (Tamil Nadu),Chakan Assembly Alpha (Pune),NH48 Western Corridor,Rail (Dedicated Freight Corridor),250.3,5.6,2025-05-28 17:33:43,0,0.753,8.5,28.4,4.31,2025-05-29 18:39:43,25.1,1
SHP-TRK-10499,2025-05-28 12:00:00,Gurugram (Haryana),Oragadam Southern Plant (Chennai),NH48 Western Corridor,Rail (Dedicated Freight Corridor),725.5,16.1,2025-05-29 04:07:19,0,0.971,5.3,12.4,4.37,2025-05-30 01:07:19,21.0,1
SHP-TRK-10500,2025-05-28 13:00:00,Bengaluru Electronic City,Kundli DC,NH48 Western Corridor,Road (Heavy Haulage),1355.3,38.7,2025-05-30 03:43:20,0,0.803,3.0,19.2,3.55,2025-05-30 03:43:20,0.0,0
SHP-TRK-10501,2025-05-28 14:00:00,Gurugram (Haryana),Bhiwandi Central DC,Golden Quadrilateral Delhi-Kolkata,Road (Heavy Haulage),712.0,20.3,2025-05-29 10:20:29,0,0.825,7.3,31.0,4.12,2025-05-29 21:56:29,11.6,1
SHP-TRK-10502,2025-05-28 18:00:00,Bengaluru Electronic City,Oragadam Southern Plant (Chennai),Golden Quadrilateral Delhi-Kolkata,Road (Heavy Haulage),773.5,22.1,2025-05-29 16:05:55,0,0.771,7.5,26.6,3.85,2025-05-29 16:05:55,0.0,0
SHP-TRK-10503,2025-05-28 19:00:00,Sriperumbudur (Tamil Nadu),Chakan Assembly Alpha (Pune),Golden Quadrilateral Delhi-Kolkata,Road (Heavy Haulage),298.4,8.5,2025-05-29 03:31:31,0,0.745,1.1,8.7,3.83,2025-06-01 12:07:31,80.6,1
SHP-TRK-10504,2025-05-28 20:00:00,Sanand Hub (Gujarat),Chakan Assembly Alpha (Pune),Western DFC Electric Rail,Coastal Ro-Ro,687.8,19.7,2025-05-29 15:39:03,0,0.947,4.2,13.7,3.97,2025-05-29 15:39:03,0.0,0
SHP-TRK-10505,2025-05-28 21:00:00,Bengaluru Electronic City,Manesar Northern Plant,Western DFC Electric Rail,Road (Heavy Haulage),329.1,9.4,2025-05-29 06:24:07,0,0.77,4.3,30.3,4.4,2025-05-29 06:24:07,0.0,0
SHP-TRK-10506,2025-05-28 21:00:00,Bengaluru Electronic City,Chakan Assembly Alpha (Pune),NH48 Western Corridor,Road (Heavy Haulage),439.2,12.5,2025-05-29 09:32:54,0,0.765,7.1,4.9,3.97,2025-05-29 09:32:54,0.0,0
SHP-TRK-10507,2025-05-28 22:00:00,Sriperumbudur (Tamil Nadu),Manesar Northern Plant,NH48 Western Corridor,Road (Heavy Haulage),1130.1,32.3,2025-05-30 06:17:17,0,0.947,2.5,7.2,3.92,2025-05-30 06:17:17,0.0,0
SHP-TRK-10508,2025-05-29 02:00:00,Sriperumbudur (Tamil Nadu),Oragadam Southern Plant (Chennai),Western DFC Electric Rail,Road (Heavy Haulage),880.2,25.1,2025-05-30 03:08:51,0,0.773,4.6,26.4,3.55,2025-05-30 03:08:51,0.0,0
SHP-TRK-10509,2025-05-29 09:00:00,Sriperumbudur (Tamil Nadu),Manesar Northern Plant,Western DFC Electric Rail,Road (Express),433.2,12.4,2025-05-29 21:22:36,0,0.905,6.4,5.2,3.9,2025-05-29 21:22:36,0.0,0
SHP-TRK-10510,2025-05-29 11:00:00,Sriperumbudur (Tamil Nadu),Chakan Assembly Alpha (Pune),Coastal Maritime Lane,Rail (Dedicated Freight Corridor),1207.4,26.8,2025-05-30 13:49:49,0,0.96,8.8,4.8,4.02,2025-05-30 13:49:49,0.0,0
SHP-TRK-10511,2025-05-29 17:00:00,Gurugram (Haryana),Chakan Assembly Alpha (Pune),Western DFC Electric Rail,Coastal Ro-Ro,1202.2,34.3,2025-05-31 03:20:59,0,0.742,2.5,25.4,3.42,2025-06-01 07:08:59,27.8,1
SHP-TRK-10512,2025-05-29 17:00:00,Sriperumbudur (Tamil Nadu),Oragadam Southern Plant (Chennai),Golden Quadrilateral Delhi-Kolkata,Rail (Dedicated Freight Corridor),661.0,14.7,2025-05-30 07:41:17,0,0.748,1.6,20.7,4.51,2025-05-30 07:41:17,0.0,0
SHP-TRK-10513,2025-05-30 06:00:00,Sriperumbudur (Tamil Nadu),Oragadam Southern Plant (Chennai),NH48 Western Corridor,Road (Heavy Haulage),652.7,18.6,2025-05-31 00:38:51,0,0.974,8.0,13.6,4.67,2025-05-31 00:38:51,0.0,0
SHP-TRK-10514,2025-05-30 08:00:00,Bengaluru Electronic City,Chakan Assembly Alpha (Pune),Western DFC Electric Rail,Road (Heavy Haulage),1413.3,40.4,2025-06-01 00:22:50,0,0.9,1.6,9.7,4.66,2025-06-01 00:22:50,0.0,0
SHP-TRK-10515,2025-05-30 12:00:00,Sriperumbudur (Tamil Nadu),Manesar Northern Plant,Chennai-Bengaluru Expressway,Road (Heavy Haulage),1195.9,34.2,2025-05-31 22:10:09,0,0.787,6.7,10.4,3.67,2025-06-01 05:16:09,7.1,1
SHP-TRK-10516,2025-05-30 15:00:00,Bengaluru Electronic City,Oragadam Southern Plant (Chennai),Western DFC Electric Rail,Rail (Dedicated Freight Corridor),574.8,12.8,2025-05-31 03:46:24,0,0.728,5.8,15.4,4.7,2025-05-31 03:46:24,0.0,0
SHP-TRK-10517,2025-05-30 15:00:00,Pune MIDC (Maharashtra),Bhiwandi Central DC,NH48 Western Corridor,Rail (Dedicated Freight Corridor),1085.5,24.1,2025-05-31 15:07:17,0,0.774,4.5,6.3,3.59,2025-05-31 15:07:17,0.0,0
SHP-TRK-10518,2025-05-30 19:00:00,Gurugram (Haryana),Bhiwandi Central DC,Golden Quadrilateral Delhi-Kolkata,Rail (Dedicated Freight Corridor),993.3,22.1,2025-05-31 17:04:26,0,0.929,4.5,26.1,4.81,2025-05-31 17:04:26,0.0,0
SHP-TRK-10519,2025-05-30 23:00:00,Bengaluru Electronic City,Oragadam Southern Plant (Chennai),Chennai-Bengaluru Expressway,Road (Express),915.4,26.2,2025-06-01 01:09:14,0,0.767,4.7,31.1,4.62,2025-06-01 01:09:14,0.0,0
SHP-TRK-10520,2025-05-31 00:00:00,Sanand Hub (Gujarat),Oragadam Southern Plant (Chennai),Chennai-Bengaluru Expressway,Rail (Dedicated Freight Corridor),309.1,6.9,2025-05-31 06:52:10,0,0.942,5.4,9.9,3.82,2025-05-31 06:52:10,0.0,0
SHP-TRK-10521,2025-05-31 02:00:00,Sriperumbudur (Tamil Nadu),Chakan Assembly Alpha (Pune),Chennai-Bengaluru Expressway,Road (Heavy Haulage),409.1,11.7,2025-05-31 13:41:21,0,0.781,4.6,18.7,4.07,2025-05-31 13:41:21,0.0,0
SHP-TRK-10522,2025-05-31 02:00:00,Pune MIDC (Maharashtra),Manesar Northern Plant,NH48 Western Corridor,Road (Heavy Haulage),774.4,22.1,2025-06-01 00:07:36,0,0.823,6.9,20.5,3.66,2025-06-01 00:07:36,0.0,0
SHP-TRK-10523,2025-05-31 07:00:00,Sanand Hub (Gujarat),Manesar Northern Plant,Western DFC Electric Rail,Road (Heavy Haulage),454.8,13.0,2025-05-31 19:59:40,0,0.892,7.8,11.6,4.86,2025-05-31 19:59:40,0.0,0
SHP-TRK-10524,2025-05-31 09:00:00,Bengaluru Electronic City,Manesar Northern Plant,Western DFC Electric Rail,Road (Heavy Haulage),357.6,10.2,2025-05-31 19:12:57,0,0.969,6.7,26.2,4.28,2025-05-31 19:12:57,0.0,0
SHP-TRK-10525,2025-05-31 09:00:00,Bengaluru Electronic City,Bhiwandi Central DC,Western DFC Electric Rail,Coastal Ro-Ro,1367.8,39.1,2025-06-02 00:04:52,0,0.872,5.3,17.0,3.41,2025-06-02 00:04:52,0.0,0
SHP-TRK-10526,2025-05-31 15:00:00,Sanand Hub (Gujarat),Oragadam Southern Plant (Chennai),Western DFC Electric Rail,Road (Heavy Haulage),1426.8,40.8,2025-06-02 07:45:54,0,0.811,4.6,8.2,4.26,2025-06-03 08:39:54,24.9,1
SHP-TRK-10527,2025-05-31 20:00:00,Pune MIDC (Maharashtra),Chakan Assembly Alpha (Pune),NH48 Western Corridor,Rail (Dedicated Freight Corridor),523.7,11.6,2025-06-01 07:38:13,0,0.723,2.0,13.0,3.86,2025-06-03 23:14:13,63.6,1
SHP-TRK-10528,2025-05-31 20:00:00,Sanand Hub (Gujarat),Chakan Assembly Alpha (Pune),NH48 Western Corridor,Rail (Dedicated Freight Corridor),1284.9,28.6,2025-06-02 00:33:13,0,0.97,3.0,16.9,4.02,2025-06-02 18:51:13,18.3,1
SHP-TRK-10529,2025-05-31 20:00:00,Bengaluru Electronic City,Chakan Assembly Alpha (Pune),Western DFC Electric Rail,Rail (Dedicated Freight Corridor),465.6,10.3,2025-06-01 06:20:47,0,0.899,5.5,28.1,4.41,2025-06-02 07:56:47,25.6,1
SHP-TRK-10530,2025-05-31 21:00:00,Sanand Hub (Gujarat),Manesar Northern Plant,Coastal Maritime Lane,Road (Heavy Haulage),419.9,12.0,2025-06-01 08:59:53,0,0.887,4.1,30.8,4.84,2025-06-01 08:59:53,0.0,0
SHP-TRK-10531,2025-06-01 02:00:00,Gurugram (Haryana),Chakan Assembly Alpha (Pune),Coastal Maritime Lane,Road (Express),553.2,15.8,2025-06-01 17:48:20,1,0.834,5.2,12.6,3.82,2025-06-02 01:18:20,7.5,1
SHP-TRK-10532,2025-06-01 10:00:00,Bengaluru Electronic City,Chakan Assembly Alpha (Pune),Golden Quadrilateral Delhi-Kolkata,Air Cargo Express,352.2,5.9,2025-06-01 15:52:14,1,0.889,6.2,30.8,4.79,2025-06-01 23:52:14,8.0,1
SHP-TRK-10533,2025-06-01 12:00:00,Gurugram (Haryana),Manesar Northern Plant,NH48 Western Corridor,Road (Express),866.7,24.8,2025-06-02 12:45:41,1,0.78,2.4,26.8,4.81,2025-06-03 01:39:41,12.9,1
SHP-TRK-10534,2025-06-01 14:00:00,Sanand Hub (Gujarat),Kundli DC,Western DFC Electric Rail,Coastal Ro-Ro,454.2,13.0,2025-06-02 02:58:34,1,0.802,4.4,13.0,4.86,2025-06-02 02:58:34,0.0,0
SHP-TRK-10535,2025-06-01 17:00:00,Sanand Hub (Gujarat),Manesar Northern Plant,Western DFC Electric Rail,Road (Heavy Haulage),1349.1,38.5,2025-06-03 07:32:47,1,0.795,2.5,22.4,4.43,2025-06-03 07:32:47,0.0,0
SHP-TRK-10536,2025-06-01 17:00:00,Bengaluru Electronic City,Chakan Assembly Alpha (Pune),Coastal Maritime Lane,Coastal Ro-Ro,798.8,22.8,2025-06-02 15:49:20,1,0.94,4.6,16.2,4.04,2025-06-02 15:49:20,0.0,0
SHP-TRK-10537,2025-06-01 20:00:00,Sriperumbudur (Tamil Nadu),Chakan Assembly Alpha (Pune),Golden Quadrilateral Delhi-Kolkata,Road (Heavy Haulage),1066.1,30.5,2025-06-03 02:27:31,1,0.885,8.3,5.0,4.21,2025-06-04 04:09:31,25.7,1
SHP-TRK-10538,2025-06-02 04:00:00,Bengaluru Electronic City,Chakan Assembly Alpha (Pune),Western DFC Electric Rail,Air Cargo Express,1303.7,21.7,2025-06-03 01:43:44,1,0.872,6.4,26.6,4.0,2025-06-03 01:43:44,0.0,0
SHP-TRK-10539,2025-06-02 07:00:00,Sriperumbudur (Tamil Nadu),Bhiwandi Central DC,NH48 Western Corridor,Road (Heavy Haulage),364.8,10.4,2025-06-02 17:25:25,1,0.958,1.7,22.3,4.42,2025-06-03 04:43:25,11.3,1
SHP-TRK-10540,2025-06-02 09:00:00,Sanand Hub (Gujarat),Manesar Northern Plant,Chennai-Bengaluru Expressway,Road (Express),454.6,13.0,2025-06-02 21:59:22,1,0.953,6.2,28.8,4.78,2025-06-03 12:53:22,14.9,1
SHP-TRK-10541,2025-06-02 12:00:00,Gurugram (Haryana),Oragadam Southern Plant (Chennai),NH48 Western Corridor,Road (Heavy Haulage),715.3,20.4,2025-06-03 08:26:15,1,0.795,3.1,28.2,3.66,2025-06-04 04:14:15,19.8,1
SHP-TRK-10542,2025-06-03 05:00:00,Bengaluru Electronic City,Chakan Assembly Alpha (Pune),Golden Quadrilateral Delhi-Kolkata,Road (Heavy Haulage),1312.0,37.5,2025-06-04 18:29:10,1,0.778,4.7,17.4,4.54,2025-06-04 18:29:10,0.0,0
SHP-TRK-10543,2025-06-03 05:00:00,Sriperumbudur (Tamil Nadu),Manesar Northern Plant,NH48 Western Corridor,Road (Express),733.5,21.0,2025-06-04 01:57:22,1,0.956,6.9,19.4,4.18,2025-06-04 11:57:22,10.0,1
SHP-TRK-10544,2025-06-03 07:00:00,Sriperumbudur (Tamil Nadu),Oragadam Southern Plant (Chennai),Chennai-Bengaluru Expressway,Road (Express),435.6,12.4,2025-06-03 19:26:46,1,0.837,4.3,23.4,4.72,2025-06-04 13:44:46,18.3,1
SHP-TRK-10545,2025-06-03 09:00:00,Bengaluru Electronic City,Kundli DC,NH48 Western Corridor,Coastal Ro-Ro,529.7,15.1,2025-06-04 00:07:59,1,0.967,8.7,7.2,4.89,2025-06-04 06:37:59,6.5,1
SHP-TRK-10546,2025-06-03 12:00:00,Sanand Hub (Gujarat),Oragadam Southern Plant (Chennai),NH48 Western Corridor,Road (Express),975.4,27.9,2025-06-04 15:52:05,1,0.792,7.9,12.3,3.73,2025-06-05 11:34:05,19.7,1
SHP-TRK-10547,2025-06-03 12:00:00,Sanand Hub (Gujarat),Oragadam Southern Plant (Chennai),Chennai-Bengaluru Expressway,Road (Heavy Haulage),1210.4,34.6,2025-06-04 22:35:02,1,0.839,5.9,21.1,4.04,2025-06-04 22:35:02,0.0,0
SHP-TRK-10548,2025-06-03 13:00:00,Bengaluru Electronic City,Chakan Assembly Alpha (Pune),Western DFC Electric Rail,Rail (Dedicated Freight Corridor),778.1,17.3,2025-06-04 06:17:31,1,0.744,6.7,10.4,3.74,2025-06-04 17:47:31,11.5,1
SHP-TRK-10549,2025-06-03 16:00:00,Sriperumbudur (Tamil Nadu),Oragadam Southern Plant (Chennai),Western DFC Electric Rail,Road (Heavy Haulage),494.2,14.1,2025-06-04 06:07:16,1,0.76,8.0,16.4,4.15,2025-06-04 10:37:16,4.5,1
SHP-TRK-10550,2025-06-03 17:00:00,Sriperumbudur (Tamil Nadu),Manesar Northern Plant,NH48 Western Corridor,Road (Express),552.7,15.8,2025-06-04 08:47:25,1,0.931,8.6,8.2,3.49,2025-06-04 16:11:25,7.4,1
SHP-TRK-10551,2025-06-03 19:00:00,Bengaluru Electronic City,Chakan Assembly Alpha (Pune),Western DFC Electric Rail,Road (Express),422.6,12.1,2025-06-04 07:04:27,1,0.722,7.5,9.3,4.28,2025-06-04 16:52:27,9.8,1
SHP-TRK-10552,2025-06-03 19:00:00,Bengaluru Electronic City,Chakan Assembly Alpha (Pune),NH48 Western Corridor,Road (Heavy Haulage),763.6,21.8,2025-06-04 16:49:04,1,0.891,3.1,4.8,4.31,2025-06-04 16:49:04,0.0,0
SHP-TRK-10553,2025-06-03 19:00:00,Gurugram (Haryana),Manesar Northern Plant,Western DFC Electric Rail,Rail (Dedicated Freight Corridor),1363.5,30.3,2025-06-05 01:17:58,1,0.935,3.6,11.0,4.16,2025-06-05 01:17:58,0.0,0
SHP-TRK-10554,2025-06-04 01:00:00,Pune MIDC (Maharashtra),Oragadam Southern Plant (Chennai),Golden Quadrilateral Delhi-Kolkata,Road (Heavy Haulage),1217.2,34.8,2025-06-05 11:46:34,1,0.795,6.3,16.2,4.67,2025-06-05 11:46:34,0.0,0
SHP-TRK-10555,2025-06-04 02:00:00,Sriperumbudur (Tamil Nadu),Manesar Northern Plant,Western DFC Electric Rail,Air Cargo Express,625.9,10.4,2025-06-04 12:25:54,1,0.916,2.8,15.2,4.49,2025-06-04 12:25:54,0.0,0
SHP-TRK-10556,2025-06-04 04:00:00,Bengaluru Electronic City,Chakan Assembly Alpha (Pune),NH48 Western Corridor,Road (Heavy Haulage),461.3,13.2,2025-06-04 17:10:48,1,0.913,3.0,17.0,3.99,2025-06-07 05:28:48,60.3,1
SHP-TRK-10557,2025-06-04 06:00:00,Sanand Hub (Gujarat),Chakan Assembly Alpha (Pune),Western DFC Electric Rail,Rail (Dedicated Freight Corridor),752.5,16.7,2025-06-04 22:43:20,1,0.832,1.4,18.7,3.62,2025-06-04 22:43:20,0.0,0
SHP-TRK-10558,2025-06-04 12:00:00,Sanand Hub (Gujarat),Chakan Assembly Alpha (Pune),Western DFC Electric Rail,Road (Heavy Haulage),485.8,13.9,2025-06-05 01:52:45,1,0.785,2.4,30.8,3.75,2025-06-05 01:52:45,0.0,0
SHP-TRK-10559,2025-06-04 13:00:00,Bengaluru Electronic City,Chakan Assembly Alpha (Pune),NH48 Western Corridor,Rail (Dedicated Freight Corridor),1055.6,23.5,2025-06-05 12:27:31,1,0.856,8.2,9.0,4.59,2025-06-05 12:27:31,0.0,0
SHP-TRK-10560,2025-06-04 19:00:00,Sanand Hub (Gujarat),Oragadam Southern Plant (Chennai),NH48 Western Corridor,Road (Heavy Haulage),565.9,16.2,2025-06-05 11:10:06,1,0.865,4.3,30.6,3.75,2025-06-07 18:04:06,54.9,1
SHP-TRK-10561,2025-06-04 20:00:00,Pune MIDC (Maharashtra),Oragadam Southern Plant (Chennai),Chennai-Bengaluru Expressway,Road (Heavy Haulage),620.6,17.7,2025-06-05 13:43:56,1,0.891,5.5,17.5,3.53,2025-06-06 12:07:56,22.4,1
SHP-TRK-10562,2025-06-05 00:00:00,Sriperumbudur (Tamil Nadu),Bhiwandi Central DC,NH48 Western Corridor,Road (Heavy Haulage),1110.0,31.7,2025-06-06 07:42:47,1,0.834,4.2,8.3,4.11,2025-06-06 13:36:47,5.9,1
SHP-TRK-10563,2025-06-05 07:00:00,Pune MIDC (Maharashtra),Chakan Assembly Alpha (Pune),Coastal Maritime Lane,Rail (Dedicated Freight Corridor),1074.0,23.9,2025-06-06 06:51:58,1,0.939,4.3,25.6,3.7,2025-06-06 12:39:58,5.8,1
SHP-TRK-10564,2025-06-05 11:00:00,Bengaluru Electronic City,Bhiwandi Central DC,Golden Quadrilateral Delhi-Kolkata,Road (Heavy Haulage),1101.2,31.5,2025-06-06 18:27:43,1,0.872,3.9,20.4,4.89,2025-06-06 23:39:43,5.2,1
SHP-TRK-10565,2025-06-05 17:00:00,Sanand Hub (Gujarat),Chakan Assembly Alpha (Pune),NH48 Western Corridor,Air Cargo Express,1030.4,17.2,2025-06-06 10:10:21,1,0.806,4.1,11.7,4.02,2025-06-06 10:10:21,0.0,0
SHP-TRK-10566,2025-06-05 21:00:00,Pune MIDC (Maharashtra),Oragadam Southern Plant (Chennai),NH48 Western Corridor,Coastal Ro-Ro,853.7,24.4,2025-06-06 21:23:27,1,0.872,8.4,5.9,4.68,2025-06-06 21:23:27,0.0,0
SHP-TRK-10567,2025-06-06 01:00:00,Sanand Hub (Gujarat),Bhiwandi Central DC,Golden Quadrilateral Delhi-Kolkata,Road (Heavy Haulage),1369.7,39.1,2025-06-07 16:08:07,1,0.891,4.5,5.7,4.11,2025-06-07 16:08:07,0.0,0
SHP-TRK-10568,2025-06-06 04:00:00,Sanand Hub (Gujarat),Manesar Northern Plant,NH48 Western Corridor,Rail (Dedicated Freight Corridor),507.1,11.3,2025-06-06 15:16:10,1,0.737,5.6,21.6,4.63,2025-06-06 15:16:10,0.0,0
SHP-TRK-10569,2025-06-06 05:00:00,Gurugram (Haryana),Manesar Northern Plant,Golden Quadrilateral Delhi-Kolkata,Road (Heavy Haulage),751.6,21.5,2025-06-07 02:28:27,1,0.867,6.2,14.1,3.6,2025-06-07 02:28:27,0.0,0
SHP-TRK-10570,2025-06-06 07:00:00,Sriperumbudur (Tamil Nadu),Chakan Assembly Alpha (Pune),NH48 Western Corridor,Coastal Ro-Ro,363.9,10.4,2025-06-06 17:23:45,1,0.807,4.0,10.4,4.06,2025-06-06 17:23:45,0.0,0
SHP-TRK-10571,2025-06-06 20:00:00,Sanand Hub (Gujarat),Oragadam Southern Plant (Chennai),Golden Quadrilateral Delhi-Kolkata,Road (Express),1119.8,32.0,2025-06-08 03:59:44,1,0.902,3.5,7.2,4.87,2025-06-09 08:59:44,29.0,1
SHP-TRK-10572,2025-06-06 21:00:00,Bengaluru Electronic City,Chakan Assembly Alpha (Pune),NH48 Western Corridor,Road (Heavy Haulage),944.3,27.0,2025-06-07 23:58:48,1,0.74,8.5,14.5,4.57,2025-06-07 23:58:48,0.0,0
SHP-TRK-10573,2025-06-06 23:00:00,Pune MIDC (Maharashtra),Manesar Northern Plant,Western DFC Electric Rail,Rail (Dedicated Freight Corridor),1004.5,22.3,2025-06-07 21:19:17,1,0.864,8.9,24.6,4.71,2025-06-07 21:19:17,0.0,0
SHP-TRK-10574,2025-06-07 11:00:00,Sanand Hub (Gujarat),Chakan Assembly Alpha (Pune),Western DFC Electric Rail,Rail (Dedicated Freight Corridor),1245.0,27.7,2025-06-08 14:40:01,1,0.835,5.6,19.0,4.64,2025-06-09 08:04:01,17.4,1
SHP-TRK-10575,2025-06-07 11:00:00,Sanand Hub (Gujarat),Manesar Northern Plant,NH48 Western Corridor,Rail (Dedicated Freight Corridor),398.2,8.8,2025-06-07 19:50:52,1,0.975,4.1,10.8,4.4,2025-06-07 19:50:52,0.0,0
SHP-TRK-10576,2025-06-07 14:00:00,Sriperumbudur (Tamil Nadu),Manesar Northern Plant,Chennai-Bengaluru Expressway,Road (Heavy Haulage),717.1,20.5,2025-06-08 10:29:20,1,0.801,4.7,15.2,4.79,2025-06-08 10:29:20,0.0,0
SHP-TRK-10577,2025-06-07 17:00:00,Bengaluru Electronic City,Bhiwandi Central DC,Coastal Maritime Lane,Road (Express),544.9,15.6,2025-06-08 08:34:06,1,0.87,3.2,27.2,3.91,2025-06-09 00:10:06,15.6,1
SHP-TRK-10578,2025-06-07 19:00:00,Bengaluru Electronic City,Manesar Northern Plant,Western DFC Electric Rail,Air Cargo Express,1273.8,21.2,2025-06-08 16:13:48,1,0.789,5.2,16.9,4.39,2025-06-09 07:37:48,15.4,1
SHP-TRK-10579,2025-06-07 20:00:00,Sriperumbudur (Tamil Nadu),Manesar Northern Plant,NH48 Western Corridor,Rail (Dedicated Freight Corridor),389.7,8.7,2025-06-08 04:39:38,1,0.875,3.2,6.7,4.23,2025-06-08 04:39:38,0.0,0
SHP-TRK-10580,2025-06-08 01:00:00,Bengaluru Electronic City,Manesar Northern Plant,NH48 Western Corridor,Rail (Dedicated Freight Corridor),1155.8,25.7,2025-06-09 02:41:07,1,0.889,6.1,19.7,3.96,2025-06-09 23:23:07,20.7,1
SHP-TRK-10581,2025-06-08 01:00:00,Gurugram (Haryana),Bhiwandi Central DC,NH48 Western Corridor,Rail (Dedicated Freight Corridor),494.5,11.0,2025-06-08 11:59:16,1,0.809,4.8,12.6,3.65,2025-06-08 11:59:16,0.0,0
SHP-TRK-10582,2025-06-08 03:00:00,Gurugram (Haryana),Chakan Assembly Alpha (Pune),Coastal Maritime Lane,Coastal Ro-Ro,880.4,25.2,2025-06-09 04:09:18,1,0.908,4.5,21.8,3.85,2025-06-09 04:09:18,0.0,0
SHP-TRK-10583,2025-06-08 04:00:00,Sriperumbudur (Tamil Nadu),Oragadam Southern Plant (Chennai),NH48 Western Corridor,Rail (Dedicated Freight Corridor),690.3,15.3,2025-06-08 19:20:27,1,0.742,1.4,11.5,4.62,2025-06-09 00:50:27,5.5,1
SHP-TRK-10584,2025-06-08 04:00:00,Sanand Hub (Gujarat),Manesar Northern Plant,Chennai-Bengaluru Expressway,Road (Heavy Haulage),832.0,23.8,2025-06-09 03:46:16,1,0.799,5.1,15.0,3.57,2025-06-09 03:46:16,0.0,0
SHP-TRK-10585,2025-06-08 06:00:00,Gurugram (Haryana),Oragadam Southern Plant (Chennai),Golden Quadrilateral Delhi-Kolkata,Road (Heavy Haulage),686.7,19.6,2025-06-09 01:37:09,1,0.937,4.6,24.3,4.5,2025-06-10 07:49:09,30.2,1
SHP-TRK-10586,2025-06-08 07:00:00,Sanand Hub (Gujarat),Chakan Assembly Alpha (Pune),Coastal Maritime Lane,Road (Heavy Haulage),558.2,15.9,2025-06-08 22:56:54,1,0.839,1.2,15.4,4.83,2025-06-08 22:56:54,0.0,0
SHP-TRK-10587,2025-06-08 08:00:00,Sriperumbudur (Tamil Nadu),Bhiwandi Central DC,NH48 Western Corridor,Rail (Dedicated Freight Corridor),628.0,14.0,2025-06-08 21:57:20,1,0.87,8.6,28.1,3.7,2025-06-09 05:27:20,7.5,1
SHP-TRK-10588,2025-06-08 13:00:00,Gurugram (Haryana),Bhiwandi Central DC,NH48 Western Corridor,Road (Express),855.3,24.4,2025-06-09 13:26:09,1,0.841,3.0,18.4,4.73,2025-06-09 19:26:09,6.0,1
SHP-TRK-10589,2025-06-08 14:00:00,Pune MIDC (Maharashtra),Oragadam Southern Plant (Chennai),NH48 Western Corridor,Rail (Dedicated Freight Corridor),1138.9,25.3,2025-06-09 15:18:34,1,0.924,7.1,24.4,4.1,2025-06-10 01:06:34,9.8,1
SHP-TRK-10590,2025-06-08 14:00:00,Bengaluru Electronic City,Bhiwandi Central DC,NH48 Western Corridor,Road (Heavy Haulage),728.8,20.8,2025-06-09 10:49:27,1,0.975,2.8,21.3,4.13,2025-06-09 15:49:27,5.0,1
SHP-TRK-10591,2025-06-08 16:00:00,Pune MIDC (Maharashtra),Oragadam Southern Plant (Chennai),NH48 Western Corridor,Air Cargo Express,353.5,5.9,2025-06-08 21:53:29,1,0.964,4.0,20.4,3.89,2025-06-08 21:53:29,0.0,0
SHP-TRK-10592,2025-06-08 19:00:00,Pune MIDC (Maharashtra),Chakan Assembly Alpha (Pune),NH48 Western Corridor,Road (Heavy Haulage),1223.5,35.0,2025-06-10 05:57:23,1,0.778,6.7,30.4,4.09,2025-06-10 20:51:23,14.9,1
SHP-TRK-10593,2025-06-08 21:00:00,Bengaluru Electronic City,Oragadam Southern Plant (Chennai),Coastal Maritime Lane,Rail (Dedicated Freight Corridor),1375.3,30.6,2025-06-10 03:33:45,1,0.944,8.1,17.4,4.74,2025-06-10 03:33:45,0.0,0
SHP-TRK-10594,2025-06-09 05:00:00,Bengaluru Electronic City,Kundli DC,Western DFC Electric Rail,Road (Heavy Haulage),1101.8,31.5,2025-06-10 12:28:44,1,0.967,3.0,25.0,3.8,2025-06-10 12:28:44,0.0,0
SHP-TRK-10595,2025-06-09 07:00:00,Pune MIDC (Maharashtra),Manesar Northern Plant,NH48 Western Corridor,Rail (Dedicated Freight Corridor),827.5,18.4,2025-06-10 01:23:22,1,0.881,4.2,10.0,4.17,2025-06-10 01:23:22,0.0,0
SHP-TRK-10596,2025-06-09 08:00:00,Pune MIDC (Maharashtra),Oragadam Southern Plant (Chennai),Western DFC Electric Rail,Road (Heavy Haulage),741.0,21.2,2025-06-10 05:10:20,1,0.861,5.3,18.2,3.65,2025-06-10 18:46:20,13.6,1
SHP-TRK-10597,2025-06-09 11:00:00,Sanand Hub (Gujarat),Kundli DC,Golden Quadrilateral Delhi-Kolkata,Rail (Dedicated Freight Corridor),732.2,16.3,2025-06-10 03:16:12,1,0.956,6.1,25.7,4.84,2025-06-10 03:16:12,0.0,0
SHP-TRK-10598,2025-06-09 12:00:00,Pune MIDC (Maharashtra),Bhiwandi Central DC,NH48 Western Corridor,Road (Heavy Haulage),592.8,16.9,2025-06-10 04:56:08,1,0.79,7.8,5.4,3.7,2025-06-10 13:26:08,8.5,1
SHP-TRK-10599,2025-06-09 17:00:00,Sanand Hub (Gujarat),Bhiwandi Central DC,NH48 Western Corridor,Rail (Dedicated Freight Corridor),765.2,17.0,2025-06-10 10:00:14,1,0.826,1.9,23.1,4.48,2025-06-10 10:00:14,0.0,0
SHP-TRK-10600,2025-06-09 18:00:00,Pune MIDC (Maharashtra),Chakan Assembly Alpha (Pune),Chennai-Bengaluru Expressway,Coastal Ro-Ro,1334.8,38.1,2025-06-11 08:08:11,1,0.724,8.5,26.8,3.54,2025-06-11 08:08:11,0.0,0
SHP-TRK-10601,2025-06-09 20:00:00,Pune MIDC (Maharashtra),Kundli DC,Western DFC Electric Rail,Rail (Dedicated Freight Corridor),1384.8,30.8,2025-06-11 02:46:20,1,0.835,5.8,17.6,3.51,2025-06-11 02:46:20,0.0,0
SHP-TRK-10602,2025-06-09 22:00:00,Sriperumbudur (Tamil Nadu),Manesar Northern Plant,Western DFC Electric Rail,Road (Express),1340.7,38.3,2025-06-11 12:18:20,1,0.965,1.5,15.6,4.21,2025-06-11 21:54:20,9.6,1
SHP-TRK-10603,2025-06-09 23:00:00,Gurugram (Haryana),Bhiwandi Central DC,NH48 Western Corridor,Road (Heavy Haulage),957.1,27.3,2025-06-11 02:20:46,1,0.858,3.1,29.2,4.0,2025-06-11 02:20:46,0.0,0
SHP-TRK-10604,2025-06-09 23:00:00,Gurugram (Haryana),Oragadam Southern Plant (Chennai),Western DFC Electric Rail,Road (Express),397.1,11.3,2025-06-10 10:20:44,1,0.961,4.6,24.7,3.55,2025-06-10 14:38:44,4.3,1
SHP-TRK-10605,2025-06-10 02:00:00,Bengaluru Electronic City,Manesar Northern Plant,Golden Quadrilateral Delhi-Kolkata,Road (Heavy Haulage),1088.4,31.1,2025-06-11 09:05:45,1,0.903,4.9,29.7,3.7,2025-06-11 21:29:45,12.4,1
SHP-TRK-10606,2025-06-10 05:00:00,Bengaluru Electronic City,Chakan Assembly Alpha (Pune),NH48 Western Corridor,Rail (Dedicated Freight Corridor),615.0,13.7,2025-06-10 18:39:58,1,0.92,3.6,11.2,4.56,2025-06-10 18:39:58,0.0,0
SHP-TRK-10607,2025-06-10 06:00:00,Sanand Hub (Gujarat),Oragadam Southern Plant (Chennai),Golden Quadrilateral Delhi-Kolkata,Rail (Dedicated Freight Corridor),1009.9,22.4,2025-06-11 04:26:35,1,0.931,1.4,12.7,3.62,2025-06-11 04:26:35,0.0,0
SHP-TRK-10608,2025-06-10 07:00:00,Bengaluru Electronic City,Oragadam Southern Plant (Chennai),Golden Quadrilateral Delhi-Kolkata,Rail (Dedicated Freight Corridor),707.3,15.7,2025-06-10 22:43:05,1,0.907,3.7,12.5,3.44,2025-06-10 22:43:05,0.0,0
SHP-TRK-10609,2025-06-10 09:00:00,Sanand Hub (Gujarat),Oragadam Southern Plant (Chennai),Golden Quadrilateral Delhi-Kolkata,Coastal Ro-Ro,355.8,10.2,2025-06-10 19:09:51,1,0.94,6.9,21.3,4.01,2025-06-10 19:09:51,0.0,0
SHP-TRK-10610,2025-06-10 13:00:00,Sanand Hub (Gujarat),Oragadam Southern Plant (Chennai),Western DFC Electric Rail,Rail (Dedicated Freight Corridor),928.1,20.6,2025-06-11 09:37:27,1,0.967,8.2,28.6,4.82,2025-06-11 09:37:27,0.0,0
SHP-TRK-10611,2025-06-10 13:00:00,Sanand Hub (Gujarat),Chakan Assembly Alpha (Pune),Chennai-Bengaluru Expressway,Rail (Dedicated Freight Corridor),856.2,19.0,2025-06-11 08:01:35,1,0.914,2.1,11.4,3.65,2025-06-11 08:01:35,0.0,0
SHP-TRK-10612,2025-06-10 16:00:00,Bengaluru Electronic City,Chakan Assembly Alpha (Pune),Golden Quadrilateral Delhi-Kolkata,Road (Heavy Haulage),691.4,19.8,2025-06-11 11:45:17,1,0.864,1.8,26.6,4.49,2025-06-12 06:21:17,18.6,1
SHP-TRK-10613,2025-06-11 00:00:00,Sanand Hub (Gujarat),Bhiwandi Central DC,Western DFC Electric Rail,Rail (Dedicated Freight Corridor),468.8,10.4,2025-06-11 10:25:04,1,0.965,7.0,10.2,4.61,2025-06-11 10:25:04,0.0,0
SHP-TRK-10614,2025-06-11 03:00:00,Sriperumbudur (Tamil Nadu),Bhiwandi Central DC,Golden Quadrilateral Delhi-Kolkata,Road (Heavy Haulage),713.8,20.4,2025-06-11 23:23:38,1,0.775,6.1,31.3,4.41,2025-06-12 12:05:38,12.7,1
SHP-TRK-10615,2025-06-11 04:00:00,Sriperumbudur (Tamil Nadu),Bhiwandi Central DC,NH48 Western Corridor,Road (Express),1448.1,41.4,2025-06-12 21:22:27,1,0.916,7.9,22.4,3.57,2025-06-12 21:22:27,0.0,0
SHP-TRK-10616,2025-06-11 05:00:00,Bengaluru Electronic City,Bhiwandi Central DC,NH48 Western Corridor,Road (Heavy Haulage),1195.7,34.2,2025-06-12 15:09:50,1,0.937,2.3,28.0,4.18,2025-06-12 15:09:50,0.0,0
SHP-TRK-10617,2025-06-11 08:00:00,Pune MIDC (Maharashtra),Oragadam Southern Plant (Chennai),NH48 Western Corridor,Road (Heavy Haulage),856.2,24.5,2025-06-12 08:27:45,1,0.858,7.4,26.3,3.69,2025-06-13 09:39:45,25.2,1
SHP-TRK-10618,2025-06-11 11:00:00,Sanand Hub (Gujarat),Bhiwandi Central DC,NH48 Western Corridor,Road (Heavy Haulage),1084.4,31.0,2025-06-12 17:58:56,1,0.826,8.0,12.7,4.27,2025-06-13 02:58:56,9.0,1
SHP-TRK-10619,2025-06-11 20:00:00,Bengaluru Electronic City,Oragadam Southern Plant (Chennai),Coastal Maritime Lane,Air Cargo Express,569.2,9.5,2025-06-12 05:29:10,1,0.84,5.4,30.6,3.75,2025-06-12 05:29:10,0.0,0
SHP-TRK-10620,2025-06-11 20:00:00,Pune MIDC (Maharashtra),Oragadam Southern Plant (Chennai),NH48 Western Corridor,Road (Heavy Haulage),802.7,22.9,2025-06-12 18:56:01,1,0.847,1.2,23.4,3.85,2025-06-13 10:26:01,15.5,1
SHP-TRK-10621,2025-06-11 23:00:00,Sanand Hub (Gujarat),Oragadam Southern Plant (Chennai),Western DFC Electric Rail,Road (Heavy Haulage),488.6,14.0,2025-06-12 12:57:35,1,0.852,2.3,23.0,3.57,2025-06-12 12:57:35,0.0,0
SHP-TRK-10622,2025-06-12 05:00:00,Bengaluru Electronic City,Chakan Assembly Alpha (Pune),NH48 Western Corridor,Rail (Dedicated Freight Corridor),883.1,19.6,2025-06-13 00:37:31,1,0.855,8.4,19.6,4.0,2025-06-13 00:37:31,0.0,0
SHP-TRK-10623,2025-06-12 05:00:00,Gurugram (Haryana),Bhiwandi Central DC,Chennai-Bengaluru Expressway,Road (Heavy Haulage),768.9,22.0,2025-06-13 02:58:04,1,0.935,7.6,9.7,3.84,2025-06-13 02:58:04,0.0,0
SHP-TRK-10624,2025-06-12 06:00:00,Bengaluru Electronic City,Chakan Assembly Alpha (Pune),NH48 Western Corridor,Road (Express),251.1,7.2,2025-06-12 13:10:26,1,0.906,2.4,7.4,4.11,2025-06-12 23:52:26,10.7,1
SHP-TRK-10625,2025-06-12 07:00:00,Sanand Hub (Gujarat),Kundli DC,NH48 Western Corridor,Road (Express),632.4,18.1,2025-06-13 01:04:10,1,0.837,6.0,8.5,3.78,2025-06-14 08:34:10,31.5,1
SHP-TRK-10626,2025-06-12 14:00:00,Bengaluru Electronic City,Bhiwandi Central DC,NH48 Western Corridor,Rail (Dedicated Freight Corridor),1070.4,23.8,2025-06-13 13:47:15,1,0.725,6.9,17.9,4.83,2025-06-13 13:47:15,0.0,0
SHP-TRK-10627,2025-06-12 21:00:00,Gurugram (Haryana),Kundli DC,NH48 Western Corridor,Rail (Dedicated Freight Corridor),808.0,18.0,2025-06-13 14:57:23,1,0.899,8.1,10.2,4.62,2025-06-13 14:57:23,0.0,0
SHP-TRK-10628,2025-06-12 22:00:00,Gurugram (Haryana),Bhiwandi Central DC,NH48 Western Corridor,Road (Heavy Haulage),384.7,11.0,2025-06-13 08:59:28,1,0.796,5.9,26.6,4.34,2025-06-13 08:59:28,0.0,0
SHP-TRK-10629,2025-06-12 22:00:00,Sanand Hub (Gujarat),Chakan Assembly Alpha (Pune),NH48 Western Corridor,Road (Heavy Haulage),851.6,24.3,2025-06-13 22:19:55,1,0.731,3.8,9.4,4.1,2025-06-13 22:19:55,0.0,0
SHP-TRK-10630,2025-06-12 23:00:00,Bengaluru Electronic City,Oragadam Southern Plant (Chennai),NH48 Western Corridor,Coastal Ro-Ro,870.0,24.9,2025-06-13 23:51:25,1,0.911,5.5,30.0,4.1,2025-06-13 23:51:25,0.0,0
SHP-TRK-10631,2025-06-13 01:00:00,Sanand Hub (Gujarat),Manesar Northern Plant,NH48 Western Corridor,Road (Heavy Haulage),903.4,25.8,2025-06-14 02:48:45,1,0.858,1.6,23.7,3.68,2025-06-14 02:48:45,0.0,0
SHP-TRK-10632,2025-06-13 05:00:00,Bengaluru Electronic City,Manesar Northern Plant,NH48 Western Corridor,Rail (Dedicated Freight Corridor),636.8,14.2,2025-06-13 19:09:04,1,0.879,8.5,23.0,4.74,2025-06-14 07:45:04,12.6,1
SHP-TRK-10633,2025-06-13 05:00:00,Sanand Hub (Gujarat),Kundli DC,NH48 Western Corridor,Coastal Ro-Ro,1370.1,39.1,2025-06-14 20:08:44,1,0.814,7.8,16.0,4.35,2025-06-14 20:08:44,0.0,0
SHP-TRK-10634,2025-06-13 07:00:00,Pune MIDC (Maharashtra),Chakan Assembly Alpha (Pune),NH48 Western Corridor,Rail (Dedicated Freight Corridor),665.1,14.8,2025-06-13 21:46:51,1,0.81,4.8,13.7,3.45,2025-06-14 03:58:51,6.2,1
SHP-TRK-10635,2025-06-13 09:00:00,Bengaluru Electronic City,Kundli DC,Coastal Maritime Lane,Road (Heavy Haulage),1130.0,32.3,2025-06-14 17:17:12,1,0.886,6.2,27.2,4.45,2025-06-15 07:05:12,13.8,1
SHP-TRK-10636,2025-06-13 10:00:00,Sriperumbudur (Tamil Nadu),Bhiwandi Central DC,Golden Quadrilateral Delhi-Kolkata,Road (Heavy Haulage),890.8,25.5,2025-06-14 11:27:08,1,0.819,3.7,21.6,4.14,2025-06-14 11:27:08,0.0,0
SHP-TRK-10637,2025-06-13 10:00:00,Pune MIDC (Maharashtra),Oragadam Southern Plant (Chennai),NH48 Western Corridor,Road (Heavy Haulage),311.6,8.9,2025-06-13 18:54:10,1,0.819,3.7,24.2,3.48,2025-06-13 18:54:10,0.0,0
SHP-TRK-10638,2025-06-13 11:00:00,Sanand Hub (Gujarat),Chakan Assembly Alpha (Pune),NH48 Western Corridor,Rail (Dedicated Freight Corridor),410.7,9.1,2025-06-13 20:07:38,1,0.965,7.4,9.5,3.93,2025-06-13 20:07:38,0.0,0
SHP-TRK-10639,2025-06-13 19:00:00,Pune MIDC (Maharashtra),Oragadam Southern Plant (Chennai),Golden Quadrilateral Delhi-Kolkata,Road (Heavy Haulage),726.3,20.8,2025-06-14 15:45:01,1,0.788,4.0,18.2,4.0,2025-06-14 23:39:01,7.9,1
SHP-TRK-10640,2025-06-13 20:00:00,Sanand Hub (Gujarat),Bhiwandi Central DC,NH48 Western Corridor,Road (Heavy Haulage),1034.4,29.6,2025-06-15 01:33:19,1,0.921,7.5,18.1,4.45,2025-06-16 00:15:19,22.7,1
SHP-TRK-10641,2025-06-13 20:00:00,Sanand Hub (Gujarat),Kundli DC,Coastal Maritime Lane,Road (Heavy Haulage),1282.3,36.6,2025-06-15 08:38:13,1,0.899,8.5,24.4,3.51,2025-06-15 20:50:13,12.2,1
SHP-TRK-10642,2025-06-13 22:00:00,Bengaluru Electronic City,Manesar Northern Plant,NH48 Western Corridor,Road (Heavy Haulage),964.4,27.6,2025-06-15 01:33:18,1,0.947,1.4,15.1,3.56,2025-06-15 22:09:18,20.6,1
SHP-TRK-10643,2025-06-14 02:00:00,Sriperumbudur (Tamil Nadu),Chakan Assembly Alpha (Pune),Coastal Maritime Lane,Road (Heavy Haulage),272.2,7.8,2025-06-14 09:46:40,1,0.834,1.2,17.8,3.6,2025-06-14 19:10:40,9.4,1
SHP-TRK-10644,2025-06-14 11:00:00,Bengaluru Electronic City,Manesar Northern Plant,Western DFC Electric Rail,Road (Express),957.8,27.4,2025-06-15 14:21:56,1,0.772,3.3,9.0,4.18,2025-06-15 21:57:56,7.6,1
SHP-TRK-10645,2025-06-14 16:00:00,Sriperumbudur (Tamil Nadu),Kundli DC,Western DFC Electric Rail,Road (Heavy Haulage),1230.7,35.2,2025-06-16 03:09:47,1,0.866,3.0,11.7,4.52,2025-06-16 12:15:47,9.1,1
SHP-TRK-10646,2025-06-14 20:00:00,Sanand Hub (Gujarat),Chakan Assembly Alpha (Pune),Golden Quadrilateral Delhi-Kolkata,Road (Express),796.4,22.8,2025-06-15 18:45:13,1,0.901,4.1,8.9,4.82,2025-06-16 10:51:13,16.1,1
SHP-TRK-10647,2025-06-14 22:00:00,Sanand Hub (Gujarat),Oragadam Southern Plant (Chennai),Western DFC Electric Rail,Road (Heavy Haulage),278.8,8.0,2025-06-15 05:57:53,1,0.801,7.6,19.7,3.85,2025-06-15 14:39:53,8.7,1
SHP-TRK-10648,2025-06-15 00:00:00,Bengaluru Electronic City,Bhiwandi Central DC,Western DFC Electric Rail,Coastal Ro-Ro,722.0,20.6,2025-06-15 20:37:45,1,0.94,4.4,19.7,4.52,2025-06-15 20:37:45,0.0,0
SHP-TRK-10649,2025-06-15 02:00:00,Sriperumbudur (Tamil Nadu),Bhiwandi Central DC,NH48 Western Corridor,Road (Express),1108.8,31.7,2025-06-16 09:40:44,1,0.928,3.8,9.2,3.93,2025-06-16 22:04:44,12.4,1
SHP-TRK-10650,2025-06-15 04:00:00,Sriperumbudur (Tamil Nadu),Chakan Assembly Alpha (Pune),NH48 Western Corridor,Air Cargo Express,521.7,8.7,2025-06-15 12:41:42,1,0.845,5.0,10.4,3.65,2025-06-15 12:41:42,0.0,0
SHP-TRK-10651,2025-06-15 09:00:00,Pune MIDC (Maharashtra),Bhiwandi Central DC,Golden Quadrilateral Delhi-Kolkata,Rail (Dedicated Freight Corridor),1133.1,25.2,2025-06-16 10:10:49,1,0.756,8.7,27.1,3.59,2025-06-16 17:04:49,6.9,1
SHP-TRK-10652,2025-06-15 10:00:00,Sanand Hub (Gujarat),Manesar Northern Plant,Golden Quadrilateral Delhi-Kolkata,Rail (Dedicated Freight Corridor),1145.5,25.5,2025-06-16 11:27:20,1,0.877,6.5,5.0,3.41,2025-06-17 05:39:20,18.2,1
SHP-TRK-10653,2025-06-15 15:00:00,Sanand Hub (Gujarat),Bhiwandi Central DC,NH48 Western Corridor,Rail (Dedicated Freight Corridor),1075.6,23.9,2025-06-16 14:54:04,1,0.926,3.5,5.5,3.92,2025-06-16 14:54:04,0.0,0
SHP-TRK-10654,2025-06-15 16:00:00,Sanand Hub (Gujarat),Oragadam Southern Plant (Chennai),NH48 Western Corridor,Road (Express),573.4,16.4,2025-06-16 08:22:57,1,0.783,8.9,9.9,3.62,2025-06-18 00:40:57,40.3,1
SHP-TRK-10655,2025-06-15 19:00:00,Gurugram (Haryana),Kundli DC,NH48 Western Corridor,Air Cargo Express,1010.9,16.8,2025-06-16 11:50:51,1,0.918,8.9,9.5,3.91,2025-06-16 11:50:51,0.0,0
SHP-TRK-10656,2025-06-15 23:00:00,Sanand Hub (Gujarat),Oragadam Southern Plant (Chennai),Western DFC Electric Rail,Road (Express),895.0,25.6,2025-06-17 00:34:19,1,0.979,4.2,21.4,4.44,2025-06-17 11:34:19,11.0,1
SHP-TRK-10657,2025-06-15 23:00:00,Gurugram (Haryana),Oragadam Southern Plant (Chennai),NH48 Western Corridor,Road (Express),503.4,14.4,2025-06-16 13:22:57,1,0.851,1.2,11.5,3.8,2025-06-16 17:34:57,4.2,1
SHP-TRK-10658,2025-06-16 02:00:00,Sriperumbudur (Tamil Nadu),Manesar Northern Plant,Western DFC Electric Rail,Coastal Ro-Ro,747.7,21.4,2025-06-16 23:21:44,1,0.962,7.3,10.0,4.24,2025-06-17 19:09:44,19.8,1
SHP-TRK-10659,2025-06-16 03:00:00,Pune MIDC (Maharashtra),Manesar Northern Plant,Coastal Maritime Lane,Rail (Dedicated Freight Corridor),890.3,19.8,2025-06-16 22:47:04,1,0.749,7.6,11.4,4.84,2025-06-16 22:47:04,0.0,0
SHP-TRK-10660,2025-06-16 04:00:00,Sriperumbudur (Tamil Nadu),Manesar Northern Plant,NH48 Western Corridor,Rail (Dedicated Freight Corridor),673.6,15.0,2025-06-16 18:58:08,1,0.885,7.0,23.2,4.59,2025-06-17 08:28:08,13.5,1
SHP-TRK-10661,2025-06-16 04:00:00,Bengaluru Electronic City,Oragadam Southern Plant (Chennai),Golden Quadrilateral Delhi-Kolkata,Road (Express),741.2,21.2,2025-06-17 01:10:39,1,0.953,2.3,31.9,4.74,2025-06-17 05:22:39,4.2,1
SHP-TRK-10662,2025-06-16 04:00:00,Sanand Hub (Gujarat),Manesar Northern Plant,Chennai-Bengaluru Expressway,Road (Express),1439.9,41.1,2025-06-17 21:08:25,1,0.796,6.7,7.7,3.95,2025-06-19 03:32:25,30.4,1
SHP-TRK-10663,2025-06-16 05:00:00,Sriperumbudur (Tamil Nadu),Oragadam Southern Plant (Chennai),Coastal Maritime Lane,Rail (Dedicated Freight Corridor),316.9,7.0,2025-06-16 12:02:30,1,0.869,7.9,17.7,3.9,2025-06-17 03:32:30,15.5,1
SHP-TRK-10664,2025-06-16 14:00:00,Sanand Hub (Gujarat),Bhiwandi Central DC,Coastal Maritime Lane,Rail (Dedicated Freight Corridor),1217.2,27.0,2025-06-17 17:02:57,1,0.9,1.0,16.3,4.77,2025-06-17 17:02:57,0.0,0
SHP-TRK-10665,2025-06-16 17:00:00,Sanand Hub (Gujarat),Chakan Assembly Alpha (Pune),NH48 Western Corridor,Rail (Dedicated Freight Corridor),501.8,11.2,2025-06-17 04:09:07,1,0.876,1.7,6.1,4.48,2025-06-17 04:09:07,0.0,0
SHP-TRK-10666,2025-06-16 18:00:00,Sriperumbudur (Tamil Nadu),Oragadam Southern Plant (Chennai),NH48 Western Corridor,Rail (Dedicated Freight Corridor),1373.4,30.5,2025-06-18 00:31:10,1,0.734,6.4,29.0,3.68,2025-06-18 00:31:10,0.0,0
SHP-TRK-10667,2025-06-16 19:00:00,Bengaluru Electronic City,Manesar Northern Plant,Chennai-Bengaluru Expressway,Road (Heavy Haulage),1112.7,31.8,2025-06-18 02:47:27,1,0.91,1.8,24.2,4.65,2025-06-18 02:47:27,0.0,0
SHP-TRK-10668,2025-06-16 22:00:00,Sanand Hub (Gujarat),Chakan Assembly Alpha (Pune),NH48 Western Corridor,Road (Heavy Haulage),920.1,26.3,2025-06-18 00:17:14,1,0.959,4.1,27.7,3.45,2025-06-18 06:53:14,6.6,1
SHP-TRK-10669,2025-06-17 01:00:00,Bengaluru Electronic City,Kundli DC,Western DFC Electric Rail,Road (Heavy Haulage),791.8,22.6,2025-06-17 23:37:21,1,0.964,2.0,10.3,3.82,2025-06-18 11:37:21,12.0,1
SHP-TRK-10670,2025-06-17 04:00:00,Gurugram (Haryana),Manesar Northern Plant,Western DFC Electric Rail,Rail (Dedicated Freight Corridor),360.2,8.0,2025-06-17 12:00:17,1,0.836,9.0,27.5,4.63,2025-06-17 12:00:17,0.0,0
SHP-TRK-10671,2025-06-17 05:00:00,Sanand Hub (Gujarat),Chakan Assembly Alpha (Pune),NH48 Western Corridor,Road (Heavy Haulage),380.3,10.9,2025-06-17 15:51:59,1,0.843,6.4,28.5,4.81,2025-06-17 15:51:59,0.0,0
SHP-TRK-10672,2025-06-17 06:00:00,Sanand Hub (Gujarat),Chakan Assembly Alpha (Pune),NH48 Western Corridor,Rail (Dedicated Freight Corridor),554.2,12.3,2025-06-17 18:18:56,1,0.806,3.2,18.6,4.17,2025-06-17 18:18:56,0.0,0
SHP-TRK-10673,2025-06-17 06:00:00,Sriperumbudur (Tamil Nadu),Oragadam Southern Plant (Chennai),NH48 Western Corridor,Road (Heavy Haulage),669.4,19.1,2025-06-18 01:07:29,1,0.913,7.1,22.8,4.26,2025-06-18 17:31:29,16.4,1
SHP-TRK-10674,2025-06-17 07:00:00,Bengaluru Electronic City,Oragadam Southern Plant (Chennai),Western DFC Electric Rail,Rail (Dedicated Freight Corridor),1108.6,24.6,2025-06-18 07:38:08,1,0.749,7.0,8.2,4.84,2025-06-20 15:56:08,56.3,1
SHP-TRK-10675,2025-06-17 08:00:00,Sanand Hub (Gujarat),Oragadam Southern Plant (Chennai),Western DFC Electric Rail,Road (Heavy Haulage),1246.2,35.6,2025-06-18 19:36:21,1,0.967,6.1,14.2,4.76,2025-06-19 04:48:21,9.2,1
SHP-TRK-10676,2025-06-17 15:00:00,Gurugram (Haryana),Manesar Northern Plant,NH48 Western Corridor,Road (Heavy Haulage),290.1,8.3,2025-06-17 23:17:19,1,0.932,4.6,13.4,3.59,2025-06-19 03:11:19,27.9,1
SHP-TRK-10677,2025-06-17 17:00:00,Gurugram (Haryana),Bhiwandi Central DC,NH48 Western Corridor,Coastal Ro-Ro,510.6,14.6,2025-06-18 07:35:15,1,0.817,3.7,9.3,4.11,2025-06-18 07:35:15,0.0,0
SHP-TRK-10678,2025-06-17 20:00:00,Gurugram (Haryana),Chakan Assembly Alpha (Pune),Golden Quadrilateral Delhi-Kolkata,Rail (Dedicated Freight Corridor),1161.4,25.8,2025-06-18 21:48:30,1,0.95,6.8,30.0,4.15,2025-06-18 21:48:30,0.0,0
SHP-TRK-10679,2025-06-18 03:00:00,Sanand Hub (Gujarat),Chakan Assembly Alpha (Pune),NH48 Western Corridor,Road (Heavy Haulage),562.3,16.1,2025-06-18 19:03:51,1,0.766,1.2,29.5,3.63,2025-06-19 17:39:51,22.6,1
SHP-TRK-10680,2025-06-18 03:00:00,Gurugram (Haryana),Bhiwandi Central DC,Golden Quadrilateral Delhi-Kolkata,Rail (Dedicated Freight Corridor),256.4,5.7,2025-06-18 08:41:52,1,0.976,8.0,29.1,3.92,2025-06-18 08:41:52,0.0,0
SHP-TRK-10681,2025-06-18 12:00:00,Gurugram (Haryana),Chakan Assembly Alpha (Pune),NH48 Western Corridor,Rail (Dedicated Freight Corridor),1356.3,30.1,2025-06-19 18:08:27,1,0.757,2.8,19.8,4.33,2025-06-19 18:08:27,0.0,0
SHP-TRK-10682,2025-06-18 12:00:00,Sanand Hub (Gujarat),Chakan Assembly Alpha (Pune),Coastal Maritime Lane,Road (Express),1221.9,34.9,2025-06-19 22:54:40,1,0.84,8.2,15.8,4.07,2025-06-20 12:00:40,13.1,1
SHP-TRK-10683,2025-06-18 15:00:00,Pune MIDC (Maharashtra),Oragadam Southern Plant (Chennai),NH48 Western Corridor,Road (Heavy Haulage),295.3,8.4,2025-06-18 23:26:13,1,0.872,2.8,8.6,4.42,2025-06-18 23:26:13,0.0,0
SHP-TRK-10684,2025-06-18 15:00:00,Pune MIDC (Maharashtra),Oragadam Southern Plant (Chennai),Coastal Maritime Lane,Air Cargo Express,1218.8,20.3,2025-06-19 11:18:50,1,0.885,3.4,31.5,3.7,2025-06-19 11:18:50,0.0,0
SHP-TRK-10685,2025-06-18 23:00:00,Bengaluru Electronic City,Chakan Assembly Alpha (Pune),Western DFC Electric Rail,Coastal Ro-Ro,918.3,26.2,2025-06-20 01:14:18,1,0.891,5.0,5.4,4.47,2025-06-20 01:14:18,0.0,0
SHP-TRK-10686,2025-06-18 23:00:00,Bengaluru Electronic City,Bhiwandi Central DC,NH48 Western Corridor,Road (Heavy Haulage),443.7,12.7,2025-06-19 11:40:37,1,0.817,7.8,27.3,4.48,2025-06-20 04:10:37,16.5,1
SHP-TRK-10687,2025-06-19 02:00:00,Sanand Hub (Gujarat),Chakan Assembly Alpha (Pune),Western DFC Electric Rail,Coastal Ro-Ro,1427.7,40.8,2025-06-20 18:47:29,1,0.808,6.6,10.6,3.88,2025-06-21 08:47:29,14.0,1
SHP-TRK-10688,2025-06-19 03:00:00,Sanand Hub (Gujarat),Chakan Assembly Alpha (Pune),Golden Quadrilateral Delhi-Kolkata,Road (Heavy Haulage),840.5,24.0,2025-06-20 03:00:55,1,0.745,2.4,7.3,3.54,2025-06-20 03:00:55,0.0,0
SHP-TRK-10689,2025-06-19 04:00:00,Pune MIDC (Maharashtra),Chakan Assembly Alpha (Pune),Chennai-Bengaluru Expressway,Road (Heavy Haulage),1112.2,31.8,2025-06-20 11:46:41,1,0.739,7.6,18.1,4.3,2025-06-20 11:46:41,0.0,0
SHP-TRK-10690,2025-06-19 04:00:00,Sriperumbudur (Tamil Nadu),Kundli DC,Western DFC Electric Rail,Road (Heavy Haulage),802.4,22.9,2025-06-20 02:55:31,1,0.73,1.1,7.8,4.25,2025-06-20 02:55:31,0.0,0
SHP-TRK-10691,2025-06-19 07:00:00,Sriperumbudur (Tamil Nadu),Chakan Assembly Alpha (Pune),Coastal Maritime Lane,Rail (Dedicated Freight Corridor),727.1,16.2,2025-06-19 23:09:28,1,0.882,7.2,26.1,4.69,2025-06-19 23:09:28,0.0,0
SHP-TRK-10692,2025-06-19 10:00:00,Bengaluru Electronic City,Bhiwandi Central DC,NH48 Western Corridor,Road (Heavy Haulage),313.7,9.0,2025-06-19 18:57:50,1,0.927,4.3,10.8,4.65,2025-06-21 07:21:50,36.4,1
SHP-TRK-10693,2025-06-19 10:00:00,Sriperumbudur (Tamil Nadu),Manesar Northern Plant,NH48 Western Corridor,Rail (Dedicated Freight Corridor),1348.6,30.0,2025-06-20 15:58:05,1,0.753,4.3,14.0,4.09,2025-06-20 15:58:05,0.0,0
SHP-TRK-10694,2025-06-19 11:00:00,Sriperumbudur (Tamil Nadu),Chakan Assembly Alpha (Pune),NH48 Western Corridor,Rail (Dedicated Freight Corridor),471.2,10.5,2025-06-19 21:28:15,1,0.737,7.1,16.3,4.49,2025-06-19 21:28:15,0.0,0
SHP-TRK-10695,2025-06-19 12:00:00,Sriperumbudur (Tamil Nadu),Oragadam Southern Plant (Chennai),NH48 Western Corridor,Road (Heavy Haulage),1018.1,29.1,2025-06-20 17:05:14,1,0.849,7.8,28.6,4.35,2025-06-20 23:11:14,6.1,1
SHP-TRK-10696,2025-06-19 17:00:00,Bengaluru Electronic City,Chakan Assembly Alpha (Pune),NH48 Western Corridor,Air Cargo Express,1365.1,22.8,2025-06-20 15:45:08,1,0.907,7.1,10.0,3.66,2025-06-21 06:03:08,14.3,1
SHP-TRK-10697,2025-06-19 17:00:00,Bengaluru Electronic City,Oragadam Southern Plant (Chennai),NH48 Western Corridor,Road (Heavy Haulage),1196.3,34.2,2025-06-21 03:10:44,1,0.763,1.2,21.8,3.9,2025-06-21 03:10:44,0.0,0
SHP-TRK-10698,2025-06-19 18:00:00,Sanand Hub (Gujarat),Manesar Northern Plant,Golden Quadrilateral Delhi-Kolkata,Coastal Ro-Ro,997.0,28.5,2025-06-20 22:29:10,1,0.802,5.3,7.0,4.49,2025-06-20 22:29:10,0.0,0
SHP-TRK-10699,2025-06-19 21:00:00,Gurugram (Haryana),Chakan Assembly Alpha (Pune),Western DFC Electric Rail,Road (Heavy Haulage),1098.1,31.4,2025-06-21 04:22:32,1,0.926,2.5,11.7,3.9,2025-06-21 04:22:32,0.0,0
SHP-TRK-10700,2025-06-20 05:00:00,Gurugram (Haryana),Oragadam Southern Plant (Chennai),Western DFC Electric Rail,Road (Express),1177.7,33.6,2025-06-21 14:38:55,1,0.806,7.7,12.1,4.11,2025-06-21 22:02:55,7.4,1
SHP-TRK-10701,2025-06-20 05:00:00,Bengaluru Electronic City,Chakan Assembly Alpha (Pune),NH48 Western Corridor,Coastal Ro-Ro,1194.8,34.1,2025-06-21 15:08:12,1,0.976,1.2,23.7,3.46,2025-06-21 15:08:12,0.0,0
SHP-TRK-10702,2025-06-20 07:00:00,Bengaluru Electronic City,Kundli DC,Western DFC Electric Rail,Road (Heavy Haulage),851.7,24.3,2025-06-21 07:20:00,1,0.947,1.7,23.2,4.4,2025-06-21 07:20:00,0.0,0
SHP-TRK-10703,2025-06-20 09:00:00,Gurugram (Haryana),Bhiwandi Central DC,Western DFC Electric Rail,Road (Heavy Haulage),727.5,20.8,2025-06-21 05:47:13,1,0.801,4.6,15.1,3.53,2025-06-23 16:05:13,58.3,1
SHP-TRK-10704,2025-06-20 10:00:00,Gurugram (Haryana),Oragadam Southern Plant (Chennai),Chennai-Bengaluru Expressway,Rail (Dedicated Freight Corridor),682.6,15.2,2025-06-21 01:10:04,1,0.832,4.3,14.8,4.64,2025-06-21 01:10:04,0.0,0
SHP-TRK-10705,2025-06-20 11:00:00,Sanand Hub (Gujarat),Chakan Assembly Alpha (Pune),NH48 Western Corridor,Road (Heavy Haulage),992.9,28.4,2025-06-21 15:22:08,1,0.757,5.2,4.7,4.13,2025-06-22 11:10:08,19.8,1
SHP-TRK-10706,2025-06-20 12:00:00,Gurugram (Haryana),Bhiwandi Central DC,NH48 Western Corridor,Road (Heavy Haulage),1264.8,36.1,2025-06-22 00:08:08,1,0.957,7.6,8.0,3.79,2025-06-22 00:08:08,0.0,0
SHP-TRK-10707,2025-06-20 12:00:00,Pune MIDC (Maharashtra),Kundli DC,Coastal Maritime Lane,Road (Heavy Haulage),621.4,17.8,2025-06-21 05:45:13,1,0.974,3.3,30.7,4.2,2025-06-22 03:03:13,21.3,1
SHP-TRK-10708,2025-06-20 13:00:00,Bengaluru Electronic City,Chakan Assembly Alpha (Pune),NH48 Western Corridor,Road (Express),913.4,26.1,2025-06-21 15:05:50,1,0.786,8.6,5.3,4.02,2025-06-21 22:59:50,7.9,1
SHP-TRK-10709,2025-06-20 16:00:00,Sanand Hub (Gujarat),Oragadam Southern Plant (Chennai),Golden Quadrilateral Delhi-Kolkata,Air Cargo Express,946.0,15.8,2025-06-21 07:45:57,1,0.743,6.6,9.1,3.78,2025-06-21 07:45:57,0.0,0
SHP-TRK-10710,2025-06-20 18:00:00,Bengaluru Electronic City,Oragadam Southern Plant (Chennai),NH48 Western Corridor,Air Cargo Express,928.8,15.5,2025-06-21 09:28:46,1,0.757,6.6,29.4,4.13,2025-06-21 09:28:46,0.0,0
SHP-TRK-10711,2025-06-20 19:00:00,Gurugram (Haryana),Oragadam Southern Plant (Chennai),Western DFC Electric Rail,Rail (Dedicated Freight Corridor),1077.1,23.9,2025-06-21 18:56:06,1,0.748,7.6,16.5,3.97,2025-06-22 20:32:06,25.6,1
SHP-TRK-10712,2025-06-21 02:00:00,Sanand Hub (Gujarat),Manesar Northern Plant,Chennai-Bengaluru Expressway,Air Cargo Express,1399.2,23.3,2025-06-22 01:19:11,1,0.946,1.0,15.0,3.95,2025-06-22 01:19:11,0.0,0
SHP-TRK-10713,2025-06-21 02:00:00,Sriperumbudur (Tamil Nadu),Manesar Northern Plant,Coastal Maritime Lane,Road (Heavy Haulage),853.9,24.4,2025-06-22 02:23:47,1,0.841,9.0,18.1,4.62,2025-06-22 16:29:47,14.1,1
SHP-TRK-10714,2025-06-21 04:00:00,Pune MIDC (Maharashtra),Bhiwandi Central DC,NH48 Western Corridor,Road (Express),1284.5,36.7,2025-06-22 16:42:00,1,0.952,2.6,8.1,4.7,2025-06-22 16:42:00,0.0,0
SHP-TRK-10715,2025-06-21 05:00:00,Gurugram (Haryana),Bhiwandi Central DC,Western DFC Electric Rail,Rail (Dedicated Freight Corridor),904.4,20.1,2025-06-22 01:05:54,1,0.733,7.0,18.4,4.15,2025-06-22 01:05:54,0.0,0
SHP-TRK-10716,2025-06-21 14:00:00,Bengaluru Electronic City,Chakan Assembly Alpha (Pune),NH48 Western Corridor,Road (Heavy Haulage),484.8,13.9,2025-06-22 03:51:05,1,0.973,2.2,11.9,4.32,2025-06-22 03:51:05,0.0,0
SHP-TRK-10717,2025-06-21 15:00:00,Sanand Hub (Gujarat),Bhiwandi Central DC,NH48 Western Corridor,Road (Express),596.4,17.0,2025-06-22 08:02:23,1,0.964,7.6,23.7,4.24,2025-06-22 19:38:23,11.6,1
SHP-TRK-10718,2025-06-21 16:00:00,Sanand Hub (Gujarat),Oragadam Southern Plant (Chennai),NH48 Western Corridor,Rail (Dedicated Freight Corridor),1187.1,26.4,2025-06-22 18:22:50,1,0.939,3.6,27.6,3.63,2025-06-23 23:52:50,29.5,1
SHP-TRK-10719,2025-06-21 16:00:00,Sanand Hub (Gujarat),Manesar Northern Plant,Coastal Maritime Lane,Rail (Dedicated Freight Corridor),685.8,15.2,2025-06-22 07:14:26,1,0.795,5.0,17.0,4.44,2025-06-22 07:14:26,0.0,0
SHP-TRK-10720,2025-06-21 23:00:00,Pune MIDC (Maharashtra),Bhiwandi Central DC,NH48 Western Corridor,Coastal Ro-Ro,1109.3,31.7,2025-06-23 06:41:40,1,0.823,6.4,17.6,4.49,2025-06-23 06:41:40,0.0,0
SHP-TRK-10721,2025-06-22 00:00:00,Gurugram (Haryana),Bhiwandi Central DC,Chennai-Bengaluru Expressway,Coastal Ro-Ro,801.0,22.9,2025-06-22 22:53:07,1,0.785,4.0,5.1,4.16,2025-06-22 22:53:07,0.0,0
SHP-TRK-10722,2025-06-22 01:00:00,Sriperumbudur (Tamil Nadu),Kundli DC,NH48 Western Corridor,Coastal Ro-Ro,692.7,19.8,2025-06-22 20:47:24,1,0.83,3.9,26.5,4.26,2025-06-22 20:47:24,0.0,0
SHP-TRK-10723,2025-06-22 02:00:00,Gurugram (Haryana),Bhiwandi Central DC,Golden Quadrilateral Delhi-Kolkata,Road (Heavy Haulage),772.5,22.1,2025-06-23 00:04:19,1,0.797,1.4,17.9,4.44,2025-06-23 08:10:19,8.1,1
SHP-TRK-10724,2025-06-22 02:00:00,Pune MIDC (Maharashtra),Chakan Assembly Alpha (Pune),Chennai-Bengaluru Expressway,Road (Heavy Haulage),262.0,7.5,2025-06-22 09:29:03,1,0.964,6.0,13.4,3.75,2025-06-22 13:35:03,4.1,1
SHP-TRK-10725,2025-06-22 06:00:00,Sanand Hub (Gujarat),Manesar Northern Plant,Western DFC Electric Rail,Road (Heavy Haulage),958.1,27.4,2025-06-23 09:22:31,1,0.797,1.3,5.5,3.88,2025-06-24 08:10:31,22.8,1
SHP-TRK-10726,2025-06-22 08:00:00,Pune MIDC (Maharashtra),Oragadam Southern Plant (Chennai),Western DFC Electric Rail,Rail (Dedicated Freight Corridor),1105.6,24.6,2025-06-23 08:34:11,1,0.791,2.0,19.8,4.06,2025-06-23 08:34:11,0.0,0
SHP-TRK-10727,2025-06-22 12:00:00,Sriperumbudur (Tamil Nadu),Oragadam Southern Plant (Chennai),Western DFC Electric Rail,Rail (Dedicated Freight Corridor),1137.8,25.3,2025-06-23 13:17:00,1,0.904,5.3,23.2,4.05,2025-06-23 13:17:00,0.0,0
SHP-TRK-10728,2025-06-22 18:00:00,Bengaluru Electronic City,Bhiwandi Central DC,NH48 Western Corridor,Rail (Dedicated Freight Corridor),1320.5,29.3,2025-06-23 23:20:42,1,0.728,7.0,25.4,3.48,2025-06-23 23:20:42,0.0,0
SHP-TRK-10729,2025-06-22 22:00:00,Sriperumbudur (Tamil Nadu),Oragadam Southern Plant (Chennai),NH48 Western Corridor,Road (Heavy Haulage),925.2,26.4,2025-06-24 00:26:01,1,0.845,1.8,21.3,4.55,2025-06-24 00:26:01,0.0,0
SHP-TRK-10730,2025-06-22 23:00:00,Gurugram (Haryana),Oragadam Southern Plant (Chennai),Chennai-Bengaluru Expressway,Coastal Ro-Ro,605.8,17.3,2025-06-23 16:18:31,1,0.761,4.5,15.6,4.28,2025-06-23 16:18:31,0.0,0
SHP-TRK-10731,2025-06-23 02:00:00,Pune MIDC (Maharashtra),Oragadam Southern Plant (Chennai),Chennai-Bengaluru Expressway,Road (Heavy Haulage),621.7,17.8,2025-06-23 19:45:48,1,0.973,1.9,30.9,3.47,2025-06-24 03:27:48,7.7,1
SHP-TRK-10732,2025-06-23 02:00:00,Pune MIDC (Maharashtra),Bhiwandi Central DC,Coastal Maritime Lane,Road (Heavy Haulage),958.4,27.4,2025-06-24 05:22:54,1,0.884,7.8,12.7,4.75,2025-06-25 18:28:54,37.1,1
SHP-TRK-10733,2025-06-23 05:00:00,Gurugram (Haryana),Kundli DC,Chennai-Bengaluru Expressway,Road (Heavy Haulage),741.8,21.2,2025-06-24 02:11:40,1,0.978,4.8,19.7,3.88,2025-06-24 02:11:40,0.0,0
SHP-TRK-10734,2025-06-23 06:00:00,Sanand Hub (Gujarat),Bhiwandi Central DC,NH48 Western Corridor,Road (Express),1182.1,33.8,2025-06-24 15:46:29,1,0.883,4.3,11.5,4.45,2025-06-24 15:46:29,0.0,0
SHP-TRK-10735,2025-06-23 06:00:00,Sriperumbudur (Tamil Nadu),Manesar Northern Plant,Western DFC Electric Rail,Road (Heavy Haulage),482.4,13.8,2025-06-23 19:47:02,1,0.774,6.3,29.6,4.37,2025-06-24 03:05:02,7.3,1
SHP-TRK-10736,2025-06-23 07:00:00,Gurugram (Haryana),Manesar Northern Plant,Western DFC Electric Rail,Air Cargo Express,1152.3,19.2,2025-06-24 02:12:15,1,0.756,3.8,15.2,4.79,2025-06-24 02:12:15,0.0,0
SHP-TRK-10737,2025-06-23 08:00:00,Gurugram (Haryana),Chakan Assembly Alpha (Pune),NH48 Western Corridor,Road (Heavy Haulage),598.9,17.1,2025-06-24 01:06:40,1,0.88,8.2,31.0,4.19,2025-06-25 06:36:40,29.5,1
SHP-TRK-10738,2025-06-23 13:00:00,Sanand Hub (Gujarat),Oragadam Southern Plant (Chennai),Golden Quadrilateral Delhi-Kolkata,Rail (Dedicated Freight Corridor),513.9,11.4,2025-06-24 00:25:08,1,0.816,3.9,30.9,4.53,2025-06-24 00:25:08,0.0,0
SHP-TRK-10739,2025-06-23 15:00:00,Pune MIDC (Maharashtra),Chakan Assembly Alpha (Pune),Chennai-Bengaluru Expressway,Rail (Dedicated Freight Corridor),820.2,18.2,2025-06-24 09:13:38,1,0.966,2.7,6.5,4.67,2025-06-24 09:13:38,0.0,0
SHP-TRK-10740,2025-06-23 18:00:00,Gurugram (Haryana),Manesar Northern Plant,Chennai-Bengaluru Expressway,Coastal Ro-Ro,1263.3,36.1,2025-06-25 06:05:40,1,0.868,4.1,30.2,4.21,2025-06-25 06:05:40,0.0,0
SHP-TRK-10741,2025-06-23 19:00:00,Bengaluru Electronic City,Manesar Northern Plant,NH48 Western Corridor,Rail (Dedicated Freight Corridor),1308.5,29.1,2025-06-25 00:04:36,1,0.836,5.7,8.3,4.46,2025-06-25 07:58:36,7.9,1
SHP-TRK-10742,2025-06-23 22:00:00,Sanand Hub (Gujarat),Kundli DC,NH48 Western Corridor,Road (Heavy Haulage),467.8,13.4,2025-06-24 11:21:57,1,0.724,7.2,28.6,3.83,2025-06-24 18:15:57,6.9,1
SHP-TRK-10743,2025-06-23 22:00:00,Bengaluru Electronic City,Kundli DC,Golden Quadrilateral Delhi-Kolkata,Road (Heavy Haulage),777.3,22.2,2025-06-24 20:12:34,1,0.797,4.6,6.5,3.76,2025-06-24 20:12:34,0.0,0
SHP-TRK-10744,2025-06-24 00:00:00,Pune MIDC (Maharashtra),Chakan Assembly Alpha (Pune),NH48 Western Corridor,Coastal Ro-Ro,1309.3,37.4,2025-06-25 13:24:29,1,0.93,8.7,17.6,3.96,2025-06-25 13:24:29,0.0,0
SHP-TRK-10745,2025-06-24 07:00:00,Sanand Hub (Gujarat),Oragadam Southern Plant (Chennai),Coastal Maritime Lane,Road (Heavy Haulage),365.5,10.4,2025-06-24 17:26:33,1,0.873,6.0,19.3,4.23,2025-06-24 23:08:33,5.7,1
SHP-TRK-10746,2025-06-24 10:00:00,Bengaluru Electronic City,Kundli DC,Coastal Maritime Lane,Road (Express),295.1,8.4,2025-06-24 18:25:49,1,0.794,2.6,4.8,3.75,2025-06-25 14:19:49,19.9,1
SHP-TRK-10747,2025-06-24 11:00:00,Sriperumbudur (Tamil Nadu),Bhiwandi Central DC,NH48 Western Corridor,Rail (Dedicated Freight Corridor),697.0,15.5,2025-06-25 02:29:17,1,0.838,2.4,21.9,4.68,2025-06-25 02:29:17,0.0,0
SHP-TRK-10748,2025-06-24 16:00:00,Pune MIDC (Maharashtra),Manesar Northern Plant,NH48 Western Corridor,Road (Heavy Haulage),1181.4,33.8,2025-06-26 01:45:13,1,0.846,2.8,9.9,3.74,2025-06-27 02:45:13,25.0,1
SHP-TRK-10749,2025-06-24 17:00:00,Sriperumbudur (Tamil Nadu),Oragadam Southern Plant (Chennai),Chennai-Bengaluru Expressway,Rail (Dedicated Freight Corridor),1291.3,28.7,2025-06-25 21:41:43,1,0.837,1.1,16.2,4.24,2025-06-25 21:41:43,0.0,0
SHP-TRK-10750,2025-06-25 03:00:00,Sriperumbudur (Tamil Nadu),Chakan Assembly Alpha (Pune),NH48 Western Corridor,Rail (Dedicated Freight Corridor),1150.6,25.6,2025-06-26 04:34:10,1,0.808,6.7,5.8,4.46,2025-06-26 04:34:10,0.0,0
SHP-TRK-10751,2025-06-25 04:00:00,Sanand Hub (Gujarat),Bhiwandi Central DC,Western DFC Electric Rail,Rail (Dedicated Freight Corridor),674.3,15.0,2025-06-25 18:59:00,1,0.845,5.8,17.5,4.05,2025-06-25 18:59:00,0.0,0
SHP-TRK-10752,2025-06-25 04:00:00,Sanand Hub (Gujarat),Chakan Assembly Alpha (Pune),NH48 Western Corridor,Road (Heavy Haulage),1148.7,32.8,2025-06-26 12:49:12,1,0.926,2.6,30.9,4.78,2025-06-26 12:49:12,0.0,0
SHP-TRK-10753,2025-06-25 07:00:00,Pune MIDC (Maharashtra),Manesar Northern Plant,NH48 Western Corridor,Road (Heavy Haulage),260.6,7.4,2025-06-25 14:26:42,1,0.906,3.8,26.1,3.6,2025-06-26 18:26:42,28.0,1
SHP-TRK-10754,2025-06-25 08:00:00,Sanand Hub (Gujarat),Oragadam Southern Plant (Chennai),NH48 Western Corridor,Road (Heavy Haulage),1166.4,33.3,2025-06-26 17:19:30,1,0.745,3.8,27.5,4.88,2025-06-28 13:13:30,43.9,1
SHP-TRK-10755,2025-06-25 08:00:00,Sanand Hub (Gujarat),Chakan Assembly Alpha (Pune),Golden Quadrilateral Delhi-Kolkata,Road (Heavy Haulage),965.1,27.6,2025-06-26 11:34:28,1,0.888,7.1,7.7,4.46,2025-06-26 11:34:28,0.0,0
SHP-TRK-10756,2025-06-25 09:00:00,Sriperumbudur (Tamil Nadu),Bhiwandi Central DC,NH48 Western Corridor,Road (Express),765.7,21.9,2025-06-26 06:52:37,1,0.848,1.4,30.8,4.16,2025-06-27 03:34:37,20.7,1
SHP-TRK-10757,2025-06-25 10:00:00,Sanand Hub (Gujarat),Kundli DC,Western DFC Electric Rail,Air Cargo Express,524.7,8.7,2025-06-25 18:44:43,1,0.752,3.9,11.5,4.85,2025-06-25 18:44:43,0.0,0
SHP-TRK-10758,2025-06-25 11:00:00,Sriperumbudur (Tamil Nadu),Bhiwandi Central DC,Western DFC Electric Rail,Rail (Dedicated Freight Corridor),1275.5,28.3,2025-06-26 15:20:42,1,0.843,7.9,12.5,4.28,2025-06-27 22:26:42,31.1,1
SHP-TRK-10759,2025-06-25 16:00:00,Gurugram (Haryana),Kundli DC,Western DFC Electric Rail,Road (Heavy Haulage),700.0,20.0,2025-06-26 11:59:55,1,0.883,7.3,12.2,3.6,2025-06-27 09:17:55,21.3,1
SHP-TRK-10760,2025-06-25 20:00:00,Pune MIDC (Maharashtra),Manesar Northern Plant,NH48 Western Corridor,Coastal Ro-Ro,379.8,10.9,2025-06-26 06:51:02,1,0.852,1.7,31.2,4.19,2025-06-27 06:27:02,23.6,1
SHP-TRK-10761,2025-06-25 22:00:00,Bengaluru Electronic City,Chakan Assembly Alpha (Pune),Western DFC Electric Rail,Rail (Dedicated Freight Corridor),587.1,13.0,2025-06-26 11:02:44,1,0.957,3.4,16.9,3.55,2025-06-26 11:02:44,0.0,0
SHP-TRK-10762,2025-06-26 00:00:00,Gurugram (Haryana),Oragadam Southern Plant (Chennai),NH48 Western Corridor,Road (Heavy Haulage),970.2,27.7,2025-06-27 03:43:16,1,0.854,6.6,6.0,3.52,2025-06-28 07:37:16,27.9,1
SHP-TRK-10763,2025-06-26 00:00:00,Gurugram (Haryana),Chakan Assembly Alpha (Pune),NH48 Western Corridor,Road (Express),984.7,28.1,2025-06-27 04:07:58,1,0.76,1.5,10.4,4.17,2025-06-27 13:19:58,9.2,1
SHP-TRK-10764,2025-06-26 01:00:00,Sriperumbudur (Tamil Nadu),Bhiwandi Central DC,Western DFC Electric Rail,Rail (Dedicated Freight Corridor),744.1,16.5,2025-06-26 17:32:11,1,0.843,4.3,27.7,3.41,2025-06-26 17:32:11,0.0,0
SHP-TRK-10765,2025-06-26 02:00:00,Sriperumbudur (Tamil Nadu),Chakan Assembly Alpha (Pune),Chennai-Bengaluru Expressway,Air Cargo Express,342.1,5.7,2025-06-26 07:42:04,1,0.748,5.0,21.3,4.48,2025-06-26 07:42:04,0.0,0
SHP-TRK-10766,2025-06-26 06:00:00,Sriperumbudur (Tamil Nadu),Oragadam Southern Plant (Chennai),Golden Quadrilateral Delhi-Kolkata,Road (Heavy Haulage),507.7,14.5,2025-06-26 20:30:21,1,0.937,4.4,20.4,4.7,2025-06-26 20:30:21,0.0,0
SHP-TRK-10767,2025-06-26 07:00:00,Bengaluru Electronic City,Chakan Assembly Alpha (Pune),Western DFC Electric Rail,Road (Express),480.5,13.7,2025-06-26 20:43:37,1,0.955,2.6,5.2,4.39,2025-06-27 14:19:37,17.6,1
SHP-TRK-10768,2025-06-26 10:00:00,Bengaluru Electronic City,Oragadam Southern Plant (Chennai),Golden Quadrilateral Delhi-Kolkata,Road (Heavy Haulage),319.8,9.1,2025-06-26 19:08:09,1,0.962,2.8,32.0,3.74,2025-06-27 19:50:09,24.7,1
SHP-TRK-10769,2025-06-26 15:00:00,Sanand Hub (Gujarat),Bhiwandi Central DC,Western DFC Electric Rail,Air Cargo Express,1092.9,18.2,2025-06-27 09:12:52,1,0.865,7.8,13.2,4.13,2025-06-27 09:12:52,0.0,0
SHP-TRK-10770,2025-06-26 18:00:00,Bengaluru Electronic City,Bhiwandi Central DC,NH48 Western Corridor,Road (Heavy Haulage),942.3,26.9,2025-06-27 20:55:21,1,0.891,2.6,15.2,3.77,2025-06-27 20:55:21,0.0,0
SHP-TRK-10771,2025-06-27 02:00:00,Sriperumbudur (Tamil Nadu),Manesar Northern Plant,Coastal Maritime Lane,Road (Heavy Haulage),1134.0,32.4,2025-06-28 10:23:58,1,0.839,5.6,23.5,4.72,2025-06-28 10:23:58,0.0,0
SHP-TRK-10772,2025-06-27 04:00:00,Bengaluru Electronic City,Chakan Assembly Alpha (Pune),NH48 Western Corridor,Road (Heavy Haulage),301.6,8.6,2025-06-27 12:37:03,1,0.946,6.4,22.7,4.12,2025-06-28 19:07:03,30.5,1
SHP-TRK-10773,2025-06-27 08:00:00,Gurugram (Haryana),Oragadam Southern Plant (Chennai),Golden Quadrilateral Delhi-Kolkata,Coastal Ro-Ro,558.6,16.0,2025-06-27 23:57:37,1,0.867,5.3,8.3,3.87,2025-06-27 23:57:37,0.0,0
SHP-TRK-10774,2025-06-27 09:00:00,Sanand Hub (Gujarat),Kundli DC,Chennai-Bengaluru Expressway,Rail (Dedicated Freight Corridor),1061.3,23.6,2025-06-28 08:35:01,1,0.813,5.1,23.1,3.78,2025-06-28 08:35:01,0.0,0
SHP-TRK-10775,2025-06-27 12:00:00,Gurugram (Haryana),Kundli DC,Coastal Maritime Lane,Rail (Dedicated Freight Corridor),727.5,16.2,2025-06-28 04:09:56,1,0.968,6.6,5.7,4.13,2025-06-28 04:09:56,0.0,0
SHP-TRK-10776,2025-06-27 17:00:00,Bengaluru Electronic City,Manesar Northern Plant,Western DFC Electric Rail,Road (Heavy Haulage),1247.4,35.6,2025-06-29 04:38:19,1,0.724,3.2,4.6,4.6,2025-06-30 02:50:19,22.2,1
SHP-TRK-10777,2025-06-27 17:00:00,Gurugram (Haryana),Manesar Northern Plant,Coastal Maritime Lane,Road (Heavy Haulage),1180.4,33.7,2025-06-29 02:43:30,1,0.869,6.6,29.9,3.95,2025-06-29 02:43:30,0.0,0
SHP-TRK-10778,2025-06-27 18:00:00,Pune MIDC (Maharashtra),Chakan Assembly Alpha (Pune),Western DFC Electric Rail,Road (Heavy Haulage),450.2,12.9,2025-06-28 06:51:46,1,0.726,2.1,22.5,4.88,2025-06-28 06:51:46,0.0,0
SHP-TRK-10779,2025-06-28 01:00:00,Bengaluru Electronic City,Manesar Northern Plant,NH48 Western Corridor,Coastal Ro-Ro,1111.2,31.7,2025-06-29 08:44:52,1,0.916,1.7,28.2,3.45,2025-06-29 08:44:52,0.0,0
SHP-TRK-10780,2025-06-28 01:00:00,Sanand Hub (Gujarat),Chakan Assembly Alpha (Pune),Western DFC Electric Rail,Road (Heavy Haulage),888.8,25.4,2025-06-29 02:23:41,1,0.79,8.3,14.6,4.2,2025-06-29 11:23:41,9.0,1
SHP-TRK-10781,2025-06-28 04:00:00,Bengaluru Electronic City,Chakan Assembly Alpha (Pune),Chennai-Bengaluru Expressway,Road (Heavy Haulage),1445.4,41.3,2025-06-29 21:17:47,1,0.806,4.1,21.5,3.99,2025-06-29 21:17:47,0.0,0
SHP-TRK-10782,2025-06-28 08:00:00,Gurugram (Haryana),Manesar Northern Plant,Western DFC Electric Rail,Rail (Dedicated Freight Corridor),1393.4,31.0,2025-06-29 14:57:49,1,0.927,1.3,13.6,3.87,2025-06-29 14:57:49,0.0,0
SHP-TRK-10783,2025-06-28 08:00:00,Pune MIDC (Maharashtra),Bhiwandi Central DC,Coastal Maritime Lane,Road (Express),577.1,16.5,2025-06-29 00:29:14,1,0.947,7.1,14.5,3.56,2025-06-29 00:29:14,0.0,0
SHP-TRK-10784,2025-06-28 08:00:00,Pune MIDC (Maharashtra),Oragadam Southern Plant (Chennai),Golden Quadrilateral Delhi-Kolkata,Road (Heavy Haulage),1019.9,29.1,2025-06-29 13:08:28,1,0.774,1.2,16.4,4.71,2025-06-29 13:08:28,0.0,0
SHP-TRK-10785,2025-06-28 13:00:00,Gurugram (Haryana),Oragadam Southern Plant (Chennai),Western DFC Electric Rail,Road (Express),1145.3,32.7,2025-06-29 21:43:22,1,0.773,4.0,21.9,4.65,2025-06-30 19:37:22,21.9,1
SHP-TRK-10786,2025-06-28 13:00:00,Bengaluru Electronic City,Oragadam Southern Plant (Chennai),Golden Quadrilateral Delhi-Kolkata,Air Cargo Express,595.8,9.9,2025-06-28 22:55:46,1,0.804,6.4,20.0,4.75,2025-06-29 08:07:46,9.2,1
SHP-TRK-10787,2025-06-28 18:00:00,Sriperumbudur (Tamil Nadu),Kundli DC,Coastal Maritime Lane,Road (Express),509.4,14.6,2025-06-29 08:33:18,1,0.921,1.2,22.9,4.69,2025-06-29 18:33:18,10.0,1
SHP-TRK-10788,2025-06-29 00:00:00,Gurugram (Haryana),Chakan Assembly Alpha (Pune),NH48 Western Corridor,Rail (Dedicated Freight Corridor),748.8,16.6,2025-06-29 16:38:23,1,0.936,3.5,30.4,4.39,2025-06-29 16:38:23,0.0,0
SHP-TRK-10789,2025-06-29 01:00:00,Sriperumbudur (Tamil Nadu),Chakan Assembly Alpha (Pune),Chennai-Bengaluru Expressway,Road (Heavy Haulage),1164.2,33.3,2025-06-30 10:15:42,1,0.806,5.3,6.2,3.53,2025-06-30 23:33:42,13.3,1
SHP-TRK-10790,2025-06-29 03:00:00,Pune MIDC (Maharashtra),Manesar Northern Plant,Golden Quadrilateral Delhi-Kolkata,Coastal Ro-Ro,1378.5,39.4,2025-06-30 18:23:06,1,0.864,5.8,31.4,3.45,2025-06-30 18:23:06,0.0,0
SHP-TRK-10791,2025-06-29 05:00:00,Pune MIDC (Maharashtra),Kundli DC,Western DFC Electric Rail,Road (Express),1055.6,30.2,2025-06-30 11:09:32,1,0.977,1.7,22.8,4.31,2025-07-01 05:27:32,18.3,1
SHP-TRK-10792,2025-06-29 07:00:00,Sanand Hub (Gujarat),Chakan Assembly Alpha (Pune),NH48 Western Corridor,Rail (Dedicated Freight Corridor),568.2,12.6,2025-06-29 19:37:37,1,0.937,3.6,17.9,3.74,2025-06-29 19:37:37,0.0,0
SHP-TRK-10793,2025-06-29 07:00:00,Bengaluru Electronic City,Manesar Northern Plant,Coastal Maritime Lane,Road (Express),1348.6,38.5,2025-06-30 21:31:49,1,0.922,2.8,5.2,4.47,2025-07-01 03:37:49,6.1,1
SHP-TRK-10794,2025-06-29 15:00:00,Sriperumbudur (Tamil Nadu),Chakan Assembly Alpha (Pune),NH48 Western Corridor,Road (Express),768.7,22.0,2025-06-30 12:57:43,1,0.894,4.4,16.6,4.55,2025-07-01 00:09:43,11.2,1
SHP-TRK-10795,2025-06-29 20:00:00,Gurugram (Haryana),Oragadam Southern Plant (Chennai),Golden Quadrilateral Delhi-Kolkata,Road (Heavy Haulage),1381.3,39.5,2025-07-01 11:27:59,1,0.789,4.5,26.4,3.57,2025-07-01 11:27:59,0.0,0
SHP-TRK-10796,2025-06-29 22:00:00,Sriperumbudur (Tamil Nadu),Chakan Assembly Alpha (Pune),Western DFC Electric Rail,Rail (Dedicated Freight Corridor),1301.4,28.9,2025-07-01 02:55:15,1,0.84,3.2,10.9,3.66,2025-07-01 02:55:15,0.0,0
SHP-TRK-10797,2025-06-29 23:00:00,Bengaluru Electronic City,Chakan Assembly Alpha (Pune),Western DFC Electric Rail,Road (Express),671.4,19.2,2025-06-30 18:10:55,1,0.814,7.8,19.7,4.75,2025-06-30 18:10:55,0.0,0
SHP-TRK-10798,2025-06-30 00:00:00,Gurugram (Haryana),Oragadam Southern Plant (Chennai),NH48 Western Corridor,Coastal Ro-Ro,702.2,20.1,2025-06-30 20:03:46,1,0.953,3.2,12.0,4.32,2025-06-30 20:03:46,0.0,0
SHP-TRK-10799,2025-06-30 01:00:00,Bengaluru Electronic City,Manesar Northern Plant,Golden Quadrilateral Delhi-Kolkata,Air Cargo Express,495.4,8.3,2025-06-30 09:15:21,1,0.962,3.1,8.6,3.57,2025-07-01 00:51:21,15.6,1
SHP-TRK-10800,2025-06-30 02:00:00,Sanand Hub (Gujarat),Oragadam Southern Plant (Chennai),Western DFC Electric Rail,Road (Heavy Haulage),1230.1,35.1,2025-07-01 13:08:43,1,0.918,3.1,11.2,3.41,2025-07-01 13:08:43,0.0,0
SHP-TRK-10801,2025-06-30 09:00:00,Gurugram (Haryana),Chakan Assembly Alpha (Pune),NH48 Western Corridor,Coastal Ro-Ro,778.4,22.2,2025-07-01 07:14:26,1,0.904,5.7,13.2,4.5,2025-07-01 07:14:26,0.0,0
SHP-TRK-10802,2025-06-30 11:00:00,Sanand Hub (Gujarat),Chakan Assembly Alpha (Pune),NH48 Western Corridor,Rail (Dedicated Freight Corridor),1047.2,23.3,2025-07-01 10:16:17,1,0.776,4.5,9.9,3.57,2025-07-01 10:16:17,0.0,0
SHP-TRK-10803,2025-06-30 12:00:00,Sanand Hub (Gujarat),Chakan Assembly Alpha (Pune),NH48 Western Corridor,Coastal Ro-Ro,1100.2,31.4,2025-07-01 19:26:00,1,0.738,1.9,18.5,4.83,2025-07-01 19:26:00,0.0,0
SHP-TRK-10804,2025-06-30 16:00:00,Gurugram (Haryana),Bhiwandi Central DC,Western DFC Electric Rail,Rail (Dedicated Freight Corridor),677.4,15.1,2025-07-01 07:03:13,1,0.966,5.8,20.4,3.47,2025-07-01 07:03:13,0.0,0
SHP-TRK-10805,2025-06-30 19:00:00,Gurugram (Haryana),Oragadam Southern Plant (Chennai),NH48 Western Corridor,Road (Heavy Haulage),1254.3,35.8,2025-07-02 06:50:14,1,0.727,7.7,8.4,4.49,2025-07-02 06:50:14,0.0,0
SHP-TRK-10806,2025-06-30 19:00:00,Sanand Hub (Gujarat),Manesar Northern Plant,NH48 Western Corridor,Road (Heavy Haulage),1281.0,36.6,2025-07-02 07:36:01,1,0.825,4.2,9.2,3.94,2025-07-03 16:18:01,32.7,1
SHP-TRK-10807,2025-06-30 20:00:00,Gurugram (Haryana),Kundli DC,NH48 Western Corridor,Road (Heavy Haulage),1285.2,36.7,2025-07-02 08:43:12,1,0.822,1.0,12.0,4.6,2025-07-02 08:43:12,0.0,0
SHP-TRK-10808,2025-07-01 06:00:00,Sanand Hub (Gujarat),Chakan Assembly Alpha (Pune),Golden Quadrilateral Delhi-Kolkata,Coastal Ro-Ro,957.7,27.4,2025-07-02 09:21:49,1,0.92,4.4,25.4,3.77,2025-07-02 09:21:49,0.0,0
SHP-TRK-10809,2025-07-01 06:00:00,Pune MIDC (Maharashtra),Oragadam Southern Plant (Chennai),NH48 Western Corridor,Coastal Ro-Ro,1356.1,38.7,2025-07-02 20:44:41,1,0.963,2.9,26.5,4.78,2025-07-02 20:44:41,0.0,0
SHP-TRK-10810,2025-07-01 08:00:00,Bengaluru Electronic City,Manesar Northern Plant,NH48 Western Corridor,Rail (Dedicated Freight Corridor),489.2,10.9,2025-07-01 18:52:17,1,0.831,7.0,21.1,3.82,2025-07-01 18:52:17,0.0,0
SHP-TRK-10811,2025-07-01 09:00:00,Bengaluru Electronic City,Chakan Assembly Alpha (Pune),Coastal Maritime Lane,Road (Express),738.3,21.1,2025-07-02 06:05:34,1,0.723,2.4,22.4,4.58,2025-07-02 06:05:34,0.0,0
SHP-TRK-10812,2025-07-01 12:00:00,Bengaluru Electronic City,Bhiwandi Central DC,NH48 Western Corridor,Rail (Dedicated Freight Corridor),904.6,20.1,2025-07-02 08:06:06,1,0.758,4.6,28.7,4.66,2025-07-02 08:06:06,0.0,0
SHP-TRK-10813,2025-07-01 12:00:00,Sriperumbudur (Tamil Nadu),Chakan Assembly Alpha (Pune),Western DFC Electric Rail,Rail (Dedicated Freight Corridor),728.4,16.2,2025-07-02 04:11:09,1,0.751,4.3,6.5,3.86,2025-07-02 15:41:09,11.5,1
SHP-TRK-10814,2025-07-01 14:00:00,Gurugram (Haryana),Oragadam Southern Plant (Chennai),Western DFC Electric Rail,Road (Express),1094.9,31.3,2025-07-02 21:16:58,1,0.788,8.5,19.1,3.95,2025-07-02 21:16:58,0.0,0
SHP-TRK-10815,2025-07-01 16:00:00,Sanand Hub (Gujarat),Manesar Northern Plant,Western DFC Electric Rail,Road (Heavy Haulage),481.4,13.8,2025-07-02 05:45:11,1,0.883,8.8,17.3,4.16,2025-07-02 05:45:11,0.0,0
SHP-TRK-10816,2025-07-01 19:00:00,Bengaluru Electronic City,Kundli DC,Golden Quadrilateral Delhi-Kolkata,Air Cargo Express,605.5,10.1,2025-07-02 05:05:30,1,0.862,2.8,16.7,4.65,2025-07-02 05:05:30,0.0,0
SHP-TRK-10817,2025-07-01 20:00:00,Gurugram (Haryana),Oragadam Southern Plant (Chennai),Chennai-Bengaluru Expressway,Road (Heavy Haulage),459.1,13.1,2025-07-02 09:07:05,1,0.882,1.2,15.5,3.55,2025-07-02 09:07:05,0.0,0
SHP-TRK-10818,2025-07-01 20:00:00,Bengaluru Electronic City,Oragadam Southern Plant (Chennai),Chennai-Bengaluru Expressway,Coastal Ro-Ro,535.2,15.3,2025-07-02 11:17:33,1,0.741,6.0,13.8,3.45,2025-07-02 11:17:33,0.0,0
SHP-TRK-10819,2025-07-01 21:00:00,Sanand Hub (Gujarat),Manesar Northern Plant,Chennai-Bengaluru Expressway,Road (Heavy Haulage),320.3,9.2,2025-07-02 06:09:06,1,0.776,9.0,16.4,4.31,2025-07-02 12:57:06,6.8,1
SHP-TRK-10820,2025-07-01 23:00:00,Pune MIDC (Maharashtra),Oragadam Southern Plant (Chennai),Western DFC Electric Rail,Road (Express),716.9,20.5,2025-07-02 19:29:03,1,0.865,5.6,9.1,4.0,2025-07-03 05:23:03,9.9,1
SHP-TRK-10821,2025-07-02 09:00:00,Pune MIDC (Maharashtra),Oragadam Southern Plant (Chennai),NH48 Western Corridor,Coastal Ro-Ro,748.8,21.4,2025-07-03 06:23:43,1,0.925,5.4,19.5,3.81,2025-07-03 17:29:43,11.1,1
SHP-TRK-10822,2025-07-02 11:00:00,Gurugram (Haryana),Oragadam Southern Plant (Chennai),Golden Quadrilateral Delhi-Kolkata,Air Cargo Express,659.1,11.0,2025-07-02 21:59:05,1,0.861,7.7,28.8,3.9,2025-07-03 07:47:05,9.8,1
SHP-TRK-10823,2025-07-02 14:00:00,Sanand Hub (Gujarat),Manesar Northern Plant,NH48 Western Corridor,Air Cargo Express,1138.0,19.0,2025-07-03 08:58:02,1,0.883,4.0,8.4,4.68,2025-07-03 08:58:02,0.0,0
SHP-TRK-10824,2025-07-02 16:00:00,Sriperumbudur (Tamil Nadu),Chakan Assembly Alpha (Pune),NH48 Western Corridor,Road (Heavy Haulage),934.5,26.7,2025-07-03 18:41:56,1,0.917,1.9,27.6,4.43,2025-07-03 18:41:56,0.0,0
SHP-TRK-10825,2025-07-02 22:00:00,Gurugram (Haryana),Chakan Assembly Alpha (Pune),NH48 Western Corridor,Coastal Ro-Ro,721.6,20.6,2025-07-03 18:36:56,1,0.941,8.3,18.4,4.46,2025-07-03 18:36:56,0.0,0
SHP-TRK-10826,2025-07-03 03:00:00,Pune MIDC (Maharashtra),Chakan Assembly Alpha (Pune),Western DFC Electric Rail,Road (Express),790.7,22.6,2025-07-04 01:35:34,1,0.83,5.1,30.5,4.83,2025-07-04 01:35:34,0.0,0
SHP-TRK-10827,2025-07-03 08:00:00,Sanand Hub (Gujarat),Manesar Northern Plant,Golden Quadrilateral Delhi-Kolkata,Road (Express),978.3,28.0,2025-07-04 11:57:05,1,0.867,7.9,27.1,4.02,2025-07-05 18:21:05,30.4,1
SHP-TRK-10828,2025-07-03 10:00:00,Bengaluru Electronic City,Bhiwandi Central DC,Chennai-Bengaluru Expressway,Road (Heavy Haulage),566.1,16.2,2025-07-04 02:10:25,1,0.721,5.0,7.3,3.81,2025-07-04 02:10:25,0.0,0
SHP-TRK-10829,2025-07-03 11:00:00,Bengaluru Electronic City,Chakan Assembly Alpha (Pune),Golden Quadrilateral Delhi-Kolkata,Road (Heavy Haulage),431.9,12.3,2025-07-03 23:20:24,1,0.888,8.3,23.2,3.56,2025-07-03 23:20:24,0.0,0
SHP-TRK-10830,2025-07-03 15:00:00,Bengaluru Electronic City,Bhiwandi Central DC,Western DFC Electric Rail,Road (Express),1046.5,29.9,2025-07-04 20:54:02,1,0.828,1.4,26.1,4.11,2025-07-04 20:54:02,0.0,0
SHP-TRK-10831,2025-07-03 23:00:00,Gurugram (Haryana),Oragadam Southern Plant (Chennai),Chennai-Bengaluru Expressway,Road (Heavy Haulage),1206.4,34.5,2025-07-05 09:28:05,1,0.854,2.0,10.4,3.98,2025-07-05 09:28:05,0.0,0
SHP-TRK-10832,2025-07-03 23:00:00,Pune MIDC (Maharashtra),Kundli DC,NH48 Western Corridor,Road (Express),1196.4,34.2,2025-07-05 09:11:00,1,0.811,2.3,5.4,3.76,2025-07-06 21:53:00,36.7,1
SHP-TRK-10833,2025-07-04 01:00:00,Sanand Hub (Gujarat),Kundli DC,Golden Quadrilateral Delhi-Kolkata,Road (Heavy Haulage),635.6,18.2,2025-07-04 19:09:40,1,0.73,8.3,8.3,3.5,2025-07-05 03:39:40,8.5,1
SHP-TRK-10834,2025-07-04 05:00:00,Sanand Hub (Gujarat),Chakan Assembly Alpha (Pune),Golden Quadrilateral Delhi-Kolkata,Road (Heavy Haulage),832.7,23.8,2025-07-05 04:47:27,1,0.809,4.3,30.0,4.47,2025-07-05 04:47:27,0.0,0
SHP-TRK-10835,2025-07-04 09:00:00,Gurugram (Haryana),Oragadam Southern Plant (Chennai),Western DFC Electric Rail,Road (Heavy Haulage),998.4,28.5,2025-07-05 13:31:27,1,0.845,4.2,31.6,4.05,2025-07-05 13:31:27,0.0,0
SHP-TRK-10836,2025-07-04 18:00:00,Pune MIDC (Maharashtra),Chakan Assembly Alpha (Pune),NH48 Western Corridor,Road (Heavy Haulage),733.6,21.0,2025-07-05 14:57:32,1,0.724,7.5,14.4,3.66,2025-07-05 20:03:32,5.1,1
SHP-TRK-10837,2025-07-04 22:00:00,Gurugram (Haryana),Manesar Northern Plant,Coastal Maritime Lane,Coastal Ro-Ro,696.2,19.9,2025-07-05 17:53:32,1,0.798,7.9,32.0,4.59,2025-07-05 17:53:32,0.0,0
SHP-TRK-10838,2025-07-04 23:00:00,Pune MIDC (Maharashtra),Oragadam Southern Plant (Chennai),Chennai-Bengaluru Expressway,Rail (Dedicated Freight Corridor),1075.7,23.9,2025-07-05 22:54:18,1,0.726,3.7,8.5,4.76,2025-07-05 22:54:18,0.0,0
SHP-TRK-10839,2025-07-05 02:00:00,Sanand Hub (Gujarat),Chakan Assembly Alpha (Pune),Western DFC Electric Rail,Road (Heavy Haulage),890.9,25.5,2025-07-06 03:27:17,1,0.777,2.3,11.0,4.82,2025-07-06 11:51:17,8.4,1
SHP-TRK-10840,2025-07-05 05:00:00,Bengaluru Electronic City,Chakan Assembly Alpha (Pune),NH48 Western Corridor,Road (Express),1034.2,29.5,2025-07-06 10:32:53,1,0.793,5.6,25.7,3.79,2025-07-06 10:32:53,0.0,0
SHP-TRK-10841,2025-07-05 09:00:00,Bengaluru Electronic City,Oragadam Southern Plant (Chennai),Coastal Maritime Lane,Coastal Ro-Ro,357.9,10.2,2025-07-05 19:13:27,1,0.754,5.0,7.4,3.62,2025-07-05 19:13:27,0.0,0
SHP-TRK-10842,2025-07-05 12:00:00,Sriperumbudur (Tamil Nadu),Kundli DC,NH48 Western Corridor,Coastal Ro-Ro,968.8,27.7,2025-07-06 15:40:49,1,0.943,1.9,23.5,3.71,2025-07-06 15:40:49,0.0,0
SHP-TRK-10843,2025-07-05 13:00:00,Bengaluru Electronic City,Chakan Assembly Alpha (Pune),NH48 Western Corridor,Rail (Dedicated Freight Corridor),623.7,13.9,2025-07-06 02:51:34,1,0.751,7.9,18.1,4.25,2025-07-06 02:51:34,0.0,0
SHP-TRK-10844,2025-07-05 15:00:00,Bengaluru Electronic City,Chakan Assembly Alpha (Pune),NH48 Western Corridor,Road (Express),374.6,10.7,2025-07-06 01:42:15,1,0.905,2.7,12.9,4.46,2025-07-06 14:06:15,12.4,1
SHP-TRK-10845,2025-07-05 17:00:00,Sriperumbudur (Tamil Nadu),Manesar Northern Plant,NH48 Western Corridor,Road (Express),636.8,18.2,2025-07-06 11:11:39,1,0.834,3.5,31.6,3.65,2025-07-06 11:11:39,0.0,0
SHP-TRK-10846,2025-07-06 03:00:00,Sanand Hub (Gujarat),Chakan Assembly Alpha (Pune),NH48 Western Corridor,Road (Heavy Haulage),890.0,25.4,2025-07-07 04:25:43,1,0.943,6.9,10.4,4.62,2025-07-07 18:19:43,13.9,1
SHP-TRK-10847,2025-07-06 03:00:00,Pune MIDC (Maharashtra),Kundli DC,Golden Quadrilateral Delhi-Kolkata,Rail (Dedicated Freight Corridor),384.2,8.5,2025-07-06 11:32:12,1,0.867,3.0,16.4,3.79,2025-07-06 11:32:12,0.0,0
SHP-TRK-10848,2025-07-06 05:00:00,Sanand Hub (Gujarat),Chakan Assembly Alpha (Pune),NH48 Western Corridor,Road (Heavy Haulage),382.4,10.9,2025-07-06 15:55:35,1,0.782,2.8,31.6,4.22,2025-07-06 21:49:35,5.9,1
SHP-TRK-10849,2025-07-06 18:00:00,Gurugram (Haryana),Manesar Northern Plant,Western DFC Electric Rail,Road (Heavy Haulage),1107.8,31.7,2025-07-08 01:39:07,1,0.909,6.3,28.4,4.27,2025-07-08 01:39:07,0.0,0
SHP-TRK-10850,2025-07-06 20:00:00,Bengaluru Electronic City,Manesar Northern Plant,NH48 Western Corridor,Road (Express),1440.4,41.2,2025-07-08 13:09:15,1,0.768,4.8,28.5,3.6,2025-07-09 02:15:15,13.1,1
SHP-TRK-10851,2025-07-06 22:00:00,Bengaluru Electronic City,Chakan Assembly Alpha (Pune),NH48 Western Corridor,Road (Heavy Haulage),1441.8,41.2,2025-07-08 15:11:39,1,0.979,1.9,24.5,3.56,2025-07-08 19:35:39,4.4,1
SHP-TRK-10852,2025-07-06 23:00:00,Gurugram (Haryana),Kundli DC,NH48 Western Corridor,Road (Heavy Haulage),538.6,15.4,2025-07-07 14:23:23,1,0.854,5.6,10.6,3.86,2025-07-07 14:23:23,0.0,0
SHP-TRK-10853,2025-07-06 23:00:00,Gurugram (Haryana),Manesar Northern Plant,Golden Quadrilateral Delhi-Kolkata,Road (Heavy Haulage),1231.5,35.2,2025-07-08 10:11:08,1,0.796,3.7,30.2,4.08,2025-07-08 14:47:08,4.6,1
SHP-TRK-10854,2025-07-07 08:00:00,Pune MIDC (Maharashtra),Bhiwandi Central DC,Western DFC Electric Rail,Coastal Ro-Ro,370.1,10.6,2025-07-07 18:34:25,1,0.873,7.2,7.1,4.29,2025-07-07 22:46:25,4.2,1
SHP-TRK-10855,2025-07-07 08:00:00,Gurugram (Haryana),Manesar Northern Plant,NH48 Western Corridor,Coastal Ro-Ro,1333.6,38.1,2025-07-08 22:06:10,1,0.932,3.5,31.3,4.73,2025-07-08 22:06:10,0.0,0
SHP-TRK-10856,2025-07-07 15:00:00,Gurugram (Haryana),Bhiwandi Central DC,NH48 Western Corridor,Rail (Dedicated Freight Corridor),888.4,19.7,2025-07-08 10:44:29,1,0.813,7.3,25.3,3.42,2025-07-08 10:44:29,0.0,0
SHP-TRK-10857,2025-07-07 21:00:00,Pune MIDC (Maharashtra),Kundli DC,NH48 Western Corridor,Road (Express),347.5,9.9,2025-07-08 06:55:46,1,0.725,6.0,21.8,4.0,2025-07-08 06:55:46,0.0,0
SHP-TRK-10858,2025-07-08 00:00:00,Bengaluru Electronic City,Manesar Northern Plant,Coastal Maritime Lane,Road (Express),1213.7,34.7,2025-07-09 10:40:42,1,0.831,6.1,28.0,3.65,2025-07-09 18:04:42,7.4,1
SHP-TRK-10859,2025-07-08 01:00:00,Sanand Hub (Gujarat),Manesar Northern Plant,NH48 Western Corridor,Road (Heavy Haulage),607.5,17.4,2025-07-08 18:21:20,1,0.866,4.2,23.1,4.15,2025-07-09 00:15:20,5.9,1
SHP-TRK-10860,2025-07-08 03:00:00,Bengaluru Electronic City,Chakan Assembly Alpha (Pune),Chennai-Bengaluru Expressway,Road (Heavy Haulage),1080.2,30.9,2025-07-09 09:51:44,1,0.752,1.5,31.3,4.03,2025-07-09 09:51:44,0.0,0
SHP-TRK-10861,2025-07-08 04:00:00,Pune MIDC (Maharashtra),Bhiwandi Central DC,Western DFC Electric Rail,Road (Express),765.9,21.9,2025-07-09 01:52:54,1,0.723,8.4,21.1,4.77,2025-07-10 17:10:54,39.3,1
SHP-TRK-10862,2025-07-08 07:00:00,Gurugram (Haryana),Bhiwandi Central DC,NH48 Western Corridor,Coastal Ro-Ro,1260.7,36.0,2025-07-09 19:01:11,1,0.934,2.8,7.2,3.84,2025-07-09 19:01:11,0.0,0
SHP-TRK-10863,2025-07-08 09:00:00,Gurugram (Haryana),Chakan Assembly Alpha (Pune),Western DFC Electric Rail,Road (Heavy Haulage),536.5,15.3,2025-07-09 00:19:38,1,0.899,5.5,6.6,3.68,2025-07-09 11:13:38,10.9,1
SHP-TRK-10864,2025-07-08 13:00:00,Pune MIDC (Maharashtra),Oragadam Southern Plant (Chennai),Western DFC Electric Rail,Road (Heavy Haulage),359.0,10.3,2025-07-08 23:15:26,1,0.754,2.9,28.1,4.64,2025-07-08 23:15:26,0.0,0
SHP-TRK-10865,2025-07-08 16:00:00,Bengaluru Electronic City,Chakan Assembly Alpha (Pune),Golden Quadrilateral Delhi-Kolkata,Rail (Dedicated Freight Corridor),1442.0,32.0,2025-07-10 00:02:43,1,0.754,1.4,23.6,4.67,2025-07-10 00:02:43,0.0,0
SHP-TRK-10866,2025-07-08 16:00:00,Sriperumbudur (Tamil Nadu),Kundli DC,Coastal Maritime Lane,Rail (Dedicated Freight Corridor),1411.4,31.4,2025-07-09 23:21:49,1,0.94,3.5,9.9,4.08,2025-07-09 23:21:49,0.0,0
SHP-TRK-10867,2025-07-08 16:00:00,Gurugram (Haryana),Chakan Assembly Alpha (Pune),Golden Quadrilateral Delhi-Kolkata,Road (Heavy Haulage),364.0,10.4,2025-07-09 02:23:58,1,0.803,4.1,21.6,4.07,2025-07-10 09:59:58,31.6,1
SHP-TRK-10868,2025-07-08 17:00:00,Gurugram (Haryana),Oragadam Southern Plant (Chennai),NH48 Western Corridor,Road (Heavy Haulage),254.5,7.3,2025-07-09 00:16:16,1,0.858,1.9,15.3,3.81,2025-07-09 00:16:16,0.0,0
SHP-TRK-10869,2025-07-08 19:00:00,Sanand Hub (Gujarat),Bhiwandi Central DC,NH48 Western Corridor,Coastal Ro-Ro,436.7,12.5,2025-07-09 07:28:38,1,0.97,1.3,31.4,3.86,2025-07-10 16:28:38,33.0,1
SHP-TRK-10870,2025-07-09 00:00:00,Gurugram (Haryana),Oragadam Southern Plant (Chennai),NH48 Western Corridor,Rail (Dedicated Freight Corridor),540.8,12.0,2025-07-09 12:01:03,1,0.921,5.2,30.0,4.7,2025-07-09 12:01:03,0.0,0
SHP-TRK-10871,2025-07-09 06:00:00,Bengaluru Electronic City,Kundli DC,NH48 Western Corridor,Coastal Ro-Ro,1313.1,37.5,2025-07-10 19:31:02,1,0.94,2.7,21.7,3.66,2025-07-12 00:55:02,29.4,1
SHP-TRK-10872,2025-07-09 07:00:00,Sanand Hub (Gujarat),Oragadam Southern Plant (Chennai),Chennai-Bengaluru Expressway,Rail (Dedicated Freight Corridor),1419.1,31.5,2025-07-10 14:32:07,1,0.834,1.5,25.1,4.07,2025-07-10 14:32:07,0.0,0
SHP-TRK-10873,2025-07-09 08:00:00,Bengaluru Electronic City,Oragadam Southern Plant (Chennai),Golden Quadrilateral Delhi-Kolkata,Road (Heavy Haulage),902.7,25.8,2025-07-10 09:47:26,1,0.948,5.3,11.1,4.24,2025-07-10 09:47:26,0.0,0
SHP-TRK-10874,2025-07-09 09:00:00,Sanand Hub (Gujarat),Manesar Northern Plant,Chennai-Bengaluru Expressway,Road (Heavy Haulage),794.0,22.7,2025-07-10 07:41:04,1,0.909,1.8,15.4,4.61,2025-07-10 07:41:04,0.0,0
SHP-TRK-10875,2025-07-09 09:00:00,Sanand Hub (Gujarat),Chakan Assembly Alpha (Pune),Golden Quadrilateral Delhi-Kolkata,Road (Heavy Haulage),1158.4,33.1,2025-07-10 18:05:49,1,0.915,5.1,26.8,4.25,2025-07-10 23:59:49,5.9,1
SHP-TRK-10876,2025-07-09 17:00:00,Gurugram (Haryana),Bhiwandi Central DC,Western DFC Electric Rail,Rail (Dedicated Freight Corridor),1366.7,30.4,2025-07-10 23:22:13,1,0.831,3.7,31.4,3.88,2025-07-10 23:22:13,0.0,0
SHP-TRK-10877,2025-07-09 18:00:00,Bengaluru Electronic City,Oragadam Southern Plant (Chennai),Coastal Maritime Lane,Road (Heavy Haulage),735.2,21.0,2025-07-10 15:00:17,1,0.948,2.5,19.6,4.27,2025-07-11 15:12:17,24.2,1
SHP-TRK-10878,2025-07-09 20:00:00,Sriperumbudur (Tamil Nadu),Chakan Assembly Alpha (Pune),NH48 Western Corridor,Road (Heavy Haulage),596.7,17.0,2025-07-10 13:02:54,1,0.883,5.5,21.3,3.81,2025-07-10 13:02:54,0.0,0
SHP-TRK-10879,2025-07-10 03:00:00,Sanand Hub (Gujarat),Chakan Assembly Alpha (Pune),Western DFC Electric Rail,Road (Express),473.8,13.5,2025-07-10 16:32:15,1,0.766,8.0,24.9,3.79,2025-07-11 03:50:15,11.3,1
SHP-TRK-10880,2025-07-10 08:00:00,Gurugram (Haryana),Bhiwandi Central DC,Chennai-Bengaluru Expressway,Road (Heavy Haulage),1160.7,33.2,2025-07-11 17:09:48,1,0.797,4.4,9.6,3.8,2025-07-12 15:09:48,22.0,1
SHP-TRK-10881,2025-07-10 09:00:00,Pune MIDC (Maharashtra),Kundli DC,Western DFC Electric Rail,Road (Heavy Haulage),1212.5,34.6,2025-07-11 19:38:31,1,0.925,7.1,14.1,4.86,2025-07-12 12:20:31,16.7,1
SHP-TRK-10882,2025-07-10 16:00:00,Bengaluru Electronic City,Kundli DC,Coastal Maritime Lane,Road (Heavy Haulage),1054.3,30.1,2025-07-11 22:07:23,1,0.841,5.9,12.0,3.57,2025-07-12 03:49:23,5.7,1
SHP-TRK-10883,2025-07-10 19:00:00,Bengaluru Electronic City,Bhiwandi Central DC,NH48 Western Corridor,Rail (Dedicated Freight Corridor),1272.7,28.3,2025-07-11 23:16:54,1,0.876,8.7,22.9,4.37,2025-07-12 12:16:54,13.0,1
SHP-TRK-10884,2025-07-10 21:00:00,Sanand Hub (Gujarat),Chakan Assembly Alpha (Pune),NH48 Western Corridor,Road (Heavy Haulage),765.5,21.9,2025-07-11 18:52:12,1,0.847,2.1,23.0,3.84,2025-07-11 18:52:12,0.0,0
SHP-TRK-10885,2025-07-11 02:00:00,Sanand Hub (Gujarat),Chakan Assembly Alpha (Pune),NH48 Western Corridor,Road (Heavy Haulage),702.2,20.1,2025-07-11 22:03:44,1,0.883,5.4,10.9,4.69,2025-07-12 15:21:44,17.3,1
SHP-TRK-10886,2025-07-11 03:00:00,Pune MIDC (Maharashtra),Manesar Northern Plant,NH48 Western Corridor,Road (Heavy Haulage),1305.3,37.3,2025-07-12 16:17:39,1,0.73,8.9,22.8,4.31,2025-07-12 20:47:39,4.5,1
SHP-TRK-10887,2025-07-11 04:00:00,Bengaluru Electronic City,Chakan Assembly Alpha (Pune),Chennai-Bengaluru Expressway,Road (Heavy Haulage),910.0,26.0,2025-07-12 05:59:58,1,0.827,1.6,24.1,4.32,2025-07-12 05:59:58,0.0,0
SHP-TRK-10888,2025-07-11 04:00:00,Sriperumbudur (Tamil Nadu),Oragadam Southern Plant (Chennai),NH48 Western Corridor,Rail (Dedicated Freight Corridor),1379.5,30.7,2025-07-12 10:39:20,1,0.873,3.5,16.9,3.64,2025-07-12 10:39:20,0.0,0
SHP-TRK-10889,2025-07-11 06:00:00,Bengaluru Electronic City,Manesar Northern Plant,Golden Quadrilateral Delhi-Kolkata,Road (Heavy Haulage),406.5,11.6,2025-07-11 17:36:55,1,0.918,1.5,4.8,4.27,2025-07-11 17:36:55,0.0,0
SHP-TRK-10890,2025-07-11 09:00:00,Bengaluru Electronic City,Chakan Assembly Alpha (Pune),Western DFC Electric Rail,Rail (Dedicated Freight Corridor),1439.9,32.0,2025-07-12 16:59:53,1,0.976,6.1,16.7,4.42,2025-07-12 16:59:53,0.0,0
SHP-TRK-10891,2025-07-11 09:00:00,Sanand Hub (Gujarat),Oragadam Southern Plant (Chennai),NH48 Western Corridor,Road (Heavy Haulage),485.0,13.9,2025-07-11 22:51:26,1,0.846,7.3,17.9,4.23,2025-07-12 04:03:26,5.2,1
SHP-TRK-10892,2025-07-11 13:00:00,Bengaluru Electronic City,Manesar Northern Plant,NH48 Western Corridor,Coastal Ro-Ro,504.6,14.4,2025-07-12 03:24:56,1,0.843,8.7,25.7,3.9,2025-07-12 03:24:56,0.0,0
SHP-TRK-10893,2025-07-11 14:00:00,Gurugram (Haryana),Chakan Assembly Alpha (Pune),Chennai-Bengaluru Expressway,Road (Heavy Haulage),1362.7,38.9,2025-07-13 04:56:05,1,0.744,1.9,5.4,4.86,2025-07-13 12:14:05,7.3,1
SHP-TRK-10894,2025-07-11 19:00:00,Sriperumbudur (Tamil Nadu),Bhiwandi Central DC,Western DFC Electric Rail,Road (Express),1207.0,34.5,2025-07-13 05:29:07,1,0.875,3.5,19.9,4.64,2025-07-13 05:29:07,0.0,0
SHP-TRK-10895,2025-07-12 03:00:00,Gurugram (Haryana),Oragadam Southern Plant (Chennai),NH48 Western Corridor,Road (Express),1182.2,33.8,2025-07-13 12:46:37,1,0.817,1.3,14.5,3.58,2025-07-13 12:46:37,0.0,0
SHP-TRK-10896,2025-07-12 06:00:00,Gurugram (Haryana),Chakan Assembly Alpha (Pune),Golden Quadrilateral Delhi-Kolkata,Coastal Ro-Ro,645.7,18.4,2025-07-13 00:26:50,1,0.822,6.9,21.0,3.98,2025-07-13 00:26:50,0.0,0
SHP-TRK-10897,2025-07-12 06:00:00,Bengaluru Electronic City,Kundli DC,Western DFC Electric Rail,Road (Heavy Haulage),600.2,17.1,2025-07-12 23:08:53,1,0.919,7.1,12.5,4.04,2025-07-13 03:20:53,4.2,1
SHP-TRK-10898,2025-07-12 06:00:00,Bengaluru Electronic City,Kundli DC,NH48 Western Corridor,Rail (Dedicated Freight Corridor),1319.5,29.3,2025-07-13 11:19:18,1,0.848,5.8,7.1,4.82,2025-07-13 11:19:18,0.0,0
SHP-TRK-10899,2025-07-12 12:00:00,Sriperumbudur (Tamil Nadu),Oragadam Southern Plant (Chennai),Coastal Maritime Lane,Rail (Dedicated Freight Corridor),578.8,12.9,2025-07-13 00:51:43,1,0.851,8.7,9.2,4.32,2025-07-13 00:51:43,0.0,0
SHP-TRK-10900,2025-07-12 13:00:00,Sriperumbudur (Tamil Nadu),Oragadam Southern Plant (Chennai),Golden Quadrilateral Delhi-Kolkata,Road (Heavy Haulage),508.7,14.5,2025-07-13 03:31:58,1,0.829,2.5,4.7,4.05,2025-07-13 03:31:58,0.0,0
SHP-TRK-10901,2025-07-12 18:00:00,Gurugram (Haryana),Chakan Assembly Alpha (Pune),NH48 Western Corridor,Rail (Dedicated Freight Corridor),1198.1,26.6,2025-07-13 20:37:27,1,0.924,1.9,29.6,4.32,2025-07-13 20:37:27,0.0,0
SHP-TRK-10902,2025-07-12 18:00:00,Gurugram (Haryana),Bhiwandi Central DC,NH48 Western Corridor,Coastal Ro-Ro,376.7,10.8,2025-07-13 04:45:45,1,0.769,5.0,26.3,3.89,2025-07-13 23:51:45,19.1,1
SHP-TRK-10903,2025-07-12 20:00:00,Bengaluru Electronic City,Manesar Northern Plant,Chennai-Bengaluru Expressway,Rail (Dedicated Freight Corridor),437.1,9.7,2025-07-13 05:42:48,1,0.925,1.5,9.8,4.68,2025-07-13 05:42:48,0.0,0
SHP-TRK-10904,2025-07-12 20:00:00,Bengaluru Electronic City,Oragadam Southern Plant (Chennai),NH48 Western Corridor,Rail (Dedicated Freight Corridor),1223.4,27.2,2025-07-13 23:11:11,1,0.921,2.2,17.3,3.91,2025-07-13 23:11:11,0.0,0
SHP-TRK-10905,2025-07-12 21:00:00,Sriperumbudur (Tamil Nadu),Chakan Assembly Alpha (Pune),NH48 Western Corridor,Rail (Dedicated Freight Corridor),1246.7,27.7,2025-07-14 00:42:15,1,0.812,3.3,27.6,3.96,2025-07-14 11:48:15,11.1,1
SHP-TRK-10906,2025-07-13 00:00:00,Bengaluru Electronic City,Kundli DC,NH48 Western Corridor,Road (Express),1107.6,31.6,2025-07-14 07:38:47,1,0.857,8.2,13.1,4.13,2025-07-14 21:20:47,13.7,1
SHP-TRK-10907,2025-07-13 00:00:00,Bengaluru Electronic City,Chakan Assembly Alpha (Pune),Western DFC Electric Rail,Road (Express),1400.2,40.0,2025-07-14 16:00:22,1,0.788,6.5,30.4,4.64,2025-07-16 00:42:22,32.7,1
SHP-TRK-10908,2025-07-13 03:00:00,Bengaluru Electronic City,Manesar Northern Plant,Western DFC Electric Rail,Road (Heavy Haulage),526.5,15.0,2025-07-13 18:02:34,1,0.913,5.2,15.8,3.51,2025-07-17 19:02:34,97.0,1
SHP-TRK-10909,2025-07-13 07:00:00,Sanand Hub (Gujarat),Chakan Assembly Alpha (Pune),Coastal Maritime Lane,Coastal Ro-Ro,1035.9,29.6,2025-07-14 12:35:51,1,0.949,2.7,31.2,3.55,2025-07-14 12:35:51,0.0,0
SHP-TRK-10910,2025-07-13 07:00:00,Sanand Hub (Gujarat),Manesar Northern Plant,NH48 Western Corridor,Road (Express),1423.5,40.7,2025-07-14 23:40:14,1,0.833,2.2,17.3,4.65,2025-07-14 23:40:14,0.0,0
SHP-TRK-10911,2025-07-13 10:00:00,Bengaluru Electronic City,Manesar Northern Plant,Western DFC Electric Rail,Road (Heavy Haulage),1433.2,40.9,2025-07-15 02:56:51,1,0.733,8.1,20.0,4.13,2025-07-17 02:20:51,47.4,1
SHP-TRK-10912,2025-07-13 17:00:00,Bengaluru Electronic City,Chakan Assembly Alpha (Pune),Chennai-Bengaluru Expressway,Road (Heavy Haulage),987.3,28.2,2025-07-14 21:12:30,1,0.957,2.9,7.8,4.9,2025-07-15 11:06:30,13.9,1
SHP-TRK-10913,2025-07-13 18:00:00,Sriperumbudur (Tamil Nadu),Oragadam Southern Plant (Chennai),Golden Quadrilateral Delhi-Kolkata,Air Cargo Express,268.5,4.5,2025-07-13 22:28:29,1,0.932,3.4,8.6,4.1,2025-07-13 22:28:29,0.0,0
SHP-TRK-10914,2025-07-13 19:00:00,Bengaluru Electronic City,Chakan Assembly Alpha (Pune),Golden Quadrilateral Delhi-Kolkata,Road (Heavy Haulage),1438.1,41.1,2025-07-15 12:05:22,1,0.922,3.4,11.2,4.23,2025-07-15 18:11:22,6.1,1
SHP-TRK-10915,2025-07-13 21:00:00,Sriperumbudur (Tamil Nadu),Manesar Northern Plant,NH48 Western Corridor,Rail (Dedicated Freight Corridor),646.4,14.4,2025-07-14 11:21:49,1,0.897,3.8,10.3,3.81,2025-07-14 11:21:49,0.0,0
SHP-TRK-10916,2025-07-13 22:00:00,Sanand Hub (Gujarat),Bhiwandi Central DC,NH48 Western Corridor,Air Cargo Express,327.7,5.5,2025-07-14 03:27:43,1,0.912,2.7,15.3,4.59,2025-07-14 11:03:43,7.6,1
SHP-TRK-10917,2025-07-14 00:00:00,Pune MIDC (Maharashtra),Chakan Assembly Alpha (Pune),NH48 Western Corridor,Road (Heavy Haulage),339.0,9.7,2025-07-14 09:41:09,1,0.978,6.2,19.4,4.66,2025-07-14 09:41:09,0.0,0
SHP-TRK-10918,2025-07-14 01:00:00,Pune MIDC (Maharashtra),Chakan Assembly Alpha (Pune),Golden Quadrilateral Delhi-Kolkata,Road (Heavy Haulage),700.9,20.0,2025-07-14 21:01:33,1,0.975,6.3,30.8,3.88,2025-07-16 04:55:33,31.9,1
SHP-TRK-10919,2025-07-14 06:00:00,Gurugram (Haryana),Chakan Assembly Alpha (Pune),Golden Quadrilateral Delhi-Kolkata,Rail (Dedicated Freight Corridor),769.2,17.1,2025-07-14 23:05:33,1,0.842,8.9,16.2,3.48,2025-07-14 23:05:33,0.0,0
SHP-TRK-10920,2025-07-14 08:00:00,Pune MIDC (Maharashtra),Manesar Northern Plant,NH48 Western Corridor,Road (Heavy Haulage),960.0,27.4,2025-07-15 11:25:43,1,0.723,1.0,21.4,4.38,2025-07-15 18:25:43,7.0,1
SHP-TRK-10921,2025-07-14 08:00:00,Sanand Hub (Gujarat),Oragadam Southern Plant (Chennai),Western DFC Electric Rail,Road (Heavy Haulage),1044.1,29.8,2025-07-15 13:49:55,1,0.907,3.0,7.0,4.82,2025-07-16 01:37:55,11.8,1
SHP-TRK-10922,2025-07-14 15:00:00,Sanand Hub (Gujarat),Chakan Assembly Alpha (Pune),Western DFC Electric Rail,Road (Heavy Haulage),1065.8,30.5,2025-07-15 21:27:10,1,0.887,7.9,17.9,4.39,2025-07-16 06:15:10,8.8,1
SHP-TRK-10923,2025-07-15 00:00:00,Sriperumbudur (Tamil Nadu),Oragadam Southern Plant (Chennai),Western DFC Electric Rail,Rail (Dedicated Freight Corridor),1307.6,29.1,2025-07-16 05:03:27,1,0.872,7.2,11.3,4.75,2025-07-16 05:03:27,0.0,0
SHP-TRK-10924,2025-07-15 04:00:00,Bengaluru Electronic City,Bhiwandi Central DC,NH48 Western Corridor,Road (Express),947.8,27.1,2025-07-16 07:04:49,1,0.754,8.7,26.8,4.29,2025-07-16 12:52:49,5.8,1
SHP-TRK-10925,2025-07-15 04:00:00,Bengaluru Electronic City,Chakan Assembly Alpha (Pune),NH48 Western Corridor,Rail (Dedicated Freight Corridor),371.3,8.3,2025-07-15 12:15:03,1,0.928,8.3,25.3,3.72,2025-07-15 12:15:03,0.0,0
SHP-TRK-10926,2025-07-15 09:00:00,Bengaluru Electronic City,Chakan Assembly Alpha (Pune),Coastal Maritime Lane,Road (Express),1110.2,31.7,2025-07-16 16:43:12,1,0.949,6.1,15.2,3.45,2025-07-16 21:49:12,5.1,1
SHP-TRK-10927,2025-07-15 10:00:00,Sriperumbudur (Tamil Nadu),Oragadam Southern Plant (Chennai),Western DFC Electric Rail,Rail (Dedicated Freight Corridor),582.9,13.0,2025-07-15 22:57:08,1,0.844,4.8,15.2,4.08,2025-07-15 22:57:08,0.0,0
SHP-TRK-10928,2025-07-15 15:00:00,Sriperumbudur (Tamil Nadu),Bhiwandi Central DC,Chennai-Bengaluru Expressway,Air Cargo Express,574.0,9.6,2025-07-16 00:34:00,1,0.729,3.1,12.2,4.37,2025-07-16 00:34:00,0.0,0
SHP-TRK-10929,2025-07-15 18:00:00,Sanand Hub (Gujarat),Chakan Assembly Alpha (Pune),Western DFC Electric Rail,Road (Heavy Haulage),1132.5,32.4,2025-07-17 02:21:25,1,0.944,8.5,10.0,3.94,2025-07-17 10:09:25,7.8,1
SHP-TRK-10930,2025-07-15 19:00:00,Gurugram (Haryana),Manesar Northern Plant,Western DFC Electric Rail,Road (Express),284.6,8.1,2025-07-16 03:07:56,1,0.737,5.3,24.3,4.62,2025-07-17 01:01:56,21.9,1
SHP-TRK-10931,2025-07-15 19:00:00,Bengaluru Electronic City,Manesar Northern Plant,Golden Quadrilateral Delhi-Kolkata,Road (Heavy Haulage),1166.8,33.3,2025-07-17 04:20:13,1,0.978,3.8,15.8,4.44,2025-07-17 11:32:13,7.2,1
SHP-TRK-10932,2025-07-15 21:00:00,Gurugram (Haryana),Oragadam Southern Plant (Chennai),NH48 Western Corridor,Road (Heavy Haulage),796.1,22.7,2025-07-16 19:44:40,1,0.796,2.9,24.7,4.59,2025-07-17 10:32:40,14.8,1
SHP-TRK-10933,2025-07-16 03:00:00,Bengaluru Electronic City,Manesar Northern Plant,Golden Quadrilateral Delhi-Kolkata,Rail (Dedicated Freight Corridor),785.0,17.4,2025-07-16 20:26:41,1,0.81,7.7,25.4,3.51,2025-07-17 01:56:41,5.5,1
SHP-TRK-10934,2025-07-16 07:00:00,Sanand Hub (Gujarat),Manesar Northern Plant,NH48 Western Corridor,Road (Heavy Haulage),1153.8,33.0,2025-07-17 15:58:00,1,0.797,7.1,25.0,4.52,2025-07-18 14:16:00,22.3,1
SHP-TRK-10935,2025-07-16 07:00:00,Bengaluru Electronic City,Chakan Assembly Alpha (Pune),Coastal Maritime Lane,Rail (Dedicated Freight Corridor),1017.5,22.6,2025-07-17 05:36:43,1,0.765,6.5,16.2,4.5,2025-07-17 05:36:43,0.0,0
SHP-TRK-10936,2025-07-16 11:00:00,Sriperumbudur (Tamil Nadu),Bhiwandi Central DC,Western DFC Electric Rail,Road (Express),431.0,12.3,2025-07-16 23:18:46,1,0.937,8.5,8.3,4.53,2025-07-17 07:30:46,8.2,1
SHP-TRK-10937,2025-07-16 11:00:00,Pune MIDC (Maharashtra),Chakan Assembly Alpha (Pune),NH48 Western Corridor,Air Cargo Express,1206.7,20.1,2025-07-17 07:06:42,1,0.839,3.6,8.9,4.23,2025-07-18 02:18:42,19.2,1
SHP-TRK-10938,2025-07-16 13:00:00,Sanand Hub (Gujarat),Chakan Assembly Alpha (Pune),Golden Quadrilateral Delhi-Kolkata,Road (Heavy Haulage),1104.3,31.6,2025-07-17 20:33:00,1,0.735,5.5,6.8,4.76,2025-07-17 20:33:00,0.0,0
SHP-TRK-10939,2025-07-16 14:00:00,Sriperumbudur (Tamil Nadu),Kundli DC,Chennai-Bengaluru Expressway,Road (Express),933.6,26.7,2025-07-17 16:40:32,1,0.8,2.7,13.5,3.66,2025-07-17 16:40:32,0.0,0
SHP-TRK-10940,2025-07-16 16:00:00,Bengaluru Electronic City,Oragadam Southern Plant (Chennai),Western DFC Electric Rail,Road (Heavy Haulage),1357.8,38.8,2025-07-18 06:47:40,1,0.915,6.3,20.5,4.74,2025-07-18 13:41:40,6.9,1
SHP-TRK-10941,2025-07-16 19:00:00,Sanand Hub (Gujarat),Chakan Assembly Alpha (Pune),NH48 Western Corridor,Road (Express),696.3,19.9,2025-07-17 14:53:36,1,0.727,2.1,9.3,4.66,2025-07-18 09:53:36,19.0,1
SHP-TRK-10942,2025-07-16 22:00:00,Bengaluru Electronic City,Bhiwandi Central DC,NH48 Western Corridor,Road (Heavy Haulage),430.9,12.3,2025-07-17 10:18:39,1,0.881,4.4,21.4,4.22,2025-07-17 10:18:39,0.0,0
SHP-TRK-10943,2025-07-16 23:00:00,Sriperumbudur (Tamil Nadu),Kundli DC,NH48 Western Corridor,Road (Heavy Haulage),1111.2,31.7,2025-07-18 06:44:59,1,0.879,2.4,14.8,3.67,2025-07-18 18:20:59,11.6,1
SHP-TRK-10944,2025-07-17 00:00:00,Gurugram (Haryana),Bhiwandi Central DC,Golden Quadrilateral Delhi-Kolkata,Rail (Dedicated Freight Corridor),1326.7,29.5,2025-07-18 05:28:59,1,0.755,3.0,19.4,3.45,2025-07-18 05:28:59,0.0,0
SHP-TRK-10945,2025-07-17 05:00:00,Gurugram (Haryana),Oragadam Southern Plant (Chennai),NH48 Western Corridor,Road (Heavy Haulage),459.2,13.1,2025-07-17 18:07:14,1,0.926,8.6,15.9,4.64,2025-07-17 18:07:14,0.0,0
SHP-TRK-10946,2025-07-17 19:00:00,Bengaluru Electronic City,Manesar Northern Plant,Western DFC Electric Rail,Road (Heavy Haulage),319.7,9.1,2025-07-18 04:07:58,1,0.901,1.4,27.0,3.76,2025-07-18 04:07:58,0.0,0
SHP-TRK-10947,2025-07-17 22:00:00,Bengaluru Electronic City,Oragadam Southern Plant (Chennai),NH48 Western Corridor,Rail (Dedicated Freight Corridor),961.0,21.4,2025-07-18 19:21:18,1,0.797,1.4,4.6,4.84,2025-07-19 21:21:18,26.0,1
SHP-TRK-10948,2025-07-17 23:00:00,Bengaluru Electronic City,Oragadam Southern Plant (Chennai),Western DFC Electric Rail,Road (Heavy Haulage),423.6,12.1,2025-07-18 11:06:08,1,0.879,8.5,9.9,3.44,2025-07-18 11:06:08,0.0,0
SHP-TRK-10949,2025-07-18 01:00:00,Bengaluru Electronic City,Chakan Assembly Alpha (Pune),NH48 Western Corridor,Road (Heavy Haulage),698.0,19.9,2025-07-18 20:56:30,1,0.829,3.4,22.6,4.0,2025-07-18 20:56:30,0.0,0
SHP-TRK-10950,2025-07-18 05:00:00,Sanand Hub (Gujarat),Chakan Assembly Alpha (Pune),Western DFC Electric Rail,Air Cargo Express,796.0,13.3,2025-07-18 18:16:00,1,0.759,4.6,12.2,4.73,2025-07-18 18:16:00,0.0,0
SHP-TRK-10951,2025-07-18 07:00:00,Sanand Hub (Gujarat),Oragadam Southern Plant (Chennai),Western DFC Electric Rail,Road (Heavy Haulage),1302.2,37.2,2025-07-19 20:12:22,1,0.857,3.7,10.2,4.34,2025-07-19 20:12:22,0.0,0
SHP-TRK-10952,2025-07-18 12:00:00,Bengaluru Electronic City,Chakan Assembly Alpha (Pune),Coastal Maritime Lane,Road (Heavy Haulage),874.1,25.0,2025-07-19 12:58:28,1,0.824,5.2,25.9,4.28,2025-07-19 19:46:28,6.8,1
SHP-TRK-10953,2025-07-18 14:00:00,Sriperumbudur (Tamil Nadu),Manesar Northern Plant,NH48 Western Corridor,Air Cargo Express,340.4,5.7,2025-07-18 19:40:25,1,0.969,4.5,21.6,4.22,2025-07-18 19:40:25,0.0,0
SHP-TRK-10954,2025-07-18 14:00:00,Sanand Hub (Gujarat),Bhiwandi Central DC,Western DFC Electric Rail,Road (Express),836.3,23.9,2025-07-19 13:53:36,1,0.75,1.7,13.8,4.58,2025-07-21 12:53:36,47.0,1
SHP-TRK-10955,2025-07-18 14:00:00,Sriperumbudur (Tamil Nadu),Oragadam Southern Plant (Chennai),Coastal Maritime Lane,Road (Heavy Haulage),700.0,20.0,2025-07-19 10:00:05,1,0.748,5.0,28.5,3.42,2025-07-19 10:00:05,0.0,0
SHP-TRK-10956,2025-07-18 18:00:00,Gurugram (Haryana),Chakan Assembly Alpha (Pune),Chennai-Bengaluru Expressway,Road (Heavy Haulage),1286.6,36.8,2025-07-20 06:45:40,1,0.875,5.6,26.9,4.74,2025-07-20 06:45:40,0.0,0
SHP-TRK-10957,2025-07-18 18:00:00,Sriperumbudur (Tamil Nadu),Kundli DC,NH48 Western Corridor,Coastal Ro-Ro,1269.5,36.3,2025-07-20 06:16:12,1,0.85,4.1,21.4,4.71,2025-07-20 20:10:12,13.9,1
SHP-TRK-10958,2025-07-18 20:00:00,Sanand Hub (Gujarat),Oragadam Southern Plant (Chennai),Western DFC Electric Rail,Coastal Ro-Ro,680.0,19.4,2025-07-19 15:25:47,1,0.835,5.2,21.9,4.08,2025-07-19 15:25:47,0.0,0
SHP-TRK-10959,2025-07-19 08:00:00,Pune MIDC (Maharashtra),Oragadam Southern Plant (Chennai),Golden Quadrilateral Delhi-Kolkata,Road (Heavy Haulage),1111.3,31.8,2025-07-20 15:45:01,1,0.865,1.5,9.2,4.41,2025-07-21 00:27:01,8.7,1
SHP-TRK-10960,2025-07-19 16:00:00,Sanand Hub (Gujarat),Bhiwandi Central DC,NH48 Western Corridor,Road (Heavy Haulage),883.5,25.2,2025-07-20 17:14:33,1,0.776,8.1,6.8,4.32,2025-07-21 23:44:33,30.5,1
SHP-TRK-10961,2025-07-19 18:00:00,Bengaluru Electronic City,Oragadam Southern Plant (Chennai),Coastal Maritime Lane,Road (Express),1321.8,37.8,2025-07-21 07:45:53,1,0.809,9.0,4.6,3.7,2025-07-22 12:03:53,28.3,1
SHP-TRK-10962,2025-07-19 19:00:00,Sanand Hub (Gujarat),Chakan Assembly Alpha (Pune),Golden Quadrilateral Delhi-Kolkata,Road (Heavy Haulage),999.2,28.5,2025-07-20 23:32:55,1,0.782,5.0,30.0,3.88,2025-07-20 23:32:55,0.0,0
SHP-TRK-10963,2025-07-20 03:00:00,Gurugram (Haryana),Manesar Northern Plant,NH48 Western Corridor,Road (Heavy Haulage),452.1,12.9,2025-07-20 15:55:00,1,0.909,2.5,18.6,3.92,2025-07-22 07:25:00,39.5,1
SHP-TRK-10964,2025-07-20 05:00:00,Gurugram (Haryana),Kundli DC,Western DFC Electric Rail,Road (Heavy Haulage),279.6,8.0,2025-07-20 12:59:17,1,0.956,5.1,6.6,4.81,2025-07-20 23:47:17,10.8,1
SHP-TRK-10965,2025-07-20 05:00:00,Sriperumbudur (Tamil Nadu),Bhiwandi Central DC,NH48 Western Corridor,Road (Heavy Haulage),1419.2,40.5,2025-07-21 21:32:52,1,0.724,8.6,14.6,4.87,2025-07-22 17:56:52,20.4,1
SHP-TRK-10966,2025-07-20 09:00:00,Gurugram (Haryana),Chakan Assembly Alpha (Pune),Western DFC Electric Rail,Road (Heavy Haulage),1014.8,29.0,2025-07-21 13:59:35,1,0.912,2.4,30.9,4.67,2025-07-21 13:59:35,0.0,0
SHP-TRK-10967,2025-07-20 18:00:00,Sriperumbudur (Tamil Nadu),Oragadam Southern Plant (Chennai),Western DFC Electric Rail,Coastal Ro-Ro,1290.2,36.9,2025-07-22 06:51:51,1,0.968,6.4,19.6,3.7,2025-07-22 11:27:51,4.6,1
SHP-TRK-10968,2025-07-20 19:00:00,Sanand Hub (Gujarat),Chakan Assembly Alpha (Pune),NH48 Western Corridor,Road (Heavy Haulage),754.6,21.6,2025-07-21 16:33:40,1,0.746,1.3,23.0,4.35,2025-07-22 04:45:40,12.2,1
SHP-TRK-10969,2025-07-20 20:00:00,Pune MIDC (Maharashtra),Oragadam Southern Plant (Chennai),Coastal Maritime Lane,Rail (Dedicated Freight Corridor),1257.5,27.9,2025-07-21 23:56:43,1,0.831,6.2,9.4,4.87,2025-07-21 23:56:43,0.0,0
SHP-TRK-10970,2025-07-20 21:00:00,Sriperumbudur (Tamil Nadu),Kundli DC,Coastal Maritime Lane,Road (Heavy Haulage),945.1,27.0,2025-07-22 00:00:06,1,0.731,5.7,12.1,3.81,2025-07-23 04:06:06,28.1,1
SHP-TRK-10971,2025-07-21 01:00:00,Pune MIDC (Maharashtra),Chakan Assembly Alpha (Pune),Coastal Maritime Lane,Road (Heavy Haulage),684.0,19.5,2025-07-21 20:32:31,1,0.876,5.9,19.9,4.41,2025-07-21 20:32:31,0.0,0
SHP-TRK-10972,2025-07-21 03:00:00,Bengaluru Electronic City,Bhiwandi Central DC,Western DFC Electric Rail,Road (Heavy Haulage),1390.7,39.7,2025-07-22 18:43:59,1,0.883,7.5,22.5,4.82,2025-07-22 18:43:59,0.0,0
SHP-TRK-10973,2025-07-21 08:00:00,Bengaluru Electronic City,Chakan Assembly Alpha (Pune),Golden Quadrilateral Delhi-Kolkata,Rail (Dedicated Freight Corridor),522.6,11.6,2025-07-21 19:36:50,1,0.721,3.7,31.1,4.0,2025-07-21 19:36:50,0.0,0
SHP-TRK-10974,2025-07-21 10:00:00,Sanand Hub (Gujarat),Oragadam Southern Plant (Chennai),NH48 Western Corridor,Road (Heavy Haulage),1338.1,38.2,2025-07-23 00:13:52,1,0.979,2.3,6.0,3.71,2025-07-23 12:55:52,12.7,1
SHP-TRK-10975,2025-07-21 15:00:00,Bengaluru Electronic City,Chakan Assembly Alpha (Pune),Golden Quadrilateral Delhi-Kolkata,Road (Express),1011.9,28.9,2025-07-22 19:54:45,1,0.821,8.3,31.2,4.19,2025-07-23 03:24:45,7.5,1
SHP-TRK-10976,2025-07-21 17:00:00,Sanand Hub (Gujarat),Oragadam Southern Plant (Chennai),Western DFC Electric Rail,Rail (Dedicated Freight Corridor),647.1,14.4,2025-07-22 07:22:47,1,0.861,8.7,10.2,3.47,2025-07-22 07:22:47,0.0,0
SHP-TRK-10977,2025-07-21 17:00:00,Sanand Hub (Gujarat),Manesar Northern Plant,NH48 Western Corridor,Road (Heavy Haulage),455.8,13.0,2025-07-22 06:01:23,1,0.867,6.6,10.1,4.32,2025-07-22 12:49:23,6.8,1
SHP-TRK-10978,2025-07-22 05:00:00,Bengaluru Electronic City,Manesar Northern Plant,Coastal Maritime Lane,Coastal Ro-Ro,255.1,7.3,2025-07-22 12:17:22,1,0.95,1.5,30.7,3.97,2025-07-22 12:17:22,0.0,0
SHP-TRK-10979,2025-07-22 07:00:00,Sanand Hub (Gujarat),Chakan Assembly Alpha (Pune),Coastal Maritime Lane,Road (Express),982.9,28.1,2025-07-23 11:04:58,1,0.906,7.1,11.7,3.93,2025-07-23 15:04:58,4.0,1
SHP-TRK-10980,2025-07-22 14:00:00,Sanand Hub (Gujarat),Chakan Assembly Alpha (Pune),NH48 Western Corridor,Road (Heavy Haulage),1347.9,38.5,2025-07-24 04:30:36,1,0.756,5.3,20.8,3.88,2025-07-24 10:00:36,5.5,1
SHP-TRK-10981,2025-07-22 15:00:00,Sanand Hub (Gujarat),Oragadam Southern Plant (Chennai),Western DFC Electric Rail,Road (Heavy Haulage),1081.4,30.9,2025-07-23 21:53:46,1,0.858,4.5,15.2,3.73,2025-07-23 21:53:46,0.0,0
SHP-TRK-10982,2025-07-22 20:00:00,Pune MIDC (Maharashtra),Bhiwandi Central DC,NH48 Western Corridor,Road (Heavy Haulage),814.6,23.3,2025-07-23 19:16:32,1,0.744,1.4,7.6,4.67,2025-07-24 09:04:32,13.8,1
SHP-TRK-10983,2025-07-22 20:00:00,Sanand Hub (Gujarat),Kundli DC,Coastal Maritime Lane,Coastal Ro-Ro,1255.1,35.9,2025-07-24 07:51:33,1,0.815,1.6,20.1,4.67,2025-07-24 07:51:33,0.0,0
SHP-TRK-10984,2025-07-22 20:00:00,Gurugram (Haryana),Oragadam Southern Plant (Chennai),NH48 Western Corridor,Road (Heavy Haulage),255.8,7.3,2025-07-23 03:18:26,1,0.852,5.4,27.2,4.34,2025-07-24 18:06:26,38.8,1
SHP-TRK-10985,2025-07-22 23:00:00,Pune MIDC (Maharashtra),Chakan Assembly Alpha (Pune),Golden Quadrilateral Delhi-Kolkata,Air Cargo Express,454.3,7.6,2025-07-23 06:34:16,1,0.769,8.4,5.4,3.87,2025-07-23 06:34:16,0.0,0
SHP-TRK-10986,2025-07-22 23:00:00,Sriperumbudur (Tamil Nadu),Bhiwandi Central DC,Western DFC Electric Rail,Road (Heavy Haulage),1428.3,40.8,2025-07-24 15:48:30,1,0.924,8.2,16.6,4.47,2025-07-25 03:12:30,11.4,1
SHP-TRK-10987,2025-07-23 00:00:00,Sanand Hub (Gujarat),Chakan Assembly Alpha (Pune),Western DFC Electric Rail,Road (Heavy Haulage),1242.9,35.5,2025-07-24 11:30:44,1,0.726,6.4,30.1,4.86,2025-07-25 08:06:44,20.6,1
SHP-TRK-10988,2025-07-23 01:00:00,Gurugram (Haryana),Chakan Assembly Alpha (Pune),NH48 Western Corridor,Road (Heavy Haulage),1092.4,31.2,2025-07-24 08:12:45,1,0.909,6.4,13.7,4.13,2025-07-25 00:24:45,16.2,1
SHP-TRK-10989,2025-07-23 05:00:00,Pune MIDC (Maharashtra),Oragadam Southern Plant (Chennai),NH48 Western Corridor,Road (Heavy Haulage),503.8,14.4,2025-07-23 19:23:35,1,0.789,1.8,14.0,4.52,2025-07-24 02:17:35,6.9,1
SHP-TRK-10990,2025-07-23 07:00:00,Bengaluru Electronic City,Manesar Northern Plant,Western DFC Electric Rail,Road (Express),1400.4,40.0,2025-07-24 23:00:44,1,0.726,6.9,30.9,3.65,2025-07-24 23:00:44,0.0,0
SHP-TRK-10991,2025-07-23 07:00:00,Bengaluru Electronic City,Chakan Assembly Alpha (Pune),Golden Quadrilateral Delhi-Kolkata,Rail (Dedicated Freight Corridor),630.5,14.0,2025-07-23 21:00:39,1,0.86,6.5,16.1,4.56,2025-07-23 21:00:39,0.0,0
SHP-TRK-10992,2025-07-23 08:00:00,Sanand Hub (Gujarat),Manesar Northern Plant,Western DFC Electric Rail,Road (Heavy Haulage),1398.3,40.0,2025-07-24 23:57:01,1,0.949,4.2,12.5,3.57,2025-07-25 14:33:01,14.6,1
SHP-TRK-10993,2025-07-23 11:00:00,Sriperumbudur (Tamil Nadu),Chakan Assembly Alpha (Pune),NH48 Western Corridor,Road (Heavy Haulage),1415.5,40.4,2025-07-25 03:26:30,1,0.909,3.8,7.1,3.72,2025-07-25 03:26:30,0.0,0
SHP-TRK-10994,2025-07-23 19:00:00,Sriperumbudur (Tamil Nadu),Bhiwandi Central DC,Western DFC Electric Rail,Rail (Dedicated Freight Corridor),899.2,20.0,2025-07-24 14:58:58,1,0.961,8.5,18.6,4.09,2025-07-24 14:58:58,0.0,0
SHP-TRK-10995,2025-07-23 21:00:00,Sanand Hub (Gujarat),Manesar Northern Plant,NH48 Western Corridor,Rail (Dedicated Freight Corridor),487.2,10.8,2025-07-24 07:49:34,1,0.845,8.1,20.1,3.91,2025-07-24 07:49:34,0.0,0
SHP-TRK-10996,2025-07-23 22:00:00,Sriperumbudur (Tamil Nadu),Oragadam Southern Plant (Chennai),NH48 Western Corridor,Rail (Dedicated Freight Corridor),842.0,18.7,2025-07-24 16:42:36,1,0.797,3.6,30.9,4.16,2025-07-25 01:54:36,9.2,1
SHP-TRK-10997,2025-07-23 22:00:00,Gurugram (Haryana),Oragadam Southern Plant (Chennai),Chennai-Bengaluru Expressway,Road (Express),622.0,17.8,2025-07-24 15:46:19,1,0.822,3.9,27.4,4.42,2025-07-25 00:58:19,9.2,1
SHP-TRK-10998,2025-07-24 00:00:00,Sriperumbudur (Tamil Nadu),Oragadam Southern Plant (Chennai),NH48 Western Corridor,Rail (Dedicated Freight Corridor),766.9,17.0,2025-07-24 17:02:28,1,0.85,8.2,11.7,4.37,2025-07-24 17:02:28,0.0,0
SHP-TRK-10999,2025-07-24 02:00:00,Sanand Hub (Gujarat),Manesar Northern Plant,Coastal Maritime Lane,Road (Heavy Haulage),1297.2,37.1,2025-07-25 15:03:42,1,0.797,3.1,15.0,3.88,2025-07-26 01:33:42,10.5,1
SHP-TRK-11000,2025-07-24 03:00:00,Sriperumbudur (Tamil Nadu),Chakan Assembly Alpha (Pune),Chennai-Bengaluru Expressway,Road (Express),821.8,23.5,2025-07-25 02:28:45,1,0.942,3.0,5.0,4.09,2025-07-25 02:28:45,0.0,0
SHP-TRK-11001,2025-07-24 04:00:00,Sriperumbudur (Tamil Nadu),Bhiwandi Central DC,Western DFC Electric Rail,Coastal Ro-Ro,1166.9,33.3,2025-07-25 13:20:20,1,0.742,2.3,24.7,4.07,2025-07-25 13:20:20,0.0,0
SHP-TRK-11002,2025-07-24 07:00:00,Bengaluru Electronic City,Manesar Northern Plant,Western DFC Electric Rail,Road (Heavy Haulage),458.6,13.1,2025-07-24 20:06:06,1,0.737,3.6,10.9,3.48,2025-07-24 20:06:06,0.0,0
SHP-TRK-11003,2025-07-24 08:00:00,Sanand Hub (Gujarat),Oragadam Southern Plant (Chennai),NH48 Western Corridor,Rail (Dedicated Freight Corridor),258.7,5.7,2025-07-24 13:44:56,1,0.977,6.3,14.5,3.8,2025-07-24 13:44:56,0.0,0
SHP-TRK-11004,2025-07-24 09:00:00,Bengaluru Electronic City,Manesar Northern Plant,NH48 Western Corridor,Air Cargo Express,1258.4,21.0,2025-07-25 05:58:26,1,0.752,2.7,5.5,4.09,2025-07-26 20:52:26,38.9,1
SHP-TRK-11005,2025-07-24 09:00:00,Sanand Hub (Gujarat),Kundli DC,Golden Quadrilateral Delhi-Kolkata,Air Cargo Express,1370.2,22.8,2025-07-25 07:50:10,1,0.777,7.7,23.5,4.6,2025-07-25 07:50:10,0.0,0
SHP-TRK-11006,2025-07-24 09:00:00,Bengaluru Electronic City,Bhiwandi Central DC,NH48 Western Corridor,Road (Heavy Haulage),379.5,10.8,2025-07-24 19:50:32,1,0.963,3.3,18.8,3.9,2025-07-26 20:50:32,49.0,1
SHP-TRK-11007,2025-07-24 11:00:00,Pune MIDC (Maharashtra),Bhiwandi Central DC,NH48 Western Corridor,Road (Heavy Haulage),1147.3,32.8,2025-07-25 19:46:47,1,0.957,7.0,10.7,3.98,2025-07-25 19:46:47,0.0,0
SHP-TRK-11008,2025-07-24 13:00:00,Sriperumbudur (Tamil Nadu),Bhiwandi Central DC,Golden Quadrilateral Delhi-Kolkata,Road (Heavy Haulage),965.4,27.6,2025-07-25 16:34:57,1,0.952,2.4,16.1,3.43,2025-07-25 16:34:57,0.0,0
SHP-TRK-11009,2025-07-24 16:00:00,Sanand Hub (Gujarat),Kundli DC,Coastal Maritime Lane,Road (Heavy Haulage),469.0,13.4,2025-07-25 05:24:03,1,0.814,7.0,22.6,4.67,2025-07-25 20:00:03,14.6,1
SHP-TRK-11010,2025-07-24 21:00:00,Sanand Hub (Gujarat),Oragadam Southern Plant (Chennai),Western DFC Electric Rail,Road (Heavy Haulage),550.7,15.7,2025-07-25 12:43:58,1,0.807,4.8,5.2,4.04,2025-07-26 08:55:58,20.2,1
SHP-TRK-11011,2025-07-25 03:00:00,Gurugram (Haryana),Manesar Northern Plant,Western DFC Electric Rail,Road (Heavy Haulage),362.5,10.4,2025-07-25 13:21:22,1,0.923,8.9,19.1,3.76,2025-07-25 13:21:22,0.0,0
SHP-TRK-11012,2025-07-25 05:00:00,Bengaluru Electronic City,Bhiwandi Central DC,NH48 Western Corridor,Road (Heavy Haulage),784.5,22.4,2025-07-26 03:24:53,1,0.905,4.0,30.0,4.46,2025-07-26 13:54:53,10.5,1
SHP-TRK-11013,2025-07-25 07:00:00,Sanand Hub (Gujarat),Manesar Northern Plant,NH48 Western Corridor,Road (Heavy Haulage),395.2,11.3,2025-07-25 18:17:31,1,0.962,5.4,26.4,4.14,2025-07-26 10:53:31,16.6,1
SHP-TRK-11014,2025-07-25 08:00:00,Gurugram (Haryana),Manesar Northern Plant,NH48 Western Corridor,Road (Express),909.6,26.0,2025-07-26 09:59:19,1,0.841,8.4,11.6,3.77,2025-07-26 21:23:19,11.4,1
SHP-TRK-11015,2025-07-25 12:00:00,Sanand Hub (Gujarat),Bhiwandi Central DC,Chennai-Bengaluru Expressway,Rail (Dedicated Freight Corridor),1247.4,27.7,2025-07-26 15:43:08,1,0.793,5.4,6.8,4.01,2025-07-26 15:43:08,0.0,0
SHP-TRK-11016,2025-07-25 19:00:00,Bengaluru Electronic City,Oragadam Southern Plant (Chennai),NH48 Western Corridor,Rail (Dedicated Freight Corridor),699.8,15.6,2025-07-26 10:33:05,1,0.928,7.7,12.9,4.71,2025-07-26 10:33:05,0.0,0
SHP-TRK-11017,2025-07-25 20:00:00,Sanand Hub (Gujarat),Bhiwandi Central DC,Golden Quadrilateral Delhi-Kolkata,Road (Heavy Haulage),949.1,27.1,2025-07-26 23:06:57,1,0.864,7.9,7.3,4.62,2025-07-27 13:54:57,14.8,1
SHP-TRK-11018,2025-07-25 20:00:00,Sanand Hub (Gujarat),Bhiwandi Central DC,NH48 Western Corridor,Road (Heavy Haulage),1160.8,33.2,2025-07-27 05:09:54,1,0.744,5.1,6.3,4.23,2025-07-27 22:03:54,16.9,1
SHP-TRK-11019,2025-07-25 22:00:00,Bengaluru Electronic City,Oragadam Southern Plant (Chennai),Western DFC Electric Rail,Road (Heavy Haulage),1393.9,39.8,2025-07-27 13:49:33,1,0.941,2.2,5.3,4.19,2025-07-27 13:49:33,0.0,0
SHP-TRK-11020,2025-07-25 23:00:00,Sriperumbudur (Tamil Nadu),Bhiwandi Central DC,Western DFC Electric Rail,Road (Heavy Haulage),1412.4,40.4,2025-07-27 15:21:14,1,0.895,2.2,8.2,3.84,2025-07-28 15:45:14,24.4,1
SHP-TRK-11021,2025-07-26 01:00:00,Sanand Hub (Gujarat),Kundli DC,NH48 Western Corridor,Road (Heavy Haulage),534.6,15.3,2025-07-26 16:16:23,1,0.781,4.4,29.8,4.09,2025-07-26 16:16:23,0.0,0
SHP-TRK-11022,2025-07-26 02:00:00,Bengaluru Electronic City,Manesar Northern Plant,NH48 Western Corridor,Road (Heavy Haulage),1377.1,39.3,2025-07-27 17:20:41,1,0.769,2.6,17.5,3.62,2025-07-27 21:38:41,4.3,1
SHP-TRK-11023,2025-07-26 03:00:00,Bengaluru Electronic City,Manesar Northern Plant,Western DFC Electric Rail,Road (Heavy Haulage),918.8,26.3,2025-07-27 05:15:06,1,0.951,3.6,8.2,3.56,2025-07-28 04:27:06,23.2,1
SHP-TRK-11024,2025-07-26 06:00:00,Bengaluru Electronic City,Chakan Assembly Alpha (Pune),Western DFC Electric Rail,Road (Heavy Haulage),607.8,17.4,2025-07-26 23:22:00,1,0.94,5.8,17.0,3.46,2025-07-27 12:58:00,13.6,1
SHP-TRK-11025,2025-07-26 08:00:00,Gurugram (Haryana),Kundli DC,NH48 Western Corridor,Road (Heavy Haulage),422.3,12.1,2025-07-26 20:03:55,1,0.892,6.3,27.8,4.07,2025-07-26 20:03:55,0.0,0
SHP-TRK-11026,2025-07-26 13:00:00,Sriperumbudur (Tamil Nadu),Manesar Northern Plant,Western DFC Electric Rail,Rail (Dedicated Freight Corridor),1024.1,22.8,2025-07-27 11:45:29,1,0.865,6.2,21.4,4.36,2025-07-27 11:45:29,0.0,0
SHP-TRK-11027,2025-07-26 16:00:00,Sriperumbudur (Tamil Nadu),Manesar Northern Plant,NH48 Western Corridor,Road (Heavy Haulage),251.7,7.2,2025-07-26 23:11:29,1,0.866,5.7,31.2,3.7,2025-07-27 10:11:29,11.0,1
SHP-TRK-11028,2025-07-26 16:00:00,Sanand Hub (Gujarat),Bhiwandi Central DC,Western DFC Electric Rail,Road (Heavy Haulage),1075.3,30.7,2025-07-27 22:43:25,1,0.843,8.0,16.7,4.69,2025-07-29 10:25:25,35.7,1
SHP-TRK-11029,2025-07-26 19:00:00,Sanand Hub (Gujarat),Chakan Assembly Alpha (Pune),NH48 Western Corridor,Road (Heavy Haulage),1416.7,40.5,2025-07-28 11:28:38,1,0.865,4.0,28.9,4.81,2025-07-28 20:46:38,9.3,1
SHP-TRK-11030,2025-07-26 22:00:00,Pune MIDC (Maharashtra),Bhiwandi Central DC,Golden Quadrilateral Delhi-Kolkata,Rail (Dedicated Freight Corridor),465.2,10.3,2025-07-27 08:20:17,1,0.869,8.9,12.5,4.14,2025-07-27 08:20:17,0.0,0
SHP-TRK-11031,2025-07-27 00:00:00,Sanand Hub (Gujarat),Bhiwandi Central DC,Western DFC Electric Rail,Road (Heavy Haulage),352.8,10.1,2025-07-27 10:04:47,1,0.966,3.3,10.7,4.47,2025-07-29 06:58:47,44.9,1
SHP-TRK-11032,2025-07-27 00:00:00,Pune MIDC (Maharashtra),Oragadam Southern Plant (Chennai),NH48 Western Corridor,Rail (Dedicated Freight Corridor),921.8,20.5,2025-07-27 20:29:04,1,0.784,8.8,26.4,3.63,2025-07-27 20:29:04,0.0,0
SHP-TRK-11033,2025-07-27 02:00:00,Pune MIDC (Maharashtra),Chakan Assembly Alpha (Pune),NH48 Western Corridor,Road (Heavy Haulage),918.3,26.2,2025-07-28 04:14:10,1,0.925,3.5,6.8,3.73,2025-07-29 03:32:10,23.3,1
SHP-TRK-11034,2025-07-27 03:00:00,Sanand Hub (Gujarat),Kundli DC,Coastal Maritime Lane,Coastal Ro-Ro,1219.2,34.8,2025-07-28 13:50:02,1,0.769,2.7,13.9,4.83,2025-07-28 13:50:02,0.0,0
SHP-TRK-11035,2025-07-27 06:00:00,Pune MIDC (Maharashtra),Manesar Northern Plant,Coastal Maritime Lane,Road (Heavy Haulage),1243.4,35.5,2025-07-28 17:31:37,1,0.763,8.0,12.0,4.38,2025-07-29 12:31:37,19.0,1
SHP-TRK-11036,2025-07-27 09:00:00,Sanand Hub (Gujarat),Oragadam Southern Plant (Chennai),Golden Quadrilateral Delhi-Kolkata,Coastal Ro-Ro,1126.1,32.2,2025-07-28 17:10:26,1,0.775,1.6,12.1,3.75,2025-07-28 17:10:26,0.0,0
SHP-TRK-11037,2025-07-27 09:00:00,Sanand Hub (Gujarat),Manesar Northern Plant,Chennai-Bengaluru Expressway,Road (Heavy Haulage),470.7,13.4,2025-07-27 22:26:58,1,0.841,1.1,17.7,4.59,2025-07-30 07:44:58,57.3,1
SHP-TRK-11038,2025-07-27 11:00:00,Bengaluru Electronic City,Chakan Assembly Alpha (Pune),Golden Quadrilateral Delhi-Kolkata,Rail (Dedicated Freight Corridor),478.9,10.6,2025-07-27 21:38:28,1,0.868,7.5,25.6,4.72,2025-07-27 21:38:28,0.0,0
SHP-TRK-11039,2025-07-27 14:00:00,Gurugram (Haryana),Oragadam Southern Plant (Chennai),Golden Quadrilateral Delhi-Kolkata,Rail (Dedicated Freight Corridor),1086.6,24.1,2025-07-28 14:08:45,1,0.979,1.1,14.3,3.79,2025-07-28 14:08:45,0.0,0
SHP-TRK-11040,2025-07-27 16:00:00,Sanand Hub (Gujarat),Manesar Northern Plant,Golden Quadrilateral Delhi-Kolkata,Road (Heavy Haulage),1082.1,30.9,2025-07-28 22:55:02,1,0.785,3.0,21.8,4.71,2025-07-28 22:55:02,0.0,0
SHP-TRK-11041,2025-07-27 20:00:00,Gurugram (Haryana),Kundli DC,Coastal Maritime Lane,Rail (Dedicated Freight Corridor),1220.2,27.1,2025-07-28 23:06:57,1,0.953,1.1,31.1,4.6,2025-07-28 23:06:57,0.0,0
SHP-TRK-11042,2025-07-28 00:00:00,Sanand Hub (Gujarat),Oragadam Southern Plant (Chennai),NH48 Western Corridor,Road (Heavy Haulage),397.9,11.4,2025-07-28 11:22:07,1,0.929,1.1,13.1,3.78,2025-07-29 03:46:07,16.4,1
SHP-TRK-11043,2025-07-28 00:00:00,Bengaluru Electronic City,Oragadam Southern Plant (Chennai),NH48 Western Corridor,Rail (Dedicated Freight Corridor),460.6,10.2,2025-07-28 10:14:09,1,0.784,8.8,15.4,3.76,2025-07-28 10:14:09,0.0,0
SHP-TRK-11044,2025-07-28 00:00:00,Bengaluru Electronic City,Chakan Assembly Alpha (Pune),Western DFC Electric Rail,Road (Heavy Haulage),728.4,20.8,2025-07-28 20:48:40,1,0.756,6.5,31.8,4.84,2025-07-29 14:30:40,17.7,1
SHP-TRK-11045,2025-07-28 02:00:00,Pune MIDC (Maharashtra),Oragadam Southern Plant (Chennai),NH48 Western Corridor,Road (Express),864.5,24.7,2025-07-29 02:42:02,1,0.793,2.3,16.2,4.08,2025-07-29 23:30:02,20.8,1
SHP-TRK-11046,2025-07-28 06:00:00,Sriperumbudur (Tamil Nadu),Chakan Assembly Alpha (Pune),Western DFC Electric Rail,Road (Heavy Haulage),1432.0,40.9,2025-07-29 22:54:52,1,0.745,3.3,28.4,4.19,2025-07-31 08:06:52,33.2,1
SHP-TRK-11047,2025-07-28 07:00:00,Bengaluru Electronic City,Oragadam Southern Plant (Chennai),NH48 Western Corridor,Road (Heavy Haulage),1311.8,37.5,2025-07-29 20:28:44,1,0.908,6.4,26.5,4.09,2025-07-30 13:58:44,17.5,1
SHP-TRK-11048,2025-07-28 07:00:00,Pune MIDC (Maharashtra),Oragadam Southern Plant (Chennai),Chennai-Bengaluru Expressway,Rail (Dedicated Freight Corridor),732.6,16.3,2025-07-28 23:16:46,1,0.737,5.1,14.0,4.83,2025-07-28 23:16:46,0.0,0
SHP-TRK-11049,2025-07-28 09:00:00,Bengaluru Electronic City,Oragadam Southern Plant (Chennai),NH48 Western Corridor,Rail (Dedicated Freight Corridor),554.2,12.3,2025-07-28 21:18:56,1,0.959,6.4,4.9,4.55,2025-07-29 17:24:56,20.1,1
SHP-TRK-11050,2025-07-28 12:00:00,Pune MIDC (Maharashtra),Chakan Assembly Alpha (Pune),Western DFC Electric Rail,Coastal Ro-Ro,1085.8,31.0,2025-07-29 19:01:27,1,0.875,2.0,31.0,4.62,2025-07-30 03:07:27,8.1,1
SHP-TRK-11051,2025-07-28 17:00:00,Sriperumbudur (Tamil Nadu),Bhiwandi Central DC,NH48 Western Corridor,Rail (Dedicated Freight Corridor),1356.2,30.1,2025-07-29 23:08:17,1,0.729,7.8,10.8,3.61,2025-07-29 23:08:17,0.0,0
SHP-TRK-11052,2025-07-28 20:00:00,Sriperumbudur (Tamil Nadu),Bhiwandi Central DC,Golden Quadrilateral Delhi-Kolkata,Rail (Dedicated Freight Corridor),1215.6,27.0,2025-07-29 23:00:48,1,0.911,8.4,16.8,3.77,2025-07-30 03:42:48,4.7,1
SHP-TRK-11053,2025-07-29 07:00:00,Sanand Hub (Gujarat),Manesar Northern Plant,NH48 Western Corridor,Road (Heavy Haulage),293.2,8.4,2025-07-29 15:22:36,1,0.936,5.7,14.3,3.51,2025-07-29 15:22:36,0.0,0
SHP-TRK-11054,2025-07-29 10:00:00,Gurugram (Haryana),Manesar Northern Plant,Golden Quadrilateral Delhi-Kolkata,Road (Heavy Haulage),1166.1,33.3,2025-07-30 19:18:57,1,0.832,7.9,8.6,3.72,2025-07-31 00:42:57,5.4,1
SHP-TRK-11055,2025-07-29 10:00:00,Sanand Hub (Gujarat),Kundli DC,Western DFC Electric Rail,Road (Heavy Haulage),888.9,25.4,2025-07-30 11:23:47,1,0.954,9.0,25.2,4.58,2025-07-30 11:23:47,0.0,0
SHP-TRK-11056,2025-07-29 13:00:00,Gurugram (Haryana),Manesar Northern Plant,Western DFC Electric Rail,Road (Heavy Haulage),1025.9,29.3,2025-07-30 18:18:42,1,0.811,3.2,20.4,3.45,2025-07-30 18:18:42,0.0,0
SHP-TRK-11057,2025-07-29 15:00:00,Pune MIDC (Maharashtra),Manesar Northern Plant,Coastal Maritime Lane,Coastal Ro-Ro,1164.7,33.3,2025-07-31 00:16:35,1,0.855,2.6,19.5,4.74,2025-07-31 00:16:35,0.0,0
SHP-TRK-11058,2025-07-29 15:00:00,Pune MIDC (Maharashtra),Chakan Assembly Alpha (Pune),NH48 Western Corridor,Rail (Dedicated Freight Corridor),261.0,5.8,2025-07-29 20:48:03,1,0.772,1.9,27.7,3.83,2025-07-29 20:48:03,0.0,0
SHP-TRK-11059,2025-07-29 16:00:00,Gurugram (Haryana),Oragadam Southern Plant (Chennai),NH48 Western Corridor,Road (Heavy Haulage),393.2,11.2,2025-07-30 03:13:59,1,0.747,1.6,20.8,4.69,2025-07-30 13:31:59,10.3,1
SHP-TRK-11060,2025-07-29 19:00:00,Bengaluru Electronic City,Kundli DC,NH48 Western Corridor,Rail (Dedicated Freight Corridor),1150.5,25.6,2025-07-30 20:33:57,1,0.739,1.7,22.4,4.59,2025-07-30 20:33:57,0.0,0
SHP-TRK-11061,2025-07-29 22:00:00,Gurugram (Haryana),Oragadam Southern Plant (Chennai),Western DFC Electric Rail,Rail (Dedicated Freight Corridor),1427.9,31.7,2025-07-31 05:43:54,1,0.936,8.3,11.5,3.8,2025-07-31 05:43:54,0.0,0
SHP-TRK-11062,2025-07-30 11:00:00,Sanand Hub (Gujarat),Kundli DC,Coastal Maritime Lane,Road (Heavy Haulage),429.1,12.3,2025-07-30 23:15:37,1,0.933,3.2,14.1,3.92,2025-07-31 15:33:37,16.3,1
SHP-TRK-11063,2025-07-30 15:00:00,Sriperumbudur (Tamil Nadu),Chakan Assembly Alpha (Pune),NH48 Western Corridor,Road (Heavy Haulage),752.8,21.5,2025-07-31 12:30:30,1,0.932,8.1,11.2,3.83,2025-08-01 13:00:30,24.5,1
SHP-TRK-11064,2025-07-30 16:00:00,Bengaluru Electronic City,Oragadam Southern Plant (Chennai),NH48 Western Corridor,Road (Heavy Haulage),433.4,12.4,2025-07-31 04:22:54,1,0.883,1.6,9.7,3.69,2025-07-31 09:28:54,5.1,1
SHP-TRK-11065,2025-07-30 18:00:00,Gurugram (Haryana),Chakan Assembly Alpha (Pune),NH48 Western Corridor,Rail (Dedicated Freight Corridor),1057.2,23.5,2025-07-31 17:29:34,1,0.873,2.8,27.8,4.63,2025-07-31 17:29:34,0.0,0
SHP-TRK-11066,2025-07-31 07:00:00,Bengaluru Electronic City,Kundli DC,Coastal Maritime Lane,Road (Express),867.2,24.8,2025-08-01 07:46:36,1,0.843,7.0,28.7,3.89,2025-08-01 07:46:36,0.0,0
SHP-TRK-11067,2025-07-31 10:00:00,Pune MIDC (Maharashtra),Chakan Assembly Alpha (Pune),NH48 Western Corridor,Rail (Dedicated Freight Corridor),666.9,14.8,2025-08-01 00:49:10,1,0.962,2.2,21.9,3.58,2025-08-01 00:49:10,0.0,0
SHP-TRK-11068,2025-07-31 16:00:00,Bengaluru Electronic City,Manesar Northern Plant,Chennai-Bengaluru Expressway,Road (Heavy Haulage),1416.6,40.5,2025-08-02 08:28:26,1,0.776,2.5,17.0,3.82,2025-08-02 08:28:26,0.0,0
SHP-TRK-11069,2025-07-31 19:00:00,Sanand Hub (Gujarat),Oragadam Southern Plant (Chennai),NH48 Western Corridor,Coastal Ro-Ro,754.2,21.5,2025-08-01 16:32:50,1,0.972,6.6,24.3,4.86,2025-08-01 16:32:50,0.0,0
SHP-TRK-11070,2025-08-01 03:00:00,Sriperumbudur (Tamil Nadu),Bhiwandi Central DC,Golden Quadrilateral Delhi-Kolkata,Rail (Dedicated Freight Corridor),598.5,13.3,2025-08-01 16:17:59,1,0.799,7.3,12.7,3.77,2025-08-01 16:17:59,0.0,0
SHP-TRK-11071,2025-08-01 18:00:00,Pune MIDC (Maharashtra),Chakan Assembly Alpha (Pune),Western DFC Electric Rail,Road (Express),474.3,13.6,2025-08-02 07:33:04,1,0.861,3.3,13.4,4.88,2025-08-02 12:27:04,4.9,1
SHP-TRK-11072,2025-08-01 18:00:00,Sanand Hub (Gujarat),Manesar Northern Plant,Western DFC Electric Rail,Road (Heavy Haulage),677.5,19.4,2025-08-02 13:21:25,1,0.895,6.8,23.5,3.82,2025-08-03 08:21:25,19.0,1
SHP-TRK-11073,2025-08-01 21:00:00,Sanand Hub (Gujarat),Oragadam Southern Plant (Chennai),Western DFC Electric Rail,Road (Heavy Haulage),1095.8,31.3,2025-08-03 04:18:29,1,0.8,3.5,6.2,4.25,2025-08-03 04:18:29,0.0,0
SHP-TRK-11074,2025-08-01 22:00:00,Bengaluru Electronic City,Manesar Northern Plant,Western DFC Electric Rail,Rail (Dedicated Freight Corridor),863.6,19.2,2025-08-02 17:11:27,1,0.885,6.3,12.4,4.36,2025-08-02 23:35:27,6.4,1
SHP-TRK-11075,2025-08-01 23:00:00,Gurugram (Haryana),Oragadam Southern Plant (Chennai),Golden Quadrilateral Delhi-Kolkata,Road (Heavy Haulage),1249.0,35.7,2025-08-03 10:41:07,1,0.949,5.9,28.2,3.54,2025-08-03 16:17:07,5.6,1
SHP-TRK-11076,2025-08-02 01:00:00,Pune MIDC (Maharashtra),Chakan Assembly Alpha (Pune),Western DFC Electric Rail,Rail (Dedicated Freight Corridor),622.8,13.8,2025-08-02 14:50:27,1,0.946,2.4,14.2,3.45,2025-08-02 14:50:27,0.0,0
SHP-TRK-11077,2025-08-02 06:00:00,Sriperumbudur (Tamil Nadu),Bhiwandi Central DC,Chennai-Bengaluru Expressway,Coastal Ro-Ro,633.3,18.1,2025-08-03 00:05:35,1,0.872,1.6,11.6,4.71,2025-08-03 09:23:35,9.3,1
SHP-TRK-11078,2025-08-02 09:00:00,Bengaluru Electronic City,Manesar Northern Plant,Western DFC Electric Rail,Road (Heavy Haulage),1413.5,40.4,2025-08-04 01:23:07,1,0.797,6.0,16.1,4.62,2025-08-04 14:47:07,13.4,1
SHP-TRK-11079,2025-08-02 12:00:00,Sanand Hub (Gujarat),Chakan Assembly Alpha (Pune),Golden Quadrilateral Delhi-Kolkata,Road (Heavy Haulage),1118.8,32.0,2025-08-03 19:57:56,1,0.867,4.7,28.9,4.62,2025-08-03 19:57:56,0.0,0
SHP-TRK-11080,2025-08-02 15:00:00,Pune MIDC (Maharashtra),Manesar Northern Plant,Chennai-Bengaluru Expressway,Rail (Dedicated Freight Corridor),1361.2,30.2,2025-08-03 21:14:56,1,0.726,1.4,30.9,4.71,2025-08-03 21:14:56,0.0,0
SHP-TRK-11081,2025-08-02 17:00:00,Bengaluru Electronic City,Chakan Assembly Alpha (Pune),NH48 Western Corridor,Road (Heavy Haulage),549.9,15.7,2025-08-03 08:42:38,1,0.847,6.6,31.6,4.18,2025-08-03 22:54:38,14.2,1
SHP-TRK-11082,2025-08-02 20:00:00,Sriperumbudur (Tamil Nadu),Oragadam Southern Plant (Chennai),NH48 Western Corridor,Road (Heavy Haulage),367.2,10.5,2025-08-03 06:29:29,1,0.746,6.6,10.1,4.79,2025-08-03 06:29:29,0.0,0
SHP-TRK-11083,2025-08-02 23:00:00,Gurugram (Haryana),Kundli DC,Western DFC Electric Rail,Road (Heavy Haulage),460.5,13.2,2025-08-03 12:09:30,1,0.93,8.1,27.9,3.55,2025-08-04 12:03:30,23.9,1
SHP-TRK-11084,2025-08-03 00:00:00,Sanand Hub (Gujarat),Bhiwandi Central DC,Coastal Maritime Lane,Road (Heavy Haulage),366.7,10.5,2025-08-03 10:28:38,1,0.942,4.8,27.2,4.77,2025-08-03 10:28:38,0.0,0
SHP-TRK-11085,2025-08-03 02:00:00,Bengaluru Electronic City,Kundli DC,NH48 Western Corridor,Road (Heavy Haulage),767.9,21.9,2025-08-03 23:56:27,1,0.935,4.8,27.3,3.71,2025-08-03 23:56:27,0.0,0
SHP-TRK-11086,2025-08-03 02:00:00,Gurugram (Haryana),Chakan Assembly Alpha (Pune),NH48 Western Corridor,Air Cargo Express,850.2,14.2,2025-08-03 16:10:10,1,0.83,2.4,14.3,3.71,2025-08-03 16:10:10,0.0,0
SHP-TRK-11087,2025-08-03 03:00:00,Sanand Hub (Gujarat),Oragadam Southern Plant (Chennai),Western DFC Electric Rail,Road (Express),1321.8,37.8,2025-08-04 16:46:01,1,0.886,6.5,22.9,3.5,2025-08-05 13:10:01,20.4,1
SHP-TRK-11088,2025-08-03 07:00:00,Gurugram (Haryana),Bhiwandi Central DC,Golden Quadrilateral Delhi-Kolkata,Road (Heavy Haulage),265.2,7.6,2025-08-03 14:34:34,1,0.776,1.5,26.0,4.62,2025-08-03 14:34:34,0.0,0
SHP-TRK-11089,2025-08-03 13:00:00,Sanand Hub (Gujarat),Oragadam Southern Plant (Chennai),NH48 Western Corridor,Road (Express),1029.7,29.4,2025-08-04 18:25:17,1,0.742,2.5,17.6,3.62,2025-08-04 18:25:17,0.0,0
SHP-TRK-11090,2025-08-03 14:00:00,Sanand Hub (Gujarat),Chakan Assembly Alpha (Pune),NH48 Western Corridor,Road (Heavy Haulage),724.2,20.7,2025-08-04 10:41:26,1,0.89,4.5,25.8,3.59,2025-08-04 10:41:26,0.0,0
SHP-TRK-11091,2025-08-03 14:00:00,Sanand Hub (Gujarat),Bhiwandi Central DC,NH48 Western Corridor,Road (Heavy Haulage),276.6,7.9,2025-08-03 21:54:06,1,0.883,5.7,31.6,4.02,2025-08-03 21:54:06,0.0,0
SHP-TRK-11092,2025-08-04 04:00:00,Bengaluru Electronic City,Chakan Assembly Alpha (Pune),NH48 Western Corridor,Road (Heavy Haulage),408.7,11.7,2025-08-04 15:40:41,1,0.75,2.9,12.9,4.27,2025-08-04 15:40:41,0.0,0
SHP-TRK-11093,2025-08-04 05:00:00,Gurugram (Haryana),Oragadam Southern Plant (Chennai),NH48 Western Corridor,Rail (Dedicated Freight Corridor),469.5,10.4,2025-08-04 15:25:57,1,0.757,8.6,31.6,4.04,2025-08-04 21:43:57,6.3,1
SHP-TRK-11094,2025-08-04 08:00:00,Sanand Hub (Gujarat),Oragadam Southern Plant (Chennai),Western DFC Electric Rail,Road (Heavy Haulage),576.0,16.5,2025-08-05 00:27:29,1,0.811,1.8,16.3,3.89,2025-08-05 00:27:29,0.0,0
SHP-TRK-11095,2025-08-04 09:00:00,Gurugram (Haryana),Bhiwandi Central DC,Golden Quadrilateral Delhi-Kolkata,Coastal Ro-Ro,1041.5,29.8,2025-08-05 14:45:27,1,0.943,1.6,17.2,4.55,2025-08-05 14:45:27,0.0,0
SHP-TRK-11096,2025-08-04 09:00:00,Gurugram (Haryana),Bhiwandi Central DC,Golden Quadrilateral Delhi-Kolkata,Air Cargo Express,1162.6,19.4,2025-08-05 04:22:36,1,0.856,8.4,27.2,4.41,2025-08-05 04:22:36,0.0,0
SHP-TRK-11097,2025-08-04 20:00:00,Bengaluru Electronic City,Chakan Assembly Alpha (Pune),Western DFC Electric Rail,Coastal Ro-Ro,607.8,17.4,2025-08-05 13:21:53,1,0.759,7.6,27.5,4.37,2025-08-05 13:21:53,0.0,0
SHP-TRK-11098,2025-08-05 04:00:00,Bengaluru Electronic City,Oragadam Southern Plant (Chennai),Chennai-Bengaluru Expressway,Road (Heavy Haulage),354.9,10.1,2025-08-05 14:08:25,1,0.884,5.0,19.0,3.45,2025-08-05 14:08:25,0.0,0
SHP-TRK-11099,2025-08-05 06:00:00,Pune MIDC (Maharashtra),Chakan Assembly Alpha (Pune),Western DFC Electric Rail,Road (Heavy Haulage),325.7,9.3,2025-08-05 15:18:19,1,0.925,5.2,5.3,4.61,2025-08-06 08:36:19,17.3,1
SHP-TRK-11100,2025-08-05 12:00:00,Bengaluru Electronic City,Manesar Northern Plant,Western DFC Electric Rail,Road (Express),519.7,14.8,2025-08-06 02:50:56,1,0.879,6.0,24.7,3.7,2025-08-08 07:32:56,52.7,1
SHP-TRK-11101,2025-08-05 16:00:00,Gurugram (Haryana),Oragadam Southern Plant (Chennai),NH48 Western Corridor,Rail (Dedicated Freight Corridor),706.7,15.7,2025-08-06 07:42:15,1,0.92,6.7,5.6,3.53,2025-08-06 07:42:15,0.0,0
SHP-TRK-11102,2025-08-05 17:00:00,Gurugram (Haryana),Bhiwandi Central DC,Chennai-Bengaluru Expressway,Road (Heavy Haulage),1353.3,38.7,2025-08-07 07:39:58,1,0.812,6.8,16.7,3.88,2025-08-07 17:27:58,9.8,1
SHP-TRK-11103,2025-08-05 18:00:00,Bengaluru Electronic City,Chakan Assembly Alpha (Pune),NH48 Western Corridor,Road (Express),730.2,20.9,2025-08-06 14:51:44,1,0.952,5.0,19.5,4.73,2025-08-06 14:51:44,0.0,0
SHP-TRK-11104,2025-08-06 03:00:00,Sanand Hub (Gujarat),Oragadam Southern Plant (Chennai),NH48 Western Corridor,Coastal Ro-Ro,695.9,19.9,2025-08-06 22:52:57,1,0.771,1.9,24.9,4.85,2025-08-06 22:52:57,0.0,0
SHP-TRK-11105,2025-08-06 04:00:00,Pune MIDC (Maharashtra),Chakan Assembly Alpha (Pune),Coastal Maritime Lane,Road (Heavy Haulage),658.5,18.8,2025-08-06 22:48:55,1,0.801,8.2,20.6,4.89,2025-08-08 09:36:55,34.8,1
SHP-TRK-11106,2025-08-06 06:00:00,Sanand Hub (Gujarat),Bhiwandi Central DC,Western DFC Electric Rail,Road (Heavy Haulage),1347.8,38.5,2025-08-07 20:30:28,1,0.973,3.1,10.4,3.42,2025-08-08 12:06:28,15.6,1
SHP-TRK-11107,2025-08-06 08:00:00,Bengaluru Electronic City,Chakan Assembly Alpha (Pune),NH48 Western Corridor,Road (Heavy Haulage),1252.3,35.8,2025-08-07 19:46:43,1,0.775,3.6,28.4,3.73,2025-08-07 19:46:43,0.0,0
SHP-TRK-11108,2025-08-06 14:00:00,Sanand Hub (Gujarat),Manesar Northern Plant,Golden Quadrilateral Delhi-Kolkata,Road (Heavy Haulage),784.4,22.4,2025-08-07 12:24:36,1,0.81,4.6,25.1,3.47,2025-08-07 12:24:36,0.0,0
SHP-TRK-11109,2025-08-06 19:00:00,Sriperumbudur (Tamil Nadu),Chakan Assembly Alpha (Pune),Chennai-Bengaluru Expressway,Rail (Dedicated Freight Corridor),683.9,15.2,2025-08-07 10:11:52,1,0.962,6.0,30.2,3.56,2025-08-07 10:11:52,0.0,0
SHP-TRK-11110,2025-08-07 00:00:00,Sanand Hub (Gujarat),Oragadam Southern Plant (Chennai),Western DFC Electric Rail,Road (Heavy Haulage),815.6,23.3,2025-08-07 23:18:14,1,0.969,4.5,26.1,4.72,2025-08-07 23:18:14,0.0,0
SHP-TRK-11111,2025-08-07 00:00:00,Sanand Hub (Gujarat),Oragadam Southern Plant (Chennai),NH48 Western Corridor,Road (Heavy Haulage),683.0,19.5,2025-08-07 19:30:48,1,0.935,4.6,18.9,3.49,2025-08-07 19:30:48,0.0,0
SHP-TRK-11112,2025-08-07 00:00:00,Bengaluru Electronic City,Bhiwandi Central DC,Western DFC Electric Rail,Road (Heavy Haulage),537.4,15.4,2025-08-07 15:21:11,1,0.946,3.6,13.5,3.68,2025-08-07 15:21:11,0.0,0
SHP-TRK-11113,2025-08-07 00:00:00,Bengaluru Electronic City,Oragadam Southern Plant (Chennai),Western DFC Electric Rail,Road (Heavy Haulage),969.6,27.7,2025-08-08 03:42:07,1,0.867,6.2,13.0,4.68,2025-08-09 03:42:07,24.0,1
SHP-TRK-11114,2025-08-07 01:00:00,Bengaluru Electronic City,Oragadam Southern Plant (Chennai),Western DFC Electric Rail,Rail (Dedicated Freight Corridor),1041.4,23.1,2025-08-08 00:08:31,1,0.731,6.8,6.2,4.64,2025-08-08 00:08:31,0.0,0
SHP-TRK-11115,2025-08-07 03:00:00,Bengaluru Electronic City,Chakan Assembly Alpha (Pune),Chennai-Bengaluru Expressway,Coastal Ro-Ro,1175.6,33.6,2025-08-08 12:35:16,1,0.827,2.5,30.4,4.68,2025-08-08 12:35:16,0.0,0
SHP-TRK-11116,2025-08-07 09:00:00,Bengaluru Electronic City,Oragadam Southern Plant (Chennai),Western DFC Electric Rail,Coastal Ro-Ro,418.8,12.0,2025-08-07 20:58:00,1,0.777,4.9,5.7,4.03,2025-08-07 20:58:00,0.0,0
SHP-TRK-11117,2025-08-07 09:00:00,Pune MIDC (Maharashtra),Oragadam Southern Plant (Chennai),NH48 Western Corridor,Coastal Ro-Ro,959.2,27.4,2025-08-08 12:24:18,1,0.743,6.9,31.9,4.23,2025-08-08 12:24:18,0.0,0
SHP-TRK-11118,2025-08-07 11:00:00,Bengaluru Electronic City,Bhiwandi Central DC,Coastal Maritime Lane,Coastal Ro-Ro,725.8,20.7,2025-08-08 07:44:18,1,0.978,2.2,11.5,4.55,2025-08-08 16:08:18,8.4,1
SHP-TRK-11119,2025-08-07 11:00:00,Gurugram (Haryana),Bhiwandi Central DC,Western DFC Electric Rail,Rail (Dedicated Freight Corridor),1100.4,24.5,2025-08-08 11:27:15,1,0.822,7.7,23.1,4.2,2025-08-08 11:27:15,0.0,0
SHP-TRK-11120,2025-08-07 14:00:00,Gurugram (Haryana),Chakan Assembly Alpha (Pune),Golden Quadrilateral Delhi-Kolkata,Road (Heavy Haulage),841.3,24.0,2025-08-08 14:02:13,1,0.951,3.8,14.7,4.1,2025-08-08 14:02:13,0.0,0
SHP-TRK-11121,2025-08-07 21:00:00,Sriperumbudur (Tamil Nadu),Oragadam Southern Plant (Chennai),Golden Quadrilateral Delhi-Kolkata,Road (Heavy Haulage),393.8,11.3,2025-08-08 08:15:06,1,0.949,7.2,9.7,4.3,2025-08-08 08:15:06,0.0,0
SHP-TRK-11122,2025-08-07 21:00:00,Sanand Hub (Gujarat),Chakan Assembly Alpha (Pune),Golden Quadrilateral Delhi-Kolkata,Road (Heavy Haulage),1016.5,29.0,2025-08-09 02:02:31,1,0.858,7.1,25.3,3.9,2025-08-10 03:38:31,25.6,1
SHP-TRK-11123,2025-08-08 01:00:00,Gurugram (Haryana),Manesar Northern Plant,Western DFC Electric Rail,Road (Express),512.1,14.6,2025-08-08 15:37:55,1,0.861,4.0,23.7,4.42,2025-08-09 20:55:55,29.3,1
SHP-TRK-11124,2025-08-08 03:00:00,Sriperumbudur (Tamil Nadu),Chakan Assembly Alpha (Pune),Chennai-Bengaluru Expressway,Coastal Ro-Ro,1196.8,34.2,2025-08-09 13:11:40,1,0.806,5.3,8.3,3.62,2025-08-09 13:11:40,0.0,0
SHP-TRK-11125,2025-08-08 08:00:00,Sriperumbudur (Tamil Nadu),Manesar Northern Plant,Western DFC Electric Rail,Road (Heavy Haulage),1300.8,37.2,2025-08-09 21:09:54,1,0.748,7.3,9.2,4.55,2025-08-10 04:03:54,6.9,1
SHP-TRK-11126,2025-08-08 08:00:00,Bengaluru Electronic City,Bhiwandi Central DC,NH48 Western Corridor,Rail (Dedicated Freight Corridor),1110.1,24.7,2025-08-09 08:40:04,1,0.749,7.3,9.1,4.83,2025-08-10 08:46:04,24.1,1
SHP-TRK-11127,2025-08-08 12:00:00,Bengaluru Electronic City,Bhiwandi Central DC,Chennai-Bengaluru Expressway,Road (Heavy Haulage),1039.0,29.7,2025-08-09 17:41:07,1,0.77,3.4,8.1,4.37,2025-08-10 00:53:07,7.2,1
SHP-TRK-11128,2025-08-08 13:00:00,Gurugram (Haryana),Chakan Assembly Alpha (Pune),Western DFC Electric Rail,Rail (Dedicated Freight Corridor),1347.1,29.9,2025-08-09 18:56:04,1,0.852,5.3,17.5,3.48,2025-08-09 18:56:04,0.0,0
SHP-TRK-11129,2025-08-08 16:00:00,Bengaluru Electronic City,Chakan Assembly Alpha (Pune),NH48 Western Corridor,Rail (Dedicated Freight Corridor),890.3,19.8,2025-08-09 11:47:05,1,0.755,8.5,29.1,4.32,2025-08-09 21:41:05,9.9,1
SHP-TRK-11130,2025-08-08 21:00:00,Sanand Hub (Gujarat),Oragadam Southern Plant (Chennai),Coastal Maritime Lane,Road (Heavy Haulage),1273.0,36.4,2025-08-10 09:22:18,1,0.871,5.2,30.1,4.85,2025-08-10 09:22:18,0.0,0
SHP-TRK-11131,2025-08-08 23:00:00,Sanand Hub (Gujarat),Chakan Assembly Alpha (Pune),Western DFC Electric Rail,Rail (Dedicated Freight Corridor),272.2,6.0,2025-08-09 05:02:52,1,0.736,8.1,28.4,4.29,2025-08-10 16:02:52,35.0,1
SHP-TRK-11132,2025-08-09 04:00:00,Pune MIDC (Maharashtra),Oragadam Southern Plant (Chennai),Western DFC Electric Rail,Road (Heavy Haulage),798.8,22.8,2025-08-10 02:49:18,1,0.863,1.8,31.8,4.19,2025-08-10 09:55:18,7.1,1
SHP-TRK-11133,2025-08-09 04:00:00,Sriperumbudur (Tamil Nadu),Oragadam Southern Plant (Chennai),Western DFC Electric Rail,Road (Express),981.6,28.0,2025-08-10 08:02:48,1,0.908,1.2,20.2,3.43,2025-08-10 08:02:48,0.0,0
SHP-TRK-11134,2025-08-09 14:00:00,Bengaluru Electronic City,Kundli DC,Western DFC Electric Rail,Road (Heavy Haulage),1427.8,40.8,2025-08-11 06:47:44,1,0.772,1.5,28.1,4.11,2025-08-11 06:47:44,0.0,0
SHP-TRK-11135,2025-08-09 17:00:00,Sriperumbudur (Tamil Nadu),Bhiwandi Central DC,NH48 Western Corridor,Road (Express),270.3,7.7,2025-08-10 00:43:19,1,0.845,7.9,29.1,4.72,2025-08-10 00:43:19,0.0,0
SHP-TRK-11136,2025-08-09 18:00:00,Sriperumbudur (Tamil Nadu),Oragadam Southern Plant (Chennai),Golden Quadrilateral Delhi-Kolkata,Road (Express),895.8,25.6,2025-08-10 19:35:36,1,0.743,8.4,17.0,4.41,2025-08-11 13:29:36,17.9,1
SHP-TRK-11137,2025-08-09 21:00:00,Sanand Hub (Gujarat),Bhiwandi Central DC,NH48 Western Corridor,Road (Heavy Haulage),737.7,21.1,2025-08-10 18:04:35,1,0.91,8.7,26.8,3.61,2025-08-10 18:04:35,0.0,0
SHP-TRK-11138,2025-08-10 00:00:00,Sanand Hub (Gujarat),Manesar Northern Plant,Chennai-Bengaluru Expressway,Road (Heavy Haulage),1056.4,30.2,2025-08-11 06:10:56,1,0.972,3.0,17.9,3.76,2025-08-11 06:10:56,0.0,0
SHP-TRK-11139,2025-08-10 03:00:00,Sriperumbudur (Tamil Nadu),Oragadam Southern Plant (Chennai),NH48 Western Corridor,Road (Heavy Haulage),270.3,7.7,2025-08-10 10:43:23,1,0.856,3.7,4.5,3.99,2025-08-10 19:19:23,8.6,1
SHP-TRK-11140,2025-08-10 08:00:00,Sanand Hub (Gujarat),Oragadam Southern Plant (Chennai),Western DFC Electric Rail,Rail (Dedicated Freight Corridor),1214.5,27.0,2025-08-11 10:59:20,1,0.838,5.2,26.8,4.45,2025-08-11 10:59:20,0.0,0
SHP-TRK-11141,2025-08-10 11:00:00,Bengaluru Electronic City,Oragadam Southern Plant (Chennai),NH48 Western Corridor,Road (Express),656.3,18.8,2025-08-11 05:45:05,1,0.778,3.9,10.8,4.6,2025-08-11 05:45:05,0.0,0
SHP-TRK-11142,2025-08-10 11:00:00,Pune MIDC (Maharashtra),Oragadam Southern Plant (Chennai),Western DFC Electric Rail,Coastal Ro-Ro,729.3,20.8,2025-08-11 07:50:11,1,0.937,6.8,25.1,4.69,2025-08-11 20:38:11,12.8,1
SHP-TRK-11143,2025-08-10 11:00:00,Sriperumbudur (Tamil Nadu),Manesar Northern Plant,Chennai-Bengaluru Expressway,Rail (Dedicated Freight Corridor),591.5,13.1,2025-08-11 00:08:37,1,0.87,2.0,23.5,3.46,2025-08-11 00:08:37,0.0,0
SHP-TRK-11144,2025-08-10 12:00:00,Sriperumbudur (Tamil Nadu),Oragadam Southern Plant (Chennai),Western DFC Electric Rail,Road (Heavy Haulage),483.1,13.8,2025-08-11 01:48:08,1,0.828,4.1,24.8,4.31,2025-08-11 01:48:08,0.0,0
SHP-TRK-11145,2025-08-10 13:00:00,Sanand Hub (Gujarat),Kundli DC,NH48 Western Corridor,Rail (Dedicated Freight Corridor),1232.6,27.4,2025-08-11 16:23:27,1,0.772,5.6,17.3,4.73,2025-08-11 16:23:27,0.0,0
SHP-TRK-11146,2025-08-10 13:00:00,Bengaluru Electronic City,Chakan Assembly Alpha (Pune),Coastal Maritime Lane,Coastal Ro-Ro,1071.3,30.6,2025-08-11 19:36:32,1,0.842,1.7,26.2,4.21,2025-08-12 00:36:32,5.0,1
SHP-TRK-11147,2025-08-10 18:00:00,Sanand Hub (Gujarat),Chakan Assembly Alpha (Pune),NH48 Western Corridor,Road (Heavy Haulage),442.6,12.6,2025-08-11 06:38:46,1,0.74,2.6,24.2,4.08,2025-08-11 06:38:46,0.0,0
SHP-TRK-11148,2025-08-10 18:00:00,Sriperumbudur (Tamil Nadu),Chakan Assembly Alpha (Pune),NH48 Western Corridor,Road (Heavy Haulage),902.7,25.8,2025-08-11 19:47:26,1,0.912,5.8,15.3,3.95,2025-08-12 20:59:26,25.2,1
SHP-TRK-11149,2025-08-10 23:00:00,Pune MIDC (Maharashtra),Oragadam Southern Plant (Chennai),Coastal Maritime Lane,Road (Express),1355.2,38.7,2025-08-12 13:43:15,1,0.859,5.1,11.8,4.09,2025-08-12 13:43:15,0.0,0
SHP-TRK-11150,2025-08-11 00:00:00,Sanand Hub (Gujarat),Oragadam Southern Plant (Chennai),Western DFC Electric Rail,Road (Heavy Haulage),923.5,26.4,2025-08-12 02:23:11,1,0.808,1.6,30.4,4.66,2025-08-12 02:23:11,0.0,0
SHP-TRK-11151,2025-08-11 02:00:00,Bengaluru Electronic City,Bhiwandi Central DC,NH48 Western Corridor,Rail (Dedicated Freight Corridor),399.3,8.9,2025-08-11 10:52:24,1,0.81,2.1,32.0,4.08,2025-08-11 22:58:24,12.1,1
SHP-TRK-11152,2025-08-11 02:00:00,Bengaluru Electronic City,Manesar Northern Plant,Golden Quadrilateral Delhi-Kolkata,Road (Heavy Haulage),648.9,18.5,2025-08-11 20:32:27,1,0.874,6.7,28.9,4.31,2025-08-11 20:32:27,0.0,0
SHP-TRK-11153,2025-08-11 02:00:00,Bengaluru Electronic City,Oragadam Southern Plant (Chennai),Chennai-Bengaluru Expressway,Road (Express),374.5,10.7,2025-08-11 12:42:03,1,0.82,7.2,16.4,4.3,2025-08-12 00:06:03,11.4,1
SHP-TRK-11154,2025-08-11 03:00:00,Gurugram (Haryana),Oragadam Southern Plant (Chennai),NH48 Western Corridor,Road (Heavy Haulage),300.8,8.6,2025-08-11 11:35:41,1,0.865,5.4,10.1,4.51,2025-08-11 11:35:41,0.0,0
SHP-TRK-11155,2025-08-11 05:00:00,Bengaluru Electronic City,Oragadam Southern Plant (Chennai),NH48 Western Corridor,Coastal Ro-Ro,1163.0,33.2,2025-08-12 14:13:38,1,0.838,7.3,25.6,4.68,2025-08-12 14:13:38,0.0,0
SHP-TRK-11156,2025-08-11 05:00:00,Gurugram (Haryana),Manesar Northern Plant,NH48 Western Corridor,Road (Heavy Haulage),1160.0,33.1,2025-08-12 14:08:30,1,0.889,2.4,5.9,3.78,2025-08-12 14:08:30,0.0,0
SHP-TRK-11157,2025-08-11 06:00:00,Bengaluru Electronic City,Manesar Northern Plant,NH48 Western Corridor,Rail (Dedicated Freight Corridor),472.7,10.5,2025-08-11 16:30:15,1,0.777,3.1,20.0,3.7,2025-08-11 16:30:15,0.0,0
SHP-TRK-11158,2025-08-11 07:00:00,Sanand Hub (Gujarat),Chakan Assembly Alpha (Pune),Western DFC Electric Rail,Coastal Ro-Ro,1290.8,36.9,2025-08-12 19:52:49,1,0.941,5.1,23.9,4.43,2025-08-12 19:52:49,0.0,0
SHP-TRK-11159,2025-08-11 09:00:00,Bengaluru Electronic City,Bhiwandi Central DC,Golden Quadrilateral Delhi-Kolkata,Road (Heavy Haulage),369.9,10.6,2025-08-11 19:34:09,1,0.949,3.4,22.5,4.37,2025-08-12 05:58:09,10.4,1
SHP-TRK-11160,2025-08-11 09:00:00,Gurugram (Haryana),Chakan Assembly Alpha (Pune),Western DFC Electric Rail,Coastal Ro-Ro,1218.8,34.8,2025-08-12 19:49:19,1,0.82,4.8,28.4,4.2,2025-08-12 19:49:19,0.0,0
SHP-TRK-11161,2025-08-11 10:00:00,Sanand Hub (Gujarat),Chakan Assembly Alpha (Pune),Golden Quadrilateral Delhi-Kolkata,Rail (Dedicated Freight Corridor),949.1,21.1,2025-08-12 07:05:29,1,0.757,4.6,14.3,4.71,2025-08-12 07:05:29,0.0,0
SHP-TRK-11162,2025-08-11 11:00:00,Pune MIDC (Maharashtra),Chakan Assembly Alpha (Pune),Western DFC Electric Rail,Air Cargo Express,1142.6,19.0,2025-08-12 06:02:38,1,0.756,6.4,11.0,3.43,2025-08-12 06:02:38,0.0,0
SHP-TRK-11163,2025-08-11 12:00:00,Sanand Hub (Gujarat),Chakan Assembly Alpha (Pune),NH48 Western Corridor,Road (Heavy Haulage),1080.3,30.9,2025-08-12 18:51:55,1,0.728,5.9,8.4,4.8,2025-08-12 18:51:55,0.0,0
SHP-TRK-11164,2025-08-11 18:00:00,Sanand Hub (Gujarat),Manesar Northern Plant,Coastal Maritime Lane,Road (Heavy Haulage),877.6,25.1,2025-08-12 19:04:25,1,0.731,3.7,6.6,4.1,2025-08-13 14:34:25,19.5,1
SHP-TRK-11165,2025-08-11 23:00:00,Bengaluru Electronic City,Chakan Assembly Alpha (Pune),NH48 Western Corridor,Road (Heavy Haulage),1219.0,34.8,2025-08-13 09:49:42,1,0.755,5.8,13.9,4.09,2025-08-14 04:07:42,18.3,1
SHP-TRK-11166,2025-08-12 00:00:00,Bengaluru Electronic City,Manesar Northern Plant,NH48 Western Corridor,Rail (Dedicated Freight Corridor),920.9,20.5,2025-08-12 20:27:49,1,0.894,1.2,17.3,4.24,2025-08-13 03:21:49,6.9,1
SHP-TRK-11167,2025-08-12 05:00:00,Gurugram (Haryana),Bhiwandi Central DC,Western DFC Electric Rail,Road (Heavy Haulage),949.6,27.1,2025-08-13 08:07:53,1,0.758,7.1,25.0,3.41,2025-08-13 08:07:53,0.0,0
SHP-TRK-11168,2025-08-12 06:00:00,Sanand Hub (Gujarat),Bhiwandi Central DC,Chennai-Bengaluru Expressway,Rail (Dedicated Freight Corridor),318.6,7.1,2025-08-12 13:04:49,1,0.875,5.6,5.5,4.31,2025-08-12 13:04:49,0.0,0
SHP-TRK-11169,2025-08-12 08:00:00,Sanand Hub (Gujarat),Chakan Assembly Alpha (Pune),Western DFC Electric Rail,Rail (Dedicated Freight Corridor),1279.6,28.4,2025-08-13 12:26:09,1,0.809,3.1,31.6,3.44,2025-08-13 12:26:09,0.0,0
SHP-TRK-11170,2025-08-12 19:00:00,Pune MIDC (Maharashtra),Chakan Assembly Alpha (Pune),NH48 Western Corridor,Road (Heavy Haulage),573.2,16.4,2025-08-13 11:22:39,1,0.933,6.7,31.5,4.03,2025-08-13 11:22:39,0.0,0
SHP-TRK-11171,2025-08-12 20:00:00,Sriperumbudur (Tamil Nadu),Kundli DC,Golden Quadrilateral Delhi-Kolkata,Road (Express),1376.0,39.3,2025-08-14 11:18:55,1,0.75,6.6,27.9,3.72,2025-08-14 11:18:55,0.0,0
SHP-TRK-11172,2025-08-13 00:00:00,Sriperumbudur (Tamil Nadu),Manesar Northern Plant,Western DFC Electric Rail,Road (Heavy Haulage),559.1,16.0,2025-08-13 15:58:26,1,0.807,4.5,19.1,3.85,2025-08-14 05:28:26,13.5,1
SHP-TRK-11173,2025-08-13 04:00:00,Sanand Hub (Gujarat),Chakan Assembly Alpha (Pune),Western DFC Electric Rail,Road (Heavy Haulage),1193.3,34.1,2025-08-14 14:05:43,1,0.764,1.9,25.1,4.47,2025-08-16 12:29:43,46.4,1
SHP-TRK-11174,2025-08-13 07:00:00,Bengaluru Electronic City,Chakan Assembly Alpha (Pune),NH48 Western Corridor,Rail (Dedicated Freight Corridor),391.2,8.7,2025-08-13 15:41:36,1,0.766,7.2,18.6,4.04,2025-08-14 11:23:36,19.7,1
SHP-TRK-11175,2025-08-13 08:00:00,Sriperumbudur (Tamil Nadu),Chakan Assembly Alpha (Pune),Coastal Maritime Lane,Rail (Dedicated Freight Corridor),338.1,7.5,2025-08-13 15:30:50,1,0.794,2.9,11.3,4.63,2025-08-13 15:30:50,0.0,0
SHP-TRK-11176,2025-08-13 09:00:00,Gurugram (Haryana),Chakan Assembly Alpha (Pune),Western DFC Electric Rail,Rail (Dedicated Freight Corridor),876.2,19.5,2025-08-14 04:28:15,1,0.833,2.5,17.9,4.59,2025-08-14 04:28:15,0.0,0
SHP-TRK-11177,2025-08-13 11:00:00,Pune MIDC (Maharashtra),Chakan Assembly Alpha (Pune),Coastal Maritime Lane,Road (Heavy Haulage),892.6,25.5,2025-08-14 12:30:11,1,0.943,1.5,19.0,4.69,2025-08-14 12:30:11,0.0,0
SHP-TRK-11178,2025-08-13 12:00:00,Sanand Hub (Gujarat),Chakan Assembly Alpha (Pune),Chennai-Bengaluru Expressway,Road (Heavy Haulage),1376.7,39.3,2025-08-15 03:19:59,1,0.978,8.7,4.7,3.92,2025-08-15 09:31:59,6.2,1
SHP-TRK-11179,2025-08-13 14:00:00,Pune MIDC (Maharashtra),Bhiwandi Central DC,Western DFC Electric Rail,Road (Heavy Haulage),1350.8,38.6,2025-08-15 04:35:42,1,0.841,1.8,17.1,4.06,2025-08-15 20:41:42,16.1,1
SHP-TRK-11180,2025-08-13 20:00:00,Sanand Hub (Gujarat),Kundli DC,Western DFC Electric Rail,Rail (Dedicated Freight Corridor),1395.5,31.0,2025-08-15 03:00:43,1,0.761,2.5,26.7,4.6,2025-08-15 03:00:43,0.0,0
SHP-TRK-11181,2025-08-13 21:00:00,Bengaluru Electronic City,Chakan Assembly Alpha (Pune),NH48 Western Corridor,Rail (Dedicated Freight Corridor),1159.4,25.8,2025-08-14 22:45:53,1,0.887,8.4,26.0,4.36,2025-08-16 01:15:53,26.5,1
SHP-TRK-11182,2025-08-13 23:00:00,Sriperumbudur (Tamil Nadu),Bhiwandi Central DC,Western DFC Electric Rail,Rail (Dedicated Freight Corridor),1014.0,22.5,2025-08-14 21:31:57,1,0.797,2.5,21.5,3.52,2025-08-14 21:31:57,0.0,0
SHP-TRK-11183,2025-08-14 00:00:00,Sanand Hub (Gujarat),Manesar Northern Plant,Golden Quadrilateral Delhi-Kolkata,Road (Heavy Haulage),700.2,20.0,2025-08-14 20:00:21,1,0.846,4.3,22.4,4.8,2025-08-16 22:24:21,50.4,1
SHP-TRK-11184,2025-08-14 01:00:00,Pune MIDC (Maharashtra),Kundli DC,Western DFC Electric Rail,Road (Heavy Haulage),1140.5,32.6,2025-08-15 09:35:09,1,0.901,8.1,24.2,3.92,2025-08-15 09:35:09,0.0,0
SHP-TRK-11185,2025-08-14 02:00:00,Pune MIDC (Maharashtra),Manesar Northern Plant,NH48 Western Corridor,Rail (Dedicated Freight Corridor),1192.7,26.5,2025-08-15 04:30:17,1,0.954,2.7,21.7,4.88,2025-08-15 04:30:17,0.0,0
SHP-TRK-11186,2025-08-14 03:00:00,Bengaluru Electronic City,Chakan Assembly Alpha (Pune),Golden Quadrilateral Delhi-Kolkata,Road (Heavy Haulage),341.3,9.8,2025-08-14 12:45:05,1,0.877,8.4,27.9,4.45,2025-08-17 15:03:05,74.3,1
SHP-TRK-11187,2025-08-14 09:00:00,Sanand Hub (Gujarat),Chakan Assembly Alpha (Pune),Chennai-Bengaluru Expressway,Road (Heavy Haulage),276.0,7.9,2025-08-14 16:53:05,1,0.781,7.1,20.6,4.52,2025-08-14 16:53:05,0.0,0
SHP-TRK-11188,2025-08-14 12:00:00,Sanand Hub (Gujarat),Bhiwandi Central DC,Western DFC Electric Rail,Road (Heavy Haulage),1023.1,29.2,2025-08-15 17:13:57,1,0.764,8.8,17.9,4.28,2025-08-17 12:01:57,42.8,1
SHP-TRK-11189,2025-08-14 13:00:00,Sriperumbudur (Tamil Nadu),Oragadam Southern Plant (Chennai),NH48 Western Corridor,Road (Express),572.1,16.3,2025-08-15 05:20:39,1,0.842,1.6,23.9,3.41,2025-08-15 13:50:39,8.5,1
SHP-TRK-11190,2025-08-14 19:00:00,Pune MIDC (Maharashtra),Bhiwandi Central DC,Western DFC Electric Rail,Road (Heavy Haulage),523.2,14.9,2025-08-15 09:56:57,1,0.882,1.1,17.9,4.78,2025-08-15 09:56:57,0.0,0
SHP-TRK-11191,2025-08-14 19:00:00,Bengaluru Electronic City,Bhiwandi Central DC,Coastal Maritime Lane,Rail (Dedicated Freight Corridor),728.1,16.2,2025-08-15 11:10:44,1,0.803,8.1,5.9,4.66,2025-08-15 16:22:44,5.2,1
SHP-TRK-11192,2025-08-15 02:00:00,Sanand Hub (Gujarat),Bhiwandi Central DC,NH48 Western Corridor,Rail (Dedicated Freight Corridor),732.0,16.3,2025-08-15 18:15:57,1,0.769,6.0,23.2,3.46,2025-08-15 18:15:57,0.0,0
SHP-TRK-11193,2025-08-15 03:00:00,Sriperumbudur (Tamil Nadu),Bhiwandi Central DC,Chennai-Bengaluru Expressway,Road (Express),490.6,14.0,2025-08-15 17:01:02,1,0.951,3.6,4.9,4.81,2025-08-15 17:01:02,0.0,0
SHP-TRK-11194,2025-08-15 03:00:00,Sriperumbudur (Tamil Nadu),Chakan Assembly Alpha (Pune),Western DFC Electric Rail,Road (Heavy Haulage),1327.4,37.9,2025-08-16 16:55:32,1,0.759,7.6,12.5,4.78,2025-08-16 16:55:32,0.0,0
SHP-TRK-11195,2025-08-15 03:00:00,Bengaluru Electronic City,Oragadam Southern Plant (Chennai),Western DFC Electric Rail,Road (Express),1071.3,30.6,2025-08-16 09:36:34,1,0.882,2.2,27.7,3.78,2025-08-18 03:18:34,41.7,1
SHP-TRK-11196,2025-08-15 07:00:00,Pune MIDC (Maharashtra),Chakan Assembly Alpha (Pune),NH48 Western Corridor,Road (Heavy Haulage),1147.5,32.8,2025-08-16 15:47:05,1,0.865,8.1,13.0,4.53,2025-08-16 15:47:05,0.0,0
SHP-TRK-11197,2025-08-15 09:00:00,Sanand Hub (Gujarat),Oragadam Southern Plant (Chennai),NH48 Western Corridor,Rail (Dedicated Freight Corridor),636.5,14.1,2025-08-15 23:08:42,1,0.898,2.7,24.0,4.25,2025-08-15 23:08:42,0.0,0
SHP-TRK-11198,2025-08-15 09:00:00,Sriperumbudur (Tamil Nadu),Chakan Assembly Alpha (Pune),NH48 Western Corridor,Air Cargo Express,988.1,16.5,2025-08-16 01:28:03,1,0.975,5.8,24.4,3.49,2025-08-16 01:28:03,0.0,0
SHP-TRK-11199,2025-08-15 09:00:00,Pune MIDC (Maharashtra),Chakan Assembly Alpha (Pune),NH48 Western Corridor,Road (Express),1284.8,36.7,2025-08-16 21:42:27,1,0.761,5.1,20.9,4.1,2025-08-17 07:30:27,9.8,1
SHP-TRK-11200,2025-08-15 12:00:00,Bengaluru Electronic City,Oragadam Southern Plant (Chennai),Western DFC Electric Rail,Road (Heavy Haulage),535.5,15.3,2025-08-16 03:18:00,1,0.977,5.0,9.8,3.43,2025-08-17 11:30:00,32.2,1
SHP-TRK-11201,2025-08-15 13:00:00,Sriperumbudur (Tamil Nadu),Oragadam Southern Plant (Chennai),Chennai-Bengaluru Expressway,Road (Heavy Haulage),692.7,19.8,2025-08-16 08:47:25,1,0.796,7.6,22.1,4.34,2025-08-16 08:47:25,0.0,0
SHP-TRK-11202,2025-08-16 03:00:00,Pune MIDC (Maharashtra),Bhiwandi Central DC,Golden Quadrilateral Delhi-Kolkata,Road (Heavy Haulage),986.4,28.2,2025-08-17 07:11:03,1,0.738,5.1,6.8,4.22,2025-08-17 07:11:03,0.0,0
SHP-TRK-11203,2025-08-16 03:00:00,Gurugram (Haryana),Chakan Assembly Alpha (Pune),NH48 Western Corridor,Rail (Dedicated Freight Corridor),986.9,21.9,2025-08-17 00:55:50,1,0.908,6.8,26.9,3.52,2025-08-17 00:55:50,0.0,0
SHP-TRK-11204,2025-08-16 04:00:00,Bengaluru Electronic City,Manesar Northern Plant,NH48 Western Corridor,Rail (Dedicated Freight Corridor),913.3,20.3,2025-08-17 00:17:40,1,0.826,4.1,26.8,3.44,2025-08-17 00:17:40,0.0,0
SHP-TRK-11205,2025-08-16 04:00:00,Sanand Hub (Gujarat),Bhiwandi Central DC,Golden Quadrilateral Delhi-Kolkata,Coastal Ro-Ro,687.2,19.6,2025-08-16 23:38:07,1,0.964,6.3,27.7,3.97,2025-08-16 23:38:07,0.0,0
SHP-TRK-11206,2025-08-16 06:00:00,Bengaluru Electronic City,Chakan Assembly Alpha (Pune),Golden Quadrilateral Delhi-Kolkata,Road (Heavy Haulage),1322.8,37.8,2025-08-17 19:47:36,1,0.908,4.7,6.9,4.1,2025-08-18 06:23:36,10.6,1
SHP-TRK-11207,2025-08-16 12:00:00,Sriperumbudur (Tamil Nadu),Chakan Assembly Alpha (Pune),NH48 Western Corridor,Coastal Ro-Ro,1267.7,36.2,2025-08-18 00:13:13,1,0.859,2.0,26.4,4.19,2025-08-18 00:13:13,0.0,0
SHP-TRK-11208,2025-08-16 12:00:00,Sriperumbudur (Tamil Nadu),Chakan Assembly Alpha (Pune),Coastal Maritime Lane,Rail (Dedicated Freight Corridor),361.9,8.0,2025-08-16 20:02:31,1,0.789,8.2,12.3,4.2,2025-08-16 20:02:31,0.0,0
SHP-TRK-11209,2025-08-16 14:00:00,Sriperumbudur (Tamil Nadu),Oragadam Southern Plant (Chennai),NH48 Western Corridor,Road (Heavy Haulage),1143.1,32.7,2025-08-17 22:39:39,1,0.914,6.4,22.2,4.61,2025-08-18 02:57:39,4.3,1
SHP-TRK-11210,2025-08-16 16:00:00,Bengaluru Electronic City,Oragadam Southern Plant (Chennai),NH48 Western Corridor,Road (Heavy Haulage),668.6,19.1,2025-08-17 11:06:14,1,0.929,8.3,29.2,4.76,2025-08-17 11:06:14,0.0,0
SHP-TRK-11211,2025-08-16 22:00:00,Sriperumbudur (Tamil Nadu),Chakan Assembly Alpha (Pune),NH48 Western Corridor,Road (Express),570.6,16.3,2025-08-17 14:18:15,1,0.781,5.1,13.4,4.71,2025-08-18 02:48:15,12.5,1
SHP-TRK-11212,2025-08-16 23:00:00,Sriperumbudur (Tamil Nadu),Bhiwandi Central DC,NH48 Western Corridor,Road (Heavy Haulage),940.7,26.9,2025-08-18 01:52:36,1,0.84,6.3,26.4,4.81,2025-08-18 01:52:36,0.0,0
SHP-TRK-11213,2025-08-17 01:00:00,Bengaluru Electronic City,Chakan Assembly Alpha (Pune),NH48 Western Corridor,Rail (Dedicated Freight Corridor),596.6,13.3,2025-08-17 14:15:29,1,0.774,4.2,7.6,4.32,2025-08-18 09:15:29,19.0,1
SHP-TRK-11214,2025-08-17 06:00:00,Pune MIDC (Maharashtra),Manesar Northern Plant,NH48 Western Corridor,Road (Heavy Haulage),405.4,11.6,2025-08-17 17:35:01,1,0.939,7.0,10.0,4.29,2025-08-19 21:11:01,51.6,1
SHP-TRK-11215,2025-08-17 09:00:00,Pune MIDC (Maharashtra),Chakan Assembly Alpha (Pune),Golden Quadrilateral Delhi-Kolkata,Road (Heavy Haulage),1073.0,30.7,2025-08-18 15:39:30,1,0.897,5.4,20.0,3.81,2025-08-18 15:39:30,0.0,0
SHP-TRK-11216,2025-08-17 12:00:00,Bengaluru Electronic City,Bhiwandi Central DC,Western DFC Electric Rail,Road (Heavy Haulage),1093.2,31.2,2025-08-18 19:14:00,1,0.98,4.5,16.3,4.61,2025-08-18 19:14:00,0.0,0
SHP-TRK-11217,2025-08-17 14:00:00,Pune MIDC (Maharashtra),Oragadam Southern Plant (Chennai),Western DFC Electric Rail,Road (Heavy Haulage),1301.5,37.2,2025-08-19 03:11:05,1,0.95,1.9,16.3,4.42,2025-08-21 12:23:05,57.2,1
SHP-TRK-11218,2025-08-17 15:00:00,Bengaluru Electronic City,Chakan Assembly Alpha (Pune),NH48 Western Corridor,Rail (Dedicated Freight Corridor),1251.3,27.8,2025-08-18 18:48:27,1,0.916,4.7,16.3,3.83,2025-08-18 18:48:27,0.0,0
SHP-TRK-11219,2025-08-17 18:00:00,Sanand Hub (Gujarat),Kundli DC,Chennai-Bengaluru Expressway,Road (Express),484.2,13.8,2025-08-18 07:50:06,1,0.757,1.2,11.0,3.76,2025-08-18 07:50:06,0.0,0
SHP-TRK-11220,2025-08-17 19:00:00,Pune MIDC (Maharashtra),Chakan Assembly Alpha (Pune),Coastal Maritime Lane,Road (Heavy Haulage),543.8,15.5,2025-08-18 10:32:11,1,0.818,3.4,7.5,4.44,2025-08-18 21:14:11,10.7,1
SHP-TRK-11221,2025-08-17 23:00:00,Pune MIDC (Maharashtra),Oragadam Southern Plant (Chennai),Western DFC Electric Rail,Road (Heavy Haulage),316.5,9.0,2025-08-18 08:02:31,1,0.88,6.5,9.9,4.77,2025-08-18 08:02:31,0.0,0
SHP-TRK-11222,2025-08-18 06:00:00,Pune MIDC (Maharashtra),Oragadam Southern Plant (Chennai),Coastal Maritime Lane,Rail (Dedicated Freight Corridor),634.8,14.1,2025-08-18 20:06:23,1,0.933,1.1,4.6,4.54,2025-08-18 20:06:23,0.0,0
SHP-TRK-11223,2025-08-18 07:00:00,Pune MIDC (Maharashtra),Kundli DC,NH48 Western Corridor,Road (Heavy Haulage),1334.5,38.1,2025-08-19 21:07:39,1,0.766,6.5,19.1,4.18,2025-08-20 05:49:39,8.7,1
SHP-TRK-11224,2025-08-18 09:00:00,Gurugram (Haryana),Manesar Northern Plant,Western DFC Electric Rail,Rail (Dedicated Freight Corridor),608.4,13.5,2025-08-18 22:31:13,1,0.751,4.3,5.3,4.03,2025-08-19 10:25:13,11.9,1
SHP-TRK-11225,2025-08-18 12:00:00,Sanand Hub (Gujarat),Manesar Northern Plant,NH48 Western Corridor,Rail (Dedicated Freight Corridor),1381.8,30.7,2025-08-19 18:42:23,1,0.746,7.8,4.5,3.43,2025-08-19 18:42:23,0.0,0
SHP-TRK-11226,2025-08-18 18:00:00,Pune MIDC (Maharashtra),Oragadam Southern Plant (Chennai),Western DFC Electric Rail,Road (Express),335.1,9.6,2025-08-19 03:34:26,1,0.92,1.6,29.9,4.48,2025-08-19 16:40:26,13.1,1
SHP-TRK-11227,2025-08-18 20:00:00,Bengaluru Electronic City,Chakan Assembly Alpha (Pune),Golden Quadrilateral Delhi-Kolkata,Road (Express),1357.2,38.8,2025-08-20 10:46:41,1,0.818,5.1,14.5,3.91,2025-08-21 10:16:41,23.5,1
SHP-TRK-11228,2025-08-19 01:00:00,Bengaluru Electronic City,Oragadam Southern Plant (Chennai),Coastal Maritime Lane,Road (Express),1050.1,30.0,2025-08-20 07:00:11,1,0.843,7.2,22.1,3.46,2025-08-20 12:24:11,5.4,1
SHP-TRK-11229,2025-08-19 03:00:00,Bengaluru Electronic City,Bhiwandi Central DC,NH48 Western Corridor,Road (Heavy Haulage),1341.4,38.3,2025-08-20 17:19:29,1,0.938,6.3,11.8,3.56,2025-08-20 21:31:29,4.2,1
SHP-TRK-11230,2025-08-19 08:00:00,Bengaluru Electronic City,Manesar Northern Plant,NH48 Western Corridor,Road (Heavy Haulage),467.3,13.4,2025-08-19 21:21:04,1,0.884,5.9,19.6,3.55,2025-08-20 07:51:04,10.5,1
SHP-TRK-11231,2025-08-19 13:00:00,Sanand Hub (Gujarat),Bhiwandi Central DC,Western DFC Electric Rail,Coastal Ro-Ro,1350.2,38.6,2025-08-21 03:34:36,1,0.887,1.3,31.9,3.78,2025-08-21 23:40:36,20.1,1
SHP-TRK-11232,2025-08-19 14:00:00,Bengaluru Electronic City,Manesar Northern Plant,NH48 Western Corridor,Road (Heavy Haulage),651.3,18.6,2025-08-20 08:36:34,1,0.809,8.7,26.5,4.62,2025-08-20 15:42:34,7.1,1
SHP-TRK-11233,2025-08-19 14:00:00,Sanand Hub (Gujarat),Chakan Assembly Alpha (Pune),Chennai-Bengaluru Expressway,Road (Heavy Haulage),408.1,11.7,2025-08-20 01:39:40,1,0.752,5.0,12.1,4.05,2025-08-20 14:03:40,12.4,1
SHP-TRK-11234,2025-08-19 14:00:00,Sanand Hub (Gujarat),Chakan Assembly Alpha (Pune),Chennai-Bengaluru Expressway,Road (Express),531.6,15.2,2025-08-20 05:11:20,1,0.749,1.4,21.2,3.96,2025-08-20 05:11:20,0.0,0
SHP-TRK-11235,2025-08-19 14:00:00,Sriperumbudur (Tamil Nadu),Manesar Northern Plant,NH48 Western Corridor,Coastal Ro-Ro,480.8,13.7,2025-08-20 03:44:08,1,0.738,7.9,26.3,3.53,2025-08-20 03:44:08,0.0,0
SHP-TRK-11236,2025-08-19 16:00:00,Bengaluru Electronic City,Chakan Assembly Alpha (Pune),NH48 Western Corridor,Rail (Dedicated Freight Corridor),337.6,7.5,2025-08-19 23:30:04,1,0.91,3.4,16.9,4.25,2025-08-21 02:12:04,26.7,1
SHP-TRK-11237,2025-08-19 20:00:00,Gurugram (Haryana),Oragadam Southern Plant (Chennai),Chennai-Bengaluru Expressway,Coastal Ro-Ro,941.8,26.9,2025-08-20 22:54:25,1,0.963,3.6,14.6,4.48,2025-08-21 15:24:25,16.5,1
SHP-TRK-11238,2025-08-20 00:00:00,Pune MIDC (Maharashtra),Chakan Assembly Alpha (Pune),NH48 Western Corridor,Road (Heavy Haulage),1044.6,29.8,2025-08-21 05:50:39,1,0.761,8.2,10.8,4.09,2025-08-22 12:26:39,30.6,1
SHP-TRK-11239,2025-08-20 01:00:00,Sanand Hub (Gujarat),Oragadam Southern Plant (Chennai),Coastal Maritime Lane,Road (Heavy Haulage),955.7,27.3,2025-08-21 04:18:24,1,0.787,5.5,6.6,4.79,2025-08-21 04:18:24,0.0,0
SHP-TRK-11240,2025-08-20 05:00:00,Gurugram (Haryana),Oragadam Southern Plant (Chennai),NH48 Western Corridor,Road (Heavy Haulage),1031.7,29.5,2025-08-21 10:28:35,1,0.859,4.7,29.5,3.51,2025-08-21 14:34:35,4.1,1
SHP-TRK-11241,2025-08-20 06:00:00,Sanand Hub (Gujarat),Chakan Assembly Alpha (Pune),NH48 Western Corridor,Rail (Dedicated Freight Corridor),466.6,10.4,2025-08-20 16:22:06,1,0.915,2.6,23.4,4.17,2025-08-20 16:22:06,0.0,0
SHP-TRK-11242,2025-08-20 07:00:00,Gurugram (Haryana),Chakan Assembly Alpha (Pune),Chennai-Bengaluru Expressway,Rail (Dedicated Freight Corridor),955.6,21.2,2025-08-21 04:14:05,1,0.792,4.2,23.2,3.46,2025-08-21 04:14:05,0.0,0
SHP-TRK-11243,2025-08-20 10:00:00,Sanand Hub (Gujarat),Oragadam Southern Plant (Chennai),NH48 Western Corridor,Road (Heavy Haulage),515.5,14.7,2025-08-21 00:43:45,1,0.771,2.0,30.2,3.77,2025-08-21 07:55:45,7.2,1
SHP-TRK-11244,2025-08-21 00:00:00,Gurugram (Haryana),Bhiwandi Central DC,NH48 Western Corridor,Road (Express),1253.6,35.8,2025-08-22 11:48:58,1,0.826,3.1,20.3,4.57,2025-08-22 11:48:58,0.0,0
SHP-TRK-11245,2025-08-21 07:00:00,Gurugram (Haryana),Kundli DC,Western DFC Electric Rail,Road (Heavy Haulage),267.6,7.6,2025-08-21 14:38:39,1,0.949,2.2,28.2,3.46,2025-08-22 01:02:39,10.4,1
SHP-TRK-11246,2025-08-21 09:00:00,Bengaluru Electronic City,Bhiwandi Central DC,Western DFC Electric Rail,Road (Heavy Haulage),287.7,8.2,2025-08-21 17:13:09,1,0.816,2.4,11.4,4.05,2025-08-21 17:13:09,0.0,0
SHP-TRK-11247,2025-08-21 11:00:00,Bengaluru Electronic City,Manesar Northern Plant,NH48 Western Corridor,Road (Heavy Haulage),905.5,25.9,2025-08-22 12:52:16,1,0.782,6.4,18.0,4.82,2025-08-22 12:52:16,0.0,0
SHP-TRK-11248,2025-08-21 12:00:00,Sanand Hub (Gujarat),Oragadam Southern Plant (Chennai),NH48 Western Corridor,Road (Heavy Haulage),1222.4,34.9,2025-08-22 22:55:28,1,0.918,4.9,19.3,4.59,2025-08-23 14:19:28,15.4,1
SHP-TRK-11249,2025-08-21 12:00:00,Sriperumbudur (Tamil Nadu),Chakan Assembly Alpha (Pune),NH48 Western Corridor,Rail (Dedicated Freight Corridor),903.8,20.1,2025-08-22 08:05:07,1,0.847,4.0,24.3,3.41,2025-08-22 08:05:07,0.0,0
SHP-TRK-11250,2025-08-21 15:00:00,Gurugram (Haryana),Oragadam Southern Plant (Chennai),Chennai-Bengaluru Expressway,Road (Express),810.5,23.2,2025-08-22 14:09:28,1,0.937,2.4,8.9,4.71,2025-08-22 14:09:28,0.0,0
SHP-TRK-11251,2025-08-21 18:00:00,Gurugram (Haryana),Manesar Northern Plant,NH48 Western Corridor,Rail (Dedicated Freight Corridor),1426.0,31.7,2025-08-23 01:41:20,1,0.803,7.0,19.1,3.99,2025-08-23 01:41:20,0.0,0
SHP-TRK-11252,2025-08-21 19:00:00,Gurugram (Haryana),Manesar Northern Plant,NH48 Western Corridor,Coastal Ro-Ro,937.2,26.8,2025-08-22 21:46:38,1,0.906,7.0,29.4,4.11,2025-08-23 01:46:38,4.0,1
SHP-TRK-11253,2025-08-21 22:00:00,Sanand Hub (Gujarat),Kundli DC,Western DFC Electric Rail,Road (Heavy Haulage),323.4,9.2,2025-08-22 07:14:20,1,0.856,4.0,5.7,4.88,2025-08-22 18:14:20,11.0,1
SHP-TRK-11254,2025-08-22 00:00:00,Sanand Hub (Gujarat),Oragadam Southern Plant (Chennai),Golden Quadrilateral Delhi-Kolkata,Coastal Ro-Ro,1442.0,41.2,2025-08-23 17:12:04,1,0.972,4.9,23.7,4.61,2025-08-24 05:18:04,12.1,1
SHP-TRK-11255,2025-08-22 00:00:00,Sriperumbudur (Tamil Nadu),Manesar Northern Plant,NH48 Western Corridor,Road (Express),1300.8,37.2,2025-08-23 13:10:00,1,0.84,2.7,28.3,4.22,2025-08-24 12:34:00,23.4,1
SHP-TRK-11256,2025-08-22 04:00:00,Bengaluru Electronic City,Bhiwandi Central DC,NH48 Western Corridor,Rail (Dedicated Freight Corridor),381.5,8.5,2025-08-22 12:28:41,1,0.953,1.3,28.2,4.36,2025-08-22 12:28:41,0.0,0
SHP-TRK-11257,2025-08-22 08:00:00,Gurugram (Haryana),Chakan Assembly Alpha (Pune),Golden Quadrilateral Delhi-Kolkata,Rail (Dedicated Freight Corridor),1159.1,25.8,2025-08-23 09:45:28,1,0.857,6.0,25.3,4.54,2025-08-23 09:45:28,0.0,0
SHP-TRK-11258,2025-08-22 12:00:00,Bengaluru Electronic City,Kundli DC,NH48 Western Corridor,Road (Heavy Haulage),685.1,19.6,2025-08-23 07:34:31,1,0.753,2.0,12.2,3.51,2025-08-24 03:52:31,20.3,1
SHP-TRK-11259,2025-08-22 14:00:00,Sanand Hub (Gujarat),Chakan Assembly Alpha (Pune),NH48 Western Corridor,Road (Heavy Haulage),936.3,26.8,2025-08-23 16:45:02,1,0.971,8.0,28.6,3.51,2025-08-24 01:03:02,8.3,1
SHP-TRK-11260,2025-08-22 18:00:00,Pune MIDC (Maharashtra),Chakan Assembly Alpha (Pune),NH48 Western Corridor,Rail (Dedicated Freight Corridor),542.1,12.0,2025-08-23 06:02:50,1,0.978,7.1,27.5,4.71,2025-08-23 06:02:50,0.0,0
SHP-TRK-11261,2025-08-22 19:00:00,Sriperumbudur (Tamil Nadu),Kundli DC,Western DFC Electric Rail,Road (Heavy Haulage),1078.2,30.8,2025-08-24 01:48:16,1,0.822,8.0,31.4,4.11,2025-08-24 12:42:16,10.9,1
SHP-TRK-11262,2025-08-22 19:00:00,Gurugram (Haryana),Manesar Northern Plant,Western DFC Electric Rail,Road (Heavy Haulage),270.8,7.7,2025-08-23 02:44:09,1,0.922,3.6,17.5,3.47,2025-08-23 02:44:09,0.0,0
SHP-TRK-11263,2025-08-22 20:00:00,Sanand Hub (Gujarat),Oragadam Southern Plant (Chennai),NH48 Western Corridor,Road (Heavy Haulage),1447.8,41.4,2025-08-24 13:21:57,1,0.935,8.1,30.3,3.75,2025-08-24 22:15:57,8.9,1
SHP-TRK-11264,2025-08-22 21:00:00,Pune MIDC (Maharashtra),Manesar Northern Plant,NH48 Western Corridor,Road (Heavy Haulage),858.1,24.5,2025-08-23 21:30:56,1,0.857,8.1,15.0,4.06,2025-08-23 21:30:56,0.0,0
SHP-TRK-11265,2025-08-23 00:00:00,Pune MIDC (Maharashtra),Kundli DC,NH48 Western Corridor,Coastal Ro-Ro,496.8,14.2,2025-08-23 14:11:44,1,0.844,4.5,22.1,3.57,2025-08-23 14:11:44,0.0,0
SHP-TRK-11266,2025-08-23 00:00:00,Bengaluru Electronic City,Chakan Assembly Alpha (Pune),Coastal Maritime Lane,Air Cargo Express,824.4,13.7,2025-08-23 13:44:26,1,0.747,7.3,23.7,4.86,2025-08-25 00:20:26,34.6,1
SHP-TRK-11267,2025-08-23 06:00:00,Sriperumbudur (Tamil Nadu),Manesar Northern Plant,Western DFC Electric Rail,Road (Heavy Haulage),777.6,22.2,2025-08-24 04:12:58,1,0.799,1.5,11.4,4.3,2025-08-24 19:06:58,14.9,1
SHP-TRK-11268,2025-08-23 10:00:00,Sriperumbudur (Tamil Nadu),Oragadam Southern Plant (Chennai),Chennai-Bengaluru Expressway,Road (Heavy Haulage),821.5,23.5,2025-08-24 09:28:15,1,0.977,4.5,22.4,4.68,2025-08-25 04:16:15,18.8,1
SHP-TRK-11269,2025-08-23 15:00:00,Gurugram (Haryana),Kundli DC,Western DFC Electric Rail,Road (Heavy Haulage),790.9,22.6,2025-08-24 13:35:45,1,0.867,2.3,28.0,4.07,2025-08-24 13:35:45,0.0,0
SHP-TRK-11270,2025-08-23 16:00:00,Bengaluru Electronic City,Chakan Assembly Alpha (Pune),NH48 Western Corridor,Rail (Dedicated Freight Corridor),1341.4,29.8,2025-08-24 21:48:35,1,0.894,6.2,19.9,4.34,2025-08-26 15:24:35,41.6,1
SHP-TRK-11271,2025-08-23 20:00:00,Gurugram (Haryana),Oragadam Southern Plant (Chennai),NH48 Western Corridor,Road (Express),1008.1,28.8,2025-08-25 00:48:08,1,0.919,7.2,25.7,4.89,2025-08-27 08:42:08,55.9,1
SHP-TRK-11272,2025-08-24 03:00:00,Sanand Hub (Gujarat),Kundli DC,Golden Quadrilateral Delhi-Kolkata,Road (Heavy Haulage),655.7,18.7,2025-08-24 21:44:06,1,0.972,1.8,18.2,4.37,2025-08-25 07:14:06,9.5,1
SHP-TRK-11273,2025-08-24 06:00:00,Sanand Hub (Gujarat),Manesar Northern Plant,Chennai-Bengaluru Expressway,Coastal Ro-Ro,1282.0,36.6,2025-08-25 18:37:44,1,0.814,3.6,18.7,3.62,2025-08-27 15:19:44,44.7,1
SHP-TRK-11274,2025-08-24 06:00:00,Gurugram (Haryana),Chakan Assembly Alpha (Pune),NH48 Western Corridor,Road (Express),295.8,8.5,2025-08-24 14:27:00,1,0.907,3.2,24.1,3.56,2025-08-24 14:27:00,0.0,0
SHP-TRK-11275,2025-08-24 09:00:00,Gurugram (Haryana),Oragadam Southern Plant (Chennai),Western DFC Electric Rail,Road (Express),975.2,27.9,2025-08-25 12:51:49,1,0.799,2.6,19.4,4.41,2025-08-25 23:45:49,10.9,1
SHP-TRK-11276,2025-08-24 09:00:00,Sriperumbudur (Tamil Nadu),Chakan Assembly Alpha (Pune),Western DFC Electric Rail,Road (Heavy Haulage),366.3,10.5,2025-08-24 19:27:53,1,0.781,1.4,31.9,3.53,2025-08-24 19:27:53,0.0,0
SHP-TRK-11277,2025-08-24 10:00:00,Sanand Hub (Gujarat),Manesar Northern Plant,Golden Quadrilateral Delhi-Kolkata,Road (Heavy Haulage),1358.2,38.8,2025-08-26 00:48:17,1,0.876,2.5,26.0,4.27,2025-08-26 00:48:17,0.0,0
SHP-TRK-11278,2025-08-24 10:00:00,Sriperumbudur (Tamil Nadu),Oragadam Southern Plant (Chennai),Golden Quadrilateral Delhi-Kolkata,Road (Heavy Haulage),1363.3,39.0,2025-08-26 00:57:07,1,0.884,7.3,9.2,3.66,2025-08-26 15:33:07,14.6,1
SHP-TRK-11279,2025-08-24 13:00:00,Sriperumbudur (Tamil Nadu),Chakan Assembly Alpha (Pune),Chennai-Bengaluru Expressway,Road (Express),806.5,23.0,2025-08-25 12:02:38,1,0.767,6.2,31.8,3.43,2025-08-25 16:32:38,4.5,1
SHP-TRK-11280,2025-08-24 16:00:00,Bengaluru Electronic City,Chakan Assembly Alpha (Pune),Chennai-Bengaluru Expressway,Road (Express),560.3,16.0,2025-08-25 08:00:35,1,0.805,2.9,29.5,4.02,2025-08-26 02:54:35,18.9,1
SHP-TRK-11281,2025-08-24 20:00:00,Sriperumbudur (Tamil Nadu),Oragadam Southern Plant (Chennai),Western DFC Electric Rail,Road (Heavy Haulage),959.3,27.4,2025-08-25 23:24:28,1,0.796,2.2,14.6,4.77,2025-08-26 17:18:28,17.9,1
SHP-TRK-11282,2025-08-25 02:00:00,Sanand Hub (Gujarat),Chakan Assembly Alpha (Pune),Western DFC Electric Rail,Road (Heavy Haulage),765.6,21.9,2025-08-25 23:52:31,1,0.91,2.9,20.8,4.77,2025-08-25 23:52:31,0.0,0
SHP-TRK-11283,2025-08-25 03:00:00,Gurugram (Haryana),Bhiwandi Central DC,NH48 Western Corridor,Coastal Ro-Ro,487.1,13.9,2025-08-25 16:55:01,1,0.722,6.7,30.3,4.52,2025-08-26 11:07:01,18.2,1
SHP-TRK-11284,2025-08-25 06:00:00,Gurugram (Haryana),Manesar Northern Plant,NH48 Western Corridor,Coastal Ro-Ro,669.9,19.1,2025-08-26 01:08:25,1,0.861,4.1,4.5,4.53,2025-08-26 01:08:25,0.0,0
SHP-TRK-11285,2025-08-25 07:00:00,Pune MIDC (Maharashtra),Oragadam Southern Plant (Chennai),NH48 Western Corridor,Rail (Dedicated Freight Corridor),269.2,6.0,2025-08-25 12:58:59,1,0.866,2.0,6.7,3.41,2025-08-25 12:58:59,0.0,0
SHP-TRK-11286,2025-08-25 12:00:00,Gurugram (Haryana),Oragadam Southern Plant (Chennai),NH48 Western Corridor,Coastal Ro-Ro,950.2,27.1,2025-08-26 15:08:58,1,0.811,7.7,14.4,3.96,2025-08-27 22:26:58,31.3,1
SHP-TRK-11287,2025-08-25 13:00:00,Sanand Hub (Gujarat),Oragadam Southern Plant (Chennai),NH48 Western Corridor,Rail (Dedicated Freight Corridor),768.4,17.1,2025-08-26 06:04:30,1,0.735,5.7,25.3,4.03,2025-08-26 06:04:30,0.0,0
SHP-TRK-11288,2025-08-25 21:00:00,Sanand Hub (Gujarat),Chakan Assembly Alpha (Pune),Western DFC Electric Rail,Road (Heavy Haulage),885.1,25.3,2025-08-26 22:17:19,1,0.967,1.6,21.0,4.17,2025-08-26 22:17:19,0.0,0
SHP-TRK-11289,2025-08-26 02:00:00,Gurugram (Haryana),Chakan Assembly Alpha (Pune),Golden Quadrilateral Delhi-Kolkata,Road (Heavy Haulage),664.2,19.0,2025-08-26 20:58:36,1,0.725,3.0,13.0,3.66,2025-08-26 20:58:36,0.0,0
SHP-TRK-11290,2025-08-26 02:00:00,Bengaluru Electronic City,Oragadam Southern Plant (Chennai),Coastal Maritime Lane,Rail (Dedicated Freight Corridor),304.6,6.8,2025-08-26 08:46:08,1,0.967,5.7,26.4,4.08,2025-08-26 08:46:08,0.0,0
SHP-TRK-11291,2025-08-26 03:00:00,Gurugram (Haryana),Bhiwandi Central DC,NH48 Western Corridor,Road (Heavy Haulage),845.5,24.2,2025-08-27 03:09:23,1,0.954,3.6,22.4,4.57,2025-08-27 03:09:23,0.0,0
SHP-TRK-11292,2025-08-26 08:00:00,Sriperumbudur (Tamil Nadu),Oragadam Southern Plant (Chennai),Western DFC Electric Rail,Coastal Ro-Ro,1124.3,32.1,2025-08-27 16:07:20,1,0.81,6.4,11.6,4.18,2025-08-28 13:43:20,21.6,1
SHP-TRK-11293,2025-08-26 09:00:00,Sriperumbudur (Tamil Nadu),Chakan Assembly Alpha (Pune),Western DFC Electric Rail,Rail (Dedicated Freight Corridor),966.4,21.5,2025-08-27 06:28:28,1,0.796,6.7,26.7,4.39,2025-08-27 15:28:28,9.0,1
SHP-TRK-11294,2025-08-26 21:00:00,Sriperumbudur (Tamil Nadu),Manesar Northern Plant,NH48 Western Corridor,Rail (Dedicated Freight Corridor),723.8,16.1,2025-08-27 13:05:05,1,0.786,2.3,23.5,4.64,2025-08-29 07:59:05,42.9,1
SHP-TRK-11295,2025-08-26 23:00:00,Gurugram (Haryana),Kundli DC,Chennai-Bengaluru Expressway,Road (Heavy Haulage),439.7,12.6,2025-08-27 11:33:43,1,0.726,7.3,6.6,4.41,2025-08-27 11:33:43,0.0,0
SHP-TRK-11296,2025-08-27 01:00:00,Pune MIDC (Maharashtra),Chakan Assembly Alpha (Pune),NH48 Western Corridor,Rail (Dedicated Freight Corridor),1255.4,27.9,2025-08-28 04:53:51,1,0.764,6.6,10.7,3.65,2025-08-28 18:05:51,13.2,1
SHP-TRK-11297,2025-08-27 04:00:00,Pune MIDC (Maharashtra),Chakan Assembly Alpha (Pune),Western DFC Electric Rail,Road (Heavy Haulage),592.0,16.9,2025-08-27 20:54:47,1,0.818,7.5,9.4,4.04,2025-08-28 06:30:47,9.6,1
SHP-TRK-11298,2025-08-27 08:00:00,Sriperumbudur (Tamil Nadu),Oragadam Southern Plant (Chennai),NH48 Western Corridor,Road (Express),768.1,21.9,2025-08-28 05:56:46,1,0.819,6.2,31.1,3.85,2025-08-30 22:38:46,64.7,1
SHP-TRK-11299,2025-08-27 09:00:00,Sanand Hub (Gujarat),Chakan Assembly Alpha (Pune),NH48 Western Corridor,Road (Heavy Haulage),366.5,10.5,2025-08-27 19:28:13,1,0.832,3.7,7.9,3.85,2025-08-29 05:58:13,34.5,1
SHP-TRK-11300,2025-08-27 09:00:00,Pune MIDC (Maharashtra),Manesar Northern Plant,NH48 Western Corridor,Road (Heavy Haulage),692.8,19.8,2025-08-28 04:47:41,1,0.874,3.8,10.4,4.06,2025-08-29 14:29:41,33.7,1
SHP-TRK-11301,2025-08-27 12:00:00,Sriperumbudur (Tamil Nadu),Oragadam Southern Plant (Chennai),Western DFC Electric Rail,Air Cargo Express,826.9,13.8,2025-08-28 01:46:56,1,0.96,6.8,7.6,4.65,2025-08-29 03:28:56,25.7,1
SHP-TRK-11302,2025-08-27 16:00:00,Sriperumbudur (Tamil Nadu),Manesar Northern Plant,Western DFC Electric Rail,Rail (Dedicated Freight Corridor),1066.2,23.7,2025-08-28 15:41:39,1,0.748,8.7,25.1,3.87,2025-08-28 15:41:39,0.0,0
SHP-TRK-11303,2025-08-27 20:00:00,Sanand Hub (Gujarat),Oragadam Southern Plant (Chennai),Western DFC Electric Rail,Rail (Dedicated Freight Corridor),709.2,15.8,2025-08-28 11:45:33,1,0.879,7.5,5.2,4.54,2025-08-28 11:45:33,0.0,0
SHP-TRK-11304,2025-08-28 03:00:00,Sriperumbudur (Tamil Nadu),Manesar Northern Plant,Coastal Maritime Lane,Rail (Dedicated Freight Corridor),315.5,7.0,2025-08-28 10:00:43,1,0.848,1.7,8.9,3.63,2025-08-28 10:00:43,0.0,0
SHP-TRK-11305,2025-08-28 05:00:00,Gurugram (Haryana),Kundli DC,Western DFC Electric Rail,Road (Heavy Haulage),890.5,25.4,2025-08-29 06:26:34,1,0.932,6.0,4.5,4.52,2025-08-29 06:26:34,0.0,0
SHP-TRK-11306,2025-08-28 07:00:00,Sriperumbudur (Tamil Nadu),Kundli DC,Western DFC Electric Rail,Coastal Ro-Ro,979.6,28.0,2025-08-29 10:59:17,1,0.979,3.4,13.4,4.74,2025-08-29 10:59:17,0.0,0
SHP-TRK-11307,2025-08-28 08:00:00,Pune MIDC (Maharashtra),Chakan Assembly Alpha (Pune),Golden Quadrilateral Delhi-Kolkata,Coastal Ro-Ro,1270.6,36.3,2025-08-29 20:18:13,1,0.733,5.0,23.7,4.4,2025-08-29 20:18:13,0.0,0
SHP-TRK-11308,2025-08-28 10:00:00,Pune MIDC (Maharashtra),Oragadam Southern Plant (Chennai),NH48 Western Corridor,Road (Express),575.1,16.4,2025-08-29 02:25:49,1,0.731,3.9,14.9,4.38,2025-08-29 02:25:49,0.0,0
SHP-TRK-11309,2025-08-28 15:00:00,Bengaluru Electronic City,Manesar Northern Plant,NH48 Western Corridor,Road (Heavy Haulage),1002.3,28.6,2025-08-29 19:38:17,1,0.887,7.2,15.6,4.43,2025-08-29 19:38:17,0.0,0
SHP-TRK-11310,2025-08-28 18:00:00,Gurugram (Haryana),Chakan Assembly Alpha (Pune),Western DFC Electric Rail,Rail (Dedicated Freight Corridor),1448.4,32.2,2025-08-30 02:11:10,1,0.772,5.2,14.0,3.75,2025-08-30 02:11:10,0.0,0
SHP-TRK-11311,2025-08-28 20:00:00,Sanand Hub (Gujarat),Manesar Northern Plant,NH48 Western Corridor,Road (Heavy Haulage),638.7,18.2,2025-08-29 14:14:57,1,0.733,8.6,20.5,4.03,2025-08-29 14:14:57,0.0,0
SHP-TRK-11312,2025-08-28 22:00:00,Gurugram (Haryana),Oragadam Southern Plant (Chennai),Western DFC Electric Rail,Rail (Dedicated Freight Corridor),1129.9,25.1,2025-08-29 23:06:34,1,0.867,3.2,8.5,4.13,2025-08-29 23:06:34,0.0,0
SHP-TRK-11313,2025-08-29 00:00:00,Sanand Hub (Gujarat),Oragadam Southern Plant (Chennai),Chennai-Bengaluru Expressway,Rail (Dedicated Freight Corridor),341.3,7.6,2025-08-29 07:35:05,1,0.811,7.6,22.3,4.14,2025-08-30 13:41:05,30.1,1
SHP-TRK-11314,2025-08-29 04:00:00,Bengaluru Electronic City,Kundli DC,NH48 Western Corridor,Coastal Ro-Ro,418.7,12.0,2025-08-29 15:57:45,1,0.805,1.2,5.1,4.81,2025-08-29 15:57:45,0.0,0
SHP-TRK-11315,2025-08-29 07:00:00,Gurugram (Haryana),Oragadam Southern Plant (Chennai),NH48 Western Corridor,Rail (Dedicated Freight Corridor),508.6,11.3,2025-08-29 18:18:08,1,0.726,7.0,8.5,4.36,2025-08-29 18:18:08,0.0,0
SHP-TRK-11316,2025-08-29 07:00:00,Sanand Hub (Gujarat),Chakan Assembly Alpha (Pune),Coastal Maritime Lane,Rail (Dedicated Freight Corridor),1112.0,24.7,2025-08-30 07:42:42,1,0.811,5.7,13.0,4.52,2025-08-30 07:42:42,0.0,0
SHP-TRK-11317,2025-08-29 10:00:00,Sriperumbudur (Tamil Nadu),Oragadam Southern Plant (Chennai),NH48 Western Corridor,Rail (Dedicated Freight Corridor),284.6,6.3,2025-08-29 16:19:31,1,0.823,8.4,21.7,3.8,2025-08-31 02:37:31,34.3,1
SHP-TRK-11318,2025-08-29 10:00:00,Sanand Hub (Gujarat),Chakan Assembly Alpha (Pune),Western DFC Electric Rail,Rail (Dedicated Freight Corridor),839.7,18.7,2025-08-30 04:39:35,1,0.907,3.5,26.0,4.57,2025-08-30 04:39:35,0.0,0
SHP-TRK-11319,2025-08-29 10:00:00,Sriperumbudur (Tamil Nadu),Manesar Northern Plant,Golden Quadrilateral Delhi-Kolkata,Rail (Dedicated Freight Corridor),345.8,7.7,2025-08-29 17:41:00,1,0.941,1.4,8.6,4.51,2025-08-29 17:41:00,0.0,0
SHP-TRK-11320,2025-08-29 19:00:00,Sanand Hub (Gujarat),Kundli DC,Western DFC Electric Rail,Coastal Ro-Ro,827.5,23.6,2025-08-30 18:38:33,1,0.913,3.6,18.1,4.83,2025-08-30 18:38:33,0.0,0
SHP-TRK-11321,2025-08-30 03:00:00,Gurugram (Haryana),Chakan Assembly Alpha (Pune),NH48 Western Corridor,Road (Heavy Haulage),779.6,22.3,2025-08-31 01:16:24,1,0.802,4.0,21.6,4.5,2025-08-31 01:16:24,0.0,0
SHP-TRK-11322,2025-08-30 03:00:00,Pune MIDC (Maharashtra),Chakan Assembly Alpha (Pune),Golden Quadrilateral Delhi-Kolkata,Road (Heavy Haulage),889.7,25.4,2025-08-31 04:25:11,1,0.87,1.4,11.5,4.69,2025-08-31 04:25:11,0.0,0
SHP-TRK-11323,2025-08-30 04:00:00,Gurugram (Haryana),Oragadam Southern Plant (Chennai),Chennai-Bengaluru Expressway,Rail (Dedicated Freight Corridor),895.1,19.9,2025-08-30 23:53:31,1,0.854,8.2,26.2,3.73,2025-08-30 23:53:31,0.0,0
SHP-TRK-11324,2025-08-30 05:00:00,Sriperumbudur (Tamil Nadu),Bhiwandi Central DC,Golden Quadrilateral Delhi-Kolkata,Road (Heavy Haulage),469.6,13.4,2025-08-30 18:24:58,1,0.93,5.9,9.8,4.35,2025-08-31 14:24:58,20.0,1
SHP-TRK-11325,2025-08-30 05:00:00,Bengaluru Electronic City,Bhiwandi Central DC,Western DFC Electric Rail,Rail (Dedicated Freight Corridor),324.7,7.2,2025-08-30 12:12:56,1,0.96,2.4,19.0,3.72,2025-08-30 12:12:56,0.0,0
SHP-TRK-11326,2025-08-30 06:00:00,Sriperumbudur (Tamil Nadu),Chakan Assembly Alpha (Pune),Western DFC Electric Rail,Road (Express),1277.2,36.5,2025-08-31 18:29:26,1,0.953,6.2,24.4,4.37,2025-09-01 05:17:26,10.8,1
SHP-TRK-11327,2025-08-30 07:00:00,Gurugram (Haryana),Oragadam Southern Plant (Chennai),NH48 Western Corridor,Road (Heavy Haulage),772.5,22.1,2025-08-31 05:04:14,1,0.739,5.0,18.1,3.94,2025-08-31 05:04:14,0.0,0
SHP-TRK-11328,2025-08-30 09:00:00,Sriperumbudur (Tamil Nadu),Bhiwandi Central DC,Western DFC Electric Rail,Coastal Ro-Ro,301.1,8.6,2025-08-30 17:36:11,1,0.972,6.6,13.7,3.65,2025-08-30 23:48:11,6.2,1
SHP-TRK-11329,2025-08-30 12:00:00,Sanand Hub (Gujarat),Kundli DC,Golden Quadrilateral Delhi-Kolkata,Rail (Dedicated Freight Corridor),1243.7,27.6,2025-08-31 15:38:18,1,0.926,8.1,31.1,4.83,2025-08-31 15:38:18,0.0,0
SHP-TRK-11330,2025-08-30 12:00:00,Pune MIDC (Maharashtra),Chakan Assembly Alpha (Pune),Golden Quadrilateral Delhi-Kolkata,Rail (Dedicated Freight Corridor),1337.0,29.7,2025-08-31 17:42:42,1,0.817,5.7,4.8,3.49,2025-08-31 17:42:42,0.0,0
SHP-TRK-11331,2025-08-30 13:00:00,Sriperumbudur (Tamil Nadu),Bhiwandi Central DC,Western DFC Electric Rail,Road (Heavy Haulage),494.8,14.1,2025-08-31 03:08:14,1,0.751,5.1,6.7,3.45,2025-08-31 03:08:14,0.0,0
SHP-TRK-11332,2025-08-30 14:00:00,Sanand Hub (Gujarat),Oragadam Southern Plant (Chennai),NH48 Western Corridor,Rail (Dedicated Freight Corridor),938.1,20.8,2025-08-31 10:50:44,1,0.938,6.8,8.1,4.41,2025-08-31 10:50:44,0.0,0
SHP-TRK-11333,2025-08-30 14:00:00,Sanand Hub (Gujarat),Bhiwandi Central DC,Chennai-Bengaluru Expressway,Coastal Ro-Ro,1239.6,35.4,2025-09-01 01:24:57,1,0.914,6.1,23.2,4.39,2025-09-01 01:24:57,0.0,0
SHP-TRK-11334,2025-08-30 16:00:00,Bengaluru Electronic City,Oragadam Southern Plant (Chennai),NH48 Western Corridor,Air Cargo Express,1088.6,18.1,2025-08-31 10:08:35,1,0.968,6.6,31.8,3.45,2025-08-31 10:08:35,0.0,0
SHP-TRK-11335,2025-08-30 18:00:00,Pune MIDC (Maharashtra),Chakan Assembly Alpha (Pune),NH48 Western Corridor,Road (Heavy Haulage),572.3,16.4,2025-08-31 10:21:01,1,0.832,4.0,21.9,3.85,2025-08-31 10:21:01,0.0,0
SHP-TRK-11336,2025-08-30 20:00:00,Sanand Hub (Gujarat),Manesar Northern Plant,Coastal Maritime Lane,Rail (Dedicated Freight Corridor),269.1,6.0,2025-08-31 01:58:50,1,0.942,5.2,21.6,3.74,2025-08-31 13:52:50,11.9,1
SHP-TRK-11337,2025-08-30 20:00:00,Bengaluru Electronic City,Oragadam Southern Plant (Chennai),Golden Quadrilateral Delhi-Kolkata,Road (Express),959.2,27.4,2025-08-31 23:24:20,1,0.86,4.4,31.2,3.78,2025-08-31 23:24:20,0.0,0
SHP-TRK-11338,2025-08-31 00:00:00,Sanand Hub (Gujarat),Manesar Northern Plant,NH48 Western Corridor,Rail (Dedicated Freight Corridor),1246.1,27.7,2025-09-01 03:41:26,1,0.903,6.3,6.4,4.8,2025-09-01 03:41:26,0.0,0
SHP-TRK-11339,2025-08-31 06:00:00,Gurugram (Haryana),Chakan Assembly Alpha (Pune),Western DFC Electric Rail,Road (Heavy Haulage),677.0,19.3,2025-09-01 01:20:33,1,0.897,8.7,14.5,3.46,2025-09-02 13:14:33,35.9,1
SHP-TRK-11340,2025-08-31 07:00:00,Gurugram (Haryana),Manesar Northern Plant,NH48 Western Corridor,Coastal Ro-Ro,298.8,8.5,2025-08-31 15:32:17,1,0.847,4.6,13.6,4.63,2025-08-31 15:32:17,0.0,0
SHP-TRK-11341,2025-08-31 15:00:00,Sriperumbudur (Tamil Nadu),Chakan Assembly Alpha (Pune),Golden Quadrilateral Delhi-Kolkata,Road (Express),760.1,21.7,2025-09-01 12:42:59,1,0.96,2.3,11.9,4.33,2025-09-02 14:54:59,26.2,1
SHP-TRK-11342,2025-08-31 16:00:00,Bengaluru Electronic City,Chakan Assembly Alpha (Pune),NH48 Western Corridor,Road (Heavy Haulage),793.9,22.7,2025-09-01 14:41:02,1,0.784,3.1,28.6,3.45,2025-09-02 12:59:02,22.3,1
SHP-TRK-11343,2025-08-31 17:00:00,Bengaluru Electronic City,Oragadam Southern Plant (Chennai),NH48 Western Corridor,Road (Heavy Haulage),1294.4,37.0,2025-09-02 05:58:54,1,0.964,1.6,14.1,3.52,2025-09-02 05:58:54,0.0,0
SHP-TRK-11344,2025-08-31 19:00:00,Sriperumbudur (Tamil Nadu),Kundli DC,Western DFC Electric Rail,Coastal Ro-Ro,445.3,12.7,2025-09-01 07:43:22,1,0.773,8.1,29.6,4.55,2025-09-01 07:43:22,0.0,0
SHP-TRK-11345,2025-08-31 22:00:00,Pune MIDC (Maharashtra),Manesar Northern Plant,Golden Quadrilateral Delhi-Kolkata,Road (Express),890.8,25.5,2025-09-01 23:27:05,1,0.782,7.0,17.5,4.45,2025-09-03 02:09:05,26.7,1
SHP-TRK-11346,2025-09-01 00:00:00,Gurugram (Haryana),Chakan Assembly Alpha (Pune),NH48 Western Corridor,Rail (Dedicated Freight Corridor),1334.3,29.7,2025-09-02 05:39:03,1,0.746,6.2,26.3,4.68,2025-09-04 04:45:03,47.1,1
SHP-TRK-11347,2025-09-01 02:00:00,Bengaluru Electronic City,Chakan Assembly Alpha (Pune),NH48 Western Corridor,Road (Heavy Haulage),1318.0,37.7,2025-09-02 15:39:21,1,0.971,1.6,17.5,3.54,2025-09-02 15:39:21,0.0,0
SHP-TRK-11348,2025-09-01 02:00:00,Bengaluru Electronic City,Oragadam Southern Plant (Chennai),Golden Quadrilateral Delhi-Kolkata,Rail (Dedicated Freight Corridor),1094.2,24.3,2025-09-02 02:18:54,1,0.756,7.5,23.2,4.07,2025-09-02 02:18:54,0.0,0
SHP-TRK-11349,2025-09-01 03:00:00,Gurugram (Haryana),Bhiwandi Central DC,NH48 Western Corridor,Road (Heavy Haulage),1369.4,39.1,2025-09-02 18:07:29,1,0.906,8.4,26.4,3.84,2025-09-02 23:49:29,5.7,1
SHP-TRK-11350,2025-09-01 04:00:00,Gurugram (Haryana),Oragadam Southern Plant (Chennai),Golden Quadrilateral Delhi-Kolkata,Road (Heavy Haulage),1130.8,32.3,2025-09-02 12:18:31,1,0.794,3.4,17.4,3.88,2025-09-03 14:06:31,25.8,1
SHP-TRK-11351,2025-09-01 11:00:00,Gurugram (Haryana),Bhiwandi Central DC,NH48 Western Corridor,Rail (Dedicated Freight Corridor),869.6,19.3,2025-09-02 06:19:26,1,0.836,3.7,27.8,4.65,2025-09-02 06:19:26,0.0,0
SHP-TRK-11352,2025-09-01 15:00:00,Sanand Hub (Gujarat),Chakan Assembly Alpha (Pune),Western DFC Electric Rail,Coastal Ro-Ro,861.7,24.6,2025-09-02 15:37:14,1,0.856,2.7,24.3,4.26,2025-09-03 07:31:14,15.9,1
SHP-TRK-11353,2025-09-01 18:00:00,Gurugram (Haryana),Oragadam Southern Plant (Chennai),Western DFC Electric Rail,Road (Heavy Haulage),359.6,10.3,2025-09-02 04:16:26,1,0.773,1.2,18.6,4.8,2025-09-02 17:10:26,12.9,1
SHP-TRK-11354,2025-09-01 23:00:00,Pune MIDC (Maharashtra),Chakan Assembly Alpha (Pune),Golden Quadrilateral Delhi-Kolkata,Road (Heavy Haulage),1323.6,37.8,2025-09-03 12:49:06,1,0.729,7.5,19.9,4.52,2025-09-05 13:07:06,48.3,1
SHP-TRK-11355,2025-09-02 00:00:00,Gurugram (Haryana),Oragadam Southern Plant (Chennai),Western DFC Electric Rail,Rail (Dedicated Freight Corridor),635.9,14.1,2025-09-02 14:07:52,1,0.868,2.9,8.4,4.51,2025-09-02 14:07:52,0.0,0
SHP-TRK-11356,2025-09-02 00:00:00,Gurugram (Haryana),Oragadam Southern Plant (Chennai),NH48 Western Corridor,Rail (Dedicated Freight Corridor),1335.4,29.7,2025-09-03 05:40:28,1,0.868,7.2,26.3,4.84,2025-09-03 20:10:28,14.5,1
SHP-TRK-11357,2025-09-02 03:00:00,Sanand Hub (Gujarat),Manesar Northern Plant,NH48 Western Corridor,Coastal Ro-Ro,1283.7,36.7,2025-09-03 15:40:41,1,0.963,7.0,10.9,3.45,2025-09-03 15:40:41,0.0,0
SHP-TRK-11358,2025-09-02 03:00:00,Pune MIDC (Maharashtra),Bhiwandi Central DC,NH48 Western Corridor,Rail (Dedicated Freight Corridor),342.2,7.6,2025-09-02 10:36:13,1,0.916,6.8,29.6,4.64,2025-09-02 10:36:13,0.0,0
SHP-TRK-11359,2025-09-02 05:00:00,Pune MIDC (Maharashtra),Manesar Northern Plant,Coastal Maritime Lane,Road (Heavy Haulage),1031.2,29.5,2025-09-03 10:27:42,1,0.824,1.7,12.5,3.81,2025-09-03 10:27:42,0.0,0
SHP-TRK-11360,2025-09-02 05:00:00,Sanand Hub (Gujarat),Oragadam Southern Plant (Chennai),Chennai-Bengaluru Expressway,Road (Heavy Haulage),831.2,23.7,2025-09-03 04:44:59,1,0.869,2.2,13.4,4.56,2025-09-04 07:50:59,27.1,1
SHP-TRK-11361,2025-09-02 13:00:00,Sanand Hub (Gujarat),Manesar Northern Plant,Coastal Maritime Lane,Road (Heavy Haulage),1392.5,39.8,2025-09-04 04:47:13,1,0.866,6.6,26.5,4.45,2025-09-04 04:47:13,0.0,0
SHP-TRK-11362,2025-09-02 13:00:00,Gurugram (Haryana),Manesar Northern Plant,Chennai-Bengaluru Expressway,Rail (Dedicated Freight Corridor),1053.9,23.4,2025-09-03 12:25:09,1,0.911,2.9,14.7,4.08,2025-09-04 02:19:09,13.9,1
SHP-TRK-11363,2025-09-02 15:00:00,Gurugram (Haryana),Manesar Northern Plant,NH48 Western Corridor,Road (Express),1247.9,35.7,2025-09-04 02:39:10,1,0.88,6.6,12.6,4.28,2025-09-04 20:45:10,18.1,1
SHP-TRK-11364,2025-09-02 16:00:00,Gurugram (Haryana),Bhiwandi Central DC,Golden Quadrilateral Delhi-Kolkata,Coastal Ro-Ro,1416.3,40.5,2025-09-04 08:27:56,1,0.936,3.2,16.3,3.41,2025-09-04 08:27:56,0.0,0
SHP-TRK-11365,2025-09-02 17:00:00,Sanand Hub (Gujarat),Chakan Assembly Alpha (Pune),Western DFC Electric Rail,Road (Express),625.1,17.9,2025-09-03 10:51:34,1,0.918,7.7,31.3,3.86,2025-09-03 23:33:34,12.7,1
SHP-TRK-11366,2025-09-02 18:00:00,Sanand Hub (Gujarat),Chakan Assembly Alpha (Pune),Coastal Maritime Lane,Road (Heavy Haulage),251.0,7.2,2025-09-03 01:10:19,1,0.771,2.5,24.2,3.62,2025-09-03 13:46:19,12.6,1
SHP-TRK-11367,2025-09-02 20:00:00,Bengaluru Electronic City,Chakan Assembly Alpha (Pune),NH48 Western Corridor,Rail (Dedicated Freight Corridor),1198.6,26.6,2025-09-03 22:38:08,1,0.867,6.8,16.0,3.55,2025-09-03 22:38:08,0.0,0
SHP-TRK-11368,2025-09-02 22:00:00,Sriperumbudur (Tamil Nadu),Oragadam Southern Plant (Chennai),Golden Quadrilateral Delhi-Kolkata,Rail (Dedicated Freight Corridor),1249.0,27.8,2025-09-04 01:45:20,1,0.915,2.2,21.6,3.97,2025-09-04 22:21:20,20.6,1
SHP-TRK-11369,2025-09-02 23:00:00,Sanand Hub (Gujarat),Bhiwandi Central DC,NH48 Western Corridor,Rail (Dedicated Freight Corridor),286.9,6.4,2025-09-03 05:22:29,1,0.86,8.4,20.9,3.6,2025-09-03 05:22:29,0.0,0
SHP-TRK-11370,2025-09-02 23:00:00,Sriperumbudur (Tamil Nadu),Bhiwandi Central DC,NH48 Western Corridor,Rail (Dedicated Freight Corridor),949.5,21.1,2025-09-03 20:05:57,1,0.879,6.8,25.4,4.4,2025-09-03 20:05:57,0.0,0
SHP-TRK-11371,2025-09-02 23:00:00,Sanand Hub (Gujarat),Oragadam Southern Plant (Chennai),Coastal Maritime Lane,Road (Express),344.7,9.8,2025-09-03 08:50:58,1,0.859,3.5,10.7,3.41,2025-09-04 01:50:58,17.0,1
SHP-TRK-11372,2025-09-02 23:00:00,Pune MIDC (Maharashtra),Bhiwandi Central DC,NH48 Western Corridor,Coastal Ro-Ro,963.5,27.5,2025-09-04 02:31:39,1,0.831,3.7,20.1,3.43,2025-09-04 02:31:39,0.0,0
SHP-TRK-11373,2025-09-03 02:00:00,Gurugram (Haryana),Bhiwandi Central DC,Golden Quadrilateral Delhi-Kolkata,Road (Express),716.9,20.5,2025-09-03 22:28:55,1,0.915,4.1,29.2,4.23,2025-09-04 07:16:55,8.8,1
SHP-TRK-11374,2025-09-03 05:00:00,Bengaluru Electronic City,Oragadam Southern Plant (Chennai),Chennai-Bengaluru Expressway,Rail (Dedicated Freight Corridor),877.8,19.5,2025-09-04 00:30:26,1,0.814,3.0,15.7,4.52,2025-09-04 00:30:26,0.0,0
SHP-TRK-11375,2025-09-03 06:00:00,Sanand Hub (Gujarat),Chakan Assembly Alpha (Pune),NH48 Western Corridor,Road (Heavy Haulage),720.1,20.6,2025-09-04 02:34:27,1,0.926,3.6,18.3,3.75,2025-09-04 02:34:27,0.0,0
SHP-TRK-11376,2025-09-03 07:00:00,Pune MIDC (Maharashtra),Oragadam Southern Plant (Chennai),Chennai-Bengaluru Expressway,Road (Heavy Haulage),542.2,15.5,2025-09-03 22:29:28,1,0.95,5.5,21.3,4.63,2025-09-03 22:29:28,0.0,0
SHP-TRK-11377,2025-09-03 10:00:00,Sriperumbudur (Tamil Nadu),Bhiwandi Central DC,Western DFC Electric Rail,Road (Heavy Haulage),324.5,9.3,2025-09-03 19:16:15,1,0.743,7.6,6.1,3.4,2025-09-04 21:28:15,26.2,1
SHP-TRK-11378,2025-09-03 11:00:00,Bengaluru Electronic City,Manesar Northern Plant,Golden Quadrilateral Delhi-Kolkata,Rail (Dedicated Freight Corridor),857.1,19.0,2025-09-04 06:02:48,1,0.852,6.8,18.2,4.75,2025-09-04 06:02:48,0.0,0
SHP-TRK-11379,2025-09-03 15:00:00,Bengaluru Electronic City,Oragadam Southern Plant (Chennai),Western DFC Electric Rail,Road (Heavy Haulage),285.7,8.2,2025-09-03 23:09:48,1,0.851,7.4,19.6,3.8,2025-09-05 00:45:48,25.6,1
SHP-TRK-11380,2025-09-03 15:00:00,Pune MIDC (Maharashtra),Manesar Northern Plant,Coastal Maritime Lane,Road (Heavy Haulage),490.8,14.0,2025-09-04 05:01:19,1,0.977,1.1,11.7,4.5,2025-09-04 09:13:19,4.2,1
SHP-TRK-11381,2025-09-03 16:00:00,Sriperumbudur (Tamil Nadu),Bhiwandi Central DC,Western DFC Electric Rail,Road (Heavy Haulage),1040.9,29.7,2025-09-04 21:44:27,1,0.834,6.6,21.9,4.48,2025-09-05 23:02:27,25.3,1
SHP-TRK-11382,2025-09-03 18:00:00,Sriperumbudur (Tamil Nadu),Chakan Assembly Alpha (Pune),NH48 Western Corridor,Road (Heavy Haulage),585.9,16.7,2025-09-04 10:44:25,1,0.779,7.4,22.1,4.78,2025-09-04 18:20:25,7.6,1
SHP-TRK-11383,2025-09-03 20:00:00,Sanand Hub (Gujarat),Bhiwandi Central DC,Golden Quadrilateral Delhi-Kolkata,Coastal Ro-Ro,1441.4,41.2,2025-09-05 13:11:01,1,0.889,2.7,10.1,3.41,2025-09-05 13:11:01,0.0,0
SHP-TRK-11384,2025-09-03 21:00:00,Sriperumbudur (Tamil Nadu),Chakan Assembly Alpha (Pune),NH48 Western Corridor,Road (Express),825.9,23.6,2025-09-04 20:35:54,1,0.971,2.9,24.3,3.73,2025-09-04 20:35:54,0.0,0
SHP-TRK-11385,2025-09-03 21:00:00,Sriperumbudur (Tamil Nadu),Oragadam Southern Plant (Chennai),Western DFC Electric Rail,Road (Express),821.2,23.5,2025-09-04 20:27:44,1,0.923,2.9,25.2,4.72,2025-09-04 20:27:44,0.0,0
SHP-TRK-11386,2025-09-03 23:00:00,Pune MIDC (Maharashtra),Oragadam Southern Plant (Chennai),NH48 Western Corridor,Coastal Ro-Ro,1016.4,29.0,2025-09-05 04:02:18,1,0.762,8.8,23.9,3.5,2025-09-05 04:02:18,0.0,0
SHP-TRK-11387,2025-09-04 00:00:00,Pune MIDC (Maharashtra),Bhiwandi Central DC,NH48 Western Corridor,Rail (Dedicated Freight Corridor),837.6,18.6,2025-09-04 18:36:50,1,0.749,4.8,11.2,3.64,2025-09-04 18:36:50,0.0,0
SHP-TRK-11388,2025-09-04 00:00:00,Sanand Hub (Gujarat),Chakan Assembly Alpha (Pune),Western DFC Electric Rail,Coastal Ro-Ro,726.1,20.7,2025-09-04 20:44:43,1,0.859,6.0,29.9,4.86,2025-09-05 05:38:43,8.9,1
SHP-TRK-11389,2025-09-04 03:00:00,Bengaluru Electronic City,Chakan Assembly Alpha (Pune),NH48 Western Corridor,Road (Heavy Haulage),1437.9,41.1,2025-09-05 20:04:59,1,0.793,8.4,31.9,3.52,2025-09-06 00:34:59,4.5,1
SHP-TRK-11390,2025-09-04 03:00:00,Bengaluru Electronic City,Oragadam Southern Plant (Chennai),Western DFC Electric Rail,Rail (Dedicated Freight Corridor),1370.9,30.5,2025-09-05 09:27:51,1,0.859,6.5,29.2,3.56,2025-09-05 17:09:51,7.7,1
SHP-TRK-11391,2025-09-04 04:00:00,Sanand Hub (Gujarat),Oragadam Southern Plant (Chennai),Western DFC Electric Rail,Road (Heavy Haulage),1429.0,40.8,2025-09-05 20:49:41,1,0.761,5.3,7.2,4.82,2025-09-06 11:19:41,14.5,1
SHP-TRK-11392,2025-09-04 04:00:00,Bengaluru Electronic City,Chakan Assembly Alpha (Pune),NH48 Western Corridor,Road (Heavy Haulage),526.0,15.0,2025-09-04 19:01:41,1,0.881,1.5,17.3,4.03,2025-09-04 19:01:41,0.0,0
SHP-TRK-11393,2025-09-04 06:00:00,Sanand Hub (Gujarat),Kundli DC,Golden Quadrilateral Delhi-Kolkata,Road (Heavy Haulage),640.8,18.3,2025-09-05 00:18:28,1,0.844,4.1,13.9,4.73,2025-09-05 10:30:28,10.2,1
SHP-TRK-11394,2025-09-04 10:00:00,Sriperumbudur (Tamil Nadu),Chakan Assembly Alpha (Pune),Chennai-Bengaluru Expressway,Rail (Dedicated Freight Corridor),1090.0,24.2,2025-09-05 10:13:23,1,0.759,7.9,12.8,4.19,2025-09-05 10:13:23,0.0,0
SHP-TRK-11395,2025-09-04 12:00:00,Gurugram (Haryana),Kundli DC,NH48 Western Corridor,Coastal Ro-Ro,1356.3,38.8,2025-09-06 02:45:01,1,0.734,3.1,18.7,4.31,2025-09-06 02:45:01,0.0,0
SHP-TRK-11396,2025-09-04 16:00:00,Bengaluru Electronic City,Kundli DC,NH48 Western Corridor,Road (Heavy Haulage),1354.9,38.7,2025-09-06 06:42:39,1,0.74,5.9,23.2,3.66,2025-09-07 03:18:39,20.6,1
SHP-TRK-11397,2025-09-04 16:00:00,Gurugram (Haryana),Chakan Assembly Alpha (Pune),NH48 Western Corridor,Road (Heavy Haulage),904.3,25.8,2025-09-05 17:50:08,1,0.894,8.5,24.8,4.12,2025-09-07 11:38:08,41.8,1
SHP-TRK-11398,2025-09-04 18:00:00,Sriperumbudur (Tamil Nadu),Manesar Northern Plant,Chennai-Bengaluru Expressway,Road (Heavy Haulage),472.2,13.5,2025-09-05 07:29:30,1,0.864,6.8,29.4,4.16,2025-09-05 07:29:30,0.0,0
SHP-TRK-11399,2025-09-04 19:00:00,Sriperumbudur (Tamil Nadu),Oragadam Southern Plant (Chennai),Coastal Maritime Lane,Rail (Dedicated Freight Corridor),1366.8,30.4,2025-09-06 01:22:27,1,0.953,2.1,27.9,3.94,2025-09-06 01:22:27,0.0,0
SHP-TRK-11400,2025-09-04 20:00:00,Sriperumbudur (Tamil Nadu),Bhiwandi Central DC,Coastal Maritime Lane,Rail (Dedicated Freight Corridor),796.9,17.7,2025-09-05 13:42:28,1,0.906,7.3,18.1,4.22,2025-09-05 13:42:28,0.0,0
SHP-TRK-11401,2025-09-04 21:00:00,Bengaluru Electronic City,Chakan Assembly Alpha (Pune),Golden Quadrilateral Delhi-Kolkata,Road (Heavy Haulage),1355.5,38.7,2025-09-06 11:43:47,1,0.785,3.8,8.7,4.84,2025-09-06 11:43:47,0.0,0
SHP-TRK-11402,2025-09-04 22:00:00,Sriperumbudur (Tamil Nadu),Manesar Northern Plant,NH48 Western Corridor,Rail (Dedicated Freight Corridor),1125.4,25.0,2025-09-05 23:00:32,1,0.877,6.3,29.2,4.57,2025-09-05 23:00:32,0.0,0
SHP-TRK-11403,2025-09-05 01:00:00,Gurugram (Haryana),Kundli DC,NH48 Western Corridor,Rail (Dedicated Freight Corridor),801.0,17.8,2025-09-05 18:47:56,1,0.925,1.2,6.1,4.15,2025-09-06 17:11:56,22.4,1
SHP-TRK-11404,2025-09-05 07:00:00,Bengaluru Electronic City,Chakan Assembly Alpha (Pune),NH48 Western Corridor,Road (Express),568.4,16.2,2025-09-05 23:14:22,1,0.89,5.5,14.5,3.81,2025-09-05 23:14:22,0.0,0
SHP-TRK-11405,2025-09-05 10:00:00,Pune MIDC (Maharashtra),Chakan Assembly Alpha (Pune),Golden Quadrilateral Delhi-Kolkata,Road (Heavy Haulage),1099.5,31.4,2025-09-06 17:24:48,1,0.767,1.9,27.6,3.89,2025-09-06 17:24:48,0.0,0
SHP-TRK-11406,2025-09-05 18:00:00,Sriperumbudur (Tamil Nadu),Chakan Assembly Alpha (Pune),NH48 Western Corridor,Rail (Dedicated Freight Corridor),719.9,16.0,2025-09-06 09:59:53,1,0.739,4.8,16.1,3.47,2025-09-06 09:59:53,0.0,0
SHP-TRK-11407,2025-09-05 20:00:00,Bengaluru Electronic City,Bhiwandi Central DC,Golden Quadrilateral Delhi-Kolkata,Road (Heavy Haulage),693.4,19.8,2025-09-06 15:48:38,1,0.83,5.5,30.6,4.31,2025-09-06 20:18:38,4.5,1
SHP-TRK-11408,2025-09-06 04:00:00,Gurugram (Haryana),Kundli DC,Western DFC Electric Rail,Rail (Dedicated Freight Corridor),1024.0,22.8,2025-09-07 02:45:16,1,0.864,6.1,28.5,4.15,2025-09-07 02:45:16,0.0,0
SHP-TRK-11409,2025-09-06 05:00:00,Bengaluru Electronic City,Manesar Northern Plant,Western DFC Electric Rail,Rail (Dedicated Freight Corridor),269.6,6.0,2025-09-06 10:59:25,1,0.765,4.9,27.1,4.18,2025-09-06 10:59:25,0.0,0
SHP-TRK-11410,2025-09-06 10:00:00,Bengaluru Electronic City,Chakan Assembly Alpha (Pune),Chennai-Bengaluru Expressway,Coastal Ro-Ro,344.2,9.8,2025-09-06 19:50:02,1,0.907,3.8,31.9,3.76,2025-09-06 19:50:02,0.0,0
SHP-TRK-11411,2025-09-06 15:00:00,Sriperumbudur (Tamil Nadu),Bhiwandi Central DC,Golden Quadrilateral Delhi-Kolkata,Road (Heavy Haulage),323.7,9.2,2025-09-07 00:14:53,1,0.959,1.6,29.6,4.07,2025-09-07 00:14:53,0.0,0
SHP-TRK-11412,2025-09-06 16:00:00,Gurugram (Haryana),Kundli DC,NH48 Western Corridor,Rail (Dedicated Freight Corridor),857.4,19.1,2025-09-07 11:03:12,1,0.858,5.1,20.2,4.47,2025-09-08 08:27:12,21.4,1
SHP-TRK-11413,2025-09-06 18:00:00,Sanand Hub (Gujarat),Manesar Northern Plant,Golden Quadrilateral Delhi-Kolkata,Rail (Dedicated Freight Corridor),352.5,7.8,2025-09-07 01:49:58,1,0.883,3.2,18.4,4.46,2025-09-07 01:49:58,0.0,0
SHP-TRK-11414,2025-09-06 19:00:00,Sanand Hub (Gujarat),Manesar Northern Plant,NH48 Western Corridor,Coastal Ro-Ro,1273.5,36.4,2025-09-08 07:23:07,1,0.903,7.2,12.3,3.94,2025-09-09 20:29:07,37.1,1
SHP-TRK-11415,2025-09-06 20:00:00,Sanand Hub (Gujarat),Manesar Northern Plant,Golden Quadrilateral Delhi-Kolkata,Road (Heavy Haulage),1020.1,29.1,2025-09-08 01:08:44,1,0.947,7.3,7.6,4.03,2025-09-09 02:02:44,24.9,1
SHP-TRK-11416,2025-09-06 22:00:00,Gurugram (Haryana),Manesar Northern Plant,Chennai-Bengaluru Expressway,Road (Heavy Haulage),371.0,10.6,2025-09-07 08:35:56,1,0.757,6.9,28.3,3.93,2025-09-07 17:23:56,8.8,1
SHP-TRK-11417,2025-09-07 02:00:00,Bengaluru Electronic City,Oragadam Southern Plant (Chennai),Western DFC Electric Rail,Road (Heavy Haulage),1330.5,38.0,2025-09-08 16:00:50,1,0.8,2.5,27.6,4.8,2025-09-08 16:00:50,0.0,0
SHP-TRK-11418,2025-09-07 08:00:00,Sanand Hub (Gujarat),Chakan Assembly Alpha (Pune),Western DFC Electric Rail,Rail (Dedicated Freight Corridor),826.2,18.4,2025-09-08 02:21:36,1,0.876,2.4,17.7,4.05,2025-09-08 02:21:36,0.0,0
SHP-TRK-11419,2025-09-07 09:00:00,Sriperumbudur (Tamil Nadu),Oragadam Southern Plant (Chennai),NH48 Western Corridor,Road (Heavy Haulage),743.1,21.2,2025-09-08 06:13:51,1,0.726,6.3,27.7,4.88,2025-09-08 10:55:51,4.7,1
SHP-TRK-11420,2025-09-07 12:00:00,Bengaluru Electronic City,Chakan Assembly Alpha (Pune),Golden Quadrilateral Delhi-Kolkata,Road (Heavy Haulage),602.7,17.2,2025-09-08 05:13:11,1,0.869,4.3,7.7,4.32,2025-09-09 03:19:11,22.1,1
SHP-TRK-11421,2025-09-07 12:00:00,Sanand Hub (Gujarat),Chakan Assembly Alpha (Pune),Chennai-Bengaluru Expressway,Rail (Dedicated Freight Corridor),669.4,14.9,2025-09-08 02:52:29,1,0.875,2.4,13.1,4.0,2025-09-09 03:22:29,24.5,1
SHP-TRK-11422,2025-09-07 14:00:00,Pune MIDC (Maharashtra),Manesar Northern Plant,NH48 Western Corridor,Road (Express),472.1,13.5,2025-09-08 03:29:21,1,0.973,6.7,27.4,4.51,2025-09-08 13:35:21,10.1,1
SHP-TRK-11423,2025-09-07 15:00:00,Sanand Hub (Gujarat),Manesar Northern Plant,NH48 Western Corridor,Road (Heavy Haulage),533.2,15.2,2025-09-08 06:14:00,1,0.794,1.9,21.9,4.75,2025-09-08 14:50:00,8.6,1
SHP-TRK-11424,2025-09-07 16:00:00,Bengaluru Electronic City,Oragadam Southern Plant (Chennai),Coastal Maritime Lane,Road (Express),280.0,8.0,2025-09-08 00:00:04,1,0.837,5.9,13.3,4.86,2025-09-08 00:00:04,0.0,0
SHP-TRK-11425,2025-09-07 19:00:00,Gurugram (Haryana),Chakan Assembly Alpha (Pune),Coastal Maritime Lane,Road (Heavy Haulage),800.4,22.9,2025-09-08 17:52:02,1,0.774,6.7,12.3,3.64,2025-09-10 03:28:02,33.6,1
SHP-TRK-11426,2025-09-07 23:00:00,Sanand Hub (Gujarat),Chakan Assembly Alpha (Pune),NH48 Western Corridor,Rail (Dedicated Freight Corridor),815.9,18.1,2025-09-08 17:07:53,1,0.883,7.8,10.8,3.75,2025-09-08 17:07:53,0.0,0
SHP-TRK-11427,2025-09-08 00:00:00,Sriperumbudur (Tamil Nadu),Oragadam Southern Plant (Chennai),Golden Quadrilateral Delhi-Kolkata,Road (Heavy Haulage),511.3,14.6,2025-09-08 14:36:32,1,0.766,3.9,22.5,3.41,2025-09-08 21:24:32,6.8,1
SHP-TRK-11428,2025-09-08 01:00:00,Bengaluru Electronic City,Oragadam Southern Plant (Chennai),NH48 Western Corridor,Road (Heavy Haulage),765.1,21.9,2025-09-08 22:51:36,1,0.925,6.7,28.2,3.91,2025-09-11 02:21:36,51.5,1
SHP-TRK-11429,2025-09-08 03:00:00,Gurugram (Haryana),Chakan Assembly Alpha (Pune),NH48 Western Corridor,Rail (Dedicated Freight Corridor),676.9,15.0,2025-09-08 18:02:33,1,0.939,7.0,31.8,4.09,2025-09-08 18:02:33,0.0,0
SHP-TRK-11430,2025-09-08 05:00:00,Sanand Hub (Gujarat),Kundli DC,Golden Quadrilateral Delhi-Kolkata,Rail (Dedicated Freight Corridor),738.1,16.4,2025-09-08 21:24:07,1,0.862,8.5,9.1,4.59,2025-09-09 03:42:07,6.3,1
SHP-TRK-11431,2025-09-08 10:00:00,Sanand Hub (Gujarat),Chakan Assembly Alpha (Pune),Western DFC Electric Rail,Road (Heavy Haulage),737.5,21.1,2025-09-09 07:04:20,1,0.732,8.7,30.7,4.27,2025-09-10 05:28:20,22.4,1
SHP-TRK-11432,2025-09-08 10:00:00,Sanand Hub (Gujarat),Chakan Assembly Alpha (Pune),Western DFC Electric Rail,Rail (Dedicated Freight Corridor),599.5,13.3,2025-09-08 23:19:18,1,0.93,4.9,22.5,4.2,2025-09-08 23:19:18,0.0,0
SHP-TRK-11433,2025-09-08 14:00:00,Bengaluru Electronic City,Oragadam Southern Plant (Chennai),Golden Quadrilateral Delhi-Kolkata,Road (Express),675.1,19.3,2025-09-09 09:17:15,1,0.901,8.5,21.7,3.56,2025-09-10 05:11:15,19.9,1
SHP-TRK-11434,2025-09-08 14:00:00,Gurugram (Haryana),Oragadam Southern Plant (Chennai),NH48 Western Corridor,Road (Heavy Haulage),706.9,20.2,2025-09-09 10:11:53,1,0.955,1.2,17.6,3.99,2025-09-09 10:11:53,0.0,0
SHP-TRK-11435,2025-09-08 23:00:00,Bengaluru Electronic City,Manesar Northern Plant,NH48 Western Corridor,Rail (Dedicated Freight Corridor),272.3,6.1,2025-09-09 05:03:01,1,0.879,8.4,7.4,4.61,2025-09-09 15:33:01,10.5,1
SHP-TRK-11436,2025-09-09 00:00:00,Bengaluru Electronic City,Bhiwandi Central DC,Coastal Maritime Lane,Road (Heavy Haulage),922.9,26.4,2025-09-10 02:22:06,1,0.891,3.9,26.0,3.99,2025-09-10 07:04:06,4.7,1
SHP-TRK-11437,2025-09-09 02:00:00,Gurugram (Haryana),Bhiwandi Central DC,Western DFC Electric Rail,Rail (Dedicated Freight Corridor),405.9,9.0,2025-09-09 11:01:09,1,0.939,7.3,22.6,4.85,2025-09-09 11:01:09,0.0,0
SHP-TRK-11438,2025-09-09 03:00:00,Gurugram (Haryana),Manesar Northern Plant,Western DFC Electric Rail,Road (Heavy Haulage),940.5,26.9,2025-09-10 05:52:20,1,0.823,3.5,15.7,4.04,2025-09-10 05:52:20,0.0,0
SHP-TRK-11439,2025-09-09 04:00:00,Bengaluru Electronic City,Bhiwandi Central DC,NH48 Western Corridor,Rail (Dedicated Freight Corridor),692.0,15.4,2025-09-09 19:22:38,1,0.95,7.0,13.4,3.51,2025-09-09 19:22:38,0.0,0
SHP-TRK-11440,2025-09-09 10:00:00,Gurugram (Haryana),Chakan Assembly Alpha (Pune),Western DFC Electric Rail,Road (Heavy Haulage),680.8,19.5,2025-09-10 05:27:01,1,0.86,7.4,27.7,3.62,2025-09-10 17:21:01,11.9,1
SHP-TRK-11441,2025-09-09 12:00:00,Sanand Hub (Gujarat),Manesar Northern Plant,Golden Quadrilateral Delhi-Kolkata,Road (Heavy Haulage),896.9,25.6,2025-09-10 13:37:33,1,0.772,5.3,9.5,4.09,2025-09-11 16:07:33,26.5,1
SHP-TRK-11442,2025-09-10 02:00:00,Sanand Hub (Gujarat),Manesar Northern Plant,Golden Quadrilateral Delhi-Kolkata,Road (Heavy Haulage),825.2,23.6,2025-09-11 01:34:40,1,0.838,7.8,24.0,4.71,2025-09-11 10:28:40,8.9,1
SHP-TRK-11443,2025-09-10 05:00:00,Sanand Hub (Gujarat),Oragadam Southern Plant (Chennai),Western DFC Electric Rail,Road (Express),1162.6,33.2,2025-09-11 14:13:05,1,0.909,6.5,27.1,4.11,2025-09-12 01:25:05,11.2,1
SHP-TRK-11444,2025-09-10 09:00:00,Pune MIDC (Maharashtra),Bhiwandi Central DC,NH48 Western Corridor,Road (Heavy Haulage),1366.9,39.1,2025-09-12 00:03:14,1,0.87,2.4,22.8,4.64,2025-09-12 00:03:14,0.0,0
SHP-TRK-11445,2025-09-10 12:00:00,Pune MIDC (Maharashtra),Chakan Assembly Alpha (Pune),Western DFC Electric Rail,Air Cargo Express,1317.1,22.0,2025-09-11 09:57:08,1,0.806,1.5,17.6,4.47,2025-09-11 09:57:08,0.0,0
SHP-TRK-11446,2025-09-10 18:00:00,Gurugram (Haryana),Manesar Northern Plant,Western DFC Electric Rail,Air Cargo Express,1176.0,19.6,2025-09-11 13:35:58,1,0.939,6.7,18.5,4.45,2025-09-11 13:35:58,0.0,0
SHP-TRK-11447,2025-09-10 23:00:00,Bengaluru Electronic City,Bhiwandi Central DC,Western DFC Electric Rail,Coastal Ro-Ro,1091.3,31.2,2025-09-12 06:10:46,1,0.912,6.3,19.5,4.07,2025-09-12 06:10:46,0.0,0
SHP-TRK-11448,2025-09-11 01:00:00,Sanand Hub (Gujarat),Bhiwandi Central DC,Chennai-Bengaluru Expressway,Rail (Dedicated Freight Corridor),416.3,9.3,2025-09-11 10:15:00,1,0.728,8.5,8.6,4.63,2025-09-11 10:15:00,0.0,0
SHP-TRK-11449,2025-09-11 08:00:00,Pune MIDC (Maharashtra),Chakan Assembly Alpha (Pune),Chennai-Bengaluru Expressway,Rail (Dedicated Freight Corridor),760.6,16.9,2025-09-12 00:54:11,1,0.828,4.5,6.8,4.7,2025-09-12 00:54:11,0.0,0
SHP-TRK-11450,2025-09-11 10:00:00,Gurugram (Haryana),Manesar Northern Plant,NH48 Western Corridor,Road (Express),1051.0,30.0,2025-09-12 16:01:46,1,0.889,8.2,27.3,4.7,2025-09-12 16:01:46,0.0,0
SHP-TRK-11451,2025-09-11 11:00:00,Gurugram (Haryana),Chakan Assembly Alpha (Pune),Western DFC Electric Rail,Road (Express),706.5,20.2,2025-09-12 07:11:12,1,0.735,6.4,13.5,4.77,2025-09-13 03:11:12,20.0,1
SHP-TRK-11452,2025-09-11 13:00:00,Pune MIDC (Maharashtra),Oragadam Southern Plant (Chennai),NH48 Western Corridor,Road (Heavy Haulage),696.9,19.9,2025-09-12 08:54:42,1,0.749,8.8,20.3,4.22,2025-09-12 19:00:42,10.1,1
SHP-TRK-11453,2025-09-11 14:00:00,Sriperumbudur (Tamil Nadu),Chakan Assembly Alpha (Pune),NH48 Western Corridor,Coastal Ro-Ro,269.4,7.7,2025-09-11 21:41:51,1,0.74,5.6,8.3,4.33,2025-09-12 08:23:51,10.7,1
SHP-TRK-11454,2025-09-11 17:00:00,Sanand Hub (Gujarat),Oragadam Southern Plant (Chennai),NH48 Western Corridor,Road (Heavy Haulage),857.3,24.5,2025-09-12 17:29:38,1,0.742,1.4,18.8,4.04,2025-09-12 22:53:38,5.4,1
SHP-TRK-11455,2025-09-11 18:00:00,Gurugram (Haryana),Manesar Northern Plant,Chennai-Bengaluru Expressway,Road (Express),1417.2,40.5,2025-09-13 10:29:24,1,0.918,5.9,14.5,4.89,2025-09-14 06:41:24,20.2,1
SHP-TRK-11456,2025-09-11 23:00:00,Bengaluru Electronic City,Manesar Northern Plant,Western DFC Electric Rail,Rail (Dedicated Freight Corridor),742.4,16.5,2025-09-12 15:29:49,1,0.851,3.9,25.1,4.72,2025-09-12 15:29:49,0.0,0
SHP-TRK-11457,2025-09-12 07:00:00,Sanand Hub (Gujarat),Bhiwandi Central DC,NH48 Western Corridor,Road (Heavy Haulage),1122.1,32.1,2025-09-13 15:03:36,1,0.799,1.4,14.8,3.89,2025-09-13 15:03:36,0.0,0
SHP-TRK-11458,2025-09-12 11:00:00,Sriperumbudur (Tamil Nadu),Manesar Northern Plant,Chennai-Bengaluru Expressway,Road (Express),769.1,22.0,2025-09-13 08:58:25,1,0.763,3.6,16.4,3.42,2025-09-13 08:58:25,0.0,0
SHP-TRK-11459,2025-09-12 15:00:00,Bengaluru Electronic City,Bhiwandi Central DC,Golden Quadrilateral Delhi-Kolkata,Rail (Dedicated Freight Corridor),1224.2,27.2,2025-09-13 18:12:13,1,0.924,6.5,16.6,4.25,2025-09-13 18:12:13,0.0,0
SHP-TRK-11460,2025-09-12 17:00:00,Sanand Hub (Gujarat),Chakan Assembly Alpha (Pune),Coastal Maritime Lane,Rail (Dedicated Freight Corridor),464.5,10.3,2025-09-13 03:19:17,1,0.741,8.1,29.7,4.39,2025-09-13 13:55:17,10.6,1
SHP-TRK-11461,2025-09-12 23:00:00,Bengaluru Electronic City,Bhiwandi Central DC,NH48 Western Corridor,Road (Heavy Haulage),500.2,14.3,2025-09-13 13:17:27,1,0.794,1.9,6.3,3.65,2025-09-13 13:17:27,0.0,0
SHP-TRK-11462,2025-09-12 23:00:00,Gurugram (Haryana),Oragadam Southern Plant (Chennai),NH48 Western Corridor,Rail (Dedicated Freight Corridor),538.4,12.0,2025-09-13 10:57:50,1,0.869,5.5,25.6,4.41,2025-09-13 10:57:50,0.0,0
SHP-TRK-11463,2025-09-13 05:00:00,Bengaluru Electronic City,Bhiwandi Central DC,Coastal Maritime Lane,Rail (Dedicated Freight Corridor),1233.2,27.4,2025-09-14 08:24:19,1,0.732,3.6,20.2,4.23,2025-09-14 08:24:19,0.0,0
SHP-TRK-11464,2025-09-13 07:00:00,Pune MIDC (Maharashtra),Chakan Assembly Alpha (Pune),NH48 Western Corridor,Road (Heavy Haulage),938.0,26.8,2025-09-14 09:47:57,1,0.899,3.6,21.4,4.45,2025-09-14 15:17:57,5.5,1
SHP-TRK-11465,2025-09-13 10:00:00,Bengaluru Electronic City,Manesar Northern Plant,Chennai-Bengaluru Expressway,Road (Express),456.6,13.0,2025-09-13 23:02:44,1,0.846,6.9,25.8,3.74,2025-09-13 23:02:44,0.0,0
SHP-TRK-11466,2025-09-13 12:00:00,Sanand Hub (Gujarat),Manesar Northern Plant,NH48 Western Corridor,Road (Express),375.6,10.7,2025-09-13 22:43:57,1,0.906,3.4,9.1,4.29,2025-09-14 08:01:57,9.3,1
SHP-TRK-11467,2025-09-13 14:00:00,Bengaluru Electronic City,Chakan Assembly Alpha (Pune),NH48 Western Corridor,Road (Heavy Haulage),1041.6,29.8,2025-09-14 19:45:40,1,0.746,5.5,7.8,3.5,2025-09-15 02:21:40,6.6,1
SHP-TRK-11468,2025-09-13 16:00:00,Sriperumbudur (Tamil Nadu),Oragadam Southern Plant (Chennai),NH48 Western Corridor,Road (Express),423.7,12.1,2025-09-14 04:06:18,1,0.8,7.1,12.9,3.52,2025-09-14 13:06:18,9.0,1
SHP-TRK-11469,2025-09-13 23:00:00,Gurugram (Haryana),Oragadam Southern Plant (Chennai),Golden Quadrilateral Delhi-Kolkata,Road (Express),867.1,24.8,2025-09-14 23:46:27,1,0.743,6.1,8.8,4.57,2025-09-15 17:40:27,17.9,1
SHP-TRK-11470,2025-09-13 23:00:00,Sriperumbudur (Tamil Nadu),Manesar Northern Plant,NH48 Western Corridor,Road (Heavy Haulage),301.5,8.6,2025-09-14 07:36:50,1,0.907,8.6,11.8,4.69,2025-09-14 20:36:50,13.0,1
SHP-TRK-11471,2025-09-14 03:00:00,Sriperumbudur (Tamil Nadu),Chakan Assembly Alpha (Pune),Chennai-Bengaluru Expressway,Coastal Ro-Ro,407.9,11.7,2025-09-14 14:39:16,1,0.96,4.6,14.7,4.65,2025-09-14 14:39:16,0.0,0
SHP-TRK-11472,2025-09-14 09:00:00,Sriperumbudur (Tamil Nadu),Chakan Assembly Alpha (Pune),NH48 Western Corridor,Coastal Ro-Ro,1144.7,32.7,2025-09-15 17:42:18,1,0.885,2.5,9.2,4.03,2025-09-15 17:42:18,0.0,0
SHP-TRK-11473,2025-09-14 14:00:00,Sriperumbudur (Tamil Nadu),Oragadam Southern Plant (Chennai),Western DFC Electric Rail,Road (Express),594.9,17.0,2025-09-15 06:59:45,1,0.814,7.9,17.4,4.59,2025-09-17 01:11:45,42.2,1
SHP-TRK-11474,2025-09-14 16:00:00,Sanand Hub (Gujarat),Kundli DC,NH48 Western Corridor,Rail (Dedicated Freight Corridor),534.6,11.9,2025-09-15 03:52:48,1,0.9,7.2,11.1,4.3,2025-09-15 12:58:48,9.1,1
SHP-TRK-11475,2025-09-14 16:00:00,Sanand Hub (Gujarat),Chakan Assembly Alpha (Pune),Golden Quadrilateral Delhi-Kolkata,Rail (Dedicated Freight Corridor),851.1,18.9,2025-09-15 10:54:49,1,0.815,4.5,15.2,4.55,2025-09-15 10:54:49,0.0,0
SHP-TRK-11476,2025-09-14 16:00:00,Sanand Hub (Gujarat),Oragadam Southern Plant (Chennai),Western DFC Electric Rail,Rail (Dedicated Freight Corridor),811.8,18.0,2025-09-15 10:02:25,1,0.931,7.1,18.4,4.53,2025-09-15 10:02:25,0.0,0
SHP-TRK-11477,2025-09-14 16:00:00,Pune MIDC (Maharashtra),Kundli DC,NH48 Western Corridor,Road (Heavy Haulage),1316.7,37.6,2025-09-16 05:37:16,1,0.921,8.4,6.2,4.16,2025-09-16 11:49:16,6.2,1
SHP-TRK-11478,2025-09-14 21:00:00,Sanand Hub (Gujarat),Chakan Assembly Alpha (Pune),Western DFC Electric Rail,Road (Heavy Haulage),680.8,19.5,2025-09-15 16:27:07,1,0.747,3.6,9.1,3.88,2025-09-15 16:27:07,0.0,0
SHP-TRK-11479,2025-09-15 00:00:00,Bengaluru Electronic City,Bhiwandi Central DC,Golden Quadrilateral Delhi-Kolkata,Rail (Dedicated Freight Corridor),1013.2,22.5,2025-09-15 22:30:56,1,0.966,2.7,31.7,4.28,2025-09-15 22:30:56,0.0,0
SHP-TRK-11480,2025-09-15 01:00:00,Sriperumbudur (Tamil Nadu),Manesar Northern Plant,NH48 Western Corridor,Road (Heavy Haulage),1403.8,40.1,2025-09-16 17:06:27,1,0.859,4.0,25.5,4.5,2025-09-16 21:18:27,4.2,1
SHP-TRK-11481,2025-09-15 01:00:00,Pune MIDC (Maharashtra),Chakan Assembly Alpha (Pune),NH48 Western Corridor,Coastal Ro-Ro,799.3,22.8,2025-09-15 23:50:13,1,0.75,5.8,14.8,4.64,2025-09-15 23:50:13,0.0,0
SHP-TRK-11482,2025-09-15 06:00:00,Sanand Hub (Gujarat),Bhiwandi Central DC,Coastal Maritime Lane,Rail (Dedicated Freight Corridor),957.3,21.3,2025-09-16 03:16:26,1,0.734,1.4,28.8,3.92,2025-09-16 03:16:26,0.0,0
SHP-TRK-11483,2025-09-15 10:00:00,Sriperumbudur (Tamil Nadu),Oragadam Southern Plant (Chennai),Coastal Maritime Lane,Coastal Ro-Ro,1430.6,40.9,2025-09-17 02:52:28,1,0.945,8.3,10.5,4.46,2025-09-17 02:52:28,0.0,0
SHP-TRK-11484,2025-09-15 12:00:00,Gurugram (Haryana),Manesar Northern Plant,Western DFC Electric Rail,Road (Heavy Haulage),1073.9,30.7,2025-09-16 18:40:57,1,0.777,4.2,21.0,3.6,2025-09-17 05:16:57,10.6,1
SHP-TRK-11485,2025-09-15 13:00:00,Gurugram (Haryana),Bhiwandi Central DC,Golden Quadrilateral Delhi-Kolkata,Road (Heavy Haulage),1137.8,32.5,2025-09-16 21:30:26,1,0.723,4.0,21.2,4.04,2025-09-17 22:36:26,25.1,1
SHP-TRK-11486,2025-09-15 17:00:00,Sanand Hub (Gujarat),Kundli DC,Golden Quadrilateral Delhi-Kolkata,Road (Heavy Haulage),421.8,12.1,2025-09-16 05:03:03,1,0.806,4.5,9.8,4.24,2025-09-16 11:27:03,6.4,1
SHP-TRK-11487,2025-09-16 01:00:00,Sriperumbudur (Tamil Nadu),Chakan Assembly Alpha (Pune),NH48 Western Corridor,Air Cargo Express,520.4,8.7,2025-09-16 09:40:26,1,0.892,4.8,18.2,4.33,2025-09-17 12:34:26,26.9,1
SHP-TRK-11488,2025-09-16 01:00:00,Sanand Hub (Gujarat),Oragadam Southern Plant (Chennai),Western DFC Electric Rail,Road (Express),380.4,10.9,2025-09-16 11:52:04,1,0.817,2.9,18.7,4.05,2025-09-16 11:52:04,0.0,0
SHP-TRK-11489,2025-09-16 01:00:00,Bengaluru Electronic City,Kundli DC,Western DFC Electric Rail,Rail (Dedicated Freight Corridor),564.3,12.5,2025-09-16 13:32:23,1,0.878,5.6,15.4,4.72,2025-09-16 13:32:23,0.0,0
SHP-TRK-11490,2025-09-16 01:00:00,Pune MIDC (Maharashtra),Oragadam Southern Plant (Chennai),NH48 Western Corridor,Rail (Dedicated Freight Corridor),616.9,13.7,2025-09-16 14:42:30,1,0.921,4.6,28.8,4.37,2025-09-17 04:36:30,13.9,1
SHP-TRK-11491,2025-09-16 04:00:00,Sriperumbudur (Tamil Nadu),Bhiwandi Central DC,NH48 Western Corridor,Coastal Ro-Ro,405.9,11.6,2025-09-16 15:35:54,1,0.754,6.4,14.7,4.01,2025-09-16 15:35:54,0.0,0
SHP-TRK-11492,2025-09-16 05:00:00,Sriperumbudur (Tamil Nadu),Bhiwandi Central DC,Western DFC Electric Rail,Rail (Dedicated Freight Corridor),355.9,7.9,2025-09-16 12:54:30,1,0.827,5.4,17.2,4.76,2025-09-16 12:54:30,0.0,0
SHP-TRK-11493,2025-09-17 05:00:00,Pune MIDC (Maharashtra),Oragadam Southern Plant (Chennai),NH48 Western Corridor,Road (Express),529.1,15.1,2025-09-17 20:07:02,1,0.809,1.6,13.6,3.87,2025-09-19 19:43:02,47.6,1
SHP-TRK-11494,2025-09-17 07:00:00,Gurugram (Haryana),Chakan Assembly Alpha (Pune),Western DFC Electric Rail,Road (Heavy Haulage),1057.0,30.2,2025-09-18 13:12:01,1,0.732,2.8,17.0,4.17,2025-09-19 10:42:01,21.5,1
SHP-TRK-11495,2025-09-17 12:00:00,Sanand Hub (Gujarat),Bhiwandi Central DC,Golden Quadrilateral Delhi-Kolkata,Road (Heavy Haulage),1185.9,33.9,2025-09-18 21:52:58,1,0.97,5.0,21.4,4.1,2025-09-19 17:46:58,19.9,1
SHP-TRK-11496,2025-09-17 14:00:00,Bengaluru Electronic City,Bhiwandi Central DC,Chennai-Bengaluru Expressway,Road (Heavy Haulage),1272.5,36.4,2025-09-19 02:21:24,1,0.852,4.9,14.4,3.57,2025-09-19 02:21:24,0.0,0
SHP-TRK-11497,2025-09-17 16:00:00,Sriperumbudur (Tamil Nadu),Manesar Northern Plant,Golden Quadrilateral Delhi-Kolkata,Coastal Ro-Ro,1022.6,29.2,2025-09-18 21:13:03,1,0.75,4.0,8.3,4.52,2025-09-18 21:13:03,0.0,0
SHP-TRK-11498,2025-09-17 23:00:00,Pune MIDC (Maharashtra),Manesar Northern Plant,NH48 Western Corridor,Rail (Dedicated Freight Corridor),645.6,14.3,2025-09-18 13:20:50,1,0.756,6.8,8.9,4.44,2025-09-18 13:20:50,0.0,0
SHP-TRK-11499,2025-09-17 23:00:00,Bengaluru Electronic City,Chakan Assembly Alpha (Pune),NH48 Western Corridor,Road (Heavy Haulage),1090.5,31.2,2025-09-19 06:09:21,1,0.75,7.6,25.4,4.4,2025-09-20 03:57:21,21.8,1
SHP-TRK-11500,2025-09-18 02:00:00,Pune MIDC (Maharashtra),Chakan Assembly Alpha (Pune),NH48 Western Corridor,Road (Heavy Haulage),689.0,19.7,2025-09-18 21:41:13,1,0.926,6.9,29.9,4.45,2025-09-19 01:53:13,4.2,1
SHP-TRK-11501,2025-09-18 02:00:00,Bengaluru Electronic City,Oragadam Southern Plant (Chennai),NH48 Western Corridor,Rail (Dedicated Freight Corridor),1021.2,22.7,2025-09-19 00:41:38,1,0.805,6.1,27.4,4.2,2025-09-20 18:05:38,41.4,1
SHP-TRK-11502,2025-09-18 08:00:00,Gurugram (Haryana),Chakan Assembly Alpha (Pune),Western DFC Electric Rail,Rail (Dedicated Freight Corridor),1179.1,26.2,2025-09-19 10:12:05,1,0.878,5.0,29.6,3.73,2025-09-19 10:12:05,0.0,0
SHP-TRK-11503,2025-09-18 10:00:00,Sriperumbudur (Tamil Nadu),Manesar Northern Plant,Western DFC Electric Rail,Road (Heavy Haulage),1401.5,40.0,2025-09-20 02:02:30,1,0.91,1.9,10.3,4.49,2025-09-20 02:02:30,0.0,0
SHP-TRK-11504,2025-09-19 03:00:00,Gurugram (Haryana),Oragadam Southern Plant (Chennai),Golden Quadrilateral Delhi-Kolkata,Road (Express),603.6,17.2,2025-09-19 20:14:47,1,0.863,6.0,17.7,4.65,2025-09-19 20:14:47,0.0,0
SHP-TRK-11505,2025-09-19 03:00:00,Gurugram (Haryana),Bhiwandi Central DC,NH48 Western Corridor,Rail (Dedicated Freight Corridor),1247.7,27.7,2025-09-20 06:43:32,1,0.847,3.0,18.5,3.9,2025-09-21 03:13:32,20.5,1
SHP-TRK-11506,2025-09-19 03:00:00,Bengaluru Electronic City,Kundli DC,Golden Quadrilateral Delhi-Kolkata,Road (Express),998.5,28.5,2025-09-20 07:31:39,1,0.938,7.1,21.0,3.69,2025-09-20 07:31:39,0.0,0
SHP-TRK-11507,2025-09-19 05:00:00,Gurugram (Haryana),Oragadam Southern Plant (Chennai),NH48 Western Corridor,Rail (Dedicated Freight Corridor),898.1,20.0,2025-09-20 00:57:30,1,0.879,9.0,31.3,3.92,2025-09-20 00:57:30,0.0,0
SHP-TRK-11508,2025-09-19 10:00:00,Gurugram (Haryana),Oragadam Southern Plant (Chennai),NH48 Western Corridor,Air Cargo Express,857.0,14.3,2025-09-20 00:16:59,1,0.971,8.6,23.3,3.66,2025-09-20 00:16:59,0.0,0
SHP-TRK-11509,2025-09-19 12:00:00,Pune MIDC (Maharashtra),Manesar Northern Plant,NH48 Western Corridor,Road (Heavy Haulage),380.1,10.9,2025-09-19 22:51:39,1,0.908,2.1,17.4,4.46,2025-09-20 14:03:39,15.2,1
SHP-TRK-11510,2025-09-19 13:00:00,Sriperumbudur (Tamil Nadu),Oragadam Southern Plant (Chennai),NH48 Western Corridor,Rail (Dedicated Freight Corridor),1284.3,28.5,2025-09-20 17:32:23,1,0.806,3.1,24.9,4.67,2025-09-20 17:32:23,0.0,0
SHP-TRK-11511,2025-09-19 20:00:00,Bengaluru Electronic City,Manesar Northern Plant,NH48 Western Corridor,Road (Heavy Haulage),661.9,18.9,2025-09-20 14:54:38,1,0.932,8.7,17.2,4.45,2025-09-20 14:54:38,0.0,0
SHP-TRK-11512,2025-09-20 05:00:00,Gurugram (Haryana),Bhiwandi Central DC,Golden Quadrilateral Delhi-Kolkata,Road (Heavy Haulage),892.6,25.5,2025-09-21 06:30:10,1,0.724,3.0,29.8,4.6,2025-09-21 06:30:10,0.0,0
SHP-TRK-11513,2025-09-20 07:00:00,Gurugram (Haryana),Bhiwandi Central DC,NH48 Western Corridor,Road (Heavy Haulage),286.7,8.2,2025-09-20 15:11:34,1,0.744,2.8,18.3,4.69,2025-09-20 15:11:34,0.0,0
SHP-TRK-11514,2025-09-20 14:00:00,Sriperumbudur (Tamil Nadu),Kundli DC,Chennai-Bengaluru Expressway,Rail (Dedicated Freight Corridor),794.9,17.7,2025-09-21 07:39:50,1,0.792,8.3,15.2,3.89,2025-09-21 07:39:50,0.0,0
SHP-TRK-11515,2025-09-20 15:00:00,Sriperumbudur (Tamil Nadu),Kundli DC,Chennai-Bengaluru Expressway,Road (Heavy Haulage),254.7,7.3,2025-09-20 22:16:38,1,0.815,2.3,25.3,3.84,2025-09-21 13:34:38,15.3,1
SHP-TRK-11516,2025-09-20 18:00:00,Sanand Hub (Gujarat),Bhiwandi Central DC,NH48 Western Corridor,Road (Heavy Haulage),580.1,16.6,2025-09-21 10:34:26,1,0.873,6.3,5.0,3.9,2025-09-21 22:28:26,11.9,1
SHP-TRK-11517,2025-09-20 18:00:00,Gurugram (Haryana),Bhiwandi Central DC,NH48 Western Corridor,Rail (Dedicated Freight Corridor),1090.8,24.2,2025-09-21 18:14:24,1,0.939,5.8,26.1,4.26,2025-09-21 18:14:24,0.0,0
SHP-TRK-11518,2025-09-20 18:00:00,Bengaluru Electronic City,Manesar Northern Plant,Golden Quadrilateral Delhi-Kolkata,Road (Heavy Haulage),1215.5,34.7,2025-09-22 04:43:38,1,0.934,4.8,9.8,4.73,2025-09-23 03:43:38,23.0,1
SHP-TRK-11519,2025-09-20 22:00:00,Sriperumbudur (Tamil Nadu),Chakan Assembly Alpha (Pune),Coastal Maritime Lane,Coastal Ro-Ro,770.1,22.0,2025-09-21 20:00:05,1,0.875,7.2,24.8,3.57,2025-09-21 20:00:05,0.0,0
SHP-TRK-11520,2025-09-21 00:00:00,Sriperumbudur (Tamil Nadu),Manesar Northern Plant,Chennai-Bengaluru Expressway,Air Cargo Express,1423.6,23.7,2025-09-21 23:43:35,1,0.853,7.6,16.3,3.78,2025-09-21 23:43:35,0.0,0
SHP-TRK-11521,2025-09-21 02:00:00,Pune MIDC (Maharashtra),Kundli DC,NH48 Western Corridor,Road (Heavy Haulage),1228.7,35.1,2025-09-22 13:06:15,1,0.881,8.7,11.4,3.53,2025-09-23 02:36:15,13.5,1
SHP-TRK-11522,2025-09-21 06:00:00,Bengaluru Electronic City,Chakan Assembly Alpha (Pune),NH48 Western Corridor,Road (Heavy Haulage),1394.7,39.8,2025-09-22 21:50:53,1,0.792,4.6,29.2,4.33,2025-09-22 21:50:53,0.0,0
SHP-TRK-11523,2025-09-21 08:00:00,Pune MIDC (Maharashtra),Bhiwandi Central DC,Western DFC Electric Rail,Air Cargo Express,1318.0,22.0,2025-09-22 05:58:00,1,0.859,3.2,28.7,4.76,2025-09-22 05:58:00,0.0,0
SHP-TRK-11524,2025-09-21 12:00:00,Sanand Hub (Gujarat),Oragadam Southern Plant (Chennai),NH48 Western Corridor,Coastal Ro-Ro,1379.8,39.4,2025-09-23 03:25:26,1,0.968,8.1,20.0,4.7,2025-09-23 03:25:26,0.0,0
SHP-TRK-11525,2025-09-21 15:00:00,Pune MIDC (Maharashtra),Manesar Northern Plant,Golden Quadrilateral Delhi-Kolkata,Coastal Ro-Ro,1420.6,40.6,2025-09-23 07:35:16,1,0.735,2.1,16.9,4.57,2025-09-23 07:35:16,0.0,0
SHP-TRK-11526,2025-09-21 19:00:00,Sanand Hub (Gujarat),Kundli DC,Western DFC Electric Rail,Road (Heavy Haulage),579.7,16.6,2025-09-22 11:33:45,1,0.871,1.5,8.6,3.68,2025-09-22 11:33:45,0.0,0
SHP-TRK-11527,2025-09-21 21:00:00,Sanand Hub (Gujarat),Bhiwandi Central DC,Western DFC Electric Rail,Road (Heavy Haulage),277.7,7.9,2025-09-22 04:56:00,1,0.81,6.6,7.0,4.76,2025-09-22 04:56:00,0.0,0
SHP-TRK-11528,2025-09-21 23:00:00,Sanand Hub (Gujarat),Kundli DC,NH48 Western Corridor,Road (Heavy Haulage),256.1,7.3,2025-09-22 06:18:59,1,0.826,6.0,13.6,4.47,2025-09-22 06:18:59,0.0,0
SHP-TRK-11529,2025-09-22 01:00:00,Bengaluru Electronic City,Manesar Northern Plant,NH48 Western Corridor,Coastal Ro-Ro,617.3,17.6,2025-09-22 18:38:16,1,0.84,5.0,19.4,4.4,2025-09-22 18:38:16,0.0,0
SHP-TRK-11530,2025-09-22 02:00:00,Sriperumbudur (Tamil Nadu),Manesar Northern Plant,Western DFC Electric Rail,Road (Heavy Haulage),677.5,19.4,2025-09-22 21:21:22,1,0.848,8.4,17.7,4.63,2025-09-23 09:27:22,12.1,1
SHP-TRK-11531,2025-09-22 02:00:00,Pune MIDC (Maharashtra),Oragadam Southern Plant (Chennai),Western DFC Electric Rail,Road (Heavy Haulage),926.4,26.5,2025-09-23 04:28:11,1,0.98,6.2,23.6,4.62,2025-09-23 14:34:11,10.1,1
SHP-TRK-11532,2025-09-22 03:00:00,Bengaluru Electronic City,Kundli DC,NH48 Western Corridor,Rail (Dedicated Freight Corridor),1069.1,23.8,2025-09-23 02:45:27,1,0.732,3.0,14.2,4.14,2025-09-23 02:45:27,0.0,0
SHP-TRK-11533,2025-09-22 07:00:00,Sanand Hub (Gujarat),Manesar Northern Plant,Coastal Maritime Lane,Road (Heavy Haulage),849.5,24.3,2025-09-23 07:16:14,1,0.904,2.8,25.4,4.76,2025-09-23 07:16:14,0.0,0
SHP-TRK-11534,2025-09-22 10:00:00,Sanand Hub (Gujarat),Oragadam Southern Plant (Chennai),NH48 Western Corridor,Rail (Dedicated Freight Corridor),742.7,16.5,2025-09-23 02:30:17,1,0.965,4.5,31.6,4.27,2025-09-24 00:12:17,21.7,1
SHP-TRK-11535,2025-09-22 12:00:00,Sriperumbudur (Tamil Nadu),Kundli DC,Chennai-Bengaluru Expressway,Road (Heavy Haulage),1079.5,30.8,2025-09-23 18:50:33,1,0.787,8.2,16.3,3.98,2025-09-23 18:50:33,0.0,0
SHP-TRK-11536,2025-09-22 21:00:00,Gurugram (Haryana),Manesar Northern Plant,Western DFC Electric Rail,Road (Heavy Haulage),479.6,13.7,2025-09-23 10:42:11,1,0.827,2.4,5.1,4.12,2025-09-24 01:30:11,14.8,1
SHP-TRK-11537,2025-09-22 21:00:00,Sriperumbudur (Tamil Nadu),Chakan Assembly Alpha (Pune),Golden Quadrilateral Delhi-Kolkata,Rail (Dedicated Freight Corridor),679.6,15.1,2025-09-23 12:06:04,1,0.949,6.2,24.1,4.7,2025-09-23 16:06:04,4.0,1
SHP-TRK-11538,2025-09-22 23:00:00,Pune MIDC (Maharashtra),Chakan Assembly Alpha (Pune),Golden Quadrilateral Delhi-Kolkata,Road (Heavy Haulage),1032.5,29.5,2025-09-24 04:30:03,1,0.944,2.1,16.3,3.42,2025-09-24 15:24:03,10.9,1
SHP-TRK-11539,2025-09-22 23:00:00,Gurugram (Haryana),Oragadam Southern Plant (Chennai),NH48 Western Corridor,Road (Express),522.9,14.9,2025-09-23 13:56:29,1,0.787,4.1,26.6,3.5,2025-09-23 21:08:29,7.2,1
SHP-TRK-11540,2025-09-23 00:00:00,Sanand Hub (Gujarat),Bhiwandi Central DC,Golden Quadrilateral Delhi-Kolkata,Road (Heavy Haulage),1068.7,30.5,2025-09-24 06:32:08,1,0.755,2.1,25.3,3.97,2025-09-24 06:32:08,0.0,0
SHP-TRK-11541,2025-09-23 00:00:00,Sanand Hub (Gujarat),Chakan Assembly Alpha (Pune),NH48 Western Corridor,Road (Heavy Haulage),526.1,15.0,2025-09-23 15:01:51,1,0.829,2.0,7.4,4.28,2025-09-23 15:01:51,0.0,0
SHP-TRK-11542,2025-09-23 00:00:00,Gurugram (Haryana),Oragadam Southern Plant (Chennai),NH48 Western Corridor,Rail (Dedicated Freight Corridor),992.0,22.0,2025-09-23 22:02:40,1,0.754,1.0,30.1,4.79,2025-09-23 22:02:40,0.0,0
SHP-TRK-11543,2025-09-23 03:00:00,Bengaluru Electronic City,Oragadam Southern Plant (Chennai),Golden Quadrilateral Delhi-Kolkata,Road (Heavy Haulage),929.0,26.5,2025-09-24 05:32:31,1,0.961,1.2,24.0,4.17,2025-09-24 12:20:31,6.8,1
SHP-TRK-11544,2025-09-23 06:00:00,Sriperumbudur (Tamil Nadu),Chakan Assembly Alpha (Pune),Western DFC Electric Rail,Road (Heavy Haulage),740.6,21.2,2025-09-24 03:09:33,1,0.803,2.2,4.6,4.82,2025-09-24 03:09:33,0.0,0
SHP-TRK-11545,2025-09-23 08:00:00,Bengaluru Electronic City,Kundli DC,NH48 Western Corridor,Rail (Dedicated Freight Corridor),391.3,8.7,2025-09-23 16:41:40,1,0.958,6.0,27.7,4.07,2025-09-23 16:41:40,0.0,0
SHP-TRK-11546,2025-09-23 08:00:00,Sanand Hub (Gujarat),Chakan Assembly Alpha (Pune),NH48 Western Corridor,Road (Heavy Haulage),742.6,21.2,2025-09-24 05:13:05,1,0.751,2.3,16.8,4.04,2025-09-24 18:01:05,12.8,1
SHP-TRK-11547,2025-09-23 11:00:00,Sriperumbudur (Tamil Nadu),Kundli DC,NH48 Western Corridor,Road (Heavy Haulage),1273.4,36.4,2025-09-24 23:22:54,1,0.852,7.1,10.4,4.79,2025-09-24 23:22:54,0.0,0
SHP-TRK-11548,2025-09-23 12:00:00,Sriperumbudur (Tamil Nadu),Chakan Assembly Alpha (Pune),Golden Quadrilateral Delhi-Kolkata,Air Cargo Express,1151.1,19.2,2025-09-24 07:11:03,1,0.73,7.4,8.3,3.8,2025-09-24 23:11:03,16.0,1
SHP-TRK-11549,2025-09-23 13:00:00,Sriperumbudur (Tamil Nadu),Manesar Northern Plant,Golden Quadrilateral Delhi-Kolkata,Road (Heavy Haulage),1358.7,38.8,2025-09-25 03:49:16,1,0.762,5.8,13.9,3.93,2025-09-25 12:31:16,8.7,1
SHP-TRK-11550,2025-09-23 14:00:00,Sanand Hub (Gujarat),Kundli DC,Western DFC Electric Rail,Rail (Dedicated Freight Corridor),710.5,15.8,2025-09-24 05:47:16,1,0.86,4.0,14.4,3.81,2025-09-24 05:47:16,0.0,0
SHP-TRK-11551,2025-09-23 18:00:00,Sanand Hub (Gujarat),Manesar Northern Plant,NH48 Western Corridor,Road (Express),289.3,8.3,2025-09-24 02:15:54,1,0.784,8.8,27.3,4.07,2025-09-25 19:21:54,41.1,1
SHP-TRK-11552,2025-09-23 23:00:00,Gurugram (Haryana),Chakan Assembly Alpha (Pune),Western DFC Electric Rail,Road (Heavy Haulage),703.8,20.1,2025-09-24 19:06:29,1,0.883,3.4,21.5,4.77,2025-09-24 23:48:29,4.7,1
SHP-TRK-11553,2025-09-24 01:00:00,Gurugram (Haryana),Kundli DC,Golden Quadrilateral Delhi-Kolkata,Road (Express),920.8,26.3,2025-09-25 03:18:31,1,0.753,2.5,12.5,3.66,2025-09-25 03:18:31,0.0,0
SHP-TRK-11554,2025-09-24 01:00:00,Gurugram (Haryana),Oragadam Southern Plant (Chennai),NH48 Western Corridor,Road (Express),572.8,16.4,2025-09-24 17:22:00,1,0.969,3.1,12.7,3.75,2025-09-24 23:16:00,5.9,1
SHP-TRK-11555,2025-09-24 01:00:00,Sriperumbudur (Tamil Nadu),Oragadam Southern Plant (Chennai),NH48 Western Corridor,Rail (Dedicated Freight Corridor),1212.5,26.9,2025-09-25 03:56:43,1,0.924,1.2,15.0,4.51,2025-09-26 05:56:43,26.0,1
SHP-TRK-11556,2025-09-24 03:00:00,Gurugram (Haryana),Chakan Assembly Alpha (Pune),NH48 Western Corridor,Rail (Dedicated Freight Corridor),695.5,15.5,2025-09-24 18:27:18,1,0.856,1.4,24.2,4.64,2025-09-24 18:27:18,0.0,0
SHP-TRK-11557,2025-09-24 08:00:00,Bengaluru Electronic City,Kundli DC,Coastal Maritime Lane,Coastal Ro-Ro,1183.5,33.8,2025-09-25 17:48:48,1,0.931,5.6,9.7,4.47,2025-09-25 17:48:48,0.0,0
SHP-TRK-11558,2025-09-24 08:00:00,Gurugram (Haryana),Oragadam Southern Plant (Chennai),Golden Quadrilateral Delhi-Kolkata,Road (Heavy Haulage),1425.3,40.7,2025-09-26 00:43:17,1,0.766,3.6,19.4,3.91,2025-09-26 05:01:17,4.3,1
SHP-TRK-11559,2025-09-24 10:00:00,Gurugram (Haryana),Chakan Assembly Alpha (Pune),Golden Quadrilateral Delhi-Kolkata,Road (Heavy Haulage),1393.8,39.8,2025-09-26 01:49:24,1,0.976,4.4,30.6,4.36,2025-09-27 01:01:24,23.2,1
SHP-TRK-11560,2025-09-24 12:00:00,Sanand Hub (Gujarat),Oragadam Southern Plant (Chennai),Chennai-Bengaluru Expressway,Road (Heavy Haulage),679.5,19.4,2025-09-25 07:24:49,1,0.883,2.3,10.2,4.53,2025-09-25 07:24:49,0.0,0
SHP-TRK-11561,2025-09-24 18:00:00,Gurugram (Haryana),Chakan Assembly Alpha (Pune),Western DFC Electric Rail,Road (Heavy Haulage),843.6,24.1,2025-09-25 18:06:10,1,0.765,6.9,14.4,4.25,2025-09-26 03:42:10,9.6,1
SHP-TRK-11562,2025-09-24 19:00:00,Pune MIDC (Maharashtra),Oragadam Southern Plant (Chennai),NH48 Western Corridor,Rail (Dedicated Freight Corridor),1347.6,29.9,2025-09-26 00:56:50,1,0.961,6.5,5.0,4.34,2025-09-26 00:56:50,0.0,0
SHP-TRK-11563,2025-09-25 01:00:00,Gurugram (Haryana),Kundli DC,NH48 Western Corridor,Air Cargo Express,1393.9,23.2,2025-09-26 00:13:55,1,0.879,7.4,15.7,4.09,2025-09-26 00:13:55,0.0,0
SHP-TRK-11564,2025-09-25 01:00:00,Sanand Hub (Gujarat),Oragadam Southern Plant (Chennai),NH48 Western Corridor,Air Cargo Express,431.1,7.2,2025-09-25 08:11:03,1,0.753,4.2,31.9,4.77,2025-09-25 14:23:03,6.2,1
SHP-TRK-11565,2025-09-25 07:00:00,Gurugram (Haryana),Chakan Assembly Alpha (Pune),Golden Quadrilateral Delhi-Kolkata,Road (Express),1171.3,33.5,2025-09-26 16:27:55,1,0.849,8.9,5.7,4.07,2025-09-27 03:33:55,11.1,1
SHP-TRK-11566,2025-09-25 10:00:00,Gurugram (Haryana),Manesar Northern Plant,Western DFC Electric Rail,Road (Heavy Haulage),749.8,21.4,2025-09-26 07:25:21,1,0.971,5.8,22.0,4.56,2025-09-26 07:25:21,0.0,0
SHP-TRK-11567,2025-09-25 11:00:00,Sriperumbudur (Tamil Nadu),Chakan Assembly Alpha (Pune),Golden Quadrilateral Delhi-Kolkata,Air Cargo Express,1140.2,19.0,2025-09-26 06:00:14,1,0.979,7.4,27.3,3.63,2025-09-26 06:00:14,0.0,0
SHP-TRK-11568,2025-09-25 12:00:00,Bengaluru Electronic City,Manesar Northern Plant,Chennai-Bengaluru Expressway,Road (Heavy Haulage),1164.9,33.3,2025-09-26 21:16:58,1,0.907,9.0,11.6,4.23,2025-09-26 21:16:58,0.0,0
SHP-TRK-11569,2025-09-25 13:00:00,Bengaluru Electronic City,Chakan Assembly Alpha (Pune),Western DFC Electric Rail,Air Cargo Express,1239.9,20.7,2025-09-26 09:39:55,1,0.862,2.8,13.8,4.86,2025-09-26 09:39:55,0.0,0
SHP-TRK-11570,2025-09-25 15:00:00,Sanand Hub (Gujarat),Kundli DC,Coastal Maritime Lane,Coastal Ro-Ro,821.9,23.5,2025-09-26 14:28:58,1,0.971,4.2,5.2,4.82,2025-09-26 14:28:58,0.0,0
SHP-TRK-11571,2025-09-25 20:00:00,Sanand Hub (Gujarat),Oragadam Southern Plant (Chennai),NH48 Western Corridor,Road (Heavy Haulage),355.7,10.2,2025-09-26 06:09:47,1,0.943,5.7,29.3,4.86,2025-09-26 06:09:47,0.0,0
SHP-TRK-11572,2025-09-25 20:00:00,Sriperumbudur (Tamil Nadu),Manesar Northern Plant,Western DFC Electric Rail,Rail (Dedicated Freight Corridor),1265.2,28.1,2025-09-27 00:06:52,1,0.888,7.4,26.1,3.7,2025-09-27 18:48:52,18.7,1
SHP-TRK-11573,2025-09-26 04:00:00,Sriperumbudur (Tamil Nadu),Manesar Northern Plant,NH48 Western Corridor,Coastal Ro-Ro,359.5,10.3,2025-09-26 14:16:16,1,0.74,4.2,27.1,4.51,2025-09-26 14:16:16,0.0,0
SHP-TRK-11574,2025-09-26 06:00:00,Gurugram (Haryana),Oragadam Southern Plant (Chennai),NH48 Western Corridor,Road (Heavy Haulage),1272.6,36.4,2025-09-27 18:21:31,1,0.91,6.6,13.8,3.5,2025-09-29 18:45:31,48.4,1
SHP-TRK-11575,2025-09-26 10:00:00,Pune MIDC (Maharashtra),Oragadam Southern Plant (Chennai),Golden Quadrilateral Delhi-Kolkata,Road (Heavy Haulage),647.1,18.5,2025-09-27 04:29:18,1,0.908,6.7,19.2,4.27,2025-09-27 04:29:18,0.0,0
SHP-TRK-11576,2025-09-26 11:00:00,Bengaluru Electronic City,Manesar Northern Plant,NH48 Western Corridor,Rail (Dedicated Freight Corridor),1332.0,29.6,2025-09-27 16:35:57,1,0.862,7.9,28.8,4.16,2025-09-27 16:35:57,0.0,0
SHP-TRK-11577,2025-09-26 13:00:00,Bengaluru Electronic City,Oragadam Southern Plant (Chennai),Golden Quadrilateral Delhi-Kolkata,Air Cargo Express,401.8,6.7,2025-09-26 19:41:49,1,0.879,9.0,20.9,4.55,2025-09-26 19:41:49,0.0,0
SHP-TRK-11578,2025-09-26 14:00:00,Bengaluru Electronic City,Oragadam Southern Plant (Chennai),Western DFC Electric Rail,Road (Express),934.7,26.7,2025-09-27 16:42:19,1,0.905,7.2,12.0,4.16,2025-09-28 01:30:19,8.8,1
SHP-TRK-11579,2025-09-26 15:00:00,Bengaluru Electronic City,Manesar Northern Plant,Western DFC Electric Rail,Road (Heavy Haulage),691.6,19.8,2025-09-27 10:45:34,1,0.859,4.4,12.3,3.68,2025-09-27 10:45:34,0.0,0
SHP-TRK-11580,2025-09-26 17:00:00,Sriperumbudur (Tamil Nadu),Kundli DC,Chennai-Bengaluru Expressway,Rail (Dedicated Freight Corridor),399.8,8.9,2025-09-27 01:53:05,1,0.848,4.7,4.7,3.95,2025-09-27 01:53:05,0.0,0
SHP-TRK-11581,2025-09-26 21:00:00,Sriperumbudur (Tamil Nadu),Kundli DC,NH48 Western Corridor,Road (Heavy Haulage),782.9,22.4,2025-09-27 19:22:04,1,0.838,7.2,16.7,4.73,2025-09-28 16:40:04,21.3,1
SHP-TRK-11582,2025-09-27 01:00:00,Sriperumbudur (Tamil Nadu),Manesar Northern Plant,NH48 Western Corridor,Road (Heavy Haulage),532.2,15.2,2025-09-27 16:12:21,1,0.832,8.4,18.8,3.98,2025-09-28 00:30:21,8.3,1
SHP-TRK-11583,2025-09-27 04:00:00,Sriperumbudur (Tamil Nadu),Oragadam Southern Plant (Chennai),Western DFC Electric Rail,Road (Heavy Haulage),540.2,15.4,2025-09-27 19:26:03,1,0.741,1.2,11.4,4.56,2025-09-28 05:08:03,9.7,1
SHP-TRK-11584,2025-09-27 11:00:00,Pune MIDC (Maharashtra),Manesar Northern Plant,NH48 Western Corridor,Air Cargo Express,1312.1,21.9,2025-09-28 08:52:03,1,0.824,4.2,15.6,3.61,2025-09-30 16:46:03,55.9,1
SHP-TRK-11585,2025-09-27 15:00:00,Bengaluru Electronic City,Oragadam Southern Plant (Chennai),NH48 Western Corridor,Road (Heavy Haulage),303.8,8.7,2025-09-27 23:40:51,1,0.796,7.9,13.8,4.89,2025-09-28 18:10:51,18.5,1
SHP-TRK-11586,2025-09-27 16:00:00,Sanand Hub (Gujarat),Chakan Assembly Alpha (Pune),NH48 Western Corridor,Coastal Ro-Ro,863.5,24.7,2025-09-28 16:40:12,1,0.782,8.5,31.5,3.87,2025-09-28 16:40:12,0.0,0
SHP-TRK-11587,2025-09-27 20:00:00,Bengaluru Electronic City,Chakan Assembly Alpha (Pune),Coastal Maritime Lane,Air Cargo Express,752.6,12.5,2025-09-28 08:32:38,1,0.891,2.3,16.5,3.98,2025-09-28 08:32:38,0.0,0
SHP-TRK-11588,2025-09-27 22:00:00,Bengaluru Electronic City,Chakan Assembly Alpha (Pune),Chennai-Bengaluru Expressway,Road (Express),1413.4,40.4,2025-09-29 14:22:53,1,0.907,5.4,11.9,4.28,2025-09-29 14:22:53,0.0,0
SHP-TRK-11589,2025-09-28 04:00:00,Sriperumbudur (Tamil Nadu),Manesar Northern Plant,NH48 Western Corridor,Road (Express),514.3,14.7,2025-09-28 18:41:39,1,0.893,8.2,23.3,4.51,2025-09-29 04:59:39,10.3,1
SHP-TRK-11590,2025-09-28 10:00:00,Pune MIDC (Maharashtra),Manesar Northern Plant,Coastal Maritime Lane,Road (Heavy Haulage),912.3,26.1,2025-09-29 12:03:52,1,0.926,2.7,14.0,3.48,2025-09-29 12:03:52,0.0,0
SHP-TRK-11591,2025-09-28 10:00:00,Sriperumbudur (Tamil Nadu),Oragadam Southern Plant (Chennai),NH48 Western Corridor,Road (Express),512.9,14.7,2025-09-29 00:39:13,1,0.961,5.6,7.4,3.69,2025-10-03 03:09:13,98.5,1
SHP-TRK-11592,2025-09-28 20:00:00,Sriperumbudur (Tamil Nadu),Oragadam Southern Plant (Chennai),Golden Quadrilateral Delhi-Kolkata,Air Cargo Express,966.3,16.1,2025-09-29 12:06:20,1,0.723,8.0,16.7,4.14,2025-09-29 12:06:20,0.0,0
SHP-TRK-11593,2025-09-29 02:00:00,Sriperumbudur (Tamil Nadu),Chakan Assembly Alpha (Pune),NH48 Western Corridor,Road (Express),671.6,19.2,2025-09-29 21:11:22,1,0.751,2.2,9.6,3.95,2025-10-01 08:23:22,35.2,1
SHP-TRK-11594,2025-09-29 05:00:00,Pune MIDC (Maharashtra),Chakan Assembly Alpha (Pune),Western DFC Electric Rail,Rail (Dedicated Freight Corridor),1423.5,31.6,2025-09-30 12:38:03,1,0.94,4.6,25.8,4.24,2025-09-30 12:38:03,0.0,0
SHP-TRK-11595,2025-09-29 12:00:00,Sanand Hub (Gujarat),Oragadam Southern Plant (Chennai),Golden Quadrilateral Delhi-Kolkata,Road (Heavy Haulage),838.1,23.9,2025-09-30 11:56:45,1,0.915,5.1,6.9,4.65,2025-09-30 11:56:45,0.0,0
SHP-TRK-11596,2025-09-29 13:00:00,Gurugram (Haryana),Manesar Northern Plant,Golden Quadrilateral Delhi-Kolkata,Road (Express),436.9,12.5,2025-09-30 01:28:58,1,0.763,1.6,13.3,4.05,2025-10-03 19:46:58,90.3,1
SHP-TRK-11597,2025-09-29 14:00:00,Pune MIDC (Maharashtra),Manesar Northern Plant,NH48 Western Corridor,Road (Heavy Haulage),905.2,25.9,2025-09-30 15:51:47,1,0.902,9.0,14.4,3.97,2025-09-30 15:51:47,0.0,0
SHP-TRK-11598,2025-09-29 16:00:00,Sriperumbudur (Tamil Nadu),Manesar Northern Plant,NH48 Western Corridor,Road (Heavy Haulage),274.9,7.9,2025-09-29 23:51:17,1,0.816,7.0,9.3,4.6,2025-09-30 08:39:17,8.8,1
SHP-TRK-11599,2025-09-29 17:00:00,Pune MIDC (Maharashtra),Bhiwandi Central DC,NH48 Western Corridor,Rail (Dedicated Freight Corridor),1221.3,27.1,2025-09-30 20:08:26,1,0.768,3.3,9.6,4.43,2025-09-30 20:08:26,0.0,0
SHP-TRK-11600,2025-09-29 19:00:00,Sriperumbudur (Tamil Nadu),Oragadam Southern Plant (Chennai),Coastal Maritime Lane,Road (Heavy Haulage),859.3,24.6,2025-09-30 19:33:02,1,0.826,5.7,9.8,3.74,2025-10-01 06:51:02,11.3,1
SHP-TRK-11601,2025-09-29 20:00:00,Sanand Hub (Gujarat),Bhiwandi Central DC,Western DFC Electric Rail,Rail (Dedicated Freight Corridor),1077.4,23.9,2025-09-30 19:56:30,1,0.967,1.9,27.4,3.62,2025-09-30 19:56:30,0.0,0
SHP-TRK-11602,2025-09-30 01:00:00,Bengaluru Electronic City,Oragadam Southern Plant (Chennai),NH48 Western Corridor,Rail (Dedicated Freight Corridor),891.9,19.8,2025-09-30 20:49:08,1,0.898,4.6,28.2,4.11,2025-09-30 20:49:08,0.0,0
SHP-TRK-11603,2025-09-30 10:00:00,Gurugram (Haryana),Chakan Assembly Alpha (Pune),NH48 Western Corridor,Road (Heavy Haulage),971.3,27.8,2025-10-01 13:45:06,1,0.884,4.8,7.9,4.7,2025-10-02 20:33:06,30.8,1
SHP-TRK-11604,2025-09-30 12:00:00,Sriperumbudur (Tamil Nadu),Manesar Northern Plant,NH48 Western Corridor,Rail (Dedicated Freight Corridor),763.9,17.0,2025-10-01 04:58:32,1,0.901,5.3,5.0,4.67,2025-10-01 04:58:32,0.0,0
SHP-TRK-11605,2025-09-30 12:00:00,Bengaluru Electronic City,Manesar Northern Plant,NH48 Western Corridor,Coastal Ro-Ro,853.6,24.4,2025-10-01 12:23:22,1,0.839,4.3,27.5,3.5,2025-10-01 12:23:22,0.0,0
SHP-TRK-11606,2025-09-30 20:00:00,Sanand Hub (Gujarat),Chakan Assembly Alpha (Pune),Golden Quadrilateral Delhi-Kolkata,Road (Heavy Haulage),494.5,14.1,2025-10-01 10:07:39,1,0.888,6.5,11.5,4.1,2025-10-02 06:19:39,20.2,1
SHP-TRK-11607,2025-09-30 21:00:00,Bengaluru Electronic City,Manesar Northern Plant,Western DFC Electric Rail,Coastal Ro-Ro,720.1,20.6,2025-10-01 17:34:25,1,0.841,1.6,19.7,3.58,2025-10-01 17:34:25,0.0,0
SHP-TRK-11608,2025-10-01 07:00:00,Bengaluru Electronic City,Chakan Assembly Alpha (Pune),NH48 Western Corridor,Road (Heavy Haulage),279.2,8.0,2025-10-01 14:58:32,0,0.934,8.3,10.2,3.82,2025-10-01 14:58:32,0.0,0
SHP-TRK-11609,2025-10-01 10:00:00,Bengaluru Electronic City,Oragadam Southern Plant (Chennai),Golden Quadrilateral Delhi-Kolkata,Road (Heavy Haulage),401.8,11.5,2025-10-01 21:28:46,0,0.734,7.1,22.8,4.1,2025-10-01 21:28:46,0.0,0
SHP-TRK-11610,2025-10-01 14:00:00,Bengaluru Electronic City,Oragadam Southern Plant (Chennai),Western DFC Electric Rail,Road (Heavy Haulage),884.2,25.3,2025-10-02 15:15:48,0,0.9,6.7,14.9,3.96,2025-10-02 15:15:48,0.0,0
SHP-TRK-11611,2025-10-01 16:00:00,Sriperumbudur (Tamil Nadu),Oragadam Southern Plant (Chennai),Golden Quadrilateral Delhi-Kolkata,Air Cargo Express,1328.4,22.1,2025-10-02 14:08:23,0,0.904,8.8,22.0,3.64,2025-10-02 14:08:23,0.0,0
SHP-TRK-11612,2025-10-01 21:00:00,Sanand Hub (Gujarat),Manesar Northern Plant,Western DFC Electric Rail,Coastal Ro-Ro,504.5,14.4,2025-10-02 11:24:46,0,0.856,6.2,13.2,4.86,2025-10-02 11:24:46,0.0,0
SHP-TRK-11613,2025-10-02 06:00:00,Gurugram (Haryana),Chakan Assembly Alpha (Pune),NH48 Western Corridor,Road (Heavy Haulage),723.5,20.7,2025-10-03 02:40:13,0,0.746,7.1,14.5,4.79,2025-10-03 02:40:13,0.0,0
SHP-TRK-11614,2025-10-02 06:00:00,Sanand Hub (Gujarat),Kundli DC,Western DFC Electric Rail,Road (Express),717.4,20.5,2025-10-03 02:29:53,0,0.855,3.6,21.6,3.81,2025-10-03 20:05:53,17.6,1
SHP-TRK-11615,2025-10-02 08:00:00,Sanand Hub (Gujarat),Manesar Northern Plant,Western DFC Electric Rail,Rail (Dedicated Freight Corridor),336.7,7.5,2025-10-02 15:28:59,0,0.952,5.9,7.7,4.15,2025-10-02 15:28:59,0.0,0
SHP-TRK-11616,2025-10-02 09:00:00,Sanand Hub (Gujarat),Manesar Northern Plant,Golden Quadrilateral Delhi-Kolkata,Road (Express),493.6,14.1,2025-10-02 23:06:06,0,0.944,3.7,30.5,4.3,2025-10-03 12:24:06,13.3,1
SHP-TRK-11617,2025-10-02 10:00:00,Sanand Hub (Gujarat),Bhiwandi Central DC,NH48 Western Corridor,Rail (Dedicated Freight Corridor),980.0,21.8,2025-10-03 07:46:43,0,0.848,2.6,31.9,3.84,2025-10-03 07:46:43,0.0,0
SHP-TRK-11618,2025-10-02 10:00:00,Sriperumbudur (Tamil Nadu),Oragadam Southern Plant (Chennai),Coastal Maritime Lane,Road (Express),680.6,19.4,2025-10-03 05:26:43,0,0.929,5.0,15.4,4.17,2025-10-03 05:26:43,0.0,0
SHP-TRK-11619,2025-10-02 14:00:00,Bengaluru Electronic City,Manesar Northern Plant,NH48 Western Corridor,Road (Heavy Haulage),1368.5,39.1,2025-10-04 05:05:55,0,0.896,7.6,12.0,4.86,2025-10-04 05:05:55,0.0,0
SHP-TRK-11620,2025-10-02 15:00:00,Bengaluru Electronic City,Chakan Assembly Alpha (Pune),NH48 Western Corridor,Rail (Dedicated Freight Corridor),441.5,9.8,2025-10-03 00:48:39,0,0.951,8.9,20.1,4.69,2025-10-03 00:48:39,0.0,0
SHP-TRK-11621,2025-10-02 15:00:00,Pune MIDC (Maharashtra),Chakan Assembly Alpha (Pune),NH48 Western Corridor,Road (Heavy Haulage),261.9,7.5,2025-10-02 22:28:53,0,0.8,4.1,11.1,3.81,2025-10-03 13:04:53,14.6,1
SHP-TRK-11622,2025-10-02 16:00:00,Pune MIDC (Maharashtra),Chakan Assembly Alpha (Pune),Coastal Maritime Lane,Road (Express),1109.4,31.7,2025-10-03 23:41:45,0,0.911,8.5,10.2,4.56,2025-10-03 23:41:45,0.0,0
SHP-TRK-11623,2025-10-02 17:00:00,Pune MIDC (Maharashtra),Oragadam Southern Plant (Chennai),Golden Quadrilateral Delhi-Kolkata,Rail (Dedicated Freight Corridor),994.4,22.1,2025-10-03 15:05:52,0,0.903,1.7,14.3,3.79,2025-10-03 15:05:52,0.0,0
SHP-TRK-11624,2025-10-02 19:00:00,Sanand Hub (Gujarat),Chakan Assembly Alpha (Pune),Western DFC Electric Rail,Road (Heavy Haulage),325.6,9.3,2025-10-03 04:18:07,0,0.966,7.1,24.6,4.19,2025-10-03 21:18:07,17.0,1
SHP-TRK-11625,2025-10-02 21:00:00,Gurugram (Haryana),Manesar Northern Plant,Chennai-Bengaluru Expressway,Rail (Dedicated Freight Corridor),436.1,9.7,2025-10-03 06:41:29,0,0.724,6.5,7.2,3.81,2025-10-04 05:47:29,23.1,1
SHP-TRK-11626,2025-10-03 00:00:00,Sriperumbudur (Tamil Nadu),Kundli DC,NH48 Western Corridor,Road (Heavy Haulage),377.9,10.8,2025-10-03 10:47:47,0,0.754,1.5,6.9,3.88,2025-10-03 10:47:47,0.0,0
SHP-TRK-11627,2025-10-03 03:00:00,Pune MIDC (Maharashtra),Bhiwandi Central DC,Western DFC Electric Rail,Road (Express),372.9,10.7,2025-10-03 13:39:18,0,0.905,3.9,6.9,3.91,2025-10-03 13:39:18,0.0,0
SHP-TRK-11628,2025-10-03 04:00:00,Sanand Hub (Gujarat),Bhiwandi Central DC,NH48 Western Corridor,Coastal Ro-Ro,675.8,19.3,2025-10-03 23:18:26,0,0.871,6.9,6.2,4.83,2025-10-03 23:18:26,0.0,0
SHP-TRK-11629,2025-10-03 05:00:00,Bengaluru Electronic City,Kundli DC,NH48 Western Corridor,Coastal Ro-Ro,1155.0,33.0,2025-10-04 14:00:04,0,0.782,6.9,26.4,4.62,2025-10-05 11:36:04,21.6,1
SHP-TRK-11630,2025-10-03 11:00:00,Bengaluru Electronic City,Chakan Assembly Alpha (Pune),Western DFC Electric Rail,Road (Heavy Haulage),1423.7,40.7,2025-10-05 03:40:39,0,0.934,4.5,19.3,3.64,2025-10-05 03:40:39,0.0,0
SHP-TRK-11631,2025-10-03 12:00:00,Bengaluru Electronic City,Oragadam Southern Plant (Chennai),Coastal Maritime Lane,Rail (Dedicated Freight Corridor),974.7,21.7,2025-10-04 09:39:33,0,0.878,2.0,31.9,4.72,2025-10-04 09:39:33,0.0,0
SHP-TRK-11632,2025-10-03 18:00:00,Bengaluru Electronic City,Oragadam Southern Plant (Chennai),NH48 Western Corridor,Rail (Dedicated Freight Corridor),1077.4,23.9,2025-10-04 17:56:30,0,0.955,2.3,6.9,3.81,2025-10-04 17:56:30,0.0,0
SHP-TRK-11633,2025-10-04 01:00:00,Sriperumbudur (Tamil Nadu),Manesar Northern Plant,Chennai-Bengaluru Expressway,Road (Heavy Haulage),910.0,26.0,2025-10-05 02:59:58,0,0.946,7.1,28.4,3.54,2025-10-05 10:53:58,7.9,1
SHP-TRK-11634,2025-10-04 04:00:00,Bengaluru Electronic City,Bhiwandi Central DC,Chennai-Bengaluru Expressway,Rail (Dedicated Freight Corridor),642.6,14.3,2025-10-04 18:16:49,0,0.808,8.2,16.2,3.75,2025-10-04 18:16:49,0.0,0
SHP-TRK-11635,2025-10-04 06:00:00,Gurugram (Haryana),Manesar Northern Plant,NH48 Western Corridor,Road (Express),841.2,24.0,2025-10-05 06:02:03,0,0.954,8.0,5.8,4.06,2025-10-05 06:02:03,0.0,0
SHP-TRK-11636,2025-10-04 09:00:00,Sanand Hub (Gujarat),Manesar Northern Plant,NH48 Western Corridor,Road (Heavy Haulage),1045.9,29.9,2025-10-05 14:53:02,0,0.845,6.9,30.9,3.75,2025-10-06 12:11:02,21.3,1
SHP-TRK-11637,2025-10-04 17:00:00,Bengaluru Electronic City,Chakan Assembly Alpha (Pune),NH48 Western Corridor,Road (Heavy Haulage),660.4,18.9,2025-10-05 11:52:05,0,0.954,6.9,31.2,3.76,2025-10-05 11:52:05,0.0,0
SHP-TRK-11638,2025-10-05 00:00:00,Bengaluru Electronic City,Oragadam Southern Plant (Chennai),Golden Quadrilateral Delhi-Kolkata,Road (Heavy Haulage),887.0,25.3,2025-10-06 01:20:31,0,0.82,2.2,5.1,3.56,2025-10-06 01:20:31,0.0,0
SHP-TRK-11639,2025-10-05 03:00:00,Pune MIDC (Maharashtra),Chakan Assembly Alpha (Pune),NH48 Western Corridor,Road (Express),338.1,9.7,2025-10-05 12:39:31,0,0.931,5.6,11.0,3.47,2025-10-05 12:39:31,0.0,0
SHP-TRK-11640,2025-10-05 03:00:00,Sanand Hub (Gujarat),Bhiwandi Central DC,NH48 Western Corridor,Road (Express),324.4,9.3,2025-10-05 12:16:09,0,0.943,3.5,9.9,4.77,2025-10-05 12:16:09,0.0,0
SHP-TRK-11641,2025-10-05 04:00:00,Sanand Hub (Gujarat),Bhiwandi Central DC,Western DFC Electric Rail,Rail (Dedicated Freight Corridor),1142.9,25.4,2025-10-06 05:23:51,0,0.971,2.8,8.5,4.4,2025-10-06 05:23:51,0.0,0
SHP-TRK-11642,2025-10-05 04:00:00,Bengaluru Electronic City,Manesar Northern Plant,Golden Quadrilateral Delhi-Kolkata,Road (Express),1353.9,38.7,2025-10-06 18:40:55,0,0.831,3.3,22.1,4.29,2025-10-06 18:40:55,0.0,0
SHP-TRK-11643,2025-10-05 05:00:00,Bengaluru Electronic City,Chakan Assembly Alpha (Pune),Golden Quadrilateral Delhi-Kolkata,Rail (Dedicated Freight Corridor),1209.1,26.9,2025-10-06 07:52:11,0,0.848,2.3,15.9,4.02,2025-10-06 07:52:11,0.0,0
SHP-TRK-11644,2025-10-05 05:00:00,Sriperumbudur (Tamil Nadu),Oragadam Southern Plant (Chennai),Golden Quadrilateral Delhi-Kolkata,Road (Heavy Haulage),351.1,10.0,2025-10-05 15:01:48,0,0.856,2.7,6.3,4.15,2025-10-05 15:01:48,0.0,0
SHP-TRK-11645,2025-10-05 05:00:00,Pune MIDC (Maharashtra),Manesar Northern Plant,Western DFC Electric Rail,Road (Express),1008.0,28.8,2025-10-06 09:48:02,0,0.87,4.4,20.9,3.69,2025-10-06 09:48:02,0.0,0
SHP-TRK-11646,2025-10-05 06:00:00,Gurugram (Haryana),Chakan Assembly Alpha (Pune),NH48 Western Corridor,Road (Heavy Haulage),1001.6,28.6,2025-10-06 10:37:05,0,0.754,8.1,27.3,4.09,2025-10-06 10:37:05,0.0,0
SHP-TRK-11647,2025-10-05 06:00:00,Gurugram (Haryana),Bhiwandi Central DC,Golden Quadrilateral Delhi-Kolkata,Rail (Dedicated Freight Corridor),930.3,20.7,2025-10-06 02:40:25,0,0.873,3.6,17.2,4.44,2025-10-06 12:52:25,10.2,1
SHP-TRK-11648,2025-10-05 07:00:00,Gurugram (Haryana),Kundli DC,Western DFC Electric Rail,Rail (Dedicated Freight Corridor),472.9,10.5,2025-10-05 17:30:29,0,0.901,1.6,12.3,3.87,2025-10-05 17:30:29,0.0,0
SHP-TRK-11649,2025-10-05 08:00:00,Sanand Hub (Gujarat),Bhiwandi Central DC,NH48 Western Corridor,Road (Heavy Haulage),339.7,9.7,2025-10-05 17:42:25,0,0.785,2.4,25.8,4.61,2025-10-05 17:42:25,0.0,0
SHP-TRK-11650,2025-10-05 09:00:00,Sanand Hub (Gujarat),Oragadam Southern Plant (Chennai),Golden Quadrilateral Delhi-Kolkata,Rail (Dedicated Freight Corridor),971.4,21.6,2025-10-06 06:35:08,0,0.96,2.8,18.1,3.52,2025-10-06 06:35:08,0.0,0
SHP-TRK-11651,2025-10-05 11:00:00,Sanand Hub (Gujarat),Chakan Assembly Alpha (Pune),NH48 Western Corridor,Rail (Dedicated Freight Corridor),478.3,10.6,2025-10-05 21:37:43,0,0.839,5.9,11.3,4.32,2025-10-05 21:37:43,0.0,0
SHP-TRK-11652,2025-10-06 05:00:00,Gurugram (Haryana),Manesar Northern Plant,NH48 Western Corridor,Road (Express),576.7,16.5,2025-10-06 21:28:38,0,0.838,7.5,17.0,4.88,2025-10-06 21:28:38,0.0,0
SHP-TRK-11653,2025-10-06 11:00:00,Sanand Hub (Gujarat),Chakan Assembly Alpha (Pune),NH48 Western Corridor,Road (Heavy Haulage),407.3,11.6,2025-10-06 22:38:08,0,0.946,1.2,13.2,4.8,2025-10-06 22:38:08,0.0,0
SHP-TRK-11654,2025-10-06 12:00:00,Sriperumbudur (Tamil Nadu),Kundli DC,Western DFC Electric Rail,Coastal Ro-Ro,531.2,15.2,2025-10-07 03:10:35,0,0.77,2.8,24.0,4.31,2025-10-07 07:52:35,4.7,1
SHP-TRK-11655,2025-10-06 18:00:00,Sriperumbudur (Tamil Nadu),Manesar Northern Plant,Chennai-Bengaluru Expressway,Road (Heavy Haulage),890.3,25.4,2025-10-07 19:26:18,0,0.747,7.4,30.7,4.13,2025-10-08 06:26:18,11.0,1
SHP-TRK-11656,2025-10-06 19:00:00,Sanand Hub (Gujarat),Bhiwandi Central DC,Golden Quadrilateral Delhi-Kolkata,Road (Heavy Haulage),1055.2,30.1,2025-10-08 01:08:54,0,0.875,2.5,10.6,3.92,2025-10-08 09:02:54,7.9,1
SHP-TRK-11657,2025-10-07 02:00:00,Pune MIDC (Maharashtra),Oragadam Southern Plant (Chennai),Western DFC Electric Rail,Road (Express),1191.8,34.1,2025-10-08 12:03:09,0,0.974,2.9,28.2,4.63,2025-10-08 12:03:09,0.0,0
SHP-TRK-11658,2025-10-07 07:00:00,Sriperumbudur (Tamil Nadu),Oragadam Southern Plant (Chennai),NH48 Western Corridor,Road (Heavy Haulage),892.6,25.5,2025-10-08 08:30:12,0,0.977,6.9,13.5,4.55,2025-10-08 08:30:12,0.0,0
SHP-TRK-11659,2025-10-07 08:00:00,Bengaluru Electronic City,Chakan Assembly Alpha (Pune),Chennai-Bengaluru Expressway,Road (Heavy Haulage),1253.9,35.8,2025-10-08 19:49:30,0,0.797,3.3,26.3,4.57,2025-10-08 19:49:30,0.0,0
SHP-TRK-11660,2025-10-07 11:00:00,Sriperumbudur (Tamil Nadu),Chakan Assembly Alpha (Pune),NH48 Western Corridor,Rail (Dedicated Freight Corridor),1219.6,27.1,2025-10-08 14:06:09,0,0.821,7.7,15.0,3.9,2025-10-08 14:06:09,0.0,0
SHP-TRK-11661,2025-10-07 12:00:00,Bengaluru Electronic City,Manesar Northern Plant,Coastal Maritime Lane,Road (Heavy Haulage),938.3,26.8,2025-10-08 14:48:33,0,0.852,7.7,28.3,4.79,2025-10-08 14:48:33,0.0,0
SHP-TRK-11662,2025-10-07 16:00:00,Sanand Hub (Gujarat),Chakan Assembly Alpha (Pune),NH48 Western Corridor,Rail (Dedicated Freight Corridor),807.1,17.9,2025-10-08 09:56:05,0,0.805,4.2,27.1,4.9,2025-10-08 09:56:05,0.0,0
SHP-TRK-11663,2025-10-07 19:00:00,Pune MIDC (Maharashtra),Chakan Assembly Alpha (Pune),NH48 Western Corridor,Road (Heavy Haulage),1261.9,36.1,2025-10-09 07:03:16,0,0.727,2.8,29.4,3.74,2025-10-09 07:03:16,0.0,0
SHP-TRK-11664,2025-10-07 19:00:00,Sanand Hub (Gujarat),Bhiwandi Central DC,NH48 Western Corridor,Air Cargo Express,754.6,12.6,2025-10-08 07:34:36,0,0.937,7.2,26.9,4.77,2025-10-08 07:34:36,0.0,0
SHP-TRK-11665,2025-10-07 19:00:00,Bengaluru Electronic City,Chakan Assembly Alpha (Pune),Western DFC Electric Rail,Road (Express),1275.5,36.4,2025-10-09 07:26:34,0,0.741,7.7,12.6,3.46,2025-10-09 07:26:34,0.0,0
SHP-TRK-11666,2025-10-07 21:00:00,Sriperumbudur (Tamil Nadu),Manesar Northern Plant,NH48 Western Corridor,Road (Heavy Haulage),895.2,25.6,2025-10-08 22:34:33,0,0.937,3.6,11.4,4.82,2025-10-08 22:34:33,0.0,0
SHP-TRK-11667,2025-10-07 22:00:00,Bengaluru Electronic City,Chakan Assembly Alpha (Pune),Golden Quadrilateral Delhi-Kolkata,Road (Express),404.3,11.6,2025-10-08 09:33:03,0,0.976,5.9,18.3,4.75,2025-10-08 09:33:03,0.0,0
SHP-TRK-11668,2025-10-07 23:00:00,Sanand Hub (Gujarat),Chakan Assembly Alpha (Pune),Golden Quadrilateral Delhi-Kolkata,Road (Heavy Haulage),964.7,27.6,2025-10-09 02:33:42,0,0.878,2.7,22.4,3.94,2025-10-09 02:33:42,0.0,0
SHP-TRK-11669,2025-10-08 06:00:00,Pune MIDC (Maharashtra),Oragadam Southern Plant (Chennai),NH48 Western Corridor,Road (Express),911.4,26.0,2025-10-09 08:02:23,0,0.972,8.8,12.2,3.49,2025-10-09 08:02:23,0.0,0
SHP-TRK-11670,2025-10-08 09:00:00,Gurugram (Haryana),Manesar Northern Plant,NH48 Western Corridor,Road (Heavy Haulage),1386.1,39.6,2025-10-10 00:36:12,0,0.858,3.3,14.1,4.3,2025-10-10 00:36:12,0.0,0
SHP-TRK-11671,2025-10-08 10:00:00,Gurugram (Haryana),Bhiwandi Central DC,Chennai-Bengaluru Expressway,Rail (Dedicated Freight Corridor),757.7,16.8,2025-10-09 02:50:18,0,0.786,8.9,12.9,3.6,2025-10-11 22:50:18,68.0,1
SHP-TRK-11672,2025-10-08 16:00:00,Pune MIDC (Maharashtra),Kundli DC,NH48 Western Corridor,Rail (Dedicated Freight Corridor),700.1,15.6,2025-10-09 07:33:25,0,0.749,4.3,26.2,4.05,2025-10-09 07:33:25,0.0,0
SHP-TRK-11673,2025-10-08 17:00:00,Sriperumbudur (Tamil Nadu),Manesar Northern Plant,NH48 Western Corridor,Air Cargo Express,1236.0,20.6,2025-10-09 13:36:00,0,0.867,3.4,12.6,4.33,2025-10-09 13:36:00,0.0,0
SHP-TRK-11674,2025-10-08 18:00:00,Sanand Hub (Gujarat),Kundli DC,Coastal Maritime Lane,Rail (Dedicated Freight Corridor),305.7,6.8,2025-10-09 00:47:34,0,0.809,1.2,12.0,3.45,2025-10-09 00:47:34,0.0,0
SHP-TRK-11675,2025-10-08 19:00:00,Bengaluru Electronic City,Chakan Assembly Alpha (Pune),Chennai-Bengaluru Expressway,Road (Heavy Haulage),997.7,28.5,2025-10-09 23:30:19,0,0.912,3.8,30.5,4.03,2025-10-09 23:30:19,0.0,0
SHP-TRK-11676,2025-10-08 23:00:00,Bengaluru Electronic City,Kundli DC,Golden Quadrilateral Delhi-Kolkata,Rail (Dedicated Freight Corridor),750.4,16.7,2025-10-09 15:40:35,0,0.778,6.8,21.2,4.34,2025-10-09 15:40:35,0.0,0
SHP-TRK-11677,2025-10-09 01:00:00,Sanand Hub (Gujarat),Bhiwandi Central DC,Chennai-Bengaluru Expressway,Coastal Ro-Ro,635.7,18.2,2025-10-09 19:09:48,0,0.826,7.5,20.9,4.79,2025-10-09 19:09:48,0.0,0
SHP-TRK-11678,2025-10-09 07:00:00,Sriperumbudur (Tamil Nadu),Oragadam Southern Plant (Chennai),NH48 Western Corridor,Road (Heavy Haulage),258.9,7.4,2025-10-09 14:23:50,0,0.957,4.3,17.4,4.31,2025-10-09 14:23:50,0.0,0
SHP-TRK-11679,2025-10-09 08:00:00,Sriperumbudur (Tamil Nadu),Chakan Assembly Alpha (Pune),NH48 Western Corridor,Road (Express),313.8,9.0,2025-10-09 16:57:54,0,0.77,3.1,12.3,3.73,2025-10-09 16:57:54,0.0,0
SHP-TRK-11680,2025-10-09 11:00:00,Sriperumbudur (Tamil Nadu),Chakan Assembly Alpha (Pune),Western DFC Electric Rail,Road (Heavy Haulage),1356.3,38.8,2025-10-11 01:45:02,0,0.943,8.8,22.4,4.34,2025-10-11 01:45:02,0.0,0
SHP-TRK-11681,2025-10-09 12:00:00,Sriperumbudur (Tamil Nadu),Chakan Assembly Alpha (Pune),NH48 Western Corridor,Rail (Dedicated Freight Corridor),781.0,17.4,2025-10-10 05:21:23,0,0.856,2.0,14.4,3.58,2025-10-12 15:51:23,58.5,1
SHP-TRK-11682,2025-10-09 15:00:00,Bengaluru Electronic City,Bhiwandi Central DC,NH48 Western Corridor,Rail (Dedicated Freight Corridor),711.1,15.8,2025-10-10 06:48:06,0,0.75,2.6,5.9,4.61,2025-10-10 06:48:06,0.0,0
SHP-TRK-11683,2025-10-10 03:00:00,Sriperumbudur (Tamil Nadu),Manesar Northern Plant,NH48 Western Corridor,Road (Heavy Haulage),1264.3,36.1,2025-10-11 15:07:21,0,0.743,7.9,17.8,3.88,2025-10-11 15:07:21,0.0,0
SHP-TRK-11684,2025-10-10 04:00:00,Bengaluru Electronic City,Bhiwandi Central DC,NH48 Western Corridor,Road (Express),1417.4,40.5,2025-10-11 20:29:54,0,0.742,1.5,20.9,4.84,2025-10-11 20:29:54,0.0,0
SHP-TRK-11685,2025-10-10 04:00:00,Bengaluru Electronic City,Chakan Assembly Alpha (Pune),NH48 Western Corridor,Rail (Dedicated Freight Corridor),769.5,17.1,2025-10-10 21:06:02,0,0.847,1.5,17.9,4.47,2025-10-10 21:06:02,0.0,0
SHP-TRK-11686,2025-10-10 07:00:00,Sriperumbudur (Tamil Nadu),Chakan Assembly Alpha (Pune),NH48 Western Corridor,Road (Heavy Haulage),464.7,13.3,2025-10-10 20:16:41,0,0.891,9.0,22.4,4.01,2025-10-10 20:16:41,0.0,0
SHP-TRK-11687,2025-10-10 08:00:00,Bengaluru Electronic City,Kundli DC,Western DFC Electric Rail,Coastal Ro-Ro,598.2,17.1,2025-10-11 01:05:33,0,0.92,2.1,25.6,3.59,2025-10-11 01:05:33,0.0,0
SHP-TRK-11688,2025-10-10 13:00:00,Gurugram (Haryana),Kundli DC,Western DFC Electric Rail,Coastal Ro-Ro,545.3,15.6,2025-10-11 04:34:46,0,0.871,4.4,10.2,4.4,2025-10-11 04:34:46,0.0,0
SHP-TRK-11689,2025-10-10 16:00:00,Sanand Hub (Gujarat),Oragadam Southern Plant (Chennai),Golden Quadrilateral Delhi-Kolkata,Road (Heavy Haulage),1018.8,29.1,2025-10-11 21:06:33,0,0.736,8.7,5.1,4.56,2025-10-11 21:06:33,0.0,0
SHP-TRK-11690,2025-10-10 20:00:00,Pune MIDC (Maharashtra),Chakan Assembly Alpha (Pune),Coastal Maritime Lane,Coastal Ro-Ro,923.7,26.4,2025-10-11 22:23:25,0,0.845,1.4,20.0,4.56,2025-10-11 22:23:25,0.0,0
SHP-TRK-11691,2025-10-11 00:00:00,Bengaluru Electronic City,Manesar Northern Plant,NH48 Western Corridor,Road (Heavy Haulage),417.7,11.9,2025-10-11 11:55:58,0,0.732,5.3,26.3,4.26,2025-10-11 11:55:58,0.0,0
SHP-TRK-11692,2025-10-11 04:00:00,Sriperumbudur (Tamil Nadu),Oragadam Southern Plant (Chennai),NH48 Western Corridor,Road (Heavy Haulage),1104.5,31.6,2025-10-12 11:33:28,0,0.762,1.1,20.9,4.31,2025-10-12 11:33:28,0.0,0
SHP-TRK-11693,2025-10-11 05:00:00,Pune MIDC (Maharashtra),Manesar Northern Plant,Golden Quadrilateral Delhi-Kolkata,Rail (Dedicated Freight Corridor),1238.9,27.5,2025-10-12 08:31:53,0,0.778,3.7,10.7,4.73,2025-10-12 08:31:53,0.0,0
SHP-TRK-11694,2025-10-11 10:00:00,Bengaluru Electronic City,Oragadam Southern Plant (Chennai),Western DFC Electric Rail,Air Cargo Express,892.5,14.9,2025-10-12 00:52:32,0,0.944,4.9,23.2,4.01,2025-10-12 07:40:32,6.8,1
SHP-TRK-11695,2025-10-11 12:00:00,Bengaluru Electronic City,Kundli DC,Chennai-Bengaluru Expressway,Coastal Ro-Ro,628.7,18.0,2025-10-12 05:57:48,0,0.971,6.5,15.3,3.42,2025-10-12 05:57:48,0.0,0
SHP-TRK-11696,2025-10-11 14:00:00,Sanand Hub (Gujarat),Bhiwandi Central DC,NH48 Western Corridor,Rail (Dedicated Freight Corridor),850.8,18.9,2025-10-12 08:54:23,0,0.955,6.1,15.4,4.87,2025-10-12 17:48:23,8.9,1
SHP-TRK-11697,2025-10-11 16:00:00,Bengaluru Electronic City,Oragadam Southern Plant (Chennai),Chennai-Bengaluru Expressway,Rail (Dedicated Freight Corridor),974.7,21.7,2025-10-12 13:39:37,0,0.9,4.1,5.3,4.82,2025-10-12 13:39:37,0.0,0
SHP-TRK-11698,2025-10-11 16:00:00,Gurugram (Haryana),Kundli DC,Golden Quadrilateral Delhi-Kolkata,Road (Express),1263.4,36.1,2025-10-13 04:05:50,0,0.876,2.1,15.3,3.93,2025-10-13 04:05:50,0.0,0
SHP-TRK-11699,2025-10-11 18:00:00,Gurugram (Haryana),Chakan Assembly Alpha (Pune),NH48 Western Corridor,Road (Heavy Haulage),311.9,8.9,2025-10-12 02:54:43,0,0.751,2.5,27.5,3.42,2025-10-12 11:54:43,9.0,1
SHP-TRK-11700,2025-10-11 20:00:00,Sriperumbudur (Tamil Nadu),Manesar Northern Plant,NH48 Western Corridor,Rail (Dedicated Freight Corridor),499.9,11.1,2025-10-12 07:06:33,0,0.907,7.5,8.3,3.77,2025-10-12 07:06:33,0.0,0
SHP-TRK-11701,2025-10-11 22:00:00,Sanand Hub (Gujarat),Manesar Northern Plant,NH48 Western Corridor,Rail (Dedicated Freight Corridor),622.0,13.8,2025-10-12 11:49:20,0,0.971,7.8,28.7,4.34,2025-10-12 11:49:20,0.0,0
SHP-TRK-11702,2025-10-12 02:00:00,Bengaluru Electronic City,Chakan Assembly Alpha (Pune),Western DFC Electric Rail,Road (Heavy Haulage),594.6,17.0,2025-10-12 18:59:16,0,0.94,2.2,14.6,3.46,2025-10-13 06:17:16,11.3,1
SHP-TRK-11703,2025-10-12 02:00:00,Bengaluru Electronic City,Oragadam Southern Plant (Chennai),Western DFC Electric Rail,Rail (Dedicated Freight Corridor),580.0,12.9,2025-10-12 14:53:19,0,0.856,5.1,13.2,4.22,2025-10-12 14:53:19,0.0,0
SHP-TRK-11704,2025-10-12 06:00:00,Bengaluru Electronic City,Kundli DC,Coastal Maritime Lane,Road (Express),1080.7,30.9,2025-10-13 12:52:35,0,0.818,3.2,22.7,4.34,2025-10-13 12:52:35,0.0,0
SHP-TRK-11705,2025-10-12 10:00:00,Gurugram (Haryana),Oragadam Southern Plant (Chennai),Coastal Maritime Lane,Road (Heavy Haulage),1158.2,33.1,2025-10-13 19:05:33,0,0.975,7.2,16.8,4.75,2025-10-13 19:05:33,0.0,0
SHP-TRK-11706,2025-10-12 13:00:00,Sriperumbudur (Tamil Nadu),Chakan Assembly Alpha (Pune),Western DFC Electric Rail,Road (Heavy Haulage),366.1,10.5,2025-10-12 23:27:32,0,0.913,1.9,15.6,4.1,2025-10-12 23:27:32,0.0,0
SHP-TRK-11707,2025-10-12 14:00:00,Pune MIDC (Maharashtra),Oragadam Southern Plant (Chennai),NH48 Western Corridor,Coastal Ro-Ro,295.9,8.5,2025-10-12 22:27:17,0,0.947,7.0,10.9,4.15,2025-10-12 22:27:17,0.0,0
SHP-TRK-11708,2025-10-12 17:00:00,Gurugram (Haryana),Oragadam Southern Plant (Chennai),Western DFC Electric Rail,Rail (Dedicated Freight Corridor),651.9,14.5,2025-10-13 07:29:08,0,0.859,4.6,5.5,3.72,2025-10-13 07:29:08,0.0,0
SHP-TRK-11709,2025-10-12 19:00:00,Gurugram (Haryana),Manesar Northern Plant,Coastal Maritime Lane,Road (Express),1022.8,29.2,2025-10-14 00:13:27,0,0.975,3.5,9.6,4.11,2025-10-14 00:13:27,0.0,0
SHP-TRK-11710,2025-10-13 10:00:00,Gurugram (Haryana),Manesar Northern Plant,Golden Quadrilateral Delhi-Kolkata,Road (Heavy Haulage),857.0,24.5,2025-10-14 10:29:08,0,0.762,5.6,29.6,4.28,2025-10-14 10:29:08,0.0,0
SHP-TRK-11711,2025-10-13 17:00:00,Bengaluru Electronic City,Chakan Assembly Alpha (Pune),Golden Quadrilateral Delhi-Kolkata,Rail (Dedicated Freight Corridor),682.3,15.2,2025-10-14 08:09:46,0,0.781,8.5,27.1,3.61,2025-10-14 08:09:46,0.0,0
SHP-TRK-11712,2025-10-13 19:00:00,Sanand Hub (Gujarat),Chakan Assembly Alpha (Pune),NH48 Western Corridor,Rail (Dedicated Freight Corridor),1261.2,28.0,2025-10-14 23:01:32,0,0.978,3.9,17.0,4.81,2025-10-14 23:01:32,0.0,0
SHP-TRK-11713,2025-10-13 23:00:00,Gurugram (Haryana),Chakan Assembly Alpha (Pune),Golden Quadrilateral Delhi-Kolkata,Road (Heavy Haulage),1076.7,30.8,2025-10-15 05:45:43,0,0.755,5.0,26.0,4.71,2025-10-15 05:45:43,0.0,0
SHP-TRK-11714,2025-10-14 09:00:00,Sanand Hub (Gujarat),Bhiwandi Central DC,NH48 Western Corridor,Rail (Dedicated Freight Corridor),1115.1,24.8,2025-10-15 09:46:49,0,0.923,8.5,14.6,4.3,2025-10-15 09:46:49,0.0,0
SHP-TRK-11715,2025-10-14 15:00:00,Sriperumbudur (Tamil Nadu),Bhiwandi Central DC,NH48 Western Corridor,Road (Heavy Haulage),895.9,25.6,2025-10-15 16:35:53,0,0.766,8.3,22.3,4.62,2025-10-15 16:35:53,0.0,0
SHP-TRK-11716,2025-10-14 15:00:00,Bengaluru Electronic City,Manesar Northern Plant,NH48 Western Corridor,Road (Heavy Haulage),416.5,11.9,2025-10-15 02:54:04,0,0.899,4.8,12.8,3.71,2025-10-15 02:54:04,0.0,0
SHP-TRK-11717,2025-10-14 23:00:00,Gurugram (Haryana),Chakan Assembly Alpha (Pune),Western DFC Electric Rail,Air Cargo Express,992.7,16.5,2025-10-15 15:32:44,0,0.799,8.7,12.3,4.89,2025-10-15 15:32:44,0.0,0
SHP-TRK-11718,2025-10-15 00:00:00,Gurugram (Haryana),Oragadam Southern Plant (Chennai),Golden Quadrilateral Delhi-Kolkata,Coastal Ro-Ro,500.4,14.3,2025-10-15 14:17:53,0,0.825,3.7,14.0,4.28,2025-10-15 14:17:53,0.0,0
SHP-TRK-11719,2025-10-15 01:00:00,Sanand Hub (Gujarat),Bhiwandi Central DC,Coastal Maritime Lane,Road (Heavy Haulage),1395.0,39.9,2025-10-16 16:51:28,0,0.965,7.5,10.6,3.74,2025-10-16 16:51:28,0.0,0
SHP-TRK-11720,2025-10-15 04:00:00,Bengaluru Electronic City,Manesar Northern Plant,Coastal Maritime Lane,Road (Heavy Haulage),1352.4,38.6,2025-10-16 18:38:24,0,0.819,5.1,17.3,4.43,2025-10-16 18:38:24,0.0,0
SHP-TRK-11721,2025-10-15 07:00:00,Bengaluru Electronic City,Oragadam Southern Plant (Chennai),Coastal Maritime Lane,Road (Heavy Haulage),460.4,13.2,2025-10-15 20:09:12,0,0.743,8.0,29.2,4.17,2025-10-15 20:09:12,0.0,0
SHP-TRK-11722,2025-10-15 08:00:00,Sriperumbudur (Tamil Nadu),Manesar Northern Plant,Western DFC Electric Rail,Road (Heavy Haulage),266.3,7.6,2025-10-15 15:36:34,0,0.804,8.5,12.9,3.78,2025-10-15 15:36:34,0.0,0
SHP-TRK-11723,2025-10-15 09:00:00,Bengaluru Electronic City,Manesar Northern Plant,Western DFC Electric Rail,Road (Express),1308.5,37.4,2025-10-16 22:23:12,0,0.73,8.4,9.9,4.0,2025-10-16 22:23:12,0.0,0
SHP-TRK-11724,2025-10-15 09:00:00,Pune MIDC (Maharashtra),Manesar Northern Plant,Coastal Maritime Lane,Road (Heavy Haulage),544.6,15.6,2025-10-16 00:33:38,0,0.783,7.5,7.4,4.65,2025-10-16 14:21:38,13.8,1
SHP-TRK-11725,2025-10-15 13:00:00,Sanand Hub (Gujarat),Oragadam Southern Plant (Chennai),Chennai-Bengaluru Expressway,Road (Express),1372.7,39.2,2025-10-17 04:13:09,0,0.924,6.2,16.4,4.89,2025-10-18 01:31:09,21.3,1
SHP-TRK-11726,2025-10-15 20:00:00,Pune MIDC (Maharashtra),Chakan Assembly Alpha (Pune),Western DFC Electric Rail,Rail (Dedicated Freight Corridor),1077.6,23.9,2025-10-16 19:56:48,0,0.907,5.5,10.6,4.44,2025-10-16 19:56:48,0.0,0
SHP-TRK-11727,2025-10-16 00:00:00,Sanand Hub (Gujarat),Oragadam Southern Plant (Chennai),Chennai-Bengaluru Expressway,Coastal Ro-Ro,736.2,21.0,2025-10-16 21:02:00,0,0.73,1.4,12.3,4.28,2025-10-16 21:02:00,0.0,0
SHP-TRK-11728,2025-10-16 05:00:00,Sriperumbudur (Tamil Nadu),Manesar Northern Plant,NH48 Western Corridor,Road (Heavy Haulage),681.4,19.5,2025-10-17 00:28:04,0,0.76,1.6,22.1,4.53,2025-10-17 00:28:04,0.0,0
SHP-TRK-11729,2025-10-16 05:00:00,Pune MIDC (Maharashtra),Manesar Northern Plant,NH48 Western Corridor,Road (Express),1441.6,41.2,2025-10-17 22:11:19,0,0.768,2.7,12.4,4.88,2025-10-17 22:11:19,0.0,0
SHP-TRK-11730,2025-10-16 08:00:00,Pune MIDC (Maharashtra),Manesar Northern Plant,Coastal Maritime Lane,Rail (Dedicated Freight Corridor),1084.7,24.1,2025-10-17 08:06:19,0,0.966,3.5,13.7,3.62,2025-10-17 08:06:19,0.0,0
SHP-TRK-11731,2025-10-16 09:00:00,Gurugram (Haryana),Oragadam Southern Plant (Chennai),NH48 Western Corridor,Coastal Ro-Ro,1109.2,31.7,2025-10-17 16:41:24,0,0.846,6.0,18.4,4.44,2025-10-17 16:41:24,0.0,0
SHP-TRK-11732,2025-10-16 17:00:00,Bengaluru Electronic City,Kundli DC,NH48 Western Corridor,Road (Heavy Haulage),372.5,10.6,2025-10-17 03:38:39,0,0.954,3.3,11.6,4.61,2025-10-17 03:38:39,0.0,0
SHP-TRK-11733,2025-10-17 00:00:00,Sanand Hub (Gujarat),Bhiwandi Central DC,NH48 Western Corridor,Coastal Ro-Ro,1240.3,35.4,2025-10-18 11:26:09,0,0.862,6.4,18.1,3.45,2025-10-18 11:26:09,0.0,0
SHP-TRK-11734,2025-10-17 01:00:00,Pune MIDC (Maharashtra),Chakan Assembly Alpha (Pune),NH48 Western Corridor,Rail (Dedicated Freight Corridor),1238.3,27.5,2025-10-18 04:31:03,0,0.802,4.6,16.3,4.12,2025-10-18 04:31:03,0.0,0
SHP-TRK-11735,2025-10-17 01:00:00,Pune MIDC (Maharashtra),Chakan Assembly Alpha (Pune),Western DFC Electric Rail,Road (Heavy Haulage),1386.5,39.6,2025-10-18 16:36:52,0,0.739,1.3,8.8,4.0,2025-10-18 16:36:52,0.0,0
SHP-TRK-11736,2025-10-17 02:00:00,Pune MIDC (Maharashtra),Chakan Assembly Alpha (Pune),NH48 Western Corridor,Road (Heavy Haulage),1002.1,28.6,2025-10-18 06:37:50,0,0.898,2.0,30.5,4.47,2025-10-18 06:37:50,0.0,0
SHP-TRK-11737,2025-10-17 04:00:00,Sriperumbudur (Tamil Nadu),Chakan Assembly Alpha (Pune),Chennai-Bengaluru Expressway,Road (Express),725.3,20.7,2025-10-18 00:43:20,0,0.873,3.1,23.5,4.67,2025-10-18 00:43:20,0.0,0
SHP-TRK-11738,2025-10-17 04:00:00,Sanand Hub (Gujarat),Chakan Assembly Alpha (Pune),NH48 Western Corridor,Road (Heavy Haulage),859.9,24.6,2025-10-18 04:34:11,0,0.773,7.1,11.1,4.27,2025-10-18 04:34:11,0.0,0
SHP-TRK-11739,2025-10-17 04:00:00,Gurugram (Haryana),Kundli DC,Golden Quadrilateral Delhi-Kolkata,Air Cargo Express,713.7,11.9,2025-10-17 15:53:44,0,0.916,8.7,5.1,3.73,2025-10-17 15:53:44,0.0,0
SHP-TRK-11740,2025-10-17 05:00:00,Sriperumbudur (Tamil Nadu),Oragadam Southern Plant (Chennai),Western DFC Electric Rail,Rail (Dedicated Freight Corridor),1402.1,31.2,2025-10-18 12:09:30,0,0.864,7.8,13.3,4.11,2025-10-18 12:09:30,0.0,0
SHP-TRK-11741,2025-10-17 08:00:00,Bengaluru Electronic City,Oragadam Southern Plant (Chennai),Western DFC Electric Rail,Rail (Dedicated Freight Corridor),1013.7,22.5,2025-10-18 06:31:37,0,0.811,3.5,21.3,3.46,2025-10-18 14:37:37,8.1,1
SHP-TRK-11742,2025-10-17 12:00:00,Sanand Hub (Gujarat),Chakan Assembly Alpha (Pune),NH48 Western Corridor,Road (Heavy Haulage),1036.0,29.6,2025-10-18 17:35:57,0,0.736,4.5,29.6,3.86,2025-10-18 17:35:57,0.0,0
SHP-TRK-11743,2025-10-17 14:00:00,Gurugram (Haryana),Oragadam Southern Plant (Chennai),Coastal Maritime Lane,Road (Heavy Haulage),1294.0,37.0,2025-10-19 02:58:19,0,0.841,6.3,23.0,4.1,2025-10-19 10:04:19,7.1,1
SHP-TRK-11744,2025-10-17 14:00:00,Gurugram (Haryana),Chakan Assembly Alpha (Pune),NH48 Western Corridor,Road (Express),823.9,23.5,2025-10-18 13:32:20,0,0.886,6.5,6.1,4.28,2025-10-18 13:32:20,0.0,0
SHP-TRK-11745,2025-10-17 19:00:00,Sanand Hub (Gujarat),Chakan Assembly Alpha (Pune),Western DFC Electric Rail,Rail (Dedicated Freight Corridor),444.2,9.9,2025-10-18 04:52:15,0,0.859,8.3,4.9,3.51,2025-10-18 04:52:15,0.0,0
SHP-TRK-11746,2025-10-17 19:00:00,Sanand Hub (Gujarat),Chakan Assembly Alpha (Pune),Chennai-Bengaluru Expressway,Road (Heavy Haulage),588.1,16.8,2025-10-18 11:48:14,0,0.883,4.3,10.9,4.6,2025-10-18 11:48:14,0.0,0
SHP-TRK-11747,2025-10-17 20:00:00,Pune MIDC (Maharashtra),Bhiwandi Central DC,Golden Quadrilateral Delhi-Kolkata,Road (Heavy Haulage),504.6,14.4,2025-10-18 10:25:03,0,0.912,8.6,4.9,4.37,2025-10-18 10:25:03,0.0,0
SHP-TRK-11748,2025-10-17 20:00:00,Pune MIDC (Maharashtra),Chakan Assembly Alpha (Pune),Western DFC Electric Rail,Coastal Ro-Ro,447.2,12.8,2025-10-18 08:46:38,0,0.725,7.3,6.7,4.31,2025-10-19 00:46:38,16.0,1
SHP-TRK-11749,2025-10-17 22:00:00,Sriperumbudur (Tamil Nadu),Oragadam Southern Plant (Chennai),Coastal Maritime Lane,Road (Express),575.3,16.4,2025-10-18 14:26:15,0,0.903,8.4,23.4,3.74,2025-10-18 14:26:15,0.0,0
SHP-TRK-11750,2025-10-17 23:00:00,Sriperumbudur (Tamil Nadu),Manesar Northern Plant,Coastal Maritime Lane,Road (Express),290.4,8.3,2025-10-18 07:17:46,0,0.737,1.6,24.9,3.89,2025-10-19 00:53:46,17.6,1
SHP-TRK-11751,2025-10-18 04:00:00,Bengaluru Electronic City,Chakan Assembly Alpha (Pune),Western DFC Electric Rail,Air Cargo Express,1383.5,23.1,2025-10-19 03:03:28,0,0.869,2.0,9.2,4.49,2025-10-19 03:03:28,0.0,0
SHP-TRK-11752,2025-10-18 05:00:00,Sanand Hub (Gujarat),Manesar Northern Plant,NH48 Western Corridor,Road (Heavy Haulage),434.9,12.4,2025-10-18 17:25:29,0,0.938,1.5,12.5,3.64,2025-10-18 17:25:29,0.0,0
SHP-TRK-11753,2025-10-18 06:00:00,Sriperumbudur (Tamil Nadu),Chakan Assembly Alpha (Pune),Coastal Maritime Lane,Road (Heavy Haulage),622.6,17.8,2025-10-18 23:47:22,0,0.814,4.8,19.9,3.69,2025-10-18 23:47:22,0.0,0
SHP-TRK-11754,2025-10-18 06:00:00,Gurugram (Haryana),Bhiwandi Central DC,NH48 Western Corridor,Road (Express),276.0,7.9,2025-10-18 13:53:05,0,0.874,7.9,20.6,4.45,2025-10-18 19:11:05,5.3,1
SHP-TRK-11755,2025-10-18 09:00:00,Pune MIDC (Maharashtra),Chakan Assembly Alpha (Pune),Western DFC Electric Rail,Road (Heavy Haulage),949.3,27.1,2025-10-19 12:07:18,0,0.904,7.5,21.3,4.88,2025-10-20 08:13:18,20.1,1
SHP-TRK-11756,2025-10-18 11:00:00,Gurugram (Haryana),Bhiwandi Central DC,Golden Quadrilateral Delhi-Kolkata,Road (Heavy Haulage),1271.3,36.3,2025-10-19 23:19:24,0,0.896,3.0,30.7,3.59,2025-10-19 23:19:24,0.0,0
SHP-TRK-11757,2025-10-18 15:00:00,Sanand Hub (Gujarat),Manesar Northern Plant,NH48 Western Corridor,Road (Heavy Haulage),1138.4,32.5,2025-10-19 23:31:36,0,0.928,6.8,10.1,3.42,2025-10-19 23:31:36,0.0,0
SHP-TRK-11758,2025-10-18 20:00:00,Bengaluru Electronic City,Oragadam Southern Plant (Chennai),NH48 Western Corridor,Road (Express),263.5,7.5,2025-10-19 03:31:45,0,0.812,5.0,30.6,3.67,2025-10-19 03:31:45,0.0,0
SHP-TRK-11759,2025-10-18 21:00:00,Sanand Hub (Gujarat),Chakan Assembly Alpha (Pune),NH48 Western Corridor,Road (Express),402.6,11.5,2025-10-19 08:30:11,0,0.86,3.0,7.0,3.81,2025-10-19 08:30:11,0.0,0
SHP-TRK-11760,2025-10-19 07:00:00,Sriperumbudur (Tamil Nadu),Kundli DC,NH48 Western Corridor,Road (Heavy Haulage),1368.4,39.1,2025-10-20 22:05:47,0,0.948,4.2,23.7,4.86,2025-10-21 19:35:47,21.5,1
SHP-TRK-11761,2025-10-19 11:00:00,Sriperumbudur (Tamil Nadu),Oragadam Southern Plant (Chennai),Western DFC Electric Rail,Road (Heavy Haulage),958.5,27.4,2025-10-20 14:23:11,0,0.89,1.2,19.6,3.71,2025-10-20 14:23:11,0.0,0
SHP-TRK-11762,2025-10-19 13:00:00,Sanand Hub (Gujarat),Chakan Assembly Alpha (Pune),Western DFC Electric Rail,Road (Express),1264.9,36.1,2025-10-21 01:08:25,0,0.797,8.3,25.0,3.54,2025-10-21 01:08:25,0.0,0
SHP-TRK-11763,2025-10-19 15:00:00,Bengaluru Electronic City,Kundli DC,NH48 Western Corridor,Road (Heavy Haulage),477.5,13.6,2025-10-20 04:38:34,0,0.93,3.2,13.6,4.05,2025-10-20 04:38:34,0.0,0
SHP-TRK-11764,2025-10-19 17:00:00,Bengaluru Electronic City,Oragadam Southern Plant (Chennai),Chennai-Bengaluru Expressway,Road (Express),1208.0,34.5,2025-10-21 03:30:48,0,0.746,7.4,7.8,4.63,2025-10-23 00:54:48,45.4,1
SHP-TRK-11765,2025-10-19 22:00:00,Sriperumbudur (Tamil Nadu),Bhiwandi Central DC,Western DFC Electric Rail,Coastal Ro-Ro,985.5,28.2,2025-10-21 02:09:23,0,0.916,2.9,9.1,3.92,2025-10-21 02:09:23,0.0,0
SHP-TRK-11766,2025-10-20 01:00:00,Sanand Hub (Gujarat),Oragadam Southern Plant (Chennai),Coastal Maritime Lane,Road (Heavy Haulage),1087.6,31.1,2025-10-21 08:04:22,0,0.858,8.8,29.3,4.76,2025-10-21 08:04:22,0.0,0
SHP-TRK-11767,2025-10-20 05:00:00,Bengaluru Electronic City,Chakan Assembly Alpha (Pune),Golden Quadrilateral Delhi-Kolkata,Road (Heavy Haulage),851.3,24.3,2025-10-21 05:19:20,0,0.891,6.5,5.1,3.69,2025-10-21 20:01:20,14.7,1
SHP-TRK-11768,2025-10-20 06:00:00,Sriperumbudur (Tamil Nadu),Manesar Northern Plant,NH48 Western Corridor,Rail (Dedicated Freight Corridor),1017.8,22.6,2025-10-21 04:37:04,0,0.936,9.0,27.6,3.69,2025-10-21 04:37:04,0.0,0
SHP-TRK-11769,2025-10-20 09:00:00,Sriperumbudur (Tamil Nadu),Kundli DC,NH48 Western Corridor,Road (Heavy Haulage),428.8,12.3,2025-10-20 21:15:06,0,0.912,4.3,6.2,4.24,2025-10-20 21:15:06,0.0,0
SHP-TRK-11770,2025-10-20 10:00:00,Bengaluru Electronic City,Oragadam Southern Plant (Chennai),Western DFC Electric Rail,Road (Heavy Haulage),654.5,18.7,2025-10-21 04:41:54,0,0.862,7.2,23.0,4.66,2025-10-21 19:11:54,14.5,1
SHP-TRK-11771,2025-10-20 11:00:00,Sanand Hub (Gujarat),Chakan Assembly Alpha (Pune),Western DFC Electric Rail,Rail (Dedicated Freight Corridor),503.7,11.2,2025-10-20 22:11:35,0,0.914,6.2,29.9,3.53,2025-10-21 21:41:35,23.5,1
SHP-TRK-11772,2025-10-20 21:00:00,Sriperumbudur (Tamil Nadu),Manesar Northern Plant,Chennai-Bengaluru Expressway,Road (Heavy Haulage),255.2,7.3,2025-10-21 04:17:33,0,0.855,2.7,24.9,4.66,2025-10-22 09:11:33,28.9,1
SHP-TRK-11773,2025-10-20 21:00:00,Pune MIDC (Maharashtra),Chakan Assembly Alpha (Pune),NH48 Western Corridor,Rail (Dedicated Freight Corridor),1267.6,28.2,2025-10-22 01:10:04,0,0.908,5.2,24.6,3.84,2025-10-22 15:40:04,14.5,1
SHP-TRK-11774,2025-10-21 01:00:00,Gurugram (Haryana),Bhiwandi Central DC,Coastal Maritime Lane,Road (Express),666.2,19.0,2025-10-21 20:02:04,0,0.954,3.6,24.7,3.43,2025-10-21 20:02:04,0.0,0
SHP-TRK-11775,2025-10-21 01:00:00,Bengaluru Electronic City,Chakan Assembly Alpha (Pune),NH48 Western Corridor,Coastal Ro-Ro,901.4,25.8,2025-10-22 02:45:12,0,0.926,2.6,17.8,3.64,2025-10-22 02:45:12,0.0,0
SHP-TRK-11776,2025-10-21 03:00:00,Pune MIDC (Maharashtra),Chakan Assembly Alpha (Pune),Western DFC Electric Rail,Road (Heavy Haulage),742.4,21.2,2025-10-22 00:12:38,0,0.959,8.0,17.8,3.89,2025-10-22 00:12:38,0.0,0
SHP-TRK-11777,2025-10-21 03:00:00,Bengaluru Electronic City,Oragadam Southern Plant (Chennai),NH48 Western Corridor,Road (Express),478.1,13.7,2025-10-21 16:39:37,0,0.844,1.6,23.8,4.14,2025-10-21 16:39:37,0.0,0
SHP-TRK-11778,2025-10-21 04:00:00,Bengaluru Electronic City,Kundli DC,Chennai-Bengaluru Expressway,Road (Heavy Haulage),702.0,20.1,2025-10-22 00:03:30,0,0.949,6.8,7.4,4.42,2025-10-22 00:03:30,0.0,0
SHP-TRK-11779,2025-10-21 10:00:00,Sanand Hub (Gujarat),Chakan Assembly Alpha (Pune),Golden Quadrilateral Delhi-Kolkata,Rail (Dedicated Freight Corridor),1146.0,25.5,2025-10-22 11:27:58,0,0.907,6.3,25.6,3.79,2025-10-22 11:27:58,0.0,0
SHP-TRK-11780,2025-10-21 15:00:00,Gurugram (Haryana),Chakan Assembly Alpha (Pune),Golden Quadrilateral Delhi-Kolkata,Road (Heavy Haulage),762.6,21.8,2025-10-22 12:47:17,0,0.726,1.5,22.3,4.23,2025-10-22 12:47:17,0.0,0
SHP-TRK-11781,2025-10-21 16:00:00,Sriperumbudur (Tamil Nadu),Oragadam Southern Plant (Chennai),NH48 Western Corridor,Road (Heavy Haulage),577.5,16.5,2025-10-22 08:30:04,0,0.837,2.6,6.9,4.74,2025-10-22 08:30:04,0.0,0
SHP-TRK-11782,2025-10-21 20:00:00,Gurugram (Haryana),Manesar Northern Plant,Golden Quadrilateral Delhi-Kolkata,Road (Heavy Haulage),382.1,10.9,2025-10-22 06:55:03,0,0.894,7.2,24.5,4.51,2025-10-22 06:55:03,0.0,0
SHP-TRK-11783,2025-10-21 21:00:00,Sriperumbudur (Tamil Nadu),Chakan Assembly Alpha (Pune),NH48 Western Corridor,Coastal Ro-Ro,1335.9,38.2,2025-10-23 11:10:04,0,0.801,2.0,27.2,3.79,2025-10-24 16:10:04,29.0,1
SHP-TRK-11784,2025-10-21 23:00:00,Gurugram (Haryana),Manesar Northern Plant,NH48 Western Corridor,Rail (Dedicated Freight Corridor),321.3,7.1,2025-10-22 06:08:22,0,0.936,2.4,14.7,4.12,2025-10-22 06:08:22,0.0,0
SHP-TRK-11785,2025-10-22 01:00:00,Sanand Hub (Gujarat),Chakan Assembly Alpha (Pune),Chennai-Bengaluru Expressway,Road (Heavy Haulage),287.9,8.2,2025-10-22 09:13:29,0,0.974,2.6,7.5,3.52,2025-10-22 09:13:29,0.0,0
SHP-TRK-11786,2025-10-22 08:00:00,Sriperumbudur (Tamil Nadu),Bhiwandi Central DC,Golden Quadrilateral Delhi-Kolkata,Road (Heavy Haulage),723.4,20.7,2025-10-23 04:40:04,0,0.761,2.4,29.8,4.22,2025-10-24 12:52:04,32.2,1
SHP-TRK-11787,2025-10-22 13:00:00,Sanand Hub (Gujarat),Oragadam Southern Plant (Chennai),Golden Quadrilateral Delhi-Kolkata,Road (Express),836.5,23.9,2025-10-23 12:54:04,0,0.944,2.0,29.5,4.46,2025-10-23 12:54:04,0.0,0
SHP-TRK-11788,2025-10-22 14:00:00,Pune MIDC (Maharashtra),Oragadam Southern Plant (Chennai),Western DFC Electric Rail,Rail (Dedicated Freight Corridor),676.5,15.0,2025-10-23 05:02:01,0,0.868,3.1,16.6,3.58,2025-10-23 05:02:01,0.0,0
SHP-TRK-11789,2025-10-22 15:00:00,Bengaluru Electronic City,Bhiwandi Central DC,Golden Quadrilateral Delhi-Kolkata,Road (Heavy Haulage),460.2,13.1,2025-10-23 04:08:58,0,0.83,1.9,8.3,4.31,2025-10-23 04:08:58,0.0,0
SHP-TRK-11790,2025-10-22 16:00:00,Sanand Hub (Gujarat),Oragadam Southern Plant (Chennai),NH48 Western Corridor,Air Cargo Express,273.1,4.6,2025-10-22 20:33:03,0,0.89,1.4,31.4,4.11,2025-10-22 20:33:03,0.0,0
SHP-TRK-11791,2025-10-22 20:00:00,Bengaluru Electronic City,Manesar Northern Plant,Coastal Maritime Lane,Road (Heavy Haulage),1000.8,28.6,2025-10-24 00:35:36,0,0.768,5.5,8.2,4.37,2025-10-24 18:29:36,17.9,1
SHP-TRK-11792,2025-10-22 21:00:00,Sriperumbudur (Tamil Nadu),Chakan Assembly Alpha (Pune),NH48 Western Corridor,Rail (Dedicated Freight Corridor),981.1,21.8,2025-10-23 18:48:06,0,0.864,6.2,29.1,4.87,2025-10-23 18:48:06,0.0,0
SHP-TRK-11793,2025-10-23 06:00:00,Gurugram (Haryana),Bhiwandi Central DC,Chennai-Bengaluru Expressway,Coastal Ro-Ro,1123.1,32.1,2025-10-24 14:05:18,0,0.74,1.4,27.5,4.62,2025-10-24 14:05:18,0.0,0
SHP-TRK-11794,2025-10-23 08:00:00,Bengaluru Electronic City,Oragadam Southern Plant (Chennai),Coastal Maritime Lane,Road (Express),355.3,10.2,2025-10-23 18:09:06,0,0.944,7.3,13.2,3.47,2025-10-23 18:09:06,0.0,0
SHP-TRK-11795,2025-10-23 11:00:00,Sanand Hub (Gujarat),Oragadam Southern Plant (Chennai),NH48 Western Corridor,Road (Heavy Haulage),1266.1,36.2,2025-10-24 23:10:29,0,0.868,6.1,9.7,4.7,2025-10-24 23:10:29,0.0,0
SHP-TRK-11796,2025-10-23 11:00:00,Sriperumbudur (Tamil Nadu),Kundli DC,Golden Quadrilateral Delhi-Kolkata,Road (Express),1130.9,32.3,2025-10-24 19:18:40,0,0.747,3.2,6.3,4.72,2025-10-25 01:42:40,6.4,1
SHP-TRK-11797,2025-10-23 20:00:00,Sanand Hub (Gujarat),Kundli DC,NH48 Western Corridor,Rail (Dedicated Freight Corridor),846.6,18.8,2025-10-24 14:48:44,0,0.777,8.9,27.8,4.48,2025-10-26 12:06:44,45.3,1
SHP-TRK-11798,2025-10-23 21:00:00,Sanand Hub (Gujarat),Manesar Northern Plant,NH48 Western Corridor,Rail (Dedicated Freight Corridor),1160.1,25.8,2025-10-24 22:46:50,0,0.743,4.9,4.8,4.53,2025-10-24 22:46:50,0.0,0
SHP-TRK-11799,2025-10-23 23:00:00,Sanand Hub (Gujarat),Oragadam Southern Plant (Chennai),Golden Quadrilateral Delhi-Kolkata,Road (Heavy Haulage),320.7,9.2,2025-10-24 08:09:43,0,0.939,8.5,23.1,4.12,2025-10-24 18:21:43,10.2,1
SHP-TRK-11800,2025-10-24 00:00:00,Sriperumbudur (Tamil Nadu),Manesar Northern Plant,NH48 Western Corridor,Rail (Dedicated Freight Corridor),1319.1,29.3,2025-10-25 05:18:48,0,0.741,4.7,25.8,4.63,2025-10-26 02:24:48,21.1,1
SHP-TRK-11801,2025-10-24 01:00:00,Sriperumbudur (Tamil Nadu),Chakan Assembly Alpha (Pune),NH48 Western Corridor,Road (Heavy Haulage),530.4,15.2,2025-10-24 16:09:18,0,0.97,6.2,12.7,4.51,2025-10-24 16:09:18,0.0,0
SHP-TRK-11802,2025-10-24 02:00:00,Bengaluru Electronic City,Oragadam Southern Plant (Chennai),Coastal Maritime Lane,Road (Heavy Haulage),870.8,24.9,2025-10-25 02:52:43,0,0.953,3.8,28.2,4.77,2025-10-27 15:10:43,60.3,1
SHP-TRK-11803,2025-10-24 02:00:00,Bengaluru Electronic City,Bhiwandi Central DC,Coastal Maritime Lane,Road (Express),618.7,17.7,2025-10-24 19:40:38,0,0.841,7.9,25.9,4.67,2025-10-24 19:40:38,0.0,0
SHP-TRK-11804,2025-10-24 12:00:00,Sanand Hub (Gujarat),Bhiwandi Central DC,NH48 Western Corridor,Road (Heavy Haulage),841.9,24.1,2025-10-25 12:03:11,0,0.837,5.2,19.5,3.66,2025-10-25 12:03:11,0.0,0
SHP-TRK-11805,2025-10-24 14:00:00,Pune MIDC (Maharashtra),Oragadam Southern Plant (Chennai),Western DFC Electric Rail,Rail (Dedicated Freight Corridor),1341.6,29.8,2025-10-25 19:48:45,0,0.904,1.4,27.6,4.11,2025-10-25 19:48:45,0.0,0
SHP-TRK-11806,2025-10-24 14:00:00,Gurugram (Haryana),Oragadam Southern Plant (Chennai),NH48 Western Corridor,Rail (Dedicated Freight Corridor),1039.1,23.1,2025-10-25 13:05:25,0,0.78,1.8,5.2,3.99,2025-10-25 13:05:25,0.0,0
SHP-TRK-11807,2025-10-24 20:00:00,Sriperumbudur (Tamil Nadu),Chakan Assembly Alpha (Pune),NH48 Western Corridor,Coastal Ro-Ro,779.2,22.3,2025-10-25 18:15:43,0,0.747,3.1,5.8,4.53,2025-10-25 18:15:43,0.0,0
SHP-TRK-11808,2025-10-24 22:00:00,Sanand Hub (Gujarat),Oragadam Southern Plant (Chennai),Chennai-Bengaluru Expressway,Road (Heavy Haulage),1186.0,33.9,2025-10-26 07:53:04,0,0.736,3.9,30.8,4.19,2025-10-26 07:53:04,0.0,0
SHP-TRK-11809,2025-10-24 23:00:00,Bengaluru Electronic City,Manesar Northern Plant,Coastal Maritime Lane,Coastal Ro-Ro,1179.7,33.7,2025-10-26 08:42:16,0,0.825,5.0,14.3,4.46,2025-10-26 08:42:16,0.0,0
SHP-TRK-11810,2025-10-25 00:00:00,Bengaluru Electronic City,Chakan Assembly Alpha (Pune),Coastal Maritime Lane,Rail (Dedicated Freight Corridor),877.7,19.5,2025-10-25 19:30:13,0,0.767,1.2,14.3,4.89,2025-10-25 19:30:13,0.0,0
SHP-TRK-11811,2025-10-25 00:00:00,Gurugram (Haryana),Manesar Northern Plant,Western DFC Electric Rail,Rail (Dedicated Freight Corridor),896.8,19.9,2025-10-25 19:55:43,0,0.904,4.4,22.9,4.65,2025-10-26 04:13:43,8.3,1
SHP-TRK-11812,2025-10-25 03:00:00,Gurugram (Haryana),Oragadam Southern Plant (Chennai),Coastal Maritime Lane,Road (Heavy Haulage),1092.5,31.2,2025-10-26 10:12:49,0,0.828,5.8,16.3,4.73,2025-10-26 10:12:49,0.0,0
SHP-TRK-11813,2025-10-25 05:00:00,Sanand Hub (Gujarat),Chakan Assembly Alpha (Pune),NH48 Western Corridor,Road (Heavy Haulage),426.9,12.2,2025-10-25 17:11:49,0,0.777,1.1,10.7,3.45,2025-10-25 17:11:49,0.0,0
SHP-TRK-11814,2025-10-25 08:00:00,Sriperumbudur (Tamil Nadu),Manesar Northern Plant,Western DFC Electric Rail,Road (Heavy Haulage),1448.4,41.4,2025-10-27 01:22:56,0,0.966,1.0,26.4,3.5,2025-10-27 01:22:56,0.0,0
SHP-TRK-11815,2025-10-25 08:00:00,Bengaluru Electronic City,Oragadam Southern Plant (Chennai),Golden Quadrilateral Delhi-Kolkata,Rail (Dedicated Freight Corridor),1148.9,25.5,2025-10-26 09:31:49,0,0.784,3.6,13.0,4.9,2025-10-26 09:31:49,0.0,0
SHP-TRK-11816,2025-10-25 08:00:00,Pune MIDC (Maharashtra),Kundli DC,Western DFC Electric Rail,Rail (Dedicated Freight Corridor),717.7,15.9,2025-10-25 23:56:55,0,0.847,4.3,27.3,3.84,2025-10-25 23:56:55,0.0,0
SHP-TRK-11817,2025-10-25 11:00:00,Pune MIDC (Maharashtra),Bhiwandi Central DC,Golden Quadrilateral Delhi-Kolkata,Road (Heavy Haulage),320.6,9.2,2025-10-25 20:09:32,0,0.858,1.4,5.3,3.86,2025-10-25 20:09:32,0.0,0
SHP-TRK-11818,2025-10-25 12:00:00,Pune MIDC (Maharashtra),Bhiwandi Central DC,Golden Quadrilateral Delhi-Kolkata,Road (Heavy Haulage),867.4,24.8,2025-10-26 12:47:00,0,0.749,6.2,21.3,4.79,2025-10-26 12:47:00,0.0,0
SHP-TRK-11819,2025-10-25 18:00:00,Sriperumbudur (Tamil Nadu),Kundli DC,NH48 Western Corridor,Rail (Dedicated Freight Corridor),814.6,18.1,2025-10-26 12:06:05,0,0.767,5.8,23.6,3.55,2025-10-26 12:06:05,0.0,0
SHP-TRK-11820,2025-10-25 19:00:00,Bengaluru Electronic City,Chakan Assembly Alpha (Pune),Golden Quadrilateral Delhi-Kolkata,Rail (Dedicated Freight Corridor),1404.9,31.2,2025-10-27 02:13:08,0,0.759,5.3,20.1,4.34,2025-10-27 02:13:08,0.0,0
SHP-TRK-11821,2025-10-26 05:00:00,Sanand Hub (Gujarat),Oragadam Southern Plant (Chennai),Golden Quadrilateral Delhi-Kolkata,Rail (Dedicated Freight Corridor),1285.7,28.6,2025-10-27 09:34:15,0,0.767,8.6,6.1,4.69,2025-10-27 09:34:15,0.0,0
SHP-TRK-11822,2025-10-26 06:00:00,Sriperumbudur (Tamil Nadu),Manesar Northern Plant,NH48 Western Corridor,Road (Heavy Haulage),372.1,10.6,2025-10-26 16:37:55,0,0.743,5.4,10.4,4.07,2025-10-26 16:37:55,0.0,0
SHP-TRK-11823,2025-10-26 08:00:00,Sriperumbudur (Tamil Nadu),Manesar Northern Plant,NH48 Western Corridor,Road (Heavy Haulage),660.9,18.9,2025-10-27 02:53:03,0,0.927,5.7,11.5,3.48,2025-10-27 02:53:03,0.0,0
SHP-TRK-11824,2025-10-26 10:00:00,Sriperumbudur (Tamil Nadu),Oragadam Southern Plant (Chennai),Coastal Maritime Lane,Road (Express),1150.0,32.9,2025-10-27 18:51:29,0,0.835,2.2,26.7,3.51,2025-10-27 18:51:29,0.0,0
SHP-TRK-11825,2025-10-26 12:00:00,Pune MIDC (Maharashtra),Chakan Assembly Alpha (Pune),Coastal Maritime Lane,Road (Heavy Haulage),829.7,23.7,2025-10-27 11:42:22,0,0.793,6.7,28.9,4.55,2025-10-28 08:00:22,20.3,1
SHP-TRK-11826,2025-10-26 13:00:00,Sanand Hub (Gujarat),Oragadam Southern Plant (Chennai),Golden Quadrilateral Delhi-Kolkata,Road (Heavy Haulage),1266.9,36.2,2025-10-28 01:11:54,0,0.748,7.5,25.7,3.4,2025-10-28 21:35:54,20.4,1
SHP-TRK-11827,2025-10-26 18:00:00,Gurugram (Haryana),Manesar Northern Plant,Golden Quadrilateral Delhi-Kolkata,Rail (Dedicated Freight Corridor),923.6,20.5,2025-10-27 14:31:31,0,0.943,5.9,29.5,3.66,2025-10-27 14:31:31,0.0,0
SHP-TRK-11828,2025-10-27 00:00:00,Gurugram (Haryana),Manesar Northern Plant,Coastal Maritime Lane,Rail (Dedicated Freight Corridor),340.2,7.6,2025-10-27 07:33:38,0,0.831,2.9,21.8,4.85,2025-10-27 07:33:38,0.0,0
SHP-TRK-11829,2025-10-27 00:00:00,Bengaluru Electronic City,Bhiwandi Central DC,Golden Quadrilateral Delhi-Kolkata,Coastal Ro-Ro,541.3,15.5,2025-10-27 15:27:54,0,0.878,8.8,31.7,4.73,2025-10-27 15:27:54,0.0,0
SHP-TRK-11830,2025-10-27 01:00:00,Sanand Hub (Gujarat),Chakan Assembly Alpha (Pune),NH48 Western Corridor,Coastal Ro-Ro,479.3,13.7,2025-10-27 14:41:42,0,0.829,5.7,21.1,4.78,2025-10-27 14:41:42,0.0,0
SHP-TRK-11831,2025-10-27 13:00:00,Gurugram (Haryana),Oragadam Southern Plant (Chennai),Golden Quadrilateral Delhi-Kolkata,Road (Heavy Haulage),1045.6,29.9,2025-10-28 18:52:26,0,0.819,4.3,14.1,4.09,2025-10-28 18:52:26,0.0,0
SHP-TRK-11832,2025-10-27 15:00:00,Sriperumbudur (Tamil Nadu),Manesar Northern Plant,NH48 Western Corridor,Road (Express),1167.6,33.4,2025-10-29 00:21:32,0,0.722,4.8,26.3,4.11,2025-10-29 00:21:32,0.0,0
SHP-TRK-11833,2025-10-27 20:00:00,Sriperumbudur (Tamil Nadu),Kundli DC,Golden Quadrilateral Delhi-Kolkata,Rail (Dedicated Freight Corridor),1426.9,31.7,2025-10-29 03:42:31,0,0.903,5.6,5.5,4.25,2025-10-29 03:42:31,0.0,0
SHP-TRK-11834,2025-10-27 21:00:00,Pune MIDC (Maharashtra),Oragadam Southern Plant (Chennai),NH48 Western Corridor,Coastal Ro-Ro,1143.5,32.7,2025-10-29 05:40:15,0,0.829,4.9,26.6,3.55,2025-10-29 05:40:15,0.0,0
SHP-TRK-11835,2025-10-28 03:00:00,Sriperumbudur (Tamil Nadu),Oragadam Southern Plant (Chennai),Coastal Maritime Lane,Road (Express),316.4,9.0,2025-10-28 12:02:19,0,0.874,6.5,31.6,4.47,2025-10-28 12:02:19,0.0,0
SHP-TRK-11836,2025-10-28 07:00:00,Sriperumbudur (Tamil Nadu),Chakan Assembly Alpha (Pune),Western DFC Electric Rail,Road (Heavy Haulage),1120.2,32.0,2025-10-29 15:00:24,0,0.885,6.7,16.3,3.62,2025-10-29 15:00:24,0.0,0
SHP-TRK-11837,2025-10-28 11:00:00,Sanand Hub (Gujarat),Chakan Assembly Alpha (Pune),NH48 Western Corridor,Air Cargo Express,1211.8,20.2,2025-10-29 07:11:48,0,0.781,4.7,29.7,3.72,2025-10-29 07:11:48,0.0,0
SHP-TRK-11838,2025-10-28 11:00:00,Bengaluru Electronic City,Kundli DC,Western DFC Electric Rail,Road (Heavy Haulage),801.9,22.9,2025-10-29 09:54:43,0,0.818,2.8,23.4,3.81,2025-10-29 09:54:43,0.0,0
SHP-TRK-11839,2025-10-28 12:00:00,Pune MIDC (Maharashtra),Bhiwandi Central DC,NH48 Western Corridor,Coastal Ro-Ro,614.7,17.6,2025-10-29 05:33:47,0,0.944,2.6,4.6,3.89,2025-10-29 05:33:47,0.0,0
SHP-TRK-11840,2025-10-28 14:00:00,Bengaluru Electronic City,Oragadam Southern Plant (Chennai),NH48 Western Corridor,Road (Express),1320.7,37.7,2025-10-30 03:44:07,0,0.88,5.2,13.5,4.34,2025-10-30 03:44:07,0.0,0
SHP-TRK-11841,2025-10-28 15:00:00,Bengaluru Electronic City,Kundli DC,Western DFC Electric Rail,Rail (Dedicated Freight Corridor),750.1,16.7,2025-10-29 07:40:05,0,0.925,4.4,11.9,4.3,2025-10-29 07:40:05,0.0,0
SHP-TRK-11842,2025-10-28 16:00:00,Sriperumbudur (Tamil Nadu),Manesar Northern Plant,NH48 Western Corridor,Road (Express),290.6,8.3,2025-10-29 00:18:11,0,0.931,2.0,24.4,3.49,2025-10-29 10:54:11,10.6,1
SHP-TRK-11843,2025-10-28 23:00:00,Sriperumbudur (Tamil Nadu),Manesar Northern Plant,NH48 Western Corridor,Road (Heavy Haulage),1366.3,39.0,2025-10-30 14:02:12,0,0.835,7.4,30.0,4.75,2025-10-30 14:02:12,0.0,0
SHP-TRK-11844,2025-10-28 23:00:00,Bengaluru Electronic City,Kundli DC,Chennai-Bengaluru Expressway,Road (Express),268.2,7.7,2025-10-29 06:39:47,0,0.968,7.2,25.6,4.84,2025-10-29 14:21:47,7.7,1
SHP-TRK-11845,2025-10-29 04:00:00,Sriperumbudur (Tamil Nadu),Oragadam Southern Plant (Chennai),NH48 Western Corridor,Road (Express),750.3,21.4,2025-10-30 01:26:16,0,0.818,3.8,13.0,3.66,2025-10-30 01:26:16,0.0,0
SHP-TRK-11846,2025-10-29 04:00:00,Sriperumbudur (Tamil Nadu),Kundli DC,NH48 Western Corridor,Rail (Dedicated Freight Corridor),441.0,9.8,2025-10-29 13:47:59,0,0.936,8.8,14.1,4.56,2025-10-30 06:41:59,16.9,1
SHP-TRK-11847,2025-10-29 09:00:00,Bengaluru Electronic City,Manesar Northern Plant,Coastal Maritime Lane,Road (Express),448.0,12.8,2025-10-29 21:48:04,0,0.979,4.1,24.4,4.13,2025-10-29 21:48:04,0.0,0
SHP-TRK-11848,2025-10-29 11:00:00,Sriperumbudur (Tamil Nadu),Oragadam Southern Plant (Chennai),Western DFC Electric Rail,Road (Heavy Haulage),876.3,25.0,2025-10-30 12:02:13,0,0.772,8.5,10.8,3.63,2025-10-30 12:02:13,0.0,0
SHP-TRK-11849,2025-10-29 14:00:00,Sriperumbudur (Tamil Nadu),Oragadam Southern Plant (Chennai),NH48 Western Corridor,Rail (Dedicated Freight Corridor),314.5,7.0,2025-10-29 20:59:22,0,0.923,6.1,13.9,3.65,2025-10-31 05:05:22,32.1,1
SHP-TRK-11850,2025-10-29 19:00:00,Gurugram (Haryana),Oragadam Southern Plant (Chennai),Golden Quadrilateral Delhi-Kolkata,Road (Heavy Haulage),1302.2,37.2,2025-10-31 08:12:21,0,0.816,4.3,16.4,4.44,2025-10-31 08:12:21,0.0,0
SHP-TRK-11851,2025-10-29 20:00:00,Sanand Hub (Gujarat),Chakan Assembly Alpha (Pune),NH48 Western Corridor,Road (Heavy Haulage),526.2,15.0,2025-10-30 11:02:05,0,0.891,1.9,15.2,3.84,2025-10-30 11:02:05,0.0,0
SHP-TRK-11852,2025-10-29 21:00:00,Sanand Hub (Gujarat),Chakan Assembly Alpha (Pune),Chennai-Bengaluru Expressway,Road (Heavy Haulage),1039.4,29.7,2025-10-31 02:41:53,0,0.737,4.1,12.2,4.18,2025-10-31 02:41:53,0.0,0
SHP-TRK-11853,2025-10-29 21:00:00,Bengaluru Electronic City,Oragadam Southern Plant (Chennai),Golden Quadrilateral Delhi-Kolkata,Road (Heavy Haulage),1305.8,37.3,2025-10-31 10:18:33,0,0.965,1.5,24.8,4.82,2025-10-31 10:18:33,0.0,0
SHP-TRK-11854,2025-10-29 22:00:00,Bengaluru Electronic City,Manesar Northern Plant,Western DFC Electric Rail,Road (Heavy Haulage),671.0,19.2,2025-10-30 17:10:18,0,0.92,7.9,14.5,3.58,2025-10-30 17:10:18,0.0,0
SHP-TRK-11855,2025-10-30 00:00:00,Bengaluru Electronic City,Oragadam Southern Plant (Chennai),Chennai-Bengaluru Expressway,Road (Heavy Haulage),427.7,12.2,2025-10-30 12:13:12,0,0.885,8.1,29.6,3.66,2025-10-30 12:13:12,0.0,0
SHP-TRK-11856,2025-10-30 05:00:00,Pune MIDC (Maharashtra),Chakan Assembly Alpha (Pune),Golden Quadrilateral Delhi-Kolkata,Coastal Ro-Ro,1192.3,34.1,2025-10-31 15:03:58,0,0.742,5.7,27.1,3.44,2025-10-31 15:03:58,0.0,0
SHP-TRK-11857,2025-10-30 05:00:00,Gurugram (Haryana),Chakan Assembly Alpha (Pune),Golden Quadrilateral Delhi-Kolkata,Rail (Dedicated Freight Corridor),378.8,8.4,2025-10-30 13:25:05,0,0.732,7.3,15.1,4.67,2025-10-31 13:31:05,24.1,1
SHP-TRK-11858,2025-10-30 13:00:00,Sriperumbudur (Tamil Nadu),Chakan Assembly Alpha (Pune),Golden Quadrilateral Delhi-Kolkata,Road (Heavy Haulage),910.2,26.0,2025-10-31 15:00:17,0,0.889,7.5,16.4,4.22,2025-11-02 10:24:17,43.4,1
SHP-TRK-11859,2025-10-30 14:00:00,Sriperumbudur (Tamil Nadu),Kundli DC,Western DFC Electric Rail,Coastal Ro-Ro,607.1,17.3,2025-10-31 07:20:48,0,0.979,6.4,15.7,4.02,2025-10-31 07:20:48,0.0,0
SHP-TRK-11860,2025-10-30 16:00:00,Gurugram (Haryana),Oragadam Southern Plant (Chennai),Chennai-Bengaluru Expressway,Road (Express),1239.2,35.4,2025-11-01 03:24:20,0,0.908,7.8,15.1,4.15,2025-11-02 09:18:20,29.9,1
SHP-TRK-11861,2025-10-30 17:00:00,Sanand Hub (Gujarat),Chakan Assembly Alpha (Pune),Golden Quadrilateral Delhi-Kolkata,Road (Heavy Haulage),1103.0,31.5,2025-11-01 00:30:54,0,0.773,7.8,12.2,4.13,2025-11-01 00:30:54,0.0,0
SHP-TRK-11862,2025-10-30 17:00:00,Pune MIDC (Maharashtra),Oragadam Southern Plant (Chennai),Chennai-Bengaluru Expressway,Road (Heavy Haulage),292.4,8.4,2025-10-31 01:21:11,0,0.973,6.2,16.4,3.58,2025-10-31 01:21:11,0.0,0
SHP-TRK-11863,2025-10-30 20:00:00,Sriperumbudur (Tamil Nadu),Kundli DC,Golden Quadrilateral Delhi-Kolkata,Road (Heavy Haulage),772.0,22.1,2025-10-31 18:03:22,0,0.89,2.6,17.4,3.69,2025-10-31 18:03:22,0.0,0
SHP-TRK-11864,2025-10-30 21:00:00,Sriperumbudur (Tamil Nadu),Manesar Northern Plant,Western DFC Electric Rail,Rail (Dedicated Freight Corridor),852.7,18.9,2025-10-31 15:56:54,0,0.724,8.2,27.2,4.56,2025-11-01 03:26:54,11.5,1
SHP-TRK-11865,2025-10-30 21:00:00,Gurugram (Haryana),Kundli DC,NH48 Western Corridor,Air Cargo Express,1347.4,22.5,2025-10-31 19:27:22,0,0.948,4.0,15.3,4.38,2025-10-31 19:27:22,0.0,0
SHP-TRK-11866,2025-10-30 22:00:00,Bengaluru Electronic City,Chakan Assembly Alpha (Pune),Western DFC Electric Rail,Road (Heavy Haulage),588.4,16.8,2025-10-31 14:48:41,0,0.919,1.9,29.7,4.76,2025-10-31 14:48:41,0.0,0
SHP-TRK-11867,2025-10-30 22:00:00,Pune MIDC (Maharashtra),Chakan Assembly Alpha (Pune),NH48 Western Corridor,Road (Heavy Haulage),1435.2,41.0,2025-11-01 15:00:24,0,0.807,5.7,25.9,4.53,2025-11-01 15:00:24,0.0,0
SHP-TRK-11868,2025-10-31 03:00:00,Sriperumbudur (Tamil Nadu),Oragadam Southern Plant (Chennai),NH48 Western Corridor,Rail (Dedicated Freight Corridor),1310.7,29.1,2025-11-01 08:07:36,0,0.861,1.3,29.8,4.7,2025-11-01 08:07:36,0.0,0
SHP-TRK-11869,2025-10-31 04:00:00,Gurugram (Haryana),Bhiwandi Central DC,NH48 Western Corridor,Road (Heavy Haulage),1300.7,37.2,2025-11-01 17:09:41,0,0.954,4.7,16.6,4.85,2025-11-01 17:09:41,0.0,0
SHP-TRK-11870,2025-10-31 10:00:00,Sanand Hub (Gujarat),Chakan Assembly Alpha (Pune),NH48 Western Corridor,Rail (Dedicated Freight Corridor),1376.5,30.6,2025-11-01 16:35:22,0,0.723,1.0,18.4,3.65,2025-11-01 16:35:22,0.0,0
SHP-TRK-11871,2025-10-31 12:00:00,Bengaluru Electronic City,Oragadam Southern Plant (Chennai),NH48 Western Corridor,Air Cargo Express,1421.5,23.7,2025-11-01 11:41:31,0,0.882,2.2,5.8,3.75,2025-11-01 11:41:31,0.0,0
SHP-TRK-11872,2025-10-31 12:00:00,Bengaluru Electronic City,Chakan Assembly Alpha (Pune),Western DFC Electric Rail,Rail (Dedicated Freight Corridor),343.6,7.6,2025-10-31 19:38:05,0,0.857,7.3,6.7,4.27,2025-10-31 19:38:05,0.0,0
SHP-TRK-11873,2025-10-31 14:00:00,Gurugram (Haryana),Chakan Assembly Alpha (Pune),Western DFC Electric Rail,Coastal Ro-Ro,931.0,26.6,2025-11-01 16:35:59,0,0.854,1.2,30.3,3.54,2025-11-01 16:35:59,0.0,0
SHP-TRK-11874,2025-10-31 14:00:00,Sanand Hub (Gujarat),Chakan Assembly Alpha (Pune),Western DFC Electric Rail,Rail (Dedicated Freight Corridor),849.6,18.9,2025-11-01 08:52:48,0,0.8,5.3,18.7,3.48,2025-11-01 17:28:48,8.6,1
SHP-TRK-11875,2025-10-31 19:00:00,Gurugram (Haryana),Manesar Northern Plant,NH48 Western Corridor,Coastal Ro-Ro,1304.2,37.3,2025-11-02 08:15:44,0,0.877,4.6,10.6,4.76,2025-11-02 08:15:44,0.0,0
SHP-TRK-11876,2025-10-31 20:00:00,Sanand Hub (Gujarat),Chakan Assembly Alpha (Pune),Coastal Maritime Lane,Rail (Dedicated Freight Corridor),1149.9,25.6,2025-11-01 21:33:15,0,0.794,4.4,15.1,4.56,2025-11-01 21:33:15,0.0,0
SHP-TRK-11877,2025-10-31 22:00:00,Sriperumbudur (Tamil Nadu),Chakan Assembly Alpha (Pune),Golden Quadrilateral Delhi-Kolkata,Coastal Ro-Ro,1414.6,40.4,2025-11-02 14:24:58,0,0.871,7.6,26.9,4.85,2025-11-02 14:24:58,0.0,0
SHP-TRK-11878,2025-11-01 00:00:00,Sanand Hub (Gujarat),Bhiwandi Central DC,NH48 Western Corridor,Coastal Ro-Ro,1027.7,29.4,2025-11-02 05:21:49,0,0.866,7.1,28.3,4.62,2025-11-02 05:21:49,0.0,0
SHP-TRK-11879,2025-11-01 00:00:00,Bengaluru Electronic City,Chakan Assembly Alpha (Pune),Golden Quadrilateral Delhi-Kolkata,Road (Heavy Haulage),474.7,13.6,2025-11-01 13:33:45,0,0.897,4.2,26.4,4.37,2025-11-02 08:57:45,19.4,1
SHP-TRK-11880,2025-11-01 05:00:00,Gurugram (Haryana),Manesar Northern Plant,Coastal Maritime Lane,Road (Express),1060.1,30.3,2025-11-02 11:17:14,0,0.795,8.0,25.1,4.47,2025-11-02 11:17:14,0.0,0
SHP-TRK-11881,2025-11-01 06:00:00,Gurugram (Haryana),Kundli DC,NH48 Western Corridor,Coastal Ro-Ro,756.0,21.6,2025-11-02 03:36:03,0,0.748,3.0,28.8,4.33,2025-11-02 03:36:03,0.0,0
SHP-TRK-11882,2025-11-01 14:00:00,Sriperumbudur (Tamil Nadu),Bhiwandi Central DC,NH48 Western Corridor,Road (Heavy Haulage),788.0,22.5,2025-11-02 12:30:51,0,0.815,8.9,27.5,4.72,2025-11-02 12:30:51,0.0,0
SHP-TRK-11883,2025-11-01 18:00:00,Bengaluru Electronic City,Bhiwandi Central DC,Golden Quadrilateral Delhi-Kolkata,Road (Heavy Haulage),797.7,22.8,2025-11-02 16:47:33,0,0.748,3.2,15.6,3.51,2025-11-02 16:47:33,0.0,0
SHP-TRK-11884,2025-11-01 22:00:00,Sriperumbudur (Tamil Nadu),Manesar Northern Plant,Golden Quadrilateral Delhi-Kolkata,Rail (Dedicated Freight Corridor),463.8,10.3,2025-11-02 08:18:24,0,0.873,8.5,21.3,4.5,2025-11-02 08:18:24,0.0,0
SHP-TRK-11885,2025-11-02 00:00:00,Bengaluru Electronic City,Manesar Northern Plant,NH48 Western Corridor,Coastal Ro-Ro,1294.1,37.0,2025-11-03 12:58:31,0,0.777,4.6,27.9,4.74,2025-11-03 12:58:31,0.0,0
SHP-TRK-11886,2025-11-02 01:00:00,Gurugram (Haryana),Oragadam Southern Plant (Chennai),NH48 Western Corridor,Rail (Dedicated Freight Corridor),670.9,14.9,2025-11-02 15:54:28,0,0.832,6.9,18.3,4.52,2025-11-02 15:54:28,0.0,0
SHP-TRK-11887,2025-11-02 12:00:00,Sanand Hub (Gujarat),Manesar Northern Plant,Western DFC Electric Rail,Road (Heavy Haulage),1232.0,35.2,2025-11-03 23:12:04,0,0.862,8.1,24.1,4.53,2025-11-03 23:12:04,0.0,0
SHP-TRK-11888,2025-11-02 15:00:00,Sanand Hub (Gujarat),Chakan Assembly Alpha (Pune),Western DFC Electric Rail,Road (Heavy Haulage),532.5,15.2,2025-11-03 06:12:55,0,0.976,5.3,22.7,3.88,2025-11-03 06:12:55,0.0,0
SHP-TRK-11889,2025-11-02 17:00:00,Bengaluru Electronic City,Manesar Northern Plant,Western DFC Electric Rail,Rail (Dedicated Freight Corridor),960.4,21.3,2025-11-03 14:20:32,0,0.92,1.7,25.9,4.4,2025-11-03 14:20:32,0.0,0
SHP-TRK-11890,2025-11-02 18:00:00,Bengaluru Electronic City,Oragadam Southern Plant (Chennai),Coastal Maritime Lane,Road (Heavy Haulage),846.4,24.2,2025-11-03 18:10:58,0,0.979,4.9,10.5,3.46,2025-11-03 18:10:58,0.0,0
SHP-TRK-11891,2025-11-02 19:00:00,Gurugram (Haryana),Bhiwandi Central DC,Western DFC Electric Rail,Road (Express),945.8,27.0,2025-11-03 22:01:22,0,0.979,3.2,25.9,4.86,2025-11-03 22:01:22,0.0,0
SHP-TRK-11892,2025-11-02 19:00:00,Pune MIDC (Maharashtra),Kundli DC,NH48 Western Corridor,Rail (Dedicated Freight Corridor),854.4,19.0,2025-11-03 13:59:13,0,0.905,7.2,4.5,3.75,2025-11-03 13:59:13,0.0,0
SHP-TRK-11893,2025-11-02 22:00:00,Gurugram (Haryana),Chakan Assembly Alpha (Pune),NH48 Western Corridor,Rail (Dedicated Freight Corridor),677.9,15.1,2025-11-03 13:03:48,0,0.965,2.9,7.1,4.36,2025-11-04 02:51:48,13.8,1
SHP-TRK-11894,2025-11-03 00:00:00,Bengaluru Electronic City,Manesar Northern Plant,Chennai-Bengaluru Expressway,Road (Heavy Haulage),1229.9,35.1,2025-11-04 11:08:22,0,0.976,8.5,14.3,4.52,2025-11-04 11:08:22,0.0,0
SHP-TRK-11895,2025-11-03 01:00:00,Sanand Hub (Gujarat),Oragadam Southern Plant (Chennai),Western DFC Electric Rail,Road (Heavy Haulage),912.4,26.1,2025-11-04 03:04:07,0,0.775,1.2,24.3,3.73,2025-11-06 09:52:07,54.8,1
SHP-TRK-11896,2025-11-03 04:00:00,Sriperumbudur (Tamil Nadu),Oragadam Southern Plant (Chennai),Western DFC Electric Rail,Road (Heavy Haulage),870.1,24.9,2025-11-04 04:51:37,0,0.942,6.9,6.7,3.57,2025-11-04 14:03:37,9.2,1
SHP-TRK-11897,2025-11-03 05:00:00,Bengaluru Electronic City,Kundli DC,Golden Quadrilateral Delhi-Kolkata,Rail (Dedicated Freight Corridor),1069.5,23.8,2025-11-04 04:46:02,0,0.941,2.7,25.2,3.66,2025-11-04 04:46:02,0.0,0
SHP-TRK-11898,2025-11-03 05:00:00,Bengaluru Electronic City,Kundli DC,NH48 Western Corridor,Road (Express),926.7,26.5,2025-11-04 07:28:40,0,0.825,4.9,14.3,4.41,2025-11-04 07:28:40,0.0,0
SHP-TRK-11899,2025-11-03 07:00:00,Pune MIDC (Maharashtra),Bhiwandi Central DC,Chennai-Bengaluru Expressway,Road (Heavy Haulage),555.8,15.9,2025-11-03 22:52:43,0,0.831,8.2,17.0,4.11,2025-11-04 05:16:43,6.4,1
SHP-TRK-11900,2025-11-03 19:00:00,Pune MIDC (Maharashtra),Kundli DC,Chennai-Bengaluru Expressway,Road (Express),1147.4,32.8,2025-11-05 03:46:58,0,0.953,1.6,30.1,4.78,2025-11-05 03:46:58,0.0,0
SHP-TRK-11901,2025-11-03 23:00:00,Sanand Hub (Gujarat),Manesar Northern Plant,Coastal Maritime Lane,Road (Express),1172.6,33.5,2025-11-05 08:30:12,0,0.819,5.5,14.6,3.77,2025-11-05 08:30:12,0.0,0
SHP-TRK-11902,2025-11-04 00:00:00,Sanand Hub (Gujarat),Oragadam Southern Plant (Chennai),Coastal Maritime Lane,Coastal Ro-Ro,315.7,9.0,2025-11-04 09:01:13,0,0.741,3.0,11.5,4.28,2025-11-04 19:55:13,10.9,1
SHP-TRK-11903,2025-11-04 14:00:00,Sriperumbudur (Tamil Nadu),Oragadam Southern Plant (Chennai),Golden Quadrilateral Delhi-Kolkata,Road (Heavy Haulage),1241.8,35.5,2025-11-06 01:28:46,0,0.81,1.7,12.6,3.63,2025-11-06 14:16:46,12.8,1
SHP-TRK-11904,2025-11-04 15:00:00,Bengaluru Electronic City,Chakan Assembly Alpha (Pune),NH48 Western Corridor,Road (Express),915.7,26.2,2025-11-05 17:09:45,0,0.764,1.0,28.4,3.55,2025-11-05 17:09:45,0.0,0
SHP-TRK-11905,2025-11-04 15:00:00,Sriperumbudur (Tamil Nadu),Manesar Northern Plant,Western DFC Electric Rail,Rail (Dedicated Freight Corridor),1314.5,29.2,2025-11-05 20:12:38,0,0.784,4.2,13.6,4.77,2025-11-05 20:12:38,0.0,0
SHP-TRK-11906,2025-11-05 00:00:00,Pune MIDC (Maharashtra),Bhiwandi Central DC,Golden Quadrilateral Delhi-Kolkata,Coastal Ro-Ro,1151.3,32.9,2025-11-06 08:53:35,0,0.976,1.1,21.9,4.78,2025-11-06 08:53:35,0.0,0
SHP-TRK-11907,2025-11-05 00:00:00,Gurugram (Haryana),Bhiwandi Central DC,Western DFC Electric Rail,Coastal Ro-Ro,258.3,7.4,2025-11-05 07:22:48,0,0.723,5.4,16.5,4.0,2025-11-05 07:22:48,0.0,0
SHP-TRK-11908,2025-11-05 01:00:00,Gurugram (Haryana),Oragadam Southern Plant (Chennai),Coastal Maritime Lane,Air Cargo Express,849.4,14.2,2025-11-05 15:09:24,0,0.836,7.1,24.0,3.8,2025-11-05 20:39:24,5.5,1
SHP-TRK-11909,2025-11-05 05:00:00,Sanand Hub (Gujarat),Chakan Assembly Alpha (Pune),Western DFC Electric Rail,Road (Heavy Haulage),1395.4,39.9,2025-11-06 20:52:06,0,0.898,8.4,26.1,4.02,2025-11-06 20:52:06,0.0,0
SHP-TRK-11910,2025-11-05 05:00:00,Bengaluru Electronic City,Bhiwandi Central DC,Western DFC Electric Rail,Coastal Ro-Ro,260.9,7.5,2025-11-05 12:27:12,0,0.926,3.3,4.8,4.18,2025-11-05 12:27:12,0.0,0
SHP-TRK-11911,2025-11-05 06:00:00,Sriperumbudur (Tamil Nadu),Kundli DC,Western DFC Electric Rail,Rail (Dedicated Freight Corridor),598.8,13.3,2025-11-05 19:18:23,0,0.799,7.4,16.8,4.11,2025-11-06 00:42:23,5.4,1
SHP-TRK-11912,2025-11-05 08:00:00,Bengaluru Electronic City,Manesar Northern Plant,NH48 Western Corridor,Rail (Dedicated Freight Corridor),859.4,19.1,2025-11-06 03:05:49,0,0.956,2.3,23.5,4.52,2025-11-06 03:05:49,0.0,0
SHP-TRK-11913,2025-11-05 09:00:00,Sanand Hub (Gujarat),Kundli DC,Chennai-Bengaluru Expressway,Rail (Dedicated Freight Corridor),545.9,12.1,2025-11-05 21:07:54,0,0.912,7.2,15.4,4.39,2025-11-05 21:07:54,0.0,0
SHP-TRK-11914,2025-11-05 10:00:00,Sanand Hub (Gujarat),Manesar Northern Plant,NH48 Western Corridor,Road (Heavy Haulage),1047.0,29.9,2025-11-06 15:54:48,0,0.746,8.8,28.4,4.63,2025-11-06 15:54:48,0.0,0
SHP-TRK-11915,2025-11-05 11:00:00,Gurugram (Haryana),Chakan Assembly Alpha (Pune),NH48 Western Corridor,Road (Express),746.0,21.3,2025-11-06 08:18:52,0,0.865,6.7,5.3,3.94,2025-11-07 01:24:52,17.1,1
SHP-TRK-11916,2025-11-05 11:00:00,Pune MIDC (Maharashtra),Manesar Northern Plant,NH48 Western Corridor,Road (Heavy Haulage),1004.9,28.7,2025-11-06 15:42:36,0,0.837,2.4,13.5,3.56,2025-11-06 15:42:36,0.0,0
SHP-TRK-11917,2025-11-05 16:00:00,Sriperumbudur (Tamil Nadu),Bhiwandi Central DC,Chennai-Bengaluru Expressway,Rail (Dedicated Freight Corridor),403.1,9.0,2025-11-06 00:57:26,0,0.833,5.9,23.1,4.49,2025-11-06 00:57:26,0.0,0
SHP-TRK-11918,2025-11-05 17:00:00,Sriperumbudur (Tamil Nadu),Chakan Assembly Alpha (Pune),Golden Quadrilateral Delhi-Kolkata,Rail (Dedicated Freight Corridor),1442.2,32.0,2025-11-07 01:02:54,0,0.9,6.5,18.7,4.9,2025-11-07 01:02:54,0.0,0
SHP-TRK-11919,2025-11-05 17:00:00,Pune MIDC (Maharashtra),Manesar Northern Plant,Golden Quadrilateral Delhi-Kolkata,Road (Heavy Haulage),1100.3,31.4,2025-11-07 00:26:11,0,0.922,2.0,22.5,4.54,2025-11-07 00:26:11,0.0,0
SHP-TRK-11920,2025-11-05 19:00:00,Sanand Hub (Gujarat),Manesar Northern Plant,NH48 Western Corridor,Road (Heavy Haulage),1010.0,28.9,2025-11-06 23:51:28,0,0.749,6.3,30.0,3.75,2025-11-06 23:51:28,0.0,0
SHP-TRK-11921,2025-11-05 20:00:00,Pune MIDC (Maharashtra),Oragadam Southern Plant (Chennai),Golden Quadrilateral Delhi-Kolkata,Coastal Ro-Ro,338.7,9.7,2025-11-06 05:40:38,0,0.826,3.7,26.1,4.43,2025-11-06 05:40:38,0.0,0
SHP-TRK-11922,2025-11-06 00:00:00,Sriperumbudur (Tamil Nadu),Kundli DC,Western DFC Electric Rail,Coastal Ro-Ro,1118.3,32.0,2025-11-07 07:57:04,0,0.936,8.2,6.4,3.88,2025-11-07 07:57:04,0.0,0
SHP-TRK-11923,2025-11-06 02:00:00,Bengaluru Electronic City,Chakan Assembly Alpha (Pune),Golden Quadrilateral Delhi-Kolkata,Rail (Dedicated Freight Corridor),846.8,18.8,2025-11-06 20:49:06,0,0.893,1.5,28.6,4.33,2025-11-06 20:49:06,0.0,0
SHP-TRK-11924,2025-11-06 02:00:00,Gurugram (Haryana),Chakan Assembly Alpha (Pune),NH48 Western Corridor,Road (Express),739.6,21.1,2025-11-06 23:07:54,0,0.804,5.7,12.8,3.95,2025-11-06 23:07:54,0.0,0
SHP-TRK-11925,2025-11-06 04:00:00,Gurugram (Haryana),Manesar Northern Plant,NH48 Western Corridor,Road (Heavy Haulage),1266.9,36.2,2025-11-07 16:11:50,0,0.82,5.3,22.3,3.84,2025-11-07 16:11:50,0.0,0
SHP-TRK-11926,2025-11-06 20:00:00,Bengaluru Electronic City,Chakan Assembly Alpha (Pune),NH48 Western Corridor,Road (Heavy Haulage),614.8,17.6,2025-11-07 13:33:52,0,0.803,8.7,20.7,3.47,2025-11-07 13:33:52,0.0,0
SHP-TRK-11927,2025-11-06 20:00:00,Sanand Hub (Gujarat),Bhiwandi Central DC,NH48 Western Corridor,Rail (Dedicated Freight Corridor),735.8,16.4,2025-11-07 12:21:00,0,0.86,7.7,6.2,4.48,2025-11-07 12:21:00,0.0,0
SHP-TRK-11928,2025-11-07 00:00:00,Gurugram (Haryana),Bhiwandi Central DC,Golden Quadrilateral Delhi-Kolkata,Road (Heavy Haulage),1165.9,33.3,2025-11-08 09:18:44,0,0.91,7.6,29.4,4.59,2025-11-08 14:48:44,5.5,1
SHP-TRK-11929,2025-11-07 07:00:00,Bengaluru Electronic City,Chakan Assembly Alpha (Pune),Chennai-Bengaluru Expressway,Road (Heavy Haulage),401.9,11.5,2025-11-07 18:28:56,0,0.895,1.0,7.5,3.53,2025-11-07 18:28:56,0.0,0
SHP-TRK-11930,2025-11-07 07:00:00,Pune MIDC (Maharashtra),Bhiwandi Central DC,NH48 Western Corridor,Road (Express),877.9,25.1,2025-11-08 08:04:57,0,0.768,3.3,18.7,3.54,2025-11-08 08:04:57,0.0,0
SHP-TRK-11931,2025-11-07 11:00:00,Bengaluru Electronic City,Kundli DC,Coastal Maritime Lane,Road (Heavy Haulage),1439.7,41.1,2025-11-09 04:08:01,0,0.857,3.3,26.2,4.58,2025-11-09 12:14:01,8.1,1
SHP-TRK-11932,2025-11-07 11:00:00,Bengaluru Electronic City,Chakan Assembly Alpha (Pune),Golden Quadrilateral Delhi-Kolkata,Rail (Dedicated Freight Corridor),400.1,8.9,2025-11-07 19:53:26,0,0.792,2.8,14.9,4.47,2025-11-07 19:53:26,0.0,0
SHP-TRK-11933,2025-11-07 13:00:00,Sriperumbudur (Tamil Nadu),Chakan Assembly Alpha (Pune),NH48 Western Corridor,Road (Heavy Haulage),576.3,16.5,2025-11-08 05:28:01,0,0.758,4.3,6.6,4.58,2025-11-08 05:28:01,0.0,0
SHP-TRK-11934,2025-11-07 15:00:00,Sriperumbudur (Tamil Nadu),Chakan Assembly Alpha (Pune),Coastal Maritime Lane,Air Cargo Express,492.8,8.2,2025-11-07 23:12:50,0,0.903,7.7,19.3,4.12,2025-11-07 23:12:50,0.0,0
SHP-TRK-11935,2025-11-07 19:00:00,Sriperumbudur (Tamil Nadu),Oragadam Southern Plant (Chennai),Golden Quadrilateral Delhi-Kolkata,Coastal Ro-Ro,539.6,15.4,2025-11-08 10:24:57,0,0.872,6.5,8.4,4.76,2025-11-08 10:24:57,0.0,0
SHP-TRK-11936,2025-11-07 19:00:00,Sriperumbudur (Tamil Nadu),Chakan Assembly Alpha (Pune),Western DFC Electric Rail,Road (Heavy Haulage),907.2,25.9,2025-11-08 20:55:14,0,0.807,6.0,6.4,3.49,2025-11-09 12:01:14,15.1,1
SHP-TRK-11937,2025-11-07 21:00:00,Gurugram (Haryana),Chakan Assembly Alpha (Pune),NH48 Western Corridor,Rail (Dedicated Freight Corridor),729.7,16.2,2025-11-08 13:12:59,0,0.919,5.0,24.5,4.29,2025-11-08 13:12:59,0.0,0
SHP-TRK-11938,2025-11-08 01:00:00,Pune MIDC (Maharashtra),Manesar Northern Plant,Golden Quadrilateral Delhi-Kolkata,Rail (Dedicated Freight Corridor),1388.9,30.9,2025-11-09 07:51:52,0,0.818,5.6,6.9,4.02,2025-11-09 07:51:52,0.0,0
SHP-TRK-11939,2025-11-08 06:00:00,Pune MIDC (Maharashtra),Oragadam Southern Plant (Chennai),NH48 Western Corridor,Road (Express),807.4,23.1,2025-11-09 05:04:05,0,0.954,2.8,5.4,4.46,2025-11-09 05:04:05,0.0,0
SHP-TRK-11940,2025-11-08 07:00:00,Bengaluru Electronic City,Oragadam Southern Plant (Chennai),NH48 Western Corridor,Rail (Dedicated Freight Corridor),1152.3,25.6,2025-11-09 08:36:21,0,0.76,4.2,22.5,4.59,2025-11-09 08:36:21,0.0,0
SHP-TRK-11941,2025-11-08 11:00:00,Pune MIDC (Maharashtra),Oragadam Southern Plant (Chennai),NH48 Western Corridor,Road (Heavy Haulage),1287.8,36.8,2025-11-09 23:47:39,0,0.943,8.6,6.6,4.37,2025-11-09 23:47:39,0.0,0
SHP-TRK-11942,2025-11-08 15:00:00,Pune MIDC (Maharashtra),Manesar Northern Plant,NH48 Western Corridor,Road (Express),465.3,13.3,2025-11-09 04:17:41,0,0.773,1.1,14.1,4.34,2025-11-09 13:41:41,9.4,1
SHP-TRK-11943,2025-11-08 16:00:00,Gurugram (Haryana),Bhiwandi Central DC,NH48 Western Corridor,Road (Heavy Haulage),481.7,13.8,2025-11-09 05:45:44,0,0.972,5.4,9.5,3.99,2025-11-09 05:45:44,0.0,0
SHP-TRK-11944,2025-11-09 02:00:00,Gurugram (Haryana),Chakan Assembly Alpha (Pune),Western DFC Electric Rail,Road (Heavy Haulage),1321.1,37.7,2025-11-10 15:44:48,0,0.946,5.6,10.6,4.86,2025-11-10 15:44:48,0.0,0
SHP-TRK-11945,2025-11-09 06:00:00,Sriperumbudur (Tamil Nadu),Bhiwandi Central DC,Western DFC Electric Rail,Road (Heavy Haulage),764.7,21.8,2025-11-10 03:50:59,0,0.903,7.8,18.5,3.91,2025-11-10 03:50:59,0.0,0
SHP-TRK-11946,2025-11-09 13:00:00,Sanand Hub (Gujarat),Kundli DC,Chennai-Bengaluru Expressway,Road (Heavy Haulage),1108.4,31.7,2025-11-10 20:40:08,0,0.926,8.5,21.6,3.65,2025-11-10 20:40:08,0.0,0
SHP-TRK-11947,2025-11-09 14:00:00,Sriperumbudur (Tamil Nadu),Bhiwandi Central DC,Golden Quadrilateral Delhi-Kolkata,Road (Heavy Haulage),1184.2,33.8,2025-11-10 23:50:00,0,0.936,3.5,23.2,4.51,2025-11-10 23:50:00,0.0,0
SHP-TRK-11948,2025-11-09 14:00:00,Bengaluru Electronic City,Manesar Northern Plant,NH48 Western Corridor,Road (Heavy Haulage),463.6,13.2,2025-11-10 03:14:48,0,0.74,5.9,27.8,4.09,2025-11-10 08:14:48,5.0,1
SHP-TRK-11949,2025-11-09 15:00:00,Pune MIDC (Maharashtra),Chakan Assembly Alpha (Pune),NH48 Western Corridor,Road (Heavy Haulage),728.9,20.8,2025-11-10 11:49:28,0,0.778,3.8,24.5,3.52,2025-11-10 11:49:28,0.0,0
SHP-TRK-11950,2025-11-09 15:00:00,Sriperumbudur (Tamil Nadu),Oragadam Southern Plant (Chennai),NH48 Western Corridor,Coastal Ro-Ro,1121.4,32.0,2025-11-10 23:02:23,0,0.91,2.8,29.3,4.42,2025-11-10 23:02:23,0.0,0
SHP-TRK-11951,2025-11-09 17:00:00,Sanand Hub (Gujarat),Chakan Assembly Alpha (Pune),NH48 Western Corridor,Rail (Dedicated Freight Corridor),849.6,18.9,2025-11-10 11:52:50,0,0.817,6.1,17.9,4.03,2025-11-11 06:34:50,18.7,1
SHP-TRK-11952,2025-11-09 18:00:00,Bengaluru Electronic City,Chakan Assembly Alpha (Pune),NH48 Western Corridor,Road (Heavy Haulage),1372.4,39.2,2025-11-11 09:12:45,0,0.832,1.3,8.3,3.68,2025-11-12 01:36:45,16.4,1
SHP-TRK-11953,2025-11-09 19:00:00,Bengaluru Electronic City,Oragadam Southern Plant (Chennai),NH48 Western Corridor,Road (Express),799.9,22.9,2025-11-10 17:51:17,0,0.908,4.5,26.3,4.02,2025-11-10 17:51:17,0.0,0
SHP-TRK-11954,2025-11-09 19:00:00,Sriperumbudur (Tamil Nadu),Kundli DC,Coastal Maritime Lane,Rail (Dedicated Freight Corridor),464.5,10.3,2025-11-10 05:19:20,0,0.846,8.3,13.4,3.55,2025-11-10 05:19:20,0.0,0
SHP-TRK-11955,2025-11-09 20:00:00,Gurugram (Haryana),Oragadam Southern Plant (Chennai),Chennai-Bengaluru Expressway,Road (Heavy Haulage),552.3,15.8,2025-11-10 11:46:50,0,0.726,2.1,22.6,3.57,2025-11-10 11:46:50,0.0,0
SHP-TRK-11956,2025-11-10 00:00:00,Bengaluru Electronic City,Chakan Assembly Alpha (Pune),NH48 Western Corridor,Road (Express),537.8,15.4,2025-11-10 15:21:57,0,0.771,5.4,28.5,3.49,2025-11-10 15:21:57,0.0,0
SHP-TRK-11957,2025-11-10 03:00:00,Sriperumbudur (Tamil Nadu),Bhiwandi Central DC,NH48 Western Corridor,Road (Heavy Haulage),475.4,13.6,2025-11-10 16:34:55,0,0.914,5.7,19.4,3.9,2025-11-10 16:34:55,0.0,0
SHP-TRK-11958,2025-11-10 14:00:00,Gurugram (Haryana),Chakan Assembly Alpha (Pune),Western DFC Electric Rail,Coastal Ro-Ro,398.0,11.4,2025-11-11 01:22:12,0,0.842,8.6,16.0,3.78,2025-11-11 01:22:12,0.0,0
SHP-TRK-11959,2025-11-10 18:00:00,Sriperumbudur (Tamil Nadu),Bhiwandi Central DC,Western DFC Electric Rail,Coastal Ro-Ro,1017.6,29.1,2025-11-11 23:04:30,0,0.721,3.0,12.2,3.88,2025-11-12 07:40:30,8.6,1
SHP-TRK-11960,2025-11-10 18:00:00,Gurugram (Haryana),Manesar Northern Plant,Coastal Maritime Lane,Road (Heavy Haulage),433.9,12.4,2025-11-11 06:23:47,0,0.844,6.2,6.0,3.55,2025-11-11 06:23:47,0.0,0
SHP-TRK-11961,2025-11-10 21:00:00,Sanand Hub (Gujarat),Chakan Assembly Alpha (Pune),Golden Quadrilateral Delhi-Kolkata,Coastal Ro-Ro,1036.5,29.6,2025-11-12 02:36:52,0,0.864,3.3,21.6,3.62,2025-11-12 02:36:52,0.0,0
SHP-TRK-11962,2025-11-10 22:00:00,Sriperumbudur (Tamil Nadu),Chakan Assembly Alpha (Pune),Chennai-Bengaluru Expressway,Road (Heavy Haulage),1042.1,29.8,2025-11-12 03:46:31,0,0.884,4.3,15.4,4.51,2025-11-12 03:46:31,0.0,0
SHP-TRK-11963,2025-11-11 07:00:00,Sriperumbudur (Tamil Nadu),Kundli DC,Western DFC Electric Rail,Coastal Ro-Ro,1234.7,35.3,2025-11-12 18:16:42,0,0.861,5.1,6.0,4.75,2025-11-12 18:16:42,0.0,0
SHP-TRK-11964,2025-11-11 11:00:00,Pune MIDC (Maharashtra),Bhiwandi Central DC,NH48 Western Corridor,Road (Heavy Haulage),529.8,15.1,2025-11-12 02:08:18,0,0.802,5.6,14.5,4.06,2025-11-12 02:08:18,0.0,0
SHP-TRK-11965,2025-11-11 11:00:00,Bengaluru Electronic City,Chakan Assembly Alpha (Pune),NH48 Western Corridor,Air Cargo Express,252.0,4.2,2025-11-11 15:11:58,0,0.935,9.0,24.5,4.86,2025-11-11 22:47:58,7.6,1
SHP-TRK-11966,2025-11-11 14:00:00,Pune MIDC (Maharashtra),Manesar Northern Plant,NH48 Western Corridor,Road (Heavy Haulage),275.0,7.9,2025-11-11 21:51:29,0,0.879,1.2,31.8,4.47,2025-11-11 21:51:29,0.0,0
SHP-TRK-11967,2025-11-11 14:00:00,Sanand Hub (Gujarat),Oragadam Southern Plant (Chennai),Golden Quadrilateral Delhi-Kolkata,Road (Heavy Haulage),951.9,27.2,2025-11-12 17:11:50,0,0.742,7.8,19.5,4.77,2025-11-12 17:11:50,0.0,0
SHP-TRK-11968,2025-11-11 16:00:00,Gurugram (Haryana),Chakan Assembly Alpha (Pune),Coastal Maritime Lane,Road (Heavy Haulage),835.1,23.9,2025-11-12 15:51:38,0,0.782,7.2,11.8,4.66,2025-11-12 15:51:38,0.0,0
SHP-TRK-11969,2025-11-11 17:00:00,Pune MIDC (Maharashtra),Chakan Assembly Alpha (Pune),Western DFC Electric Rail,Road (Heavy Haulage),839.5,24.0,2025-11-12 16:59:11,0,0.764,4.6,18.5,4.63,2025-11-12 16:59:11,0.0,0
SHP-TRK-11970,2025-11-11 18:00:00,Sriperumbudur (Tamil Nadu),Chakan Assembly Alpha (Pune),Golden Quadrilateral Delhi-Kolkata,Rail (Dedicated Freight Corridor),633.2,14.1,2025-11-12 08:04:19,0,0.888,2.2,13.9,4.77,2025-11-12 08:04:19,0.0,0
SHP-TRK-11971,2025-11-12 01:00:00,Sriperumbudur (Tamil Nadu),Manesar Northern Plant,Coastal Maritime Lane,Air Cargo Express,837.9,14.0,2025-11-12 14:57:51,0,0.866,4.3,6.5,4.59,2025-11-12 14:57:51,0.0,0
SHP-TRK-11972,2025-11-12 08:00:00,Pune MIDC (Maharashtra),Bhiwandi Central DC,Western DFC Electric Rail,Road (Heavy Haulage),378.9,10.8,2025-11-12 18:49:33,0,0.772,8.2,18.2,3.5,2025-11-12 18:49:33,0.0,0
SHP-TRK-11973,2025-11-12 08:00:00,Bengaluru Electronic City,Manesar Northern Plant,NH48 Western Corridor,Road (Heavy Haulage),327.5,9.4,2025-11-12 17:21:21,0,0.889,8.8,27.2,4.67,2025-11-12 17:21:21,0.0,0
SHP-TRK-11974,2025-11-12 09:00:00,Gurugram (Haryana),Manesar Northern Plant,Western DFC Electric Rail,Rail (Dedicated Freight Corridor),1231.7,27.4,2025-11-13 12:22:17,0,0.767,1.4,30.6,4.49,2025-11-15 21:04:17,56.7,1
SHP-TRK-11975,2025-11-12 09:00:00,Bengaluru Electronic City,Manesar Northern Plant,NH48 Western Corridor,Road (Express),1175.1,33.6,2025-11-13 18:34:24,0,0.929,3.0,5.7,3.7,2025-11-13 18:34:24,0.0,0
SHP-TRK-11976,2025-11-12 10:00:00,Sanand Hub (Gujarat),Manesar Northern Plant,Chennai-Bengaluru Expressway,Road (Heavy Haulage),552.6,15.8,2025-11-13 01:47:19,0,0.838,6.1,28.6,3.96,2025-11-13 01:47:19,0.0,0
SHP-TRK-11977,2025-11-12 13:00:00,Gurugram (Haryana),Oragadam Southern Plant (Chennai),Western DFC Electric Rail,Road (Heavy Haulage),1192.1,34.1,2025-11-13 23:03:37,0,0.728,5.7,20.8,3.83,2025-11-13 23:03:37,0.0,0
SHP-TRK-11978,2025-11-12 15:00:00,Bengaluru Electronic City,Oragadam Southern Plant (Chennai),Golden Quadrilateral Delhi-Kolkata,Road (Heavy Haulage),1020.1,29.1,2025-11-13 20:08:44,0,0.917,7.6,29.9,4.88,2025-11-13 20:08:44,0.0,0
SHP-TRK-11979,2025-11-12 15:00:00,Sanand Hub (Gujarat),Manesar Northern Plant,Chennai-Bengaluru Expressway,Rail (Dedicated Freight Corridor),822.1,18.3,2025-11-13 09:16:09,0,0.924,8.4,24.6,3.5,2025-11-13 09:16:09,0.0,0
SHP-TRK-11980,2025-11-12 16:00:00,Sanand Hub (Gujarat),Kundli DC,Western DFC Electric Rail,Rail (Dedicated Freight Corridor),690.4,15.3,2025-11-13 07:20:29,0,0.732,4.0,18.2,4.16,2025-11-13 14:02:29,6.7,1
SHP-TRK-11981,2025-11-12 20:00:00,Sriperumbudur (Tamil Nadu),Chakan Assembly Alpha (Pune),Coastal Maritime Lane,Rail (Dedicated Freight Corridor),817.8,18.2,2025-11-13 14:10:24,0,0.943,8.4,7.0,4.28,2025-11-14 03:10:24,13.0,1
SHP-TRK-11982,2025-11-12 23:00:00,Bengaluru Electronic City,Oragadam Southern Plant (Chennai),NH48 Western Corridor,Rail (Dedicated Freight Corridor),1411.7,31.4,2025-11-14 06:22:15,0,0.78,8.3,7.5,4.89,2025-11-14 14:04:15,7.7,1
SHP-TRK-11983,2025-11-12 23:00:00,Sanand Hub (Gujarat),Manesar Northern Plant,Golden Quadrilateral Delhi-Kolkata,Air Cargo Express,685.3,11.4,2025-11-13 10:25:16,0,0.969,8.1,16.4,4.85,2025-11-13 10:25:16,0.0,0
SHP-TRK-11984,2025-11-13 05:00:00,Gurugram (Haryana),Oragadam Southern Plant (Chennai),NH48 Western Corridor,Road (Express),696.2,19.9,2025-11-14 00:53:26,0,0.763,2.7,22.6,3.75,2025-11-14 00:53:26,0.0,0
SHP-TRK-11985,2025-11-13 08:00:00,Bengaluru Electronic City,Oragadam Southern Plant (Chennai),Chennai-Bengaluru Expressway,Coastal Ro-Ro,715.6,20.4,2025-11-14 04:26:40,0,0.958,3.7,22.9,3.99,2025-11-14 04:26:40,0.0,0
SHP-TRK-11986,2025-11-13 09:00:00,Sriperumbudur (Tamil Nadu),Chakan Assembly Alpha (Pune),Western DFC Electric Rail,Road (Heavy Haulage),1425.1,40.7,2025-11-15 01:43:03,0,0.838,8.5,29.6,4.36,2025-11-15 12:55:03,11.2,1
SHP-TRK-11987,2025-11-13 09:00:00,Sriperumbudur (Tamil Nadu),Chakan Assembly Alpha (Pune),Golden Quadrilateral Delhi-Kolkata,Coastal Ro-Ro,775.2,22.1,2025-11-14 07:08:58,0,0.881,1.7,18.1,4.74,2025-11-14 07:08:58,0.0,0
SHP-TRK-11988,2025-11-13 11:00:00,Bengaluru Electronic City,Oragadam Southern Plant (Chennai),NH48 Western Corridor,Rail (Dedicated Freight Corridor),327.9,7.3,2025-11-13 18:17:08,0,0.851,5.8,4.7,3.92,2025-11-14 01:35:08,7.3,1
SHP-TRK-11989,2025-11-13 15:00:00,Sriperumbudur (Tamil Nadu),Chakan Assembly Alpha (Pune),Chennai-Bengaluru Expressway,Road (Heavy Haulage),424.1,12.1,2025-11-14 03:06:57,0,0.849,8.6,21.7,4.05,2025-11-14 03:06:57,0.0,0
SHP-TRK-11990,2025-11-13 18:00:00,Sanand Hub (Gujarat),Manesar Northern Plant,NH48 Western Corridor,Rail (Dedicated Freight Corridor),804.6,17.9,2025-11-14 11:52:47,0,0.958,2.6,17.2,4.62,2025-11-14 11:52:47,0.0,0
SHP-TRK-11991,2025-11-13 18:00:00,Pune MIDC (Maharashtra),Bhiwandi Central DC,NH48 Western Corridor,Road (Heavy Haulage),669.4,19.1,2025-11-14 13:07:30,0,0.897,6.6,31.0,4.35,2025-11-14 13:07:30,0.0,0
SHP-TRK-11992,2025-11-13 19:00:00,Sriperumbudur (Tamil Nadu),Chakan Assembly Alpha (Pune),Western DFC Electric Rail,Rail (Dedicated Freight Corridor),1390.9,30.9,2025-11-15 01:54:31,0,0.815,8.8,19.4,3.61,2025-11-15 08:54:31,7.0,1
SHP-TRK-11993,2025-11-13 21:00:00,Bengaluru Electronic City,Chakan Assembly Alpha (Pune),Coastal Maritime Lane,Road (Heavy Haulage),1054.1,30.1,2025-11-15 03:07:04,0,0.918,2.0,17.5,4.74,2025-11-15 03:07:04,0.0,0
SHP-TRK-11994,2025-11-13 21:00:00,Sanand Hub (Gujarat),Oragadam Southern Plant (Chennai),Western DFC Electric Rail,Rail (Dedicated Freight Corridor),1246.3,27.7,2025-11-15 00:41:43,0,0.78,4.0,26.3,4.0,2025-11-15 00:41:43,0.0,0
SHP-TRK-11995,2025-11-13 21:00:00,Sanand Hub (Gujarat),Bhiwandi Central DC,Western DFC Electric Rail,Coastal Ro-Ro,1277.8,36.5,2025-11-15 09:30:35,0,0.854,2.9,4.9,4.14,2025-11-15 09:30:35,0.0,0
SHP-TRK-11996,2025-11-14 00:00:00,Pune MIDC (Maharashtra),Manesar Northern Plant,Western DFC Electric Rail,Coastal Ro-Ro,762.6,21.8,2025-11-14 21:47:19,0,0.795,4.8,28.5,4.89,2025-11-17 07:11:19,57.4,1
SHP-TRK-11997,2025-11-14 01:00:00,Sriperumbudur (Tamil Nadu),Oragadam Southern Plant (Chennai),NH48 Western Corridor,Road (Heavy Haulage),310.1,8.9,2025-11-14 09:51:38,0,0.844,1.5,24.3,3.7,2025-11-14 09:51:38,0.0,0
SHP-TRK-11998,2025-11-14 02:00:00,Sriperumbudur (Tamil Nadu),Kundli DC,Western DFC Electric Rail,Rail (Dedicated Freight Corridor),1182.3,26.3,2025-11-15 04:16:23,0,0.912,8.1,10.1,3.85,2025-11-15 04:16:23,0.0,0
SHP-TRK-11999,2025-11-14 02:00:00,Gurugram (Haryana),Chakan Assembly Alpha (Pune),Coastal Maritime Lane,Coastal Ro-Ro,424.6,12.1,2025-11-14 14:07:52,0,0.973,1.7,10.5,4.89,2025-11-14 14:07:52,0.0,0
SHP-TRK-12000,2025-11-14 03:00:00,Bengaluru Electronic City,Manesar Northern Plant,Coastal Maritime Lane,Rail (Dedicated Freight Corridor),1190.0,26.4,2025-11-15 05:26:41,0,0.778,3.4,7.2,3.67,2025-11-15 05:26:41,0.0,0
SHP-TRK-12001,2025-11-14 15:00:00,Bengaluru Electronic City,Bhiwandi Central DC,Western DFC Electric Rail,Road (Heavy Haulage),727.1,20.8,2025-11-15 11:46:25,0,0.739,3.9,15.7,3.89,2025-11-15 11:46:25,0.0,0
SHP-TRK-12002,2025-11-14 15:00:00,Bengaluru Electronic City,Bhiwandi Central DC,Golden Quadrilateral Delhi-Kolkata,Road (Express),1394.5,39.8,2025-11-16 06:50:36,0,0.927,4.3,27.1,3.82,2025-11-16 06:50:36,0.0,0
SHP-TRK-12003,2025-11-14 15:00:00,Bengaluru Electronic City,Chakan Assembly Alpha (Pune),NH48 Western Corridor,Road (Heavy Haulage),325.8,9.3,2025-11-15 00:18:32,0,0.951,8.4,20.6,3.68,2025-11-15 00:18:32,0.0,0
SHP-TRK-12004,2025-11-14 20:00:00,Gurugram (Haryana),Oragadam Southern Plant (Chennai),NH48 Western Corridor,Road (Heavy Haulage),620.8,17.7,2025-11-15 13:44:10,0,0.731,3.5,6.1,3.8,2025-11-15 13:44:10,0.0,0
SHP-TRK-12005,2025-11-14 20:00:00,Gurugram (Haryana),Chakan Assembly Alpha (Pune),Golden Quadrilateral Delhi-Kolkata,Road (Heavy Haulage),1281.2,36.6,2025-11-16 08:36:23,0,0.821,8.0,13.9,4.31,2025-11-16 18:12:23,9.6,1
SHP-TRK-12006,2025-11-14 21:00:00,Bengaluru Electronic City,Manesar Northern Plant,Golden Quadrilateral Delhi-Kolkata,Road (Heavy Haulage),666.9,19.1,2025-11-15 16:03:18,0,0.839,5.5,23.4,4.65,2025-11-15 16:03:18,0.0,0
SHP-TRK-12007,2025-11-15 00:00:00,Pune MIDC (Maharashtra),Chakan Assembly Alpha (Pune),Golden Quadrilateral Delhi-Kolkata,Coastal Ro-Ro,792.9,22.7,2025-11-15 22:39:16,0,0.761,5.3,9.0,4.01,2025-11-15 22:39:16,0.0,0
SHP-TRK-12008,2025-11-15 03:00:00,Pune MIDC (Maharashtra),Chakan Assembly Alpha (Pune),NH48 Western Corridor,Road (Express),782.8,22.4,2025-11-16 01:21:55,0,0.921,6.0,13.0,3.86,2025-11-16 01:21:55,0.0,0
SHP-TRK-12009,2025-11-15 04:00:00,Sriperumbudur (Tamil Nadu),Oragadam Southern Plant (Chennai),Western DFC Electric Rail,Road (Express),424.8,12.1,2025-11-15 16:08:18,0,0.801,2.8,15.2,4.16,2025-11-15 16:08:18,0.0,0
SHP-TRK-12010,2025-11-15 10:00:00,Pune MIDC (Maharashtra),Chakan Assembly Alpha (Pune),NH48 Western Corridor,Coastal Ro-Ro,610.3,17.4,2025-11-16 03:26:13,0,0.898,7.4,14.9,4.73,2025-11-16 03:26:13,0.0,0
SHP-TRK-12011,2025-11-15 14:00:00,Pune MIDC (Maharashtra),Chakan Assembly Alpha (Pune),Golden Quadrilateral Delhi-Kolkata,Road (Express),1053.1,30.1,2025-11-16 20:05:23,0,0.918,8.8,16.4,3.47,2025-11-17 08:41:23,12.6,1
SHP-TRK-12012,2025-11-15 14:00:00,Bengaluru Electronic City,Manesar Northern Plant,Golden Quadrilateral Delhi-Kolkata,Road (Heavy Haulage),1236.4,35.3,2025-11-17 01:19:30,0,0.829,8.2,6.7,4.64,2025-11-17 01:19:30,0.0,0
SHP-TRK-12013,2025-11-15 18:00:00,Bengaluru Electronic City,Chakan Assembly Alpha (Pune),Chennai-Bengaluru Expressway,Road (Heavy Haulage),1248.0,35.7,2025-11-17 05:39:24,0,0.806,5.7,8.3,4.9,2025-11-17 05:39:24,0.0,0
SHP-TRK-12014,2025-11-15 18:00:00,Sanand Hub (Gujarat),Kundli DC,Coastal Maritime Lane,Road (Express),465.5,13.3,2025-11-16 07:17:59,0,0.776,1.1,24.4,3.67,2025-11-16 07:17:59,0.0,0
SHP-TRK-12015,2025-11-15 23:00:00,Pune MIDC (Maharashtra),Chakan Assembly Alpha (Pune),Western DFC Electric Rail,Road (Heavy Haulage),359.2,10.3,2025-11-16 09:15:42,0,0.788,4.0,27.9,4.06,2025-11-16 09:15:42,0.0,0
SHP-TRK-12016,2025-11-16 02:00:00,Pune MIDC (Maharashtra),Manesar Northern Plant,Golden Quadrilateral Delhi-Kolkata,Road (Heavy Haulage),1070.2,30.6,2025-11-17 08:34:37,0,0.881,5.9,23.3,4.7,2025-11-17 08:34:37,0.0,0
SHP-TRK-12017,2025-11-16 14:00:00,Sanand Hub (Gujarat),Bhiwandi Central DC,NH48 Western Corridor,Road (Heavy Haulage),970.0,27.7,2025-11-17 17:42:54,0,0.818,7.5,16.3,3.86,2025-11-17 17:42:54,0.0,0
SHP-TRK-12018,2025-11-17 00:00:00,Sanand Hub (Gujarat),Oragadam Southern Plant (Chennai),Golden Quadrilateral Delhi-Kolkata,Rail (Dedicated Freight Corridor),943.8,21.0,2025-11-17 20:58:27,0,0.977,6.5,30.1,3.87,2025-11-18 01:52:27,4.9,1
SHP-TRK-12019,2025-11-17 05:00:00,Sanand Hub (Gujarat),Oragadam Southern Plant (Chennai),Western DFC Electric Rail,Rail (Dedicated Freight Corridor),1144.3,25.4,2025-11-18 06:25:41,0,0.973,8.0,7.8,3.78,2025-11-18 06:25:41,0.0,0
SHP-TRK-12020,2025-11-17 10:00:00,Sanand Hub (Gujarat),Oragadam Southern Plant (Chennai),NH48 Western Corridor,Rail (Dedicated Freight Corridor),1104.3,24.5,2025-11-18 10:32:22,0,0.911,1.2,15.4,4.18,2025-11-18 10:32:22,0.0,0
SHP-TRK-12021,2025-11-17 14:00:00,Bengaluru Electronic City,Chakan Assembly Alpha (Pune),NH48 Western Corridor,Road (Heavy Haulage),1230.7,35.2,2025-11-19 01:09:43,0,0.743,3.3,5.8,3.46,2025-11-19 01:09:43,0.0,0
SHP-TRK-12022,2025-11-17 15:00:00,Bengaluru Electronic City,Manesar Northern Plant,NH48 Western Corridor,Road (Heavy Haulage),580.2,16.6,2025-11-18 07:34:40,0,0.927,8.8,14.1,4.54,2025-11-18 12:04:40,4.5,1
SHP-TRK-12023,2025-11-17 16:00:00,Sriperumbudur (Tamil Nadu),Bhiwandi Central DC,Coastal Maritime Lane,Rail (Dedicated Freight Corridor),1313.0,29.2,2025-11-18 21:10:39,0,0.925,4.8,13.0,4.15,2025-11-18 21:10:39,0.0,0
SHP-TRK-12024,2025-11-17 19:00:00,Sriperumbudur (Tamil Nadu),Chakan Assembly Alpha (Pune),Western DFC Electric Rail,Rail (Dedicated Freight Corridor),994.2,22.1,2025-11-18 17:05:39,0,0.782,4.5,10.3,4.13,2025-11-18 17:05:39,0.0,0
SHP-TRK-12025,2025-11-17 19:00:00,Sanand Hub (Gujarat),Chakan Assembly Alpha (Pune),NH48 Western Corridor,Rail (Dedicated Freight Corridor),1437.5,31.9,2025-11-19 02:56:39,0,0.859,3.3,22.6,4.63,2025-11-19 02:56:39,0.0,0
SHP-TRK-12026,2025-11-17 21:00:00,Bengaluru Electronic City,Kundli DC,Chennai-Bengaluru Expressway,Rail (Dedicated Freight Corridor),337.4,7.5,2025-11-18 04:29:50,0,0.811,6.9,22.5,3.8,2025-11-18 14:41:50,10.2,1
SHP-TRK-12027,2025-11-17 22:00:00,Sriperumbudur (Tamil Nadu),Oragadam Southern Plant (Chennai),NH48 Western Corridor,Road (Heavy Haulage),740.8,21.2,2025-11-18 19:09:59,0,0.771,8.7,8.7,4.04,2025-11-18 19:09:59,0.0,0
SHP-TRK-12028,2025-11-17 23:00:00,Bengaluru Electronic City,Chakan Assembly Alpha (Pune),Golden Quadrilateral Delhi-Kolkata,Rail (Dedicated Freight Corridor),811.1,18.0,2025-11-18 17:01:26,0,0.734,8.3,31.5,4.32,2025-11-18 17:01:26,0.0,0
SHP-TRK-12029,2025-11-18 02:00:00,Bengaluru Electronic City,Oragadam Southern Plant (Chennai),Western DFC Electric Rail,Road (Heavy Haulage),1232.1,35.2,2025-11-19 13:12:06,0,0.724,5.7,28.7,4.56,2025-11-19 20:00:06,6.8,1
SHP-TRK-12030,2025-11-18 02:00:00,Bengaluru Electronic City,Chakan Assembly Alpha (Pune),NH48 Western Corridor,Road (Heavy Haulage),1298.9,37.1,2025-11-19 15:06:43,0,0.881,4.2,19.2,3.57,2025-11-19 15:06:43,0.0,0
SHP-TRK-12031,2025-11-18 04:00:00,Sanand Hub (Gujarat),Kundli DC,NH48 Western Corridor,Coastal Ro-Ro,424.1,12.1,2025-11-18 16:07:04,0,0.829,1.4,22.5,4.13,2025-11-18 20:55:04,4.8,1
SHP-TRK-12032,2025-11-18 16:00:00,Gurugram (Haryana),Oragadam Southern Plant (Chennai),Coastal Maritime Lane,Road (Heavy Haulage),888.4,25.4,2025-11-19 17:22:54,0,0.818,4.1,9.9,4.06,2025-11-19 17:22:54,0.0,0
SHP-TRK-12033,2025-11-18 16:00:00,Bengaluru Electronic City,Chakan Assembly Alpha (Pune),Western DFC Electric Rail,Road (Heavy Haulage),320.0,9.1,2025-11-19 01:08:34,0,0.76,8.6,19.4,3.49,2025-11-19 21:38:34,20.5,1
SHP-TRK-12034,2025-11-18 21:00:00,Pune MIDC (Maharashtra),Manesar Northern Plant,Golden Quadrilateral Delhi-Kolkata,Rail (Dedicated Freight Corridor),355.6,7.9,2025-11-19 04:54:04,0,0.909,2.1,13.8,4.15,2025-11-19 04:54:04,0.0,0
SHP-TRK-12035,2025-11-18 21:00:00,Gurugram (Haryana),Chakan Assembly Alpha (Pune),NH48 Western Corridor,Rail (Dedicated Freight Corridor),1006.3,22.4,2025-11-19 19:21:40,0,0.74,2.4,11.6,3.65,2025-11-19 19:21:40,0.0,0
SHP-TRK-12036,2025-11-18 23:00:00,Pune MIDC (Maharashtra),Chakan Assembly Alpha (Pune),NH48 Western Corridor,Road (Heavy Haulage),1425.3,40.7,2025-11-20 15:43:25,0,0.749,1.8,25.2,4.48,2025-11-20 15:43:25,0.0,0
SHP-TRK-12037,2025-11-19 01:00:00,Sanand Hub (Gujarat),Oragadam Southern Plant (Chennai),Western DFC Electric Rail,Road (Heavy Haulage),1172.9,33.5,2025-11-20 10:30:42,0,0.918,5.1,30.0,3.76,2025-11-20 10:30:42,0.0,0
SHP-TRK-12038,2025-11-19 01:00:00,Sriperumbudur (Tamil Nadu),Manesar Northern Plant,Western DFC Electric Rail,Road (Heavy Haulage),699.3,20.0,2025-11-19 20:58:50,0,0.914,7.5,19.7,4.52,2025-11-20 15:10:50,18.2,1
SHP-TRK-12039,2025-11-19 03:00:00,Sanand Hub (Gujarat),Oragadam Southern Plant (Chennai),NH48 Western Corridor,Coastal Ro-Ro,517.8,14.8,2025-11-19 17:47:37,0,0.775,5.5,30.6,3.85,2025-11-19 17:47:37,0.0,0
SHP-TRK-12040,2025-11-19 06:00:00,Sriperumbudur (Tamil Nadu),Manesar Northern Plant,NH48 Western Corridor,Rail (Dedicated Freight Corridor),1011.5,22.5,2025-11-20 04:28:38,0,0.832,1.1,19.3,3.92,2025-11-20 04:28:38,0.0,0
SHP-TRK-12041,2025-11-19 07:00:00,Gurugram (Haryana),Chakan Assembly Alpha (Pune),NH48 Western Corridor,Road (Express),578.3,16.5,2025-11-19 23:31:20,0,0.868,5.7,25.8,4.29,2025-11-19 23:31:20,0.0,0
SHP-TRK-12042,2025-11-19 07:00:00,Gurugram (Haryana),Oragadam Southern Plant (Chennai),NH48 Western Corridor,Road (Heavy Haulage),730.0,20.9,2025-11-20 03:51:25,0,0.905,1.3,8.0,3.76,2025-11-20 20:09:25,16.3,1
SHP-TRK-12043,2025-11-19 10:00:00,Sanand Hub (Gujarat),Manesar Northern Plant,NH48 Western Corridor,Road (Express),943.8,27.0,2025-11-20 12:58:01,0,0.746,8.5,13.8,4.87,2025-11-20 12:58:01,0.0,0
SHP-TRK-12044,2025-11-19 17:00:00,Pune MIDC (Maharashtra),Chakan Assembly Alpha (Pune),NH48 Western Corridor,Rail (Dedicated Freight Corridor),1324.2,29.4,2025-11-20 22:25:33,0,0.925,8.8,21.2,4.18,2025-11-20 22:25:33,0.0,0
SHP-TRK-12045,2025-11-19 17:00:00,Bengaluru Electronic City,Oragadam Southern Plant (Chennai),Coastal Maritime Lane,Rail (Dedicated Freight Corridor),965.1,21.4,2025-11-20 14:26:44,0,0.943,7.9,18.8,4.36,2025-11-20 14:26:44,0.0,0
SHP-TRK-12046,2025-11-19 20:00:00,Bengaluru Electronic City,Chakan Assembly Alpha (Pune),Coastal Maritime Lane,Road (Heavy Haulage),308.2,8.8,2025-11-20 04:48:22,0,0.901,7.7,22.3,4.46,2025-11-20 04:48:22,0.0,0
SHP-TRK-12047,2025-11-19 20:00:00,Bengaluru Electronic City,Chakan Assembly Alpha (Pune),Western DFC Electric Rail,Coastal Ro-Ro,1048.5,30.0,2025-11-21 01:57:22,0,0.858,1.4,30.7,3.62,2025-11-21 01:57:22,0.0,0
SHP-TRK-12048,2025-11-19 20:00:00,Gurugram (Haryana),Manesar Northern Plant,Western DFC Electric Rail,Rail (Dedicated Freight Corridor),378.1,8.4,2025-11-20 04:24:06,0,0.866,1.6,19.5,4.71,2025-11-20 04:24:06,0.0,0
SHP-TRK-12049,2025-11-19 22:00:00,Pune MIDC (Maharashtra),Chakan Assembly Alpha (Pune),Western DFC Electric Rail,Air Cargo Express,977.7,16.3,2025-11-20 14:17:39,0,0.764,7.9,30.1,4.81,2025-11-20 14:17:39,0.0,0
SHP-TRK-12050,2025-11-19 23:00:00,Bengaluru Electronic City,Bhiwandi Central DC,NH48 Western Corridor,Rail (Dedicated Freight Corridor),1052.6,23.4,2025-11-20 22:23:24,0,0.898,3.3,5.3,4.0,2025-11-20 22:23:24,0.0,0
SHP-TRK-12051,2025-11-20 00:00:00,Sanand Hub (Gujarat),Chakan Assembly Alpha (Pune),Coastal Maritime Lane,Road (Heavy Haulage),1167.1,33.3,2025-11-21 09:20:43,0,0.803,8.6,22.3,4.1,2025-11-21 09:20:43,0.0,0
SHP-TRK-12052,2025-11-20 00:00:00,Bengaluru Electronic City,Chakan Assembly Alpha (Pune),Western DFC Electric Rail,Road (Heavy Haulage),883.6,25.2,2025-11-21 01:14:47,0,0.918,3.9,24.2,4.84,2025-11-21 01:14:47,0.0,0
SHP-TRK-12053,2025-11-20 00:00:00,Bengaluru Electronic City,Kundli DC,Western DFC Electric Rail,Road (Express),1035.4,29.6,2025-11-21 05:35:00,0,0.742,8.6,7.4,3.9,2025-11-21 05:35:00,0.0,0
SHP-TRK-12054,2025-11-20 04:00:00,Bengaluru Electronic City,Manesar Northern Plant,Western DFC Electric Rail,Coastal Ro-Ro,1435.3,41.0,2025-11-21 21:00:28,0,0.874,2.3,9.7,3.48,2025-11-21 21:00:28,0.0,0
SHP-TRK-12055,2025-11-20 08:00:00,Bengaluru Electronic City,Chakan Assembly Alpha (Pune),Golden Quadrilateral Delhi-Kolkata,Road (Heavy Haulage),800.6,22.9,2025-11-21 06:52:24,0,0.762,3.0,14.6,4.31,2025-11-21 23:10:24,16.3,1
SHP-TRK-12056,2025-11-20 12:00:00,Sanand Hub (Gujarat),Oragadam Southern Plant (Chennai),NH48 Western Corridor,Road (Heavy Haulage),919.3,26.3,2025-11-21 14:15:55,0,0.81,4.3,26.4,4.16,2025-11-22 07:45:55,17.5,1
SHP-TRK-12057,2025-11-20 15:00:00,Bengaluru Electronic City,Manesar Northern Plant,Western DFC Electric Rail,Rail (Dedicated Freight Corridor),1051.2,23.4,2025-11-21 14:21:36,0,0.929,8.8,21.8,3.4,2025-11-21 14:21:36,0.0,0
SHP-TRK-12058,2025-11-21 02:00:00,Sriperumbudur (Tamil Nadu),Chakan Assembly Alpha (Pune),Western DFC Electric Rail,Road (Heavy Haulage),1146.2,32.7,2025-11-22 10:44:54,0,0.827,6.4,18.0,3.84,2025-11-22 10:44:54,0.0,0
SHP-TRK-12059,2025-11-21 03:00:00,Bengaluru Electronic City,Oragadam Southern Plant (Chennai),NH48 Western Corridor,Rail (Dedicated Freight Corridor),361.2,8.0,2025-11-21 11:01:33,0,0.892,5.4,16.3,4.58,2025-11-21 22:25:33,11.4,1
SHP-TRK-12060,2025-11-21 03:00:00,Gurugram (Haryana),Manesar Northern Plant,Golden Quadrilateral Delhi-Kolkata,Road (Heavy Haulage),539.2,15.4,2025-11-21 18:24:18,0,0.802,2.6,25.8,4.32,2025-11-21 18:24:18,0.0,0
SHP-TRK-12061,2025-11-21 03:00:00,Sriperumbudur (Tamil Nadu),Chakan Assembly Alpha (Pune),Western DFC Electric Rail,Road (Heavy Haulage),1013.9,29.0,2025-11-22 07:58:08,0,0.926,3.3,25.7,4.41,2025-11-22 07:58:08,0.0,0
SHP-TRK-12062,2025-11-21 05:00:00,Bengaluru Electronic City,Kundli DC,Golden Quadrilateral Delhi-Kolkata,Road (Heavy Haulage),941.8,26.9,2025-11-22 07:54:35,0,0.765,1.5,26.5,4.87,2025-11-22 14:48:35,6.9,1
SHP-TRK-12063,2025-11-21 06:00:00,Pune MIDC (Maharashtra),Chakan Assembly Alpha (Pune),Western DFC Electric Rail,Rail (Dedicated Freight Corridor),1263.4,28.1,2025-11-22 10:04:29,0,0.91,7.7,10.3,3.46,2025-11-22 10:04:29,0.0,0
SHP-TRK-12064,2025-11-21 08:00:00,Sanand Hub (Gujarat),Manesar Northern Plant,Western DFC Electric Rail,Road (Heavy Haulage),1258.5,36.0,2025-11-22 19:57:24,0,0.819,1.4,24.1,4.48,2025-11-22 19:57:24,0.0,0
SHP-TRK-12065,2025-11-21 08:00:00,Sriperumbudur (Tamil Nadu),Chakan Assembly Alpha (Pune),Golden Quadrilateral Delhi-Kolkata,Road (Heavy Haulage),527.2,15.1,2025-11-21 23:03:49,0,0.943,4.7,19.1,4.57,2025-11-21 23:03:49,0.0,0
SHP-TRK-12066,2025-11-21 09:00:00,Sriperumbudur (Tamil Nadu),Kundli DC,Coastal Maritime Lane,Coastal Ro-Ro,1239.0,35.4,2025-11-22 20:24:01,0,0.903,6.3,7.4,3.61,2025-11-23 00:30:01,4.1,1
SHP-TRK-12067,2025-11-21 10:00:00,Bengaluru Electronic City,Chakan Assembly Alpha (Pune),Chennai-Bengaluru Expressway,Coastal Ro-Ro,335.9,9.6,2025-11-21 19:35:53,0,0.785,7.6,26.6,4.9,2025-11-21 19:35:53,0.0,0
SHP-TRK-12068,2025-11-21 10:00:00,Gurugram (Haryana),Oragadam Southern Plant (Chennai),Golden Quadrilateral Delhi-Kolkata,Road (Heavy Haulage),609.1,17.4,2025-11-22 03:24:13,0,0.93,5.3,26.3,4.16,2025-11-22 03:24:13,0.0,0
SHP-TRK-12069,2025-11-21 15:00:00,Sriperumbudur (Tamil Nadu),Kundli DC,Coastal Maritime Lane,Road (Heavy Haulage),1215.8,34.7,2025-11-23 01:44:16,0,0.91,7.3,21.1,4.7,2025-11-23 08:38:16,6.9,1
SHP-TRK-12070,2025-11-21 18:00:00,Pune MIDC (Maharashtra),Chakan Assembly Alpha (Pune),Western DFC Electric Rail,Rail (Dedicated Freight Corridor),440.4,9.8,2025-11-22 03:47:10,0,0.858,3.3,7.1,4.29,2025-11-22 03:47:10,0.0,0
SHP-TRK-12071,2025-11-21 21:00:00,Sanand Hub (Gujarat),Oragadam Southern Plant (Chennai),NH48 Western Corridor,Road (Heavy Haulage),400.8,11.5,2025-11-22 08:27:04,0,0.756,2.5,26.6,3.62,2025-11-22 08:27:04,0.0,0
SHP-TRK-12072,2025-11-22 04:00:00,Sanand Hub (Gujarat),Chakan Assembly Alpha (Pune),NH48 Western Corridor,Road (Express),441.9,12.6,2025-11-22 16:37:30,0,0.825,5.4,5.3,3.99,2025-11-22 16:37:30,0.0,0
SHP-TRK-12073,2025-11-22 05:00:00,Sanand Hub (Gujarat),Manesar Northern Plant,Western DFC Electric Rail,Road (Express),660.3,18.9,2025-11-22 23:51:58,0,0.858,4.1,23.8,3.52,2025-11-22 23:51:58,0.0,0
SHP-TRK-12074,2025-11-22 07:00:00,Sriperumbudur (Tamil Nadu),Manesar Northern Plant,Chennai-Bengaluru Expressway,Road (Heavy Haulage),1261.6,36.0,2025-11-23 19:02:46,0,0.766,8.2,16.6,4.62,2025-11-23 19:02:46,0.0,0
SHP-TRK-12075,2025-11-22 15:00:00,Sriperumbudur (Tamil Nadu),Oragadam Southern Plant (Chennai),NH48 Western Corridor,Coastal Ro-Ro,558.4,16.0,2025-11-23 06:57:11,0,0.814,7.9,30.3,3.79,2025-11-24 14:51:11,31.9,1
SHP-TRK-12076,2025-11-22 16:00:00,Gurugram (Haryana),Manesar Northern Plant,NH48 Western Corridor,Road (Heavy Haulage),427.0,12.2,2025-11-23 04:11:58,0,0.769,7.1,10.6,4.35,2025-11-23 04:11:58,0.0,0
SHP-TRK-12077,2025-11-22 18:00:00,Sriperumbudur (Tamil Nadu),Chakan Assembly Alpha (Pune),Golden Quadrilateral Delhi-Kolkata,Air Cargo Express,1287.3,21.5,2025-11-23 15:27:17,0,0.969,2.0,7.2,4.7,2025-11-23 15:27:17,0.0,0
SHP-TRK-12078,2025-11-22 21:00:00,Sriperumbudur (Tamil Nadu),Oragadam Southern Plant (Chennai),NH48 Western Corridor,Rail (Dedicated Freight Corridor),536.1,11.9,2025-11-23 08:54:45,0,0.847,2.7,17.8,4.66,2025-11-23 08:54:45,0.0,0
SHP-TRK-12079,2025-11-23 04:00:00,Gurugram (Haryana),Bhiwandi Central DC,Chennai-Bengaluru Expressway,Road (Heavy Haulage),1357.5,38.8,2025-11-24 18:47:08,0,0.966,6.5,10.3,4.85,2025-11-25 00:59:08,6.2,1
SHP-TRK-12080,2025-11-23 04:00:00,Bengaluru Electronic City,Bhiwandi Central DC,Golden Quadrilateral Delhi-Kolkata,Rail (Dedicated Freight Corridor),279.0,6.2,2025-11-23 10:11:57,0,0.785,4.5,21.8,3.95,2025-11-24 10:23:57,24.2,1
SHP-TRK-12081,2025-11-23 06:00:00,Pune MIDC (Maharashtra),Chakan Assembly Alpha (Pune),NH48 Western Corridor,Rail (Dedicated Freight Corridor),1204.5,26.8,2025-11-24 08:45:56,0,0.825,6.3,30.2,4.56,2025-11-24 12:57:56,4.2,1
SHP-TRK-12082,2025-11-23 07:00:00,Sriperumbudur (Tamil Nadu),Chakan Assembly Alpha (Pune),NH48 Western Corridor,Rail (Dedicated Freight Corridor),480.9,10.7,2025-11-23 17:41:14,0,0.83,7.7,17.7,4.71,2025-11-23 17:41:14,0.0,0
SHP-TRK-12083,2025-11-23 08:00:00,Bengaluru Electronic City,Manesar Northern Plant,NH48 Western Corridor,Air Cargo Express,677.8,11.3,2025-11-23 19:17:46,0,0.975,8.9,10.6,4.0,2025-11-24 03:41:46,8.4,1
SHP-TRK-12084,2025-11-23 11:00:00,Bengaluru Electronic City,Manesar Northern Plant,NH48 Western Corridor,Air Cargo Express,1270.0,21.2,2025-11-24 08:09:58,0,0.744,1.3,18.4,4.75,2025-11-24 19:09:58,11.0,1
SHP-TRK-12085,2025-11-23 11:00:00,Sanand Hub (Gujarat),Manesar Northern Plant,NH48 Western Corridor,Road (Heavy Haulage),918.0,26.2,2025-11-24 13:13:45,0,0.937,4.3,21.5,4.58,2025-11-24 13:13:45,0.0,0
SHP-TRK-12086,2025-11-23 15:00:00,Sanand Hub (Gujarat),Manesar Northern Plant,Golden Quadrilateral Delhi-Kolkata,Rail (Dedicated Freight Corridor),843.4,18.7,2025-11-24 09:44:33,0,0.753,5.6,18.0,4.72,2025-11-24 09:44:33,0.0,0
SHP-TRK-12087,2025-11-23 21:00:00,Gurugram (Haryana),Oragadam Southern Plant (Chennai),Western DFC Electric Rail,Rail (Dedicated Freight Corridor),873.5,19.4,2025-11-24 16:24:40,0,0.967,6.2,12.1,4.34,2025-11-24 16:24:40,0.0,0
SHP-TRK-12088,2025-11-23 22:00:00,Sriperumbudur (Tamil Nadu),Manesar Northern Plant,NH48 Western Corridor,Road (Heavy Haulage),655.4,18.7,2025-11-24 16:43:33,0,0.831,1.5,26.9,4.77,2025-11-24 16:43:33,0.0,0
SHP-TRK-12089,2025-11-24 02:00:00,Sanand Hub (Gujarat),Chakan Assembly Alpha (Pune),NH48 Western Corridor,Rail (Dedicated Freight Corridor),1374.9,30.6,2025-11-25 08:33:10,0,0.723,4.3,30.0,3.54,2025-11-25 08:33:10,0.0,0
SHP-TRK-12090,2025-11-24 02:00:00,Bengaluru Electronic City,Oragadam Southern Plant (Chennai),Western DFC Electric Rail,Road (Heavy Haulage),1253.6,35.8,2025-11-25 13:49:02,0,0.947,1.4,8.9,4.29,2025-11-25 13:49:02,0.0,0
SHP-TRK-12091,2025-11-24 03:00:00,Bengaluru Electronic City,Bhiwandi Central DC,NH48 Western Corridor,Road (Express),999.5,28.6,2025-11-25 07:33:22,0,0.749,3.0,9.4,4.25,2025-11-26 00:57:22,17.4,1
SHP-TRK-12092,2025-11-24 05:00:00,Sanand Hub (Gujarat),Kundli DC,NH48 Western Corridor,Road (Heavy Haulage),394.7,11.3,2025-11-24 16:16:35,0,0.872,8.8,20.2,4.07,2025-11-24 16:16:35,0.0,0
SHP-TRK-12093,2025-11-24 11:00:00,Bengaluru Electronic City,Oragadam Southern Plant (Chennai),NH48 Western Corridor,Rail (Dedicated Freight Corridor),1286.7,28.6,2025-11-25 15:35:33,0,0.728,4.5,18.6,3.81,2025-11-25 15:35:33,0.0,0
SHP-TRK-12094,2025-11-24 11:00:00,Bengaluru Electronic City,Oragadam Southern Plant (Chennai),Golden Quadrilateral Delhi-Kolkata,Rail (Dedicated Freight Corridor),1135.4,25.2,2025-11-25 12:13:51,0,0.809,9.0,27.8,3.87,2025-11-25 19:13:51,7.0,1
SHP-TRK-12095,2025-11-24 11:00:00,Bengaluru Electronic City,Bhiwandi Central DC,Chennai-Bengaluru Expressway,Road (Express),576.3,16.5,2025-11-25 03:28:01,0,0.874,3.3,7.5,3.61,2025-11-25 03:28:01,0.0,0
SHP-TRK-12096,2025-11-24 16:00:00,Sriperumbudur (Tamil Nadu),Manesar Northern Plant,NH48 Western Corridor,Road (Express),1190.2,34.0,2025-11-26 02:00:18,0,0.98,7.8,25.2,4.03,2025-11-26 02:00:18,0.0,0
SHP-TRK-12097,2025-11-25 01:00:00,Pune MIDC (Maharashtra),Manesar Northern Plant,Golden Quadrilateral Delhi-Kolkata,Rail (Dedicated Freight Corridor),788.5,17.5,2025-11-25 18:31:21,0,0.752,5.5,11.8,3.43,2025-11-25 18:31:21,0.0,0
SHP-TRK-12098,2025-11-25 05:00:00,Bengaluru Electronic City,Bhiwandi Central DC,NH48 Western Corridor,Rail (Dedicated Freight Corridor),813.8,18.1,2025-11-25 23:05:05,0,0.796,4.8,15.6,3.46,2025-11-25 23:05:05,0.0,0
SHP-TRK-12099,2025-11-25 10:00:00,Sriperumbudur (Tamil Nadu),Bhiwandi Central DC,NH48 Western Corridor,Coastal Ro-Ro,887.6,25.4,2025-11-26 11:21:32,0,0.731,5.0,8.0,3.57,2025-11-26 11:21:32,0.0,0
SHP-TRK-12100,2025-11-25 12:00:00,Sriperumbudur (Tamil Nadu),Oragadam Southern Plant (Chennai),Golden Quadrilateral Delhi-Kolkata,Coastal Ro-Ro,595.4,17.0,2025-11-26 05:00:42,0,0.783,2.0,25.3,4.31,2025-11-26 05:00:42,0.0,0
SHP-TRK-12101,2025-11-25 14:00:00,Sanand Hub (Gujarat),Bhiwandi Central DC,Coastal Maritime Lane,Rail (Dedicated Freight Corridor),954.6,21.2,2025-11-26 11:12:51,0,0.799,4.1,9.3,4.46,2025-11-26 11:12:51,0.0,0
SHP-TRK-12102,2025-11-25 20:00:00,Sanand Hub (Gujarat),Chakan Assembly Alpha (Pune),Coastal Maritime Lane,Road (Heavy Haulage),529.7,15.1,2025-11-26 11:08:01,0,0.809,3.2,15.9,4.71,2025-11-26 11:08:01,0.0,0
SHP-TRK-12103,2025-11-25 20:00:00,Sanand Hub (Gujarat),Manesar Northern Plant,Coastal Maritime Lane,Road (Heavy Haulage),608.7,17.4,2025-11-26 13:23:29,0,0.722,5.1,8.6,4.5,2025-11-27 10:11:29,20.8,1
SHP-TRK-12104,2025-11-25 22:00:00,Bengaluru Electronic City,Manesar Northern Plant,Western DFC Electric Rail,Rail (Dedicated Freight Corridor),966.0,21.5,2025-11-26 19:28:03,0,0.893,2.6,11.9,4.07,2025-11-26 19:28:03,0.0,0
SHP-TRK-12105,2025-11-26 02:00:00,Pune MIDC (Maharashtra),Oragadam Southern Plant (Chennai),NH48 Western Corridor,Road (Heavy Haulage),507.7,14.5,2025-11-26 16:30:18,0,0.91,4.8,24.0,4.73,2025-11-26 16:30:18,0.0,0
SHP-TRK-12106,2025-11-26 06:00:00,Gurugram (Haryana),Manesar Northern Plant,Western DFC Electric Rail,Air Cargo Express,1371.5,22.9,2025-11-27 04:51:32,0,0.936,8.9,21.6,4.21,2025-11-27 04:51:32,0.0,0
SHP-TRK-12107,2025-11-26 08:00:00,Bengaluru Electronic City,Oragadam Southern Plant (Chennai),NH48 Western Corridor,Air Cargo Express,959.8,16.0,2025-11-26 23:59:46,0,0.817,4.1,28.8,4.3,2025-11-26 23:59:46,0.0,0
SHP-TRK-12108,2025-11-26 09:00:00,Bengaluru Electronic City,Oragadam Southern Plant (Chennai),NH48 Western Corridor,Road (Heavy Haulage),373.3,10.7,2025-11-26 19:40:00,0,0.861,3.4,22.7,4.05,2025-11-26 19:40:00,0.0,0
SHP-TRK-12109,2025-11-26 14:00:00,Sanand Hub (Gujarat),Kundli DC,NH48 Western Corridor,Rail (Dedicated Freight Corridor),899.5,20.0,2025-11-27 09:59:18,0,0.946,7.2,23.8,4.55,2025-11-28 04:59:18,19.0,1
SHP-TRK-12110,2025-11-26 16:00:00,Sriperumbudur (Tamil Nadu),Bhiwandi Central DC,NH48 Western Corridor,Road (Heavy Haulage),1293.5,37.0,2025-11-28 04:57:24,0,0.883,1.0,14.2,3.44,2025-11-28 04:57:24,0.0,0
SHP-TRK-12111,2025-11-26 18:00:00,Sanand Hub (Gujarat),Chakan Assembly Alpha (Pune),Coastal Maritime Lane,Coastal Ro-Ro,872.5,24.9,2025-11-27 18:55:44,0,0.864,3.7,11.2,3.56,2025-11-27 18:55:44,0.0,0
SHP-TRK-12112,2025-11-26 21:00:00,Bengaluru Electronic City,Manesar Northern Plant,Western DFC Electric Rail,Road (Heavy Haulage),943.0,26.9,2025-11-27 23:56:36,0,0.913,2.9,12.6,4.87,2025-11-27 23:56:36,0.0,0
SHP-TRK-12113,2025-11-26 23:00:00,Sanand Hub (Gujarat),Kundli DC,Chennai-Bengaluru Expressway,Road (Express),357.6,10.2,2025-11-27 09:12:58,0,0.798,1.5,14.7,3.56,2025-11-27 09:12:58,0.0,0
SHP-TRK-12114,2025-11-27 00:00:00,Sriperumbudur (Tamil Nadu),Chakan Assembly Alpha (Pune),NH48 Western Corridor,Road (Express),405.5,11.6,2025-11-27 11:35:08,0,0.808,7.2,7.4,4.85,2025-11-27 15:41:08,4.1,1
SHP-TRK-12115,2025-11-27 05:00:00,Sriperumbudur (Tamil Nadu),Manesar Northern Plant,NH48 Western Corridor,Rail (Dedicated Freight Corridor),963.9,21.4,2025-11-28 02:25:14,0,0.754,4.2,20.1,3.58,2025-11-28 02:25:14,0.0,0
SHP-TRK-12116,2025-11-27 12:00:00,Sanand Hub (Gujarat),Bhiwandi Central DC,NH48 Western Corridor,Road (Express),402.9,11.5,2025-11-27 23:30:41,0,0.952,7.2,31.9,3.75,2025-11-28 12:54:41,13.4,1
SHP-TRK-12117,2025-11-27 14:00:00,Sriperumbudur (Tamil Nadu),Chakan Assembly Alpha (Pune),NH48 Western Corridor,Road (Heavy Haulage),1082.3,30.9,2025-11-28 20:55:22,0,0.848,5.9,28.7,4.09,2025-11-28 20:55:22,0.0,0
SHP-TRK-12118,2025-11-27 16:00:00,Gurugram (Haryana),Oragadam Southern Plant (Chennai),Coastal Maritime Lane,Road (Heavy Haulage),277.4,7.9,2025-11-27 23:55:31,0,0.863,3.5,18.3,3.76,2025-11-27 23:55:31,0.0,0
SHP-TRK-12119,2025-11-27 16:00:00,Sriperumbudur (Tamil Nadu),Bhiwandi Central DC,NH48 Western Corridor,Road (Heavy Haulage),571.9,16.3,2025-11-28 08:20:23,0,0.933,6.8,28.5,3.58,2025-11-28 13:26:23,5.1,1
SHP-TRK-12120,2025-11-27 17:00:00,Sanand Hub (Gujarat),Oragadam Southern Plant (Chennai),NH48 Western Corridor,Coastal Ro-Ro,1400.2,40.0,2025-11-29 09:00:21,0,0.73,8.4,9.5,3.48,2025-11-29 09:00:21,0.0,0
SHP-TRK-12121,2025-11-27 17:00:00,Gurugram (Haryana),Chakan Assembly Alpha (Pune),Western DFC Electric Rail,Road (Heavy Haulage),706.9,20.2,2025-11-28 13:11:46,0,0.894,8.8,21.2,3.53,2025-11-28 13:11:46,0.0,0
SHP-TRK-12122,2025-11-27 19:00:00,Sriperumbudur (Tamil Nadu),Oragadam Southern Plant (Chennai),NH48 Western Corridor,Air Cargo Express,1065.3,17.8,2025-11-28 12:45:20,0,0.779,3.1,14.8,3.78,2025-11-28 12:45:20,0.0,0
SHP-TRK-12123,2025-11-27 19:00:00,Sanand Hub (Gujarat),Bhiwandi Central DC,Chennai-Bengaluru Expressway,Road (Heavy Haulage),400.6,11.4,2025-11-28 06:26:40,0,0.737,5.5,18.3,4.26,2025-11-28 06:26:40,0.0,0
SHP-TRK-12124,2025-11-27 22:00:00,Bengaluru Electronic City,Manesar Northern Plant,NH48 Western Corridor,Rail (Dedicated Freight Corridor),1241.8,27.6,2025-11-29 01:35:44,0,0.909,4.1,27.8,4.21,2025-11-29 01:35:44,0.0,0
SHP-TRK-12125,2025-11-28 00:00:00,Sanand Hub (Gujarat),Kundli DC,NH48 Western Corridor,Road (Heavy Haulage),643.0,18.4,2025-11-28 18:22:15,0,0.909,8.4,22.0,3.54,2025-11-28 18:22:15,0.0,0
SHP-TRK-12126,2025-11-28 04:00:00,Sanand Hub (Gujarat),Manesar Northern Plant,Western DFC Electric Rail,Coastal Ro-Ro,311.8,8.9,2025-11-28 12:54:32,0,0.778,3.0,13.8,4.17,2025-11-30 01:48:32,36.9,1
SHP-TRK-12127,2025-11-28 05:00:00,Sriperumbudur (Tamil Nadu),Chakan Assembly Alpha (Pune),Western DFC Electric Rail,Road (Heavy Haulage),1314.8,37.6,2025-11-29 18:33:51,0,0.857,8.0,26.8,4.39,2025-11-30 01:45:51,7.2,1
SHP-TRK-12128,2025-11-28 07:00:00,Bengaluru Electronic City,Chakan Assembly Alpha (Pune),Western DFC Electric Rail,Road (Heavy Haulage),1342.7,38.4,2025-11-29 21:21:42,0,0.747,3.2,19.3,4.35,2025-11-29 21:21:42,0.0,0
SHP-TRK-12129,2025-11-28 07:00:00,Gurugram (Haryana),Bhiwandi Central DC,NH48 Western Corridor,Rail (Dedicated Freight Corridor),791.0,17.6,2025-11-29 00:34:43,0,0.9,7.7,30.9,4.19,2025-11-29 00:34:43,0.0,0
SHP-TRK-12130,2025-11-28 09:00:00,Sanand Hub (Gujarat),Chakan Assembly Alpha (Pune),NH48 Western Corridor,Road (Heavy Haulage),731.0,20.9,2025-11-29 05:53:12,0,0.808,6.1,19.2,4.11,2025-11-29 05:53:12,0.0,0
SHP-TRK-12131,2025-11-28 12:00:00,Bengaluru Electronic City,Kundli DC,Coastal Maritime Lane,Road (Heavy Haulage),623.5,17.8,2025-11-29 05:48:49,0,0.853,1.9,6.5,4.51,2025-11-29 05:48:49,0.0,0
SHP-TRK-12132,2025-11-28 13:00:00,Bengaluru Electronic City,Manesar Northern Plant,NH48 Western Corridor,Road (Heavy Haulage),1337.7,38.2,2025-11-30 03:13:15,0,0.943,5.1,11.0,4.83,2025-11-30 03:13:15,0.0,0
SHP-TRK-12133,2025-11-28 13:00:00,Sanand Hub (Gujarat),Bhiwandi Central DC,Coastal Maritime Lane,Road (Heavy Haulage),691.8,19.8,2025-11-29 08:45:55,0,0.811,6.1,30.9,4.46,2025-11-29 08:45:55,0.0,0
SHP-TRK-12134,2025-11-28 17:00:00,Pune MIDC (Maharashtra),Manesar Northern Plant,Chennai-Bengaluru Expressway,Road (Express),833.3,23.8,2025-11-29 16:48:32,0,0.881,5.3,20.0,3.93,2025-11-29 16:48:32,0.0,0
SHP-TRK-12135,2025-11-28 22:00:00,Sanand Hub (Gujarat),Oragadam Southern Plant (Chennai),Western DFC Electric Rail,Road (Heavy Haulage),1334.2,38.1,2025-11-30 12:07:13,0,0.881,7.8,9.1,4.3,2025-11-30 12:07:13,0.0,0
SHP-TRK-12136,2025-11-28 22:00:00,Sanand Hub (Gujarat),Manesar Northern Plant,NH48 Western Corridor,Coastal Ro-Ro,948.9,27.1,2025-11-30 01:06:46,0,0.958,1.1,21.9,3.92,2025-11-30 01:06:46,0.0,0
SHP-TRK-12137,2025-11-29 00:00:00,Sriperumbudur (Tamil Nadu),Chakan Assembly Alpha (Pune),NH48 Western Corridor,Road (Express),618.3,17.7,2025-11-29 17:39:58,0,0.851,4.0,13.0,4.8,2025-11-29 17:39:58,0.0,0
SHP-TRK-12138,2025-11-29 02:00:00,Gurugram (Haryana),Oragadam Southern Plant (Chennai),Coastal Maritime Lane,Air Cargo Express,741.1,12.4,2025-11-29 14:21:05,0,0.794,1.8,17.7,4.24,2025-11-29 14:21:05,0.0,0
SHP-TRK-12139,2025-11-29 03:00:00,Sriperumbudur (Tamil Nadu),Chakan Assembly Alpha (Pune),Western DFC Electric Rail,Road (Heavy Haulage),1391.5,39.8,2025-11-30 18:45:27,0,0.814,8.0,7.8,4.3,2025-11-30 18:45:27,0.0,0
SHP-TRK-12140,2025-11-29 10:00:00,Gurugram (Haryana),Chakan Assembly Alpha (Pune),NH48 Western Corridor,Road (Heavy Haulage),1390.0,39.7,2025-12-01 01:42:47,0,0.76,1.3,19.2,4.67,2025-12-01 01:42:47,0.0,0
SHP-TRK-12141,2025-11-29 15:00:00,Gurugram (Haryana),Oragadam Southern Plant (Chennai),Golden Quadrilateral Delhi-Kolkata,Coastal Ro-Ro,567.5,16.2,2025-11-30 07:12:48,0,0.961,6.3,15.9,4.0,2025-11-30 07:12:48,0.0,0
SHP-TRK-12142,2025-11-29 19:00:00,Sanand Hub (Gujarat),Manesar Northern Plant,Golden Quadrilateral Delhi-Kolkata,Road (Express),524.9,15.0,2025-11-30 09:59:53,0,0.969,1.2,13.6,3.47,2025-11-30 09:59:53,0.0,0
SHP-TRK-12143,2025-11-29 19:00:00,Bengaluru Electronic City,Manesar Northern Plant,Coastal Maritime Lane,Air Cargo Express,1219.7,20.3,2025-11-30 15:19:42,0,0.842,6.8,27.7,4.58,2025-11-30 15:19:42,0.0,0
SHP-TRK-12144,2025-11-30 00:00:00,Bengaluru Electronic City,Oragadam Southern Plant (Chennai),Golden Quadrilateral Delhi-Kolkata,Rail (Dedicated Freight Corridor),1122.3,24.9,2025-12-01 00:56:20,0,0.813,5.6,29.5,3.74,2025-12-01 00:56:20,0.0,0
SHP-TRK-12145,2025-11-30 10:00:00,Sanand Hub (Gujarat),Manesar Northern Plant,NH48 Western Corridor,Road (Heavy Haulage),666.2,19.0,2025-12-01 05:02:06,0,0.93,7.4,18.1,4.27,2025-12-01 05:02:06,0.0,0
SHP-TRK-12146,2025-11-30 13:00:00,Sanand Hub (Gujarat),Oragadam Southern Plant (Chennai),Western DFC Electric Rail,Road (Heavy Haulage),653.3,18.7,2025-12-01 07:39:52,0,0.895,6.1,15.0,4.35,2025-12-01 15:45:52,8.1,1
SHP-TRK-12147,2025-11-30 22:00:00,Sanand Hub (Gujarat),Chakan Assembly Alpha (Pune),Golden Quadrilateral Delhi-Kolkata,Rail (Dedicated Freight Corridor),635.9,14.1,2025-12-01 12:07:48,0,0.847,8.6,30.5,4.29,2025-12-02 15:19:48,27.2,1
SHP-TRK-12148,2025-11-30 23:00:00,Gurugram (Haryana),Oragadam Southern Plant (Chennai),Golden Quadrilateral Delhi-Kolkata,Road (Express),846.9,24.2,2025-12-01 23:11:51,0,0.927,3.1,7.9,4.82,2025-12-01 23:11:51,0.0,0
SHP-TRK-12149,2025-12-01 08:00:00,Sriperumbudur (Tamil Nadu),Manesar Northern Plant,NH48 Western Corridor,Rail (Dedicated Freight Corridor),718.4,16.0,2025-12-01 23:57:48,0,0.904,8.8,9.1,3.54,2025-12-01 23:57:48,0.0,0
SHP-TRK-12150,2025-12-01 11:00:00,Sanand Hub (Gujarat),Oragadam Southern Plant (Chennai),NH48 Western Corridor,Rail (Dedicated Freight Corridor),523.1,11.6,2025-12-01 22:37:26,0,0.922,8.7,13.4,3.79,2025-12-01 22:37:26,0.0,0
SHP-TRK-12151,2025-12-01 14:00:00,Gurugram (Haryana),Manesar Northern Plant,NH48 Western Corridor,Road (Express),968.2,27.7,2025-12-02 17:39:47,0,0.857,3.3,11.7,4.46,2025-12-02 17:39:47,0.0,0
SHP-TRK-12152,2025-12-01 21:00:00,Sanand Hub (Gujarat),Manesar Northern Plant,NH48 Western Corridor,Road (Heavy Haulage),997.7,28.5,2025-12-03 01:30:25,0,0.801,4.5,14.4,4.11,2025-12-03 01:30:25,0.0,0
SHP-TRK-12153,2025-12-01 22:00:00,Gurugram (Haryana),Oragadam Southern Plant (Chennai),NH48 Western Corridor,Road (Express),860.5,24.6,2025-12-02 22:35:08,0,0.864,3.6,17.5,3.41,2025-12-02 22:35:08,0.0,0
SHP-TRK-12154,2025-12-01 23:00:00,Sanand Hub (Gujarat),Manesar Northern Plant,NH48 Western Corridor,Road (Express),739.7,21.1,2025-12-02 20:07:58,0,0.73,2.9,25.9,3.71,2025-12-02 20:07:58,0.0,0
SHP-TRK-12155,2025-12-02 01:00:00,Bengaluru Electronic City,Bhiwandi Central DC,NH48 Western Corridor,Road (Heavy Haulage),1047.2,29.9,2025-12-03 06:55:15,0,0.866,4.7,29.2,4.51,2025-12-03 06:55:15,0.0,0
SHP-TRK-12156,2025-12-02 07:00:00,Sanand Hub (Gujarat),Manesar Northern Plant,Western DFC Electric Rail,Air Cargo Express,1119.2,18.7,2025-12-03 01:39:09,0,0.933,2.1,23.9,4.26,2025-12-03 01:39:09,0.0,0
SHP-TRK-12157,2025-12-02 09:00:00,Sanand Hub (Gujarat),Chakan Assembly Alpha (Pune),NH48 Western Corridor,Road (Heavy Haulage),866.1,24.7,2025-12-03 09:44:41,0,0.738,2.8,16.6,4.25,2025-12-03 09:44:41,0.0,0
SHP-TRK-12158,2025-12-02 11:00:00,Pune MIDC (Maharashtra),Chakan Assembly Alpha (Pune),NH48 Western Corridor,Road (Heavy Haulage),757.8,21.7,2025-12-03 08:39:03,0,0.731,7.0,10.6,4.13,2025-12-03 08:39:03,0.0,0
SHP-TRK-12159,2025-12-02 12:00:00,Bengaluru Electronic City,Bhiwandi Central DC,Western DFC Electric Rail,Road (Express),1372.2,39.2,2025-12-04 03:12:18,0,0.83,7.5,15.0,3.79,2025-12-04 03:12:18,0.0,0
SHP-TRK-12160,2025-12-02 15:00:00,Bengaluru Electronic City,Manesar Northern Plant,NH48 Western Corridor,Road (Heavy Haulage),616.3,17.6,2025-12-03 08:36:32,0,0.897,8.1,23.1,4.22,2025-12-03 08:36:32,0.0,0
SHP-TRK-12161,2025-12-02 15:00:00,Sanand Hub (Gujarat),Chakan Assembly Alpha (Pune),NH48 Western Corridor,Rail (Dedicated Freight Corridor),514.7,11.4,2025-12-03 02:26:14,0,0.841,6.3,15.1,4.51,2025-12-03 02:26:14,0.0,0
SHP-TRK-12162,2025-12-02 15:00:00,Pune MIDC (Maharashtra),Kundli DC,Western DFC Electric Rail,Road (Heavy Haulage),1276.6,36.5,2025-12-04 03:28:24,0,0.871,7.3,15.9,3.48,2025-12-04 03:28:24,0.0,0
SHP-TRK-12163,2025-12-02 17:00:00,Gurugram (Haryana),Bhiwandi Central DC,Golden Quadrilateral Delhi-Kolkata,Air Cargo Express,473.3,7.9,2025-12-03 00:53:15,0,0.728,7.9,15.4,4.03,2025-12-03 16:23:15,15.5,1
SHP-TRK-12164,2025-12-02 21:00:00,Sriperumbudur (Tamil Nadu),Oragadam Southern Plant (Chennai),Chennai-Bengaluru Expressway,Rail (Dedicated Freight Corridor),484.7,10.8,2025-12-03 07:46:13,0,0.806,4.5,31.0,3.97,2025-12-03 07:46:13,0.0,0
SHP-TRK-12165,2025-12-03 00:00:00,Sriperumbudur (Tamil Nadu),Oragadam Southern Plant (Chennai),Chennai-Bengaluru Expressway,Coastal Ro-Ro,866.1,24.7,2025-12-04 00:44:43,0,0.888,1.5,23.6,3.94,2025-12-04 00:44:43,0.0,0
SHP-TRK-12166,2025-12-03 02:00:00,Sanand Hub (Gujarat),Kundli DC,Golden Quadrilateral Delhi-Kolkata,Road (Heavy Haulage),290.0,8.3,2025-12-03 10:17:08,0,0.828,7.5,15.2,3.71,2025-12-03 10:17:08,0.0,0
SHP-TRK-12167,2025-12-03 02:00:00,Bengaluru Electronic City,Kundli DC,Coastal Maritime Lane,Rail (Dedicated Freight Corridor),1332.4,29.6,2025-12-04 07:36:33,0,0.965,8.2,4.6,3.61,2025-12-04 07:36:33,0.0,0
SHP-TRK-12168,2025-12-03 03:00:00,Sanand Hub (Gujarat),Chakan Assembly Alpha (Pune),Western DFC Electric Rail,Road (Heavy Haulage),732.8,20.9,2025-12-03 23:56:10,0,0.727,4.8,16.7,3.82,2025-12-03 23:56:10,0.0,0
SHP-TRK-12169,2025-12-03 09:00:00,Sanand Hub (Gujarat),Chakan Assembly Alpha (Pune),Western DFC Electric Rail,Road (Heavy Haulage),815.8,23.3,2025-12-04 08:18:34,0,0.808,4.0,14.7,3.75,2025-12-04 08:18:34,0.0,0
SHP-TRK-12170,2025-12-03 11:00:00,Pune MIDC (Maharashtra),Manesar Northern Plant,Coastal Maritime Lane,Road (Heavy Haulage),1157.7,33.1,2025-12-04 20:04:40,0,0.897,4.2,19.8,3.45,2025-12-04 20:04:40,0.0,0
SHP-TRK-12171,2025-12-03 13:00:00,Pune MIDC (Maharashtra),Bhiwandi Central DC,Golden Quadrilateral Delhi-Kolkata,Road (Heavy Haulage),1139.4,32.6,2025-12-04 21:33:13,0,0.766,4.4,16.1,4.66,2025-12-04 21:33:13,0.0,0
SHP-TRK-12172,2025-12-03 15:00:00,Sanand Hub (Gujarat),Manesar Northern Plant,Golden Quadrilateral Delhi-Kolkata,Road (Express),427.6,12.2,2025-12-04 03:13:00,0,0.857,7.9,13.3,4.61,2025-12-04 03:13:00,0.0,0
SHP-TRK-12173,2025-12-03 21:00:00,Sanand Hub (Gujarat),Bhiwandi Central DC,NH48 Western Corridor,Road (Heavy Haulage),531.0,15.2,2025-12-04 12:10:16,0,0.743,1.7,23.6,4.17,2025-12-06 06:22:16,42.2,1
SHP-TRK-12174,2025-12-03 22:00:00,Bengaluru Electronic City,Oragadam Southern Plant (Chennai),Western DFC Electric Rail,Rail (Dedicated Freight Corridor),404.3,9.0,2025-12-04 06:59:05,0,0.949,4.4,6.5,4.37,2025-12-04 06:59:05,0.0,0
SHP-TRK-12175,2025-12-04 01:00:00,Bengaluru Electronic City,Bhiwandi Central DC,Golden Quadrilateral Delhi-Kolkata,Rail (Dedicated Freight Corridor),755.0,16.8,2025-12-04 17:46:39,0,0.97,3.2,20.4,4.52,2025-12-04 17:46:39,0.0,0
SHP-TRK-12176,2025-12-04 06:00:00,Sanand Hub (Gujarat),Chakan Assembly Alpha (Pune),Western DFC Electric Rail,Road (Express),659.4,18.8,2025-12-05 00:50:25,0,0.878,6.6,10.0,4.28,2025-12-07 01:14:25,48.4,1
SHP-TRK-12177,2025-12-04 11:00:00,Bengaluru Electronic City,Bhiwandi Central DC,NH48 Western Corridor,Rail (Dedicated Freight Corridor),498.1,11.1,2025-12-04 22:04:06,0,0.823,7.9,6.2,3.58,2025-12-06 09:22:06,35.3,1
SHP-TRK-12178,2025-12-04 13:00:00,Sriperumbudur (Tamil Nadu),Chakan Assembly Alpha (Pune),NH48 Western Corridor,Rail (Dedicated Freight Corridor),372.0,8.3,2025-12-04 21:16:00,0,0.871,6.5,23.2,4.15,2025-12-04 21:16:00,0.0,0
SHP-TRK-12179,2025-12-04 18:00:00,Sriperumbudur (Tamil Nadu),Manesar Northern Plant,Golden Quadrilateral Delhi-Kolkata,Rail (Dedicated Freight Corridor),954.3,21.2,2025-12-05 15:12:26,0,0.761,2.7,11.7,4.54,2025-12-05 15:12:26,0.0,0
SHP-TRK-12180,2025-12-04 19:00:00,Sriperumbudur (Tamil Nadu),Chakan Assembly Alpha (Pune),Chennai-Bengaluru Expressway,Road (Heavy Haulage),1321.2,37.7,2025-12-06 08:44:54,0,0.749,7.4,16.8,4.32,2025-12-07 07:32:54,22.8,1
SHP-TRK-12181,2025-12-04 21:00:00,Pune MIDC (Maharashtra),Chakan Assembly Alpha (Pune),NH48 Western Corridor,Road (Heavy Haulage),645.7,18.4,2025-12-05 15:26:55,0,0.851,3.3,16.7,4.5,2025-12-05 15:26:55,0.0,0
SHP-TRK-12182,2025-12-04 23:00:00,Sriperumbudur (Tamil Nadu),Manesar Northern Plant,NH48 Western Corridor,Road (Heavy Haulage),275.4,7.9,2025-12-05 06:52:06,0,0.748,3.1,6.3,4.9,2025-12-05 06:52:06,0.0,0
SHP-TRK-12183,2025-12-04 23:00:00,Sanand Hub (Gujarat),Bhiwandi Central DC,Golden Quadrilateral Delhi-Kolkata,Road (Heavy Haulage),1021.8,29.2,2025-12-06 04:11:38,0,0.955,1.9,13.2,4.77,2025-12-06 15:29:38,11.3,1
SHP-TRK-12184,2025-12-05 02:00:00,Pune MIDC (Maharashtra),Manesar Northern Plant,Chennai-Bengaluru Expressway,Rail (Dedicated Freight Corridor),789.3,17.5,2025-12-05 19:32:26,0,0.759,7.7,12.2,4.31,2025-12-06 01:26:26,5.9,1
SHP-TRK-12185,2025-12-05 07:00:00,Sriperumbudur (Tamil Nadu),Chakan Assembly Alpha (Pune),Golden Quadrilateral Delhi-Kolkata,Road (Express),1354.6,38.7,2025-12-06 21:42:10,0,0.872,7.2,25.2,4.12,2025-12-07 06:54:10,9.2,1
SHP-TRK-12186,2025-12-05 10:00:00,Sanand Hub (Gujarat),Chakan Assembly Alpha (Pune),NH48 Western Corridor,Rail (Dedicated Freight Corridor),401.5,8.9,2025-12-05 18:55:22,0,0.84,6.8,27.4,4.11,2025-12-05 18:55:22,0.0,0
SHP-TRK-12187,2025-12-05 14:00:00,Bengaluru Electronic City,Chakan Assembly Alpha (Pune),Golden Quadrilateral Delhi-Kolkata,Road (Heavy Haulage),808.0,23.1,2025-12-06 13:05:09,0,0.925,6.6,9.8,4.07,2025-12-06 13:05:09,0.0,0
SHP-TRK-12188,2025-12-05 19:00:00,Bengaluru Electronic City,Oragadam Southern Plant (Chennai),Chennai-Bengaluru Expressway,Coastal Ro-Ro,1334.5,38.1,2025-12-07 09:07:38,0,0.728,2.1,6.8,4.06,2025-12-07 09:07:38,0.0,0
SHP-TRK-12189,2025-12-05 21:00:00,Sriperumbudur (Tamil Nadu),Oragadam Southern Plant (Chennai),Coastal Maritime Lane,Coastal Ro-Ro,446.2,12.7,2025-12-06 09:44:57,0,0.942,4.9,17.0,3.54,2025-12-06 09:44:57,0.0,0
SHP-TRK-12190,2025-12-05 23:00:00,Gurugram (Haryana),Manesar Northern Plant,Coastal Maritime Lane,Air Cargo Express,871.6,14.5,2025-12-06 13:31:36,0,0.744,2.3,13.4,3.85,2025-12-07 17:07:36,27.6,1
SHP-TRK-12191,2025-12-06 00:00:00,Gurugram (Haryana),Manesar Northern Plant,Western DFC Electric Rail,Road (Heavy Haulage),810.3,23.2,2025-12-06 23:09:01,0,0.848,5.3,5.4,4.13,2025-12-06 23:09:01,0.0,0
SHP-TRK-12192,2025-12-06 01:00:00,Pune MIDC (Maharashtra),Bhiwandi Central DC,NH48 Western Corridor,Road (Heavy Haulage),1093.9,31.3,2025-12-07 08:15:13,0,0.974,4.6,11.6,3.83,2025-12-07 08:15:13,0.0,0
SHP-TRK-12193,2025-12-06 01:00:00,Bengaluru Electronic City,Oragadam Southern Plant (Chennai),NH48 Western Corridor,Rail (Dedicated Freight Corridor),311.2,6.9,2025-12-06 07:54:53,0,0.817,7.8,18.2,4.16,2025-12-06 07:54:53,0.0,0
SHP-TRK-12194,2025-12-06 02:00:00,Bengaluru Electronic City,Chakan Assembly Alpha (Pune),Western DFC Electric Rail,Rail (Dedicated Freight Corridor),974.8,21.7,2025-12-06 23:39:43,0,0.916,6.8,5.7,4.2,2025-12-06 23:39:43,0.0,0
SHP-TRK-12195,2025-12-06 08:00:00,Bengaluru Electronic City,Oragadam Southern Plant (Chennai),NH48 Western Corridor,Rail (Dedicated Freight Corridor),750.9,16.7,2025-12-07 00:41:11,0,0.807,3.8,7.0,3.96,2025-12-07 07:11:11,6.5,1
SHP-TRK-12196,2025-12-06 10:00:00,Gurugram (Haryana),Chakan Assembly Alpha (Pune),NH48 Western Corridor,Road (Heavy Haulage),1194.9,34.1,2025-12-07 20:08:19,0,0.733,2.6,10.3,4.26,2025-12-07 20:08:19,0.0,0
SHP-TRK-12197,2025-12-06 10:00:00,Sanand Hub (Gujarat),Chakan Assembly Alpha (Pune),NH48 Western Corridor,Road (Heavy Haulage),1206.6,34.5,2025-12-07 20:28:29,0,0.849,6.0,13.6,3.79,2025-12-07 20:28:29,0.0,0
SHP-TRK-12198,2025-12-06 12:00:00,Bengaluru Electronic City,Manesar Northern Plant,Western DFC Electric Rail,Road (Heavy Haulage),1272.7,36.4,2025-12-08 00:21:44,0,0.751,8.2,6.7,4.24,2025-12-08 17:33:44,17.2,1
SHP-TRK-12199,2025-12-06 13:00:00,Sanand Hub (Gujarat),Bhiwandi Central DC,NH48 Western Corridor,Coastal Ro-Ro,1324.2,37.8,2025-12-08 02:49:59,0,0.865,8.5,9.3,3.49,2025-12-08 02:49:59,0.0,0
SHP-TRK-12200,2025-12-06 19:00:00,Gurugram (Haryana),Manesar Northern Plant,NH48 Western Corridor,Road (Heavy Haulage),1229.8,35.1,2025-12-08 06:08:17,0,0.877,3.9,16.7,3.91,2025-12-08 06:08:17,0.0,0
SHP-TRK-12201,2025-12-06 21:00:00,Sanand Hub (Gujarat),Kundli DC,NH48 Western Corridor,Road (Heavy Haulage),495.3,14.2,2025-12-07 11:09:03,0,0.953,2.7,22.0,3.45,2025-12-07 11:09:03,0.0,0
SHP-TRK-12202,2025-12-06 21:00:00,Pune MIDC (Maharashtra),Oragadam Southern Plant (Chennai),NH48 Western Corridor,Rail (Dedicated Freight Corridor),1084.6,24.1,2025-12-07 21:06:09,0,0.786,1.2,30.6,3.65,2025-12-09 01:24:09,28.3,1
SHP-TRK-12203,2025-12-07 02:00:00,Bengaluru Electronic City,Bhiwandi Central DC,Chennai-Bengaluru Expressway,Road (Heavy Haulage),847.3,24.2,2025-12-08 02:12:31,0,0.815,6.3,13.9,4.5,2025-12-08 02:12:31,0.0,0
SHP-TRK-12204,2025-12-07 07:00:00,Bengaluru Electronic City,Chakan Assembly Alpha (Pune),Chennai-Bengaluru Expressway,Road (Express),847.1,24.2,2025-12-08 07:12:10,0,0.857,6.6,18.5,4.89,2025-12-08 07:12:10,0.0,0
SHP-TRK-12205,2025-12-07 12:00:00,Sanand Hub (Gujarat),Manesar Northern Plant,Golden Quadrilateral Delhi-Kolkata,Air Cargo Express,1307.1,21.8,2025-12-08 09:47:06,0,0.807,3.2,27.9,4.46,2025-12-08 09:47:06,0.0,0
SHP-TRK-12206,2025-12-07 15:00:00,Sanand Hub (Gujarat),Bhiwandi Central DC,NH48 Western Corridor,Rail (Dedicated Freight Corridor),843.4,18.7,2025-12-08 09:44:32,0,0.901,1.1,22.0,3.73,2025-12-08 09:44:32,0.0,0
SHP-TRK-12207,2025-12-07 16:00:00,Pune MIDC (Maharashtra),Oragadam Southern Plant (Chennai),Western DFC Electric Rail,Road (Heavy Haulage),1061.4,30.3,2025-12-08 22:19:30,0,0.961,2.1,15.4,4.07,2025-12-09 22:13:30,23.9,1
SHP-TRK-12208,2025-12-07 19:00:00,Pune MIDC (Maharashtra),Oragadam Southern Plant (Chennai),Western DFC Electric Rail,Road (Express),1382.3,39.5,2025-12-09 10:29:42,0,0.74,5.1,25.6,3.43,2025-12-09 10:29:42,0.0,0
SHP-TRK-12209,2025-12-07 19:00:00,Gurugram (Haryana),Chakan Assembly Alpha (Pune),Western DFC Electric Rail,Road (Heavy Haulage),900.6,25.7,2025-12-08 20:43:52,0,0.919,4.1,16.6,3.99,2025-12-08 20:43:52,0.0,0
SHP-TRK-12210,2025-12-08 00:00:00,Gurugram (Haryana),Bhiwandi Central DC,NH48 Western Corridor,Rail (Dedicated Freight Corridor),1331.1,29.6,2025-12-09 05:34:49,0,0.752,3.0,8.7,4.27,2025-12-10 08:16:49,26.7,1
SHP-TRK-12211,2025-12-08 04:00:00,Gurugram (Haryana),Chakan Assembly Alpha (Pune),Coastal Maritime Lane,Rail (Dedicated Freight Corridor),1241.7,27.6,2025-12-09 07:35:38,0,0.909,2.5,25.7,4.2,2025-12-09 07:35:38,0.0,0
SHP-TRK-12212,2025-12-08 04:00:00,Sriperumbudur (Tamil Nadu),Manesar Northern Plant,Golden Quadrilateral Delhi-Kolkata,Road (Express),332.0,9.5,2025-12-08 13:29:13,0,0.839,6.3,12.6,4.03,2025-12-08 19:23:13,5.9,1
SHP-TRK-12213,2025-12-08 07:00:00,Gurugram (Haryana),Chakan Assembly Alpha (Pune),Golden Quadrilateral Delhi-Kolkata,Rail (Dedicated Freight Corridor),266.2,5.9,2025-12-08 12:54:55,0,0.954,4.1,28.4,3.88,2025-12-08 19:06:55,6.2,1
SHP-TRK-12214,2025-12-08 07:00:00,Bengaluru Electronic City,Bhiwandi Central DC,Western DFC Electric Rail,Road (Heavy Haulage),407.6,11.6,2025-12-08 18:38:41,0,0.934,7.2,18.2,3.63,2025-12-09 12:44:41,18.1,1
SHP-TRK-12215,2025-12-08 09:00:00,Sanand Hub (Gujarat),Manesar Northern Plant,Chennai-Bengaluru Expressway,Coastal Ro-Ro,961.7,27.5,2025-12-09 12:28:40,0,0.86,9.0,19.6,4.76,2025-12-09 12:28:40,0.0,0
SHP-TRK-12216,2025-12-08 11:00:00,Sanand Hub (Gujarat),Chakan Assembly Alpha (Pune),NH48 Western Corridor,Rail (Dedicated Freight Corridor),697.8,15.5,2025-12-09 02:30:22,0,0.83,5.4,31.8,3.96,2025-12-09 02:30:22,0.0,0
SHP-TRK-12217,2025-12-08 12:00:00,Sanand Hub (Gujarat),Manesar Northern Plant,Western DFC Electric Rail,Road (Express),545.0,15.6,2025-12-09 03:34:16,0,0.881,5.3,9.2,4.05,2025-12-09 03:34:16,0.0,0
SHP-TRK-12218,2025-12-08 14:00:00,Gurugram (Haryana),Bhiwandi Central DC,Chennai-Bengaluru Expressway,Road (Express),1132.6,32.4,2025-12-09 22:21:34,0,0.955,1.4,17.0,4.27,2025-12-09 22:21:34,0.0,0
SHP-TRK-12219,2025-12-08 16:00:00,Sanand Hub (Gujarat),Oragadam Southern Plant (Chennai),NH48 Western Corridor,Road (Heavy Haulage),661.8,18.9,2025-12-09 10:54:27,0,0.854,7.8,24.9,4.73,2025-12-09 10:54:27,0.0,0
SHP-TRK-12220,2025-12-08 18:00:00,Bengaluru Electronic City,Oragadam Southern Plant (Chennai),Coastal Maritime Lane,Road (Heavy Haulage),329.0,9.4,2025-12-09 03:23:58,0,0.913,4.0,30.6,4.62,2025-12-09 03:23:58,0.0,0
SHP-TRK-12221,2025-12-08 19:00:00,Bengaluru Electronic City,Chakan Assembly Alpha (Pune),Coastal Maritime Lane,Rail (Dedicated Freight Corridor),871.1,19.4,2025-12-09 14:21:26,0,0.963,7.3,26.4,3.98,2025-12-09 14:21:26,0.0,0
SHP-TRK-12222,2025-12-08 22:00:00,Sanand Hub (Gujarat),Kundli DC,Golden Quadrilateral Delhi-Kolkata,Coastal Ro-Ro,605.5,17.3,2025-12-09 15:18:00,0,0.784,8.9,6.3,3.93,2025-12-09 15:18:00,0.0,0
SHP-TRK-12223,2025-12-08 23:00:00,Bengaluru Electronic City,Bhiwandi Central DC,NH48 Western Corridor,Road (Heavy Haulage),1392.4,39.8,2025-12-10 14:47:01,0,0.902,7.0,25.3,4.14,2025-12-10 21:59:01,7.2,1
SHP-TRK-12224,2025-12-09 00:00:00,Bengaluru Electronic City,Oragadam Southern Plant (Chennai),NH48 Western Corridor,Road (Express),1042.6,29.8,2025-12-10 05:47:17,0,0.72,1.5,15.7,3.62,2025-12-10 05:47:17,0.0,0
SHP-TRK-12225,2025-12-09 01:00:00,Sriperumbudur (Tamil Nadu),Manesar Northern Plant,Western DFC Electric Rail,Road (Heavy Haulage),1343.7,38.4,2025-12-10 15:23:27,0,0.853,2.3,21.8,3.44,2025-12-10 15:23:27,0.0,0
SHP-TRK-12226,2025-12-09 04:00:00,Sanand Hub (Gujarat),Chakan Assembly Alpha (Pune),NH48 Western Corridor,Road (Heavy Haulage),794.9,22.7,2025-12-10 02:42:43,0,0.817,8.1,21.3,4.19,2025-12-10 02:42:43,0.0,0
SHP-TRK-12227,2025-12-09 04:00:00,Sanand Hub (Gujarat),Oragadam Southern Plant (Chennai),NH48 Western Corridor,Road (Express),359.5,10.3,2025-12-09 14:16:12,0,0.806,4.1,12.9,4.42,2025-12-09 22:16:12,8.0,1
SHP-TRK-12228,2025-12-09 08:00:00,Bengaluru Electronic City,Manesar Northern Plant,Western DFC Electric Rail,Rail (Dedicated Freight Corridor),548.3,12.2,2025-12-09 20:11:00,0,0.856,1.2,16.4,3.67,2025-12-09 20:11:00,0.0,0
SHP-TRK-12229,2025-12-09 11:00:00,Bengaluru Electronic City,Chakan Assembly Alpha (Pune),NH48 Western Corridor,Road (Heavy Haulage),1424.8,40.7,2025-12-11 03:42:26,0,0.812,4.7,22.5,4.82,2025-12-11 03:42:26,0.0,0
SHP-TRK-12230,2025-12-09 11:00:00,Gurugram (Haryana),Bhiwandi Central DC,NH48 Western Corridor,Coastal Ro-Ro,990.5,28.3,2025-12-10 15:17:56,0,0.951,6.0,31.4,4.87,2025-12-11 03:23:56,12.1,1
SHP-TRK-12231,2025-12-09 15:00:00,Bengaluru Electronic City,Manesar Northern Plant,Golden Quadrilateral Delhi-Kolkata,Road (Heavy Haulage),1371.6,39.2,2025-12-11 06:11:13,0,0.82,1.2,5.3,4.48,2025-12-11 06:11:13,0.0,0
SHP-TRK-12232,2025-12-09 20:00:00,Sanand Hub (Gujarat),Chakan Assembly Alpha (Pune),Chennai-Bengaluru Expressway,Road (Express),394.6,11.3,2025-12-10 07:16:30,0,0.798,7.2,18.9,4.12,2025-12-10 07:16:30,0.0,0
SHP-TRK-12233,2025-12-10 06:00:00,Sriperumbudur (Tamil Nadu),Oragadam Southern Plant (Chennai),NH48 Western Corridor,Coastal Ro-Ro,525.8,15.0,2025-12-10 21:01:17,0,0.805,7.8,18.2,4.22,2025-12-10 21:01:17,0.0,0
SHP-TRK-12234,2025-12-10 10:00:00,Sanand Hub (Gujarat),Chakan Assembly Alpha (Pune),Western DFC Electric Rail,Road (Heavy Haulage),1104.0,31.5,2025-12-11 17:32:36,0,0.935,8.4,15.8,3.51,2025-12-11 17:32:36,0.0,0
SHP-TRK-12235,2025-12-10 17:00:00,Sanand Hub (Gujarat),Chakan Assembly Alpha (Pune),NH48 Western Corridor,Road (Heavy Haulage),594.3,17.0,2025-12-11 09:58:49,0,0.888,3.9,19.8,3.65,2025-12-11 09:58:49,0.0,0
SHP-TRK-12236,2025-12-10 18:00:00,Sanand Hub (Gujarat),Chakan Assembly Alpha (Pune),Western DFC Electric Rail,Road (Heavy Haulage),1204.9,34.4,2025-12-12 04:25:28,0,0.808,4.1,26.9,3.58,2025-12-12 04:25:28,0.0,0
SHP-TRK-12237,2025-12-10 18:00:00,Sriperumbudur (Tamil Nadu),Manesar Northern Plant,Golden Quadrilateral Delhi-Kolkata,Rail (Dedicated Freight Corridor),318.1,7.1,2025-12-11 01:04:08,0,0.831,2.9,25.4,3.82,2025-12-11 01:04:08,0.0,0
SHP-TRK-12238,2025-12-10 19:00:00,Sanand Hub (Gujarat),Chakan Assembly Alpha (Pune),NH48 Western Corridor,Road (Heavy Haulage),895.8,25.6,2025-12-11 20:35:43,0,0.973,4.2,10.6,3.66,2025-12-11 20:35:43,0.0,0
SHP-TRK-12239,2025-12-10 19:00:00,Sanand Hub (Gujarat),Bhiwandi Central DC,Coastal Maritime Lane,Road (Heavy Haulage),877.2,25.1,2025-12-11 20:03:48,0,0.862,3.9,23.5,3.89,2025-12-11 20:03:48,0.0,0
SHP-TRK-12240,2025-12-10 21:00:00,Bengaluru Electronic City,Kundli DC,Western DFC Electric Rail,Road (Heavy Haulage),670.4,19.2,2025-12-11 16:09:16,0,0.742,2.5,9.7,4.01,2025-12-11 16:09:16,0.0,0
SHP-TRK-12241,2025-12-11 01:00:00,Pune MIDC (Maharashtra),Manesar Northern Plant,Western DFC Electric Rail,Road (Heavy Haulage),1141.5,32.6,2025-12-12 09:36:50,0,0.885,5.8,24.8,3.81,2025-12-13 08:00:50,22.4,1
SHP-TRK-12242,2025-12-11 03:00:00,Sriperumbudur (Tamil Nadu),Chakan Assembly Alpha (Pune),Western DFC Electric Rail,Road (Express),1021.5,29.2,2025-12-12 08:11:11,0,0.926,8.2,24.6,4.33,2025-12-13 15:11:11,31.0,1
SHP-TRK-12243,2025-12-11 03:00:00,Sriperumbudur (Tamil Nadu),Kundli DC,NH48 Western Corridor,Road (Heavy Haulage),865.8,24.7,2025-12-12 03:44:17,0,0.915,4.6,21.9,4.32,2025-12-12 03:44:17,0.0,0
SHP-TRK-12244,2025-12-11 06:00:00,Pune MIDC (Maharashtra),Chakan Assembly Alpha (Pune),Golden Quadrilateral Delhi-Kolkata,Rail (Dedicated Freight Corridor),786.5,17.5,2025-12-11 23:28:42,0,0.804,1.1,26.4,3.94,2025-12-11 23:28:42,0.0,0
SHP-TRK-12245,2025-12-11 06:00:00,Bengaluru Electronic City,Oragadam Southern Plant (Chennai),Golden Quadrilateral Delhi-Kolkata,Road (Express),721.1,20.6,2025-12-12 02:36:08,0,0.892,6.8,12.7,4.42,2025-12-13 14:06:08,35.5,1
SHP-TRK-12246,2025-12-11 19:00:00,Sriperumbudur (Tamil Nadu),Chakan Assembly Alpha (Pune),Western DFC Electric Rail,Road (Express),1267.5,36.2,2025-12-13 07:12:47,0,0.973,8.7,28.0,3.51,2025-12-14 17:36:47,34.4,1
SHP-TRK-12247,2025-12-11 20:00:00,Gurugram (Haryana),Chakan Assembly Alpha (Pune),NH48 Western Corridor,Rail (Dedicated Freight Corridor),1175.4,26.1,2025-12-12 22:07:13,0,0.749,4.3,27.0,3.41,2025-12-12 22:07:13,0.0,0
SHP-TRK-12248,2025-12-12 02:00:00,Bengaluru Electronic City,Chakan Assembly Alpha (Pune),Coastal Maritime Lane,Rail (Dedicated Freight Corridor),1036.3,23.0,2025-12-13 01:01:45,0,0.778,3.8,31.4,4.24,2025-12-13 01:01:45,0.0,0
SHP-TRK-12249,2025-12-12 12:00:00,Bengaluru Electronic City,Bhiwandi Central DC,NH48 Western Corridor,Air Cargo Express,1042.5,17.4,2025-12-13 05:22:28,0,0.863,3.2,12.0,3.63,2025-12-13 05:22:28,0.0,0
SHP-TRK-12250,2025-12-12 12:00:00,Pune MIDC (Maharashtra),Chakan Assembly Alpha (Pune),NH48 Western Corridor,Road (Heavy Haulage),391.7,11.2,2025-12-12 23:11:30,0,0.844,4.2,24.3,4.53,2025-12-12 23:11:30,0.0,0
SHP-TRK-12251,2025-12-12 16:00:00,Sanand Hub (Gujarat),Kundli DC,Western DFC Electric Rail,Road (Heavy Haulage),755.9,21.6,2025-12-13 13:35:48,0,0.793,8.2,13.6,3.76,2025-12-13 13:35:48,0.0,0
SHP-TRK-12252,2025-12-12 19:00:00,Pune MIDC (Maharashtra),Bhiwandi Central DC,Golden Quadrilateral Delhi-Kolkata,Road (Heavy Haulage),1094.6,31.3,2025-12-14 02:16:32,0,0.866,5.8,20.3,4.1,2025-12-14 21:46:32,19.5,1
SHP-TRK-12253,2025-12-12 20:00:00,Bengaluru Electronic City,Bhiwandi Central DC,NH48 Western Corridor,Road (Heavy Haulage),395.7,11.3,2025-12-13 07:18:18,0,0.729,3.2,31.7,4.4,2025-12-13 07:18:18,0.0,0
SHP-TRK-12254,2025-12-12 22:00:00,Sanand Hub (Gujarat),Manesar Northern Plant,NH48 Western Corridor,Coastal Ro-Ro,1267.7,36.2,2025-12-14 10:13:11,0,0.979,5.7,13.0,4.67,2025-12-14 10:13:11,0.0,0
SHP-TRK-12255,2025-12-12 22:00:00,Sanand Hub (Gujarat),Oragadam Southern Plant (Chennai),NH48 Western Corridor,Road (Heavy Haulage),1283.0,36.7,2025-12-14 10:39:24,0,0.83,3.7,21.1,3.74,2025-12-14 10:39:24,0.0,0
SHP-TRK-12256,2025-12-13 00:00:00,Sriperumbudur (Tamil Nadu),Oragadam Southern Plant (Chennai),NH48 Western Corridor,Road (Heavy Haulage),874.9,25.0,2025-12-14 00:59:52,0,0.932,7.8,11.0,4.68,2025-12-14 00:59:52,0.0,0
SHP-TRK-12257,2025-12-13 00:00:00,Bengaluru Electronic City,Kundli DC,NH48 Western Corridor,Coastal Ro-Ro,560.8,16.0,2025-12-13 16:01:17,0,0.767,2.6,29.5,3.48,2025-12-13 16:01:17,0.0,0
SHP-TRK-12258,2025-12-13 06:00:00,Sriperumbudur (Tamil Nadu),Manesar Northern Plant,Western DFC Electric Rail,Road (Heavy Haulage),1386.8,39.6,2025-12-14 21:37:26,0,0.764,2.0,5.4,3.91,2025-12-14 21:37:26,0.0,0
SHP-TRK-12259,2025-12-13 06:00:00,Bengaluru Electronic City,Oragadam Southern Plant (Chennai),NH48 Western Corridor,Road (Express),646.7,18.5,2025-12-14 00:28:41,0,0.935,7.8,10.9,4.64,2025-12-14 00:28:41,0.0,0
SHP-TRK-12260,2025-12-13 10:00:00,Sanand Hub (Gujarat),Oragadam Southern Plant (Chennai),NH48 Western Corridor,Road (Heavy Haulage),465.9,13.3,2025-12-13 23:18:40,0,0.83,7.0,27.6,3.51,2025-12-13 23:18:40,0.0,0
SHP-TRK-12261,2025-12-13 11:00:00,Sanand Hub (Gujarat),Bhiwandi Central DC,NH48 Western Corridor,Rail (Dedicated Freight Corridor),496.7,11.0,2025-12-13 22:02:16,0,0.793,4.4,9.4,3.56,2025-12-13 22:02:16,0.0,0
SHP-TRK-12262,2025-12-13 20:00:00,Gurugram (Haryana),Bhiwandi Central DC,Golden Quadrilateral Delhi-Kolkata,Road (Heavy Haulage),1055.8,30.2,2025-12-15 02:09:58,0,0.775,3.7,18.6,4.21,2025-12-15 02:09:58,0.0,0
SHP-TRK-12263,2025-12-13 20:00:00,Bengaluru Electronic City,Oragadam Southern Plant (Chennai),Western DFC Electric Rail,Rail (Dedicated Freight Corridor),899.6,20.0,2025-12-14 15:59:27,0,0.951,6.1,24.4,4.36,2025-12-14 15:59:27,0.0,0
SHP-TRK-12264,2025-12-13 22:00:00,Sriperumbudur (Tamil Nadu),Chakan Assembly Alpha (Pune),NH48 Western Corridor,Coastal Ro-Ro,724.2,20.7,2025-12-14 18:41:26,0,0.747,1.8,26.3,4.6,2025-12-14 18:41:26,0.0,0
SHP-TRK-12265,2025-12-14 00:00:00,Bengaluru Electronic City,Chakan Assembly Alpha (Pune),Western DFC Electric Rail,Road (Heavy Haulage),1228.0,35.1,2025-12-15 11:05:08,0,0.838,4.0,31.3,4.01,2025-12-16 00:23:08,13.3,1
SHP-TRK-12266,2025-12-14 03:00:00,Sanand Hub (Gujarat),Chakan Assembly Alpha (Pune),Chennai-Bengaluru Expressway,Road (Heavy Haulage),979.4,28.0,2025-12-15 06:59:00,0,0.932,5.2,21.0,4.76,2025-12-15 06:59:00,0.0,0
SHP-TRK-12267,2025-12-14 04:00:00,Sanand Hub (Gujarat),Oragadam Southern Plant (Chennai),Coastal Maritime Lane,Road (Express),1427.0,40.8,2025-12-15 20:46:13,0,0.886,2.5,7.8,4.05,2025-12-15 20:46:13,0.0,0
SHP-TRK-12268,2025-12-14 04:00:00,Sanand Hub (Gujarat),Kundli DC,Golden Quadrilateral Delhi-Kolkata,Road (Heavy Haulage),1000.3,28.6,2025-12-15 08:34:49,0,0.743,3.7,8.6,4.12,2025-12-15 08:34:49,0.0,0
SHP-TRK-12269,2025-12-14 15:00:00,Sanand Hub (Gujarat),Kundli DC,NH48 Western Corridor,Road (Heavy Haulage),516.9,14.8,2025-12-15 05:46:10,0,0.761,9.0,12.6,4.71,2025-12-15 05:46:10,0.0,0
SHP-TRK-12270,2025-12-14 16:00:00,Sriperumbudur (Tamil Nadu),Oragadam Southern Plant (Chennai),Golden Quadrilateral Delhi-Kolkata,Air Cargo Express,523.5,8.7,2025-12-15 00:43:28,0,0.887,8.4,18.2,4.86,2025-12-15 00:43:28,0.0,0
SHP-TRK-12271,2025-12-14 17:00:00,Sriperumbudur (Tamil Nadu),Chakan Assembly Alpha (Pune),Western DFC Electric Rail,Road (Heavy Haulage),580.7,16.6,2025-12-15 09:35:25,0,0.969,4.2,17.1,4.19,2025-12-15 09:35:25,0.0,0
SHP-TRK-12272,2025-12-14 22:00:00,Bengaluru Electronic City,Chakan Assembly Alpha (Pune),Chennai-Bengaluru Expressway,Rail (Dedicated Freight Corridor),1072.9,23.8,2025-12-15 21:50:33,0,0.819,2.0,26.9,3.98,2025-12-15 21:50:33,0.0,0
SHP-TRK-12273,2025-12-14 22:00:00,Pune MIDC (Maharashtra),Oragadam Southern Plant (Chennai),Chennai-Bengaluru Expressway,Rail (Dedicated Freight Corridor),350.1,7.8,2025-12-15 05:46:48,0,0.858,2.7,13.8,3.44,2025-12-15 05:46:48,0.0,0
SHP-TRK-12274,2025-12-15 05:00:00,Sriperumbudur (Tamil Nadu),Chakan Assembly Alpha (Pune),NH48 Western Corridor,Rail (Dedicated Freight Corridor),1133.0,25.2,2025-12-16 06:10:37,0,0.888,8.8,29.6,4.38,2025-12-16 10:34:37,4.4,1
SHP-TRK-12275,2025-12-15 06:00:00,Sriperumbudur (Tamil Nadu),Chakan Assembly Alpha (Pune),Western DFC Electric Rail,Road (Heavy Haulage),1344.2,38.4,2025-12-16 20:24:19,0,0.956,2.2,15.1,4.53,2025-12-17 09:18:19,12.9,1
SHP-TRK-12276,2025-12-15 15:00:00,Pune MIDC (Maharashtra),Oragadam Southern Plant (Chennai),NH48 Western Corridor,Road (Heavy Haulage),1368.5,39.1,2025-12-17 06:06:02,0,0.78,3.6,25.0,4.77,2025-12-17 06:06:02,0.0,0
SHP-TRK-12277,2025-12-15 20:00:00,Bengaluru Electronic City,Oragadam Southern Plant (Chennai),Coastal Maritime Lane,Rail (Dedicated Freight Corridor),1173.2,26.1,2025-12-16 22:04:15,0,0.936,2.1,26.3,3.44,2025-12-16 22:04:15,0.0,0
SHP-TRK-12278,2025-12-16 01:00:00,Sanand Hub (Gujarat),Manesar Northern Plant,Chennai-Bengaluru Expressway,Road (Heavy Haulage),1131.1,32.3,2025-12-17 09:19:04,0,0.726,6.5,9.8,4.34,2025-12-17 09:19:04,0.0,0
SHP-TRK-12279,2025-12-16 02:00:00,Gurugram (Haryana),Oragadam Southern Plant (Chennai),Golden Quadrilateral Delhi-Kolkata,Road (Express),747.4,21.4,2025-12-16 23:21:20,0,0.85,6.6,5.4,4.55,2025-12-16 23:21:20,0.0,0
SHP-TRK-12280,2025-12-16 12:00:00,Sanand Hub (Gujarat),Kundli DC,Coastal Maritime Lane,Road (Heavy Haulage),639.4,18.3,2025-12-17 06:16:03,0,0.918,4.7,24.8,3.8,2025-12-17 06:16:03,0.0,0
SHP-TRK-12281,2025-12-16 13:00:00,Sanand Hub (Gujarat),Bhiwandi Central DC,Golden Quadrilateral Delhi-Kolkata,Road (Heavy Haulage),1234.3,35.3,2025-12-18 00:15:53,0,0.954,1.9,29.1,4.51,2025-12-18 00:15:53,0.0,0
SHP-TRK-12282,2025-12-16 14:00:00,Pune MIDC (Maharashtra),Chakan Assembly Alpha (Pune),Western DFC Electric Rail,Road (Heavy Haulage),754.0,21.5,2025-12-17 11:32:38,0,0.959,3.9,30.3,4.85,2025-12-17 11:32:38,0.0,0
SHP-TRK-12283,2025-12-16 17:00:00,Pune MIDC (Maharashtra),Bhiwandi Central DC,Western DFC Electric Rail,Road (Heavy Haulage),421.2,12.0,2025-12-17 05:02:07,0,0.797,6.0,24.5,4.25,2025-12-17 19:38:07,14.6,1
SHP-TRK-12284,2025-12-16 19:00:00,Sanand Hub (Gujarat),Oragadam Southern Plant (Chennai),NH48 Western Corridor,Road (Express),1162.3,33.2,2025-12-18 04:12:33,0,0.87,7.7,10.5,3.54,2025-12-18 04:12:33,0.0,0
SHP-TRK-12285,2025-12-16 20:00:00,Bengaluru Electronic City,Chakan Assembly Alpha (Pune),Golden Quadrilateral Delhi-Kolkata,Air Cargo Express,280.4,4.7,2025-12-17 00:40:26,0,0.722,3.3,8.4,4.4,2025-12-17 00:40:26,0.0,0
SHP-TRK-12286,2025-12-16 20:00:00,Gurugram (Haryana),Kundli DC,NH48 Western Corridor,Rail (Dedicated Freight Corridor),680.8,15.1,2025-12-17 11:07:43,0,0.853,5.0,21.1,4.73,2025-12-17 11:07:43,0.0,0
SHP-TRK-12287,2025-12-16 22:00:00,Sanand Hub (Gujarat),Chakan Assembly Alpha (Pune),Chennai-Bengaluru Expressway,Road (Express),580.4,16.6,2025-12-17 14:35:02,0,0.91,6.4,17.5,4.42,2025-12-19 01:17:02,34.7,1
SHP-TRK-12288,2025-12-17 01:00:00,Sanand Hub (Gujarat),Manesar Northern Plant,Chennai-Bengaluru Expressway,Road (Express),517.4,14.8,2025-12-17 15:46:59,0,0.977,2.2,21.0,4.03,2025-12-17 15:46:59,0.0,0
SHP-TRK-12289,2025-12-17 02:00:00,Bengaluru Electronic City,Bhiwandi Central DC,Western DFC Electric Rail,Rail (Dedicated Freight Corridor),404.0,9.0,2025-12-17 10:58:41,0,0.722,2.0,30.8,4.85,2025-12-17 10:58:41,0.0,0
SHP-TRK-12290,2025-12-17 06:00:00,Sanand Hub (Gujarat),Manesar Northern Plant,Golden Quadrilateral Delhi-Kolkata,Road (Heavy Haulage),707.1,20.2,2025-12-18 02:12:14,0,0.745,5.5,12.2,4.39,2025-12-18 02:12:14,0.0,0
SHP-TRK-12291,2025-12-17 11:00:00,Pune MIDC (Maharashtra),Kundli DC,Western DFC Electric Rail,Road (Heavy Haulage),1215.5,34.7,2025-12-18 21:43:46,0,0.87,1.3,27.7,3.55,2025-12-19 04:19:46,6.6,1
SHP-TRK-12292,2025-12-17 14:00:00,Sanand Hub (Gujarat),Chakan Assembly Alpha (Pune),Western DFC Electric Rail,Road (Heavy Haulage),553.4,15.8,2025-12-18 05:48:43,0,0.753,6.3,10.7,3.87,2025-12-18 17:24:43,11.6,1
SHP-TRK-12293,2025-12-17 16:00:00,Bengaluru Electronic City,Oragadam Southern Plant (Chennai),Western DFC Electric Rail,Rail (Dedicated Freight Corridor),1374.7,30.5,2025-12-18 22:32:57,0,0.855,4.8,10.4,3.61,2025-12-18 22:32:57,0.0,0
SHP-TRK-12294,2025-12-17 17:00:00,Bengaluru Electronic City,Oragadam Southern Plant (Chennai),Coastal Maritime Lane,Rail (Dedicated Freight Corridor),1385.9,30.8,2025-12-18 23:47:53,0,0.764,3.1,26.8,4.08,2025-12-18 23:47:53,0.0,0
SHP-TRK-12295,2025-12-17 17:00:00,Pune MIDC (Maharashtra),Manesar Northern Plant,Western DFC Electric Rail,Coastal Ro-Ro,809.2,23.1,2025-12-18 16:07:08,0,0.861,7.5,21.3,4.86,2025-12-18 16:07:08,0.0,0
SHP-TRK-12296,2025-12-17 21:00:00,Sriperumbudur (Tamil Nadu),Oragadam Southern Plant (Chennai),Golden Quadrilateral Delhi-Kolkata,Rail (Dedicated Freight Corridor),266.6,5.9,2025-12-18 02:55:29,0,0.842,6.9,18.2,4.08,2025-12-18 02:55:29,0.0,0
SHP-TRK-12297,2025-12-17 22:00:00,Gurugram (Haryana),Chakan Assembly Alpha (Pune),Western DFC Electric Rail,Road (Heavy Haulage),900.1,25.7,2025-12-18 23:42:56,0,0.811,2.9,23.0,4.35,2025-12-18 23:42:56,0.0,0
SHP-TRK-12298,2025-12-18 01:00:00,Pune MIDC (Maharashtra),Bhiwandi Central DC,Western DFC Electric Rail,Road (Heavy Haulage),789.6,22.6,2025-12-18 23:33:34,0,0.946,8.0,14.0,3.95,2025-12-19 06:09:34,6.6,1
SHP-TRK-12299,2025-12-18 03:00:00,Sriperumbudur (Tamil Nadu),Manesar Northern Plant,Golden Quadrilateral Delhi-Kolkata,Road (Heavy Haulage),1375.3,39.3,2025-12-19 18:17:38,0,0.89,2.3,20.4,4.71,2025-12-19 18:17:38,0.0,0
SHP-TRK-12300,2025-12-18 04:00:00,Bengaluru Electronic City,Oragadam Southern Plant (Chennai),Western DFC Electric Rail,Rail (Dedicated Freight Corridor),1112.8,24.7,2025-12-19 04:43:45,0,0.731,5.5,7.8,4.39,2025-12-19 04:43:45,0.0,0
SHP-TRK-12301,2025-12-18 05:00:00,Sanand Hub (Gujarat),Oragadam Southern Plant (Chennai),Golden Quadrilateral Delhi-Kolkata,Road (Express),359.2,10.3,2025-12-18 15:15:51,0,0.87,2.2,11.4,3.56,2025-12-18 15:15:51,0.0,0
SHP-TRK-12302,2025-12-18 08:00:00,Gurugram (Haryana),Chakan Assembly Alpha (Pune),Chennai-Bengaluru Expressway,Road (Express),1443.4,41.2,2025-12-20 01:14:19,0,0.831,8.0,30.8,3.49,2025-12-20 14:20:19,13.1,1
SHP-TRK-12303,2025-12-18 08:00:00,Sriperumbudur (Tamil Nadu),Manesar Northern Plant,Golden Quadrilateral Delhi-Kolkata,Road (Heavy Haulage),294.7,8.4,2025-12-18 16:25:14,0,0.93,1.2,22.6,4.48,2025-12-19 00:31:14,8.1,1
SHP-TRK-12304,2025-12-18 10:00:00,Bengaluru Electronic City,Oragadam Southern Plant (Chennai),NH48 Western Corridor,Coastal Ro-Ro,1223.3,35.0,2025-12-19 20:57:04,0,0.737,2.0,7.8,3.67,2025-12-19 20:57:04,0.0,0
SHP-TRK-12305,2025-12-18 12:00:00,Gurugram (Haryana),Kundli DC,Western DFC Electric Rail,Road (Heavy Haulage),1184.9,33.9,2025-12-19 21:51:16,0,0.822,2.3,16.4,4.57,2025-12-19 21:51:16,0.0,0
SHP-TRK-12306,2025-12-18 14:00:00,Sanand Hub (Gujarat),Chakan Assembly Alpha (Pune),NH48 Western Corridor,Coastal Ro-Ro,1131.7,32.3,2025-12-19 22:20:02,0,0.732,7.7,29.4,4.12,2025-12-20 03:26:02,5.1,1
SHP-TRK-12307,2025-12-18 15:00:00,Bengaluru Electronic City,Oragadam Southern Plant (Chennai),NH48 Western Corridor,Rail (Dedicated Freight Corridor),678.3,15.1,2025-12-19 06:04:27,0,0.923,6.2,13.5,4.55,2025-12-19 06:04:27,0.0,0
SHP-TRK-12308,2025-12-18 19:00:00,Sriperumbudur (Tamil Nadu),Chakan Assembly Alpha (Pune),Chennai-Bengaluru Expressway,Road (Heavy Haulage),1237.2,35.3,2025-12-20 06:20:50,0,0.901,1.6,20.6,3.98,2025-12-20 06:20:50,0.0,0
SHP-TRK-12309,2025-12-18 20:00:00,Sanand Hub (Gujarat),Manesar Northern Plant,NH48 Western Corridor,Road (Express),966.3,27.6,2025-12-19 23:36:35,0,0.887,5.8,22.4,3.6,2025-12-19 23:36:35,0.0,0
SHP-TRK-12310,2025-12-18 21:00:00,Sanand Hub (Gujarat),Manesar Northern Plant,Western DFC Electric Rail,Road (Heavy Haulage),1048.5,30.0,2025-12-20 02:57:22,0,0.782,5.8,19.2,4.09,2025-12-20 02:57:22,0.0,0
SHP-TRK-12311,2025-12-18 23:00:00,Gurugram (Haryana),Oragadam Southern Plant (Chennai),NH48 Western Corridor,Rail (Dedicated Freight Corridor),343.4,7.6,2025-12-19 06:37:48,0,0.741,7.2,14.1,3.65,2025-12-20 05:55:48,23.3,1
SHP-TRK-12312,2025-12-18 23:00:00,Sanand Hub (Gujarat),Oragadam Southern Plant (Chennai),Western DFC Electric Rail,Road (Heavy Haulage),655.4,18.7,2025-12-19 17:43:33,0,0.822,7.9,28.8,4.7,2025-12-19 17:43:33,0.0,0
SHP-TRK-12313,2025-12-19 00:00:00,Sriperumbudur (Tamil Nadu),Manesar Northern Plant,Golden Quadrilateral Delhi-Kolkata,Rail (Dedicated Freight Corridor),911.2,20.2,2025-12-19 20:14:56,0,0.749,7.5,25.4,3.69,2025-12-19 20:14:56,0.0,0
SHP-TRK-12314,2025-12-19 05:00:00,Bengaluru Electronic City,Chakan Assembly Alpha (Pune),NH48 Western Corridor,Rail (Dedicated Freight Corridor),712.5,15.8,2025-12-19 20:49:56,0,0.767,3.1,23.9,3.43,2025-12-19 20:49:56,0.0,0
SHP-TRK-12315,2025-12-19 06:00:00,Sriperumbudur (Tamil Nadu),Chakan Assembly Alpha (Pune),Golden Quadrilateral Delhi-Kolkata,Road (Heavy Haulage),1132.7,32.4,2025-12-20 14:21:49,0,0.932,4.8,28.1,3.77,2025-12-20 14:21:49,0.0,0
SHP-TRK-12316,2025-12-19 07:00:00,Sanand Hub (Gujarat),Bhiwandi Central DC,NH48 Western Corridor,Road (Heavy Haulage),997.7,28.5,2025-12-20 11:30:23,0,0.74,1.4,7.4,4.24,2025-12-21 08:12:23,20.7,1
SHP-TRK-12317,2025-12-19 07:00:00,Sanand Hub (Gujarat),Chakan Assembly Alpha (Pune),Western DFC Electric Rail,Road (Express),1088.2,31.1,2025-12-20 14:05:32,0,0.838,2.9,31.2,3.6,2025-12-20 14:05:32,0.0,0
SHP-TRK-12318,2025-12-19 07:00:00,Bengaluru Electronic City,Oragadam Southern Plant (Chennai),Coastal Maritime Lane,Road (Heavy Haulage),1307.1,37.3,2025-12-20 20:20:44,0,0.772,3.8,25.5,4.45,2025-12-21 12:50:44,16.5,1
SHP-TRK-12319,2025-12-19 09:00:00,Sriperumbudur (Tamil Nadu),Manesar Northern Plant,Coastal Maritime Lane,Road (Express),665.8,19.0,2025-12-20 04:01:22,0,0.948,1.2,12.4,3.55,2025-12-20 22:43:22,18.7,1
SHP-TRK-12320,2025-12-19 11:00:00,Pune MIDC (Maharashtra),Manesar Northern Plant,Golden Quadrilateral Delhi-Kolkata,Road (Heavy Haulage),1284.4,36.7,2025-12-20 23:41:54,0,0.892,1.2,28.1,3.97,2025-12-20 23:41:54,0.0,0
SHP-TRK-12321,2025-12-19 15:00:00,Bengaluru Electronic City,Oragadam Southern Plant (Chennai),NH48 Western Corridor,Air Cargo Express,371.2,6.2,2025-12-19 21:11:09,0,0.945,1.2,29.6,4.16,2025-12-19 21:11:09,0.0,0
SHP-TRK-12322,2025-12-19 15:00:00,Sanand Hub (Gujarat),Kundli DC,Coastal Maritime Lane,Road (Express),1069.9,30.6,2025-12-20 21:34:04,0,0.768,3.5,17.9,4.79,2025-12-20 21:34:04,0.0,0
SHP-TRK-12323,2025-12-19 16:00:00,Bengaluru Electronic City,Manesar Northern Plant,NH48 Western Corridor,Coastal Ro-Ro,1285.3,36.7,2025-12-21 04:43:17,0,0.829,6.9,12.6,4.86,2025-12-21 09:07:17,4.4,1
SHP-TRK-12324,2025-12-19 17:00:00,Pune MIDC (Maharashtra),Chakan Assembly Alpha (Pune),Western DFC Electric Rail,Coastal Ro-Ro,1274.5,36.4,2025-12-21 05:24:48,0,0.737,4.1,22.9,4.06,2025-12-21 18:48:48,13.4,1
SHP-TRK-12325,2025-12-20 01:00:00,Sanand Hub (Gujarat),Oragadam Southern Plant (Chennai),NH48 Western Corridor,Coastal Ro-Ro,506.1,14.5,2025-12-20 15:27:37,0,0.859,6.4,24.4,3.46,2025-12-20 15:27:37,0.0,0
SHP-TRK-12326,2025-12-20 01:00:00,Bengaluru Electronic City,Bhiwandi Central DC,Western DFC Electric Rail,Coastal Ro-Ro,312.8,8.9,2025-12-20 09:56:10,0,0.823,1.6,25.1,4.03,2025-12-20 16:50:10,6.9,1
SHP-TRK-12327,2025-12-20 04:00:00,Bengaluru Electronic City,Oragadam Southern Plant (Chennai),Golden Quadrilateral Delhi-Kolkata,Rail (Dedicated Freight Corridor),693.1,15.4,2025-12-20 19:24:09,0,0.862,3.4,14.2,4.14,2025-12-20 19:24:09,0.0,0
SHP-TRK-12328,2025-12-20 04:00:00,Pune MIDC (Maharashtra),Manesar Northern Plant,Western DFC Electric Rail,Road (Express),839.2,24.0,2025-12-21 03:58:41,0,0.894,2.8,15.1,3.44,2025-12-21 03:58:41,0.0,0
SHP-TRK-12329,2025-12-20 05:00:00,Bengaluru Electronic City,Manesar Northern Plant,Chennai-Bengaluru Expressway,Coastal Ro-Ro,586.9,16.8,2025-12-20 21:46:05,0,0.852,1.5,11.1,3.58,2025-12-20 21:46:05,0.0,0
SHP-TRK-12330,2025-12-20 06:00:00,Bengaluru Electronic City,Kundli DC,Golden Quadrilateral Delhi-Kolkata,Road (Express),1287.5,36.8,2025-12-21 18:47:05,0,0.915,2.0,18.7,3.87,2025-12-21 18:47:05,0.0,0
SHP-TRK-12331,2025-12-20 08:00:00,Pune MIDC (Maharashtra),Oragadam Southern Plant (Chennai),NH48 Western Corridor,Road (Heavy Haulage),524.3,15.0,2025-12-20 22:58:52,0,0.951,6.2,19.9,4.38,2025-12-20 22:58:52,0.0,0
SHP-TRK-12332,2025-12-20 15:00:00,Pune MIDC (Maharashtra),Manesar Northern Plant,Coastal Maritime Lane,Coastal Ro-Ro,1444.4,41.3,2025-12-22 08:16:07,0,0.894,8.5,15.6,4.76,2025-12-22 08:16:07,0.0,0
SHP-TRK-12333,2025-12-20 19:00:00,Gurugram (Haryana),Bhiwandi Central DC,NH48 Western Corridor,Road (Heavy Haulage),650.7,18.6,2025-12-21 13:35:34,0,0.919,2.9,17.7,4.31,2025-12-21 13:35:34,0.0,0
SHP-TRK-12334,2025-12-21 01:00:00,Gurugram (Haryana),Manesar Northern Plant,Western DFC Electric Rail,Road (Express),1250.3,35.7,2025-12-22 12:43:21,0,0.789,2.7,30.0,4.41,2025-12-22 12:43:21,0.0,0
SHP-TRK-12335,2025-12-21 04:00:00,Bengaluru Electronic City,Oragadam Southern Plant (Chennai),NH48 Western Corridor,Rail (Dedicated Freight Corridor),795.7,17.7,2025-12-21 21:40:52,0,0.838,5.3,22.0,4.38,2025-12-21 21:40:52,0.0,0
SHP-TRK-12336,2025-12-21 06:00:00,Gurugram (Haryana),Manesar Northern Plant,NH48 Western Corridor,Rail (Dedicated Freight Corridor),409.9,9.1,2025-12-21 15:06:33,0,0.871,4.2,26.5,4.72,2025-12-21 15:06:33,0.0,0
SHP-TRK-12337,2025-12-21 06:00:00,Gurugram (Haryana),Chakan Assembly Alpha (Pune),Golden Quadrilateral Delhi-Kolkata,Road (Heavy Haulage),616.6,17.6,2025-12-21 23:37:00,0,0.789,7.5,31.5,4.19,2025-12-21 23:37:00,0.0,0
SHP-TRK-12338,2025-12-21 08:00:00,Bengaluru Electronic City,Oragadam Southern Plant (Chennai),Western DFC Electric Rail,Rail (Dedicated Freight Corridor),494.1,11.0,2025-12-21 18:58:51,0,0.955,7.0,23.2,3.83,2025-12-21 18:58:51,0.0,0
SHP-TRK-12339,2025-12-21 08:00:00,Sanand Hub (Gujarat),Bhiwandi Central DC,Western DFC Electric Rail,Coastal Ro-Ro,320.6,9.2,2025-12-21 17:09:33,0,0.923,1.6,19.4,4.77,2025-12-21 17:09:33,0.0,0
SHP-TRK-12340,2025-12-21 16:00:00,Bengaluru Electronic City,Bhiwandi Central DC,NH48 Western Corridor,Road (Heavy Haulage),1386.5,39.6,2025-12-23 07:36:55,0,0.772,5.6,15.2,3.59,2025-12-23 07:36:55,0.0,0
SHP-TRK-12341,2025-12-21 17:00:00,Bengaluru Electronic City,Manesar Northern Plant,NH48 Western Corridor,Road (Heavy Haulage),1096.1,31.3,2025-12-23 00:19:05,0,0.851,1.1,21.3,3.57,2025-12-23 00:19:05,0.0,0
SHP-TRK-12342,2025-12-21 17:00:00,Sriperumbudur (Tamil Nadu),Manesar Northern Plant,NH48 Western Corridor,Road (Heavy Haulage),807.0,23.1,2025-12-22 16:03:29,0,0.926,2.3,27.5,3.9,2025-12-22 16:03:29,0.0,0
SHP-TRK-12343,2025-12-21 18:00:00,Sriperumbudur (Tamil Nadu),Kundli DC,Western DFC Electric Rail,Road (Heavy Haulage),999.4,28.6,2025-12-22 22:33:13,0,0.756,1.3,4.9,3.51,2025-12-22 22:33:13,0.0,0
SHP-TRK-12344,2025-12-21 20:00:00,Pune MIDC (Maharashtra),Kundli DC,Western DFC Electric Rail,Road (Heavy Haulage),280.9,8.0,2025-12-22 04:01:30,0,0.755,3.6,15.3,3.99,2025-12-22 04:01:30,0.0,0
SHP-TRK-12345,2025-12-21 23:00:00,Bengaluru Electronic City,Chakan Assembly Alpha (Pune),Chennai-Bengaluru Expressway,Road (Heavy Haulage),348.1,9.9,2025-12-22 08:56:40,0,0.971,2.0,21.1,3.61,2025-12-22 08:56:40,0.0,0
SHP-TRK-12346,2025-12-22 01:00:00,Bengaluru Electronic City,Bhiwandi Central DC,Golden Quadrilateral Delhi-Kolkata,Road (Heavy Haulage),346.4,9.9,2025-12-22 10:53:54,0,0.781,2.3,29.5,4.28,2025-12-22 15:29:54,4.6,1
SHP-TRK-12347,2025-12-22 02:00:00,Bengaluru Electronic City,Oragadam Southern Plant (Chennai),Golden Quadrilateral Delhi-Kolkata,Road (Heavy Haulage),971.9,27.8,2025-12-23 05:46:03,0,0.815,2.4,20.8,3.87,2025-12-23 05:46:03,0.0,0
SHP-TRK-12348,2025-12-22 08:00:00,Sanand Hub (Gujarat),Chakan Assembly Alpha (Pune),Coastal Maritime Lane,Rail (Dedicated Freight Corridor),266.1,5.9,2025-12-22 13:54:44,0,0.8,1.5,13.2,4.78,2025-12-22 13:54:44,0.0,0
SHP-TRK-12349,2025-12-22 10:00:00,Sanand Hub (Gujarat),Bhiwandi Central DC,Chennai-Bengaluru Expressway,Road (Heavy Haulage),866.1,24.7,2025-12-23 10:44:42,0,0.73,8.6,6.8,4.72,2025-12-23 10:44:42,0.0,0
SHP-TRK-12350,2025-12-22 11:00:00,Sanand Hub (Gujarat),Manesar Northern Plant,Coastal Maritime Lane,Road (Express),1119.2,32.0,2025-12-23 18:58:36,0,0.792,6.6,23.9,4.68,2025-12-23 18:58:36,0.0,0
SHP-TRK-12351,2025-12-22 11:00:00,Sanand Hub (Gujarat),Chakan Assembly Alpha (Pune),Coastal Maritime Lane,Rail (Dedicated Freight Corridor),809.0,18.0,2025-12-23 04:58:40,0,0.97,8.5,29.3,4.75,2025-12-23 04:58:40,0.0,0
SHP-TRK-12352,2025-12-22 14:00:00,Pune MIDC (Maharashtra),Manesar Northern Plant,NH48 Western Corridor,Road (Heavy Haulage),411.1,11.7,2025-12-23 01:44:42,0,0.726,1.9,29.8,3.87,2025-12-23 01:44:42,0.0,0
SHP-TRK-12353,2025-12-22 16:00:00,Pune MIDC (Maharashtra),Oragadam Southern Plant (Chennai),Chennai-Bengaluru Expressway,Road (Heavy Haulage),656.4,18.8,2025-12-23 10:45:14,0,0.902,3.3,18.3,3.64,2025-12-23 10:45:14,0.0,0
SHP-TRK-12354,2025-12-22 16:00:00,Gurugram (Haryana),Chakan Assembly Alpha (Pune),Coastal Maritime Lane,Rail (Dedicated Freight Corridor),1384.8,30.8,2025-12-23 22:46:26,0,0.78,2.2,24.4,4.59,2025-12-24 12:04:26,13.3,1
SHP-TRK-12355,2025-12-22 21:00:00,Sriperumbudur (Tamil Nadu),Chakan Assembly Alpha (Pune),Coastal Maritime Lane,Rail (Dedicated Freight Corridor),990.7,22.0,2025-12-23 19:00:52,0,0.908,3.7,9.7,4.2,2025-12-23 19:00:52,0.0,0
SHP-TRK-12356,2025-12-23 12:00:00,Bengaluru Electronic City,Oragadam Southern Plant (Chennai),Golden Quadrilateral Delhi-Kolkata,Road (Express),447.6,12.8,2025-12-24 00:47:21,0,0.915,6.4,4.8,3.98,2025-12-24 19:17:21,18.5,1
SHP-TRK-12357,2025-12-23 13:00:00,Sanand Hub (Gujarat),Chakan Assembly Alpha (Pune),Coastal Maritime Lane,Road (Heavy Haulage),1123.1,32.1,2025-12-24 21:05:16,0,0.857,8.5,21.5,3.82,2025-12-24 21:05:16,0.0,0
SHP-TRK-12358,2025-12-23 17:00:00,Sriperumbudur (Tamil Nadu),Chakan Assembly Alpha (Pune),NH48 Western Corridor,Road (Heavy Haulage),510.0,14.6,2025-12-24 07:34:12,0,0.739,4.1,27.7,4.65,2025-12-24 07:34:12,0.0,0
SHP-TRK-12359,2025-12-23 18:00:00,Sriperumbudur (Tamil Nadu),Oragadam Southern Plant (Chennai),Coastal Maritime Lane,Road (Heavy Haulage),315.0,9.0,2025-12-24 03:00:04,0,0.899,6.0,16.6,4.05,2025-12-24 03:00:04,0.0,0
SHP-TRK-12360,2025-12-23 20:00:00,Gurugram (Haryana),Bhiwandi Central DC,NH48 Western Corridor,Coastal Ro-Ro,714.5,20.4,2025-12-24 16:24:53,0,0.725,8.5,13.6,4.76,2025-12-24 16:24:53,0.0,0
SHP-TRK-12361,2025-12-23 22:00:00,Sriperumbudur (Tamil Nadu),Manesar Northern Plant,Western DFC Electric Rail,Road (Heavy Haulage),1351.9,38.6,2025-12-25 12:37:27,0,0.865,3.0,5.4,4.26,2025-12-25 12:37:27,0.0,0
SHP-TRK-12362,2025-12-24 02:00:00,Sanand Hub (Gujarat),Manesar Northern Plant,Golden Quadrilateral Delhi-Kolkata,Rail (Dedicated Freight Corridor),284.7,6.3,2025-12-24 08:19:33,0,0.923,5.2,14.7,3.64,2025-12-24 08:19:33,0.0,0
SHP-TRK-12363,2025-12-24 03:00:00,Sriperumbudur (Tamil Nadu),Oragadam Southern Plant (Chennai),Western DFC Electric Rail,Rail (Dedicated Freight Corridor),357.3,7.9,2025-12-24 10:56:27,0,0.892,6.1,25.7,4.38,2025-12-24 19:50:27,8.9,1
SHP-TRK-12364,2025-12-24 05:00:00,Sanand Hub (Gujarat),Manesar Northern Plant,NH48 Western Corridor,Road (Heavy Haulage),1266.1,36.2,2025-12-25 17:10:22,0,0.921,6.2,28.4,4.18,2025-12-25 17:10:22,0.0,0
SHP-TRK-12365,2025-12-24 08:00:00,Gurugram (Haryana),Manesar Northern Plant,Western DFC Electric Rail,Rail (Dedicated Freight Corridor),1332.9,29.6,2025-12-25 13:37:11,0,0.797,1.1,9.9,4.64,2025-12-25 23:01:11,9.4,1
SHP-TRK-12366,2025-12-24 08:00:00,Sriperumbudur (Tamil Nadu),Chakan Assembly Alpha (Pune),Western DFC Electric Rail,Road (Express),865.3,24.7,2025-12-25 08:43:17,0,0.814,7.9,13.3,4.47,2025-12-25 17:43:17,9.0,1
SHP-TRK-12367,2025-12-24 12:00:00,Sriperumbudur (Tamil Nadu),Chakan Assembly Alpha (Pune),Golden Quadrilateral Delhi-Kolkata,Road (Heavy Haulage),1061.7,30.3,2025-12-25 18:19:58,0,0.815,7.7,31.4,3.41,2025-12-26 10:19:58,16.0,1
SHP-TRK-12368,2025-12-24 12:00:00,Pune MIDC (Maharashtra),Oragadam Southern Plant (Chennai),Golden Quadrilateral Delhi-Kolkata,Road (Heavy Haulage),1222.8,34.9,2025-12-25 22:56:11,0,0.749,1.3,13.7,4.59,2025-12-25 22:56:11,0.0,0
SHP-TRK-12369,2025-12-24 12:00:00,Sriperumbudur (Tamil Nadu),Manesar Northern Plant,Western DFC Electric Rail,Road (Express),983.4,28.1,2025-12-25 16:05:48,0,0.854,8.0,11.0,4.63,2025-12-25 21:59:48,5.9,1
SHP-TRK-12370,2025-12-24 18:00:00,Bengaluru Electronic City,Oragadam Southern Plant (Chennai),Coastal Maritime Lane,Coastal Ro-Ro,1416.4,40.5,2025-12-26 10:28:05,0,0.757,8.1,13.5,4.16,2025-12-26 21:22:05,10.9,1
SHP-TRK-12371,2025-12-24 22:00:00,Sanand Hub (Gujarat),Oragadam Southern Plant (Chennai),NH48 Western Corridor,Road (Express),673.2,19.2,2025-12-25 17:14:00,0,0.808,8.4,5.8,3.8,2025-12-25 17:14:00,0.0,0
SHP-TRK-12372,2025-12-24 22:00:00,Gurugram (Haryana),Chakan Assembly Alpha (Pune),Western DFC Electric Rail,Road (Heavy Haulage),1316.1,37.6,2025-12-26 11:36:07,0,0.776,6.2,8.2,4.29,2025-12-26 11:36:07,0.0,0
SHP-TRK-12373,2025-12-25 00:00:00,Sriperumbudur (Tamil Nadu),Oragadam Southern Plant (Chennai),NH48 Western Corridor,Road (Heavy Haulage),974.8,27.9,2025-12-26 03:51:03,0,0.968,3.9,28.8,4.8,2025-12-26 03:51:03,0.0,0
SHP-TRK-12374,2025-12-25 07:00:00,Bengaluru Electronic City,Oragadam Southern Plant (Chennai),Golden Quadrilateral Delhi-Kolkata,Rail (Dedicated Freight Corridor),1113.6,24.7,2025-12-26 07:44:46,0,0.845,5.2,5.3,3.92,2025-12-26 07:44:46,0.0,0
SHP-TRK-12375,2025-12-25 07:00:00,Sriperumbudur (Tamil Nadu),Manesar Northern Plant,Golden Quadrilateral Delhi-Kolkata,Road (Express),532.3,15.2,2025-12-25 22:12:26,0,0.92,1.2,24.2,4.19,2025-12-26 20:30:26,22.3,1
SHP-TRK-12376,2025-12-25 09:00:00,Bengaluru Electronic City,Manesar Northern Plant,NH48 Western Corridor,Road (Heavy Haulage),989.7,28.3,2025-12-26 13:16:40,0,0.94,4.0,11.6,4.33,2025-12-26 13:16:40,0.0,0
SHP-TRK-12377,2025-12-25 13:00:00,Bengaluru Electronic City,Bhiwandi Central DC,NH48 Western Corridor,Rail (Dedicated Freight Corridor),517.7,11.5,2025-12-26 00:30:13,0,0.837,6.6,10.5,3.88,2025-12-26 00:30:13,0.0,0
SHP-TRK-12378,2025-12-25 14:00:00,Sriperumbudur (Tamil Nadu),Chakan Assembly Alpha (Pune),Golden Quadrilateral Delhi-Kolkata,Air Cargo Express,484.5,8.1,2025-12-25 22:04:32,0,0.963,3.5,23.5,4.51,2025-12-25 22:04:32,0.0,0
SHP-TRK-12379,2025-12-25 18:00:00,Gurugram (Haryana),Bhiwandi Central DC,NH48 Western Corridor,Coastal Ro-Ro,615.7,17.6,2025-12-26 11:35:30,0,0.885,6.9,19.2,4.84,2025-12-27 17:23:30,29.8,1
SHP-TRK-12380,2025-12-26 00:00:00,Bengaluru Electronic City,Chakan Assembly Alpha (Pune),NH48 Western Corridor,Road (Heavy Haulage),1089.9,31.1,2025-12-27 07:08:24,0,0.957,1.7,19.7,3.81,2025-12-27 07:08:24,0.0,0
SHP-TRK-12381,2025-12-26 01:00:00,Sriperumbudur (Tamil Nadu),Manesar Northern Plant,Western DFC Electric Rail,Road (Express),1147.4,32.8,2025-12-27 09:47:01,0,0.798,2.7,9.7,3.45,2025-12-27 09:47:01,0.0,0
SHP-TRK-12382,2025-12-26 09:00:00,Bengaluru Electronic City,Manesar Northern Plant,NH48 Western Corridor,Rail (Dedicated Freight Corridor),594.9,13.2,2025-12-26 22:13:11,0,0.868,3.5,16.0,3.41,2025-12-26 22:13:11,0.0,0
SHP-TRK-12383,2025-12-26 11:00:00,Bengaluru Electronic City,Chakan Assembly Alpha (Pune),Coastal Maritime Lane,Road (Heavy Haulage),701.9,20.1,2025-12-27 07:03:12,0,0.857,6.9,5.8,4.69,2025-12-28 12:03:12,29.0,1
SHP-TRK-12384,2025-12-26 12:00:00,Bengaluru Electronic City,Oragadam Southern Plant (Chennai),NH48 Western Corridor,Road (Express),390.5,11.2,2025-12-26 23:09:27,0,0.787,4.1,5.9,4.51,2025-12-26 23:09:27,0.0,0
SHP-TRK-12385,2025-12-26 12:00:00,Sriperumbudur (Tamil Nadu),Chakan Assembly Alpha (Pune),Golden Quadrilateral Delhi-Kolkata,Road (Heavy Haulage),319.7,9.1,2025-12-26 21:08:05,0,0.736,4.0,9.9,4.27,2025-12-26 21:08:05,0.0,0
SHP-TRK-12386,2025-12-26 13:00:00,Bengaluru Electronic City,Manesar Northern Plant,NH48 Western Corridor,Road (Heavy Haulage),534.7,15.3,2025-12-27 04:16:35,0,0.887,1.4,12.0,3.7,2025-12-27 04:16:35,0.0,0
SHP-TRK-12387,2025-12-26 13:00:00,Sriperumbudur (Tamil Nadu),Bhiwandi Central DC,Western DFC Electric Rail,Road (Express),1349.7,38.6,2025-12-28 03:33:50,0,0.735,2.3,15.9,4.03,2025-12-28 03:33:50,0.0,0
SHP-TRK-12388,2025-12-26 15:00:00,Sanand Hub (Gujarat),Chakan Assembly Alpha (Pune),Coastal Maritime Lane,Rail (Dedicated Freight Corridor),720.4,16.0,2025-12-27 07:00:29,0,0.731,6.6,12.5,4.49,2025-12-27 16:30:29,9.5,1
SHP-TRK-12389,2025-12-26 18:00:00,Pune MIDC (Maharashtra),Manesar Northern Plant,NH48 Western Corridor,Road (Heavy Haulage),399.2,11.4,2025-12-27 05:24:17,0,0.963,6.1,5.2,4.07,2025-12-27 05:24:17,0.0,0
SHP-TRK-12390,2025-12-26 21:00:00,Gurugram (Haryana),Bhiwandi Central DC,Golden Quadrilateral Delhi-Kolkata,Road (Heavy Haulage),832.7,23.8,2025-12-27 20:47:27,0,0.769,6.6,19.6,4.35,2025-12-28 15:23:27,18.6,1
SHP-TRK-12391,2025-12-27 04:00:00,Sanand Hub (Gujarat),Oragadam Southern Plant (Chennai),NH48 Western Corridor,Rail (Dedicated Freight Corridor),1273.3,28.3,2025-12-28 08:17:41,0,0.727,1.8,7.7,4.33,2025-12-28 08:17:41,0.0,0
SHP-TRK-12392,2025-12-27 08:00:00,Bengaluru Electronic City,Chakan Assembly Alpha (Pune),NH48 Western Corridor,Road (Express),586.4,16.8,2025-12-28 00:45:10,0,0.73,1.1,14.2,4.63,2025-12-28 09:09:10,8.4,1
SHP-TRK-12393,2025-12-27 10:00:00,Sanand Hub (Gujarat),Bhiwandi Central DC,NH48 Western Corridor,Rail (Dedicated Freight Corridor),905.9,20.1,2025-12-28 06:07:49,0,0.836,2.0,29.4,4.72,2025-12-28 06:07:49,0.0,0
SHP-TRK-12394,2025-12-27 13:00:00,Pune MIDC (Maharashtra),Chakan Assembly Alpha (Pune),NH48 Western Corridor,Road (Heavy Haulage),1246.9,35.6,2025-12-29 00:37:36,0,0.944,5.2,7.4,4.79,2025-12-30 04:07:36,27.5,1
SHP-TRK-12395,2025-12-27 13:00:00,Sanand Hub (Gujarat),Chakan Assembly Alpha (Pune),NH48 Western Corridor,Road (Heavy Haulage),1243.6,35.5,2025-12-29 00:31:50,0,0.848,6.1,15.8,3.73,2025-12-29 00:31:50,0.0,0
SHP-TRK-12396,2025-12-28 02:00:00,Pune MIDC (Maharashtra),Manesar Northern Plant,NH48 Western Corridor,Road (Heavy Haulage),251.5,7.2,2025-12-28 09:11:07,0,0.737,6.0,18.7,4.64,2025-12-28 09:11:07,0.0,0
SHP-TRK-12397,2025-12-28 02:00:00,Sriperumbudur (Tamil Nadu),Oragadam Southern Plant (Chennai),Chennai-Bengaluru Expressway,Road (Heavy Haulage),941.5,26.9,2025-12-29 04:53:59,0,0.744,6.2,16.2,4.78,2025-12-29 04:53:59,0.0,0
SHP-TRK-12398,2025-12-28 05:00:00,Sriperumbudur (Tamil Nadu),Manesar Northern Plant,Western DFC Electric Rail,Road (Heavy Haulage),1156.4,33.0,2025-12-29 14:02:24,0,0.849,5.7,29.2,3.55,2025-12-29 14:02:24,0.0,0
SHP-TRK-12399,2025-12-28 07:00:00,Sriperumbudur (Tamil Nadu),Bhiwandi Central DC,Western DFC Electric Rail,Air Cargo Express,1249.9,20.8,2025-12-29 03:49:51,0,0.902,1.7,25.5,3.75,2025-12-29 03:49:51,0.0,0
SHP-TRK-12400,2025-12-28 10:00:00,Bengaluru Electronic City,Oragadam Southern Plant (Chennai),NH48 Western Corridor,Road (Heavy Haulage),602.6,17.2,2025-12-29 03:13:06,0,0.725,4.8,25.6,4.63,2025-12-29 03:13:06,0.0,0
SHP-TRK-12401,2025-12-28 12:00:00,Bengaluru Electronic City,Manesar Northern Plant,NH48 Western Corridor,Road (Heavy Haulage),1061.2,30.3,2025-12-29 18:19:08,0,0.889,7.4,21.4,4.34,2025-12-31 01:13:08,30.9,1
SHP-TRK-12402,2025-12-28 15:00:00,Pune MIDC (Maharashtra),Bhiwandi Central DC,NH48 Western Corridor,Road (Heavy Haulage),461.8,13.2,2025-12-29 04:11:39,0,0.744,2.9,17.1,4.71,2025-12-29 04:11:39,0.0,0
SHP-TRK-12403,2025-12-28 21:00:00,Pune MIDC (Maharashtra),Chakan Assembly Alpha (Pune),Golden Quadrilateral Delhi-Kolkata,Road (Heavy Haulage),404.8,11.6,2025-12-29 08:34:00,0,0.928,8.3,14.2,3.62,2025-12-29 08:34:00,0.0,0
SHP-TRK-12404,2025-12-28 23:00:00,Sriperumbudur (Tamil Nadu),Chakan Assembly Alpha (Pune),Golden Quadrilateral Delhi-Kolkata,Road (Heavy Haulage),1104.2,31.5,2025-12-30 06:32:56,0,0.887,4.8,23.1,4.85,2025-12-30 06:32:56,0.0,0
SHP-TRK-12405,2025-12-29 00:00:00,Gurugram (Haryana),Bhiwandi Central DC,Western DFC Electric Rail,Rail (Dedicated Freight Corridor),394.7,8.8,2025-12-29 08:46:18,0,0.763,7.6,26.6,4.06,2025-12-29 08:46:18,0.0,0
SHP-TRK-12406,2025-12-29 02:00:00,Sanand Hub (Gujarat),Oragadam Southern Plant (Chennai),Western DFC Electric Rail,Road (Heavy Haulage),1365.2,39.0,2025-12-30 17:00:19,0,0.748,5.2,14.6,4.69,2025-12-30 17:00:19,0.0,0
SHP-TRK-12407,2025-12-29 02:00:00,Bengaluru Electronic City,Kundli DC,NH48 Western Corridor,Rail (Dedicated Freight Corridor),917.0,20.4,2025-12-29 22:22:43,0,0.779,6.1,30.3,3.81,2025-12-29 22:22:43,0.0,0
SHP-TRK-12408,2025-12-29 06:00:00,Bengaluru Electronic City,Chakan Assembly Alpha (Pune),NH48 Western Corridor,Road (Heavy Haulage),849.3,24.3,2025-12-30 06:16:00,0,0.904,7.0,6.1,3.83,2025-12-30 06:16:00,0.0,0
SHP-TRK-12409,2025-12-29 10:00:00,Sanand Hub (Gujarat),Oragadam Southern Plant (Chennai),Western DFC Electric Rail,Road (Heavy Haulage),1310.0,37.4,2025-12-30 23:25:39,0,0.838,7.0,8.5,3.63,2025-12-30 23:25:39,0.0,0
SHP-TRK-12410,2025-12-29 12:00:00,Sanand Hub (Gujarat),Chakan Assembly Alpha (Pune),Western DFC Electric Rail,Road (Heavy Haulage),1435.6,41.0,2025-12-31 05:01:00,0,0.926,4.0,20.3,4.63,2025-12-31 05:01:00,0.0,0
SHP-TRK-12411,2025-12-29 13:00:00,Pune MIDC (Maharashtra),Manesar Northern Plant,Golden Quadrilateral Delhi-Kolkata,Rail (Dedicated Freight Corridor),409.8,9.1,2025-12-29 22:06:21,0,0.772,6.5,27.9,4.87,2025-12-29 22:06:21,0.0,0
SHP-TRK-12412,2025-12-29 14:00:00,Sanand Hub (Gujarat),Oragadam Southern Plant (Chennai),Coastal Maritime Lane,Road (Heavy Haulage),592.5,16.9,2025-12-30 06:55:38,0,0.842,2.5,18.8,3.86,2025-12-30 06:55:38,0.0,0
SHP-TRK-12413,2025-12-29 16:00:00,Pune MIDC (Maharashtra),Kundli DC,Golden Quadrilateral Delhi-Kolkata,Road (Heavy Haulage),556.4,15.9,2025-12-30 07:53:50,0,0.766,5.8,23.9,3.46,2025-12-30 07:53:50,0.0,0
SHP-TRK-12414,2025-12-29 18:00:00,Gurugram (Haryana),Manesar Northern Plant,Western DFC Electric Rail,Road (Heavy Haulage),283.4,8.1,2025-12-30 02:05:44,0,0.808,5.2,18.7,4.57,2025-12-30 02:05:44,0.0,0
SHP-TRK-12415,2025-12-29 20:00:00,Bengaluru Electronic City,Manesar Northern Plant,Western DFC Electric Rail,Road (Heavy Haulage),499.0,14.3,2025-12-30 10:15:27,0,0.885,4.4,4.9,3.67,2025-12-30 23:09:27,12.9,1
SHP-TRK-12416,2025-12-29 21:00:00,Sriperumbudur (Tamil Nadu),Oragadam Southern Plant (Chennai),Coastal Maritime Lane,Rail (Dedicated Freight Corridor),884.5,19.7,2025-12-30 16:39:18,0,0.925,7.0,29.8,4.76,2025-12-31 21:15:18,28.6,1
SHP-TRK-12417,2025-12-30 03:00:00,Bengaluru Electronic City,Oragadam Southern Plant (Chennai),Western DFC Electric Rail,Coastal Ro-Ro,706.8,20.2,2025-12-30 23:11:40,0,0.926,3.4,9.4,4.25,2025-12-30 23:11:40,0.0,0
SHP-TRK-12418,2025-12-30 11:00:00,Pune MIDC (Maharashtra),Oragadam Southern Plant (Chennai),NH48 Western Corridor,Road (Express),940.4,26.9,2025-12-31 13:52:11,0,0.774,4.1,28.1,4.62,2025-12-31 13:52:11,0.0,0
SHP-TRK-12419,2025-12-30 11:00:00,Bengaluru Electronic City,Chakan Assembly Alpha (Pune),Golden Quadrilateral Delhi-Kolkata,Road (Heavy Haulage),564.5,16.1,2025-12-31 03:07:41,0,0.89,6.6,14.0,4.01,2025-12-31 03:07:41,0.0,0
SHP-TRK-12420,2025-12-30 12:00:00,Gurugram (Haryana),Oragadam Southern Plant (Chennai),NH48 Western Corridor,Road (Heavy Haulage),1053.4,30.1,2025-12-31 18:05:51,0,0.901,8.4,28.7,4.52,2026-01-01 06:35:51,12.5,1
SHP-TRK-12421,2025-12-30 13:00:00,Gurugram (Haryana),Oragadam Southern Plant (Chennai),Chennai-Bengaluru Expressway,Road (Heavy Haulage),680.2,19.4,2025-12-31 08:26:01,0,0.845,8.2,26.6,3.93,2025-12-31 17:56:01,9.5,1
SHP-TRK-12422,2025-12-30 14:00:00,Gurugram (Haryana),Kundli DC,Western DFC Electric Rail,Road (Express),262.2,7.5,2025-12-30 21:29:30,0,0.901,4.1,21.9,4.12,2025-12-30 21:29:30,0.0,0
SHP-TRK-12423,2025-12-30 18:00:00,Gurugram (Haryana),Chakan Assembly Alpha (Pune),Western DFC Electric Rail,Road (Express),1106.5,31.6,2026-01-01 01:36:56,0,0.896,1.1,12.3,3.65,2026-01-01 01:36:56,0.0,0
SHP-TRK-12424,2025-12-30 18:00:00,Pune MIDC (Maharashtra),Chakan Assembly Alpha (Pune),NH48 Western Corridor,Rail (Dedicated Freight Corridor),946.3,21.0,2025-12-31 15:01:42,0,0.907,3.6,21.1,3.54,2025-12-31 15:01:42,0.0,0
SHP-TRK-12425,2025-12-30 21:00:00,Pune MIDC (Maharashtra),Oragadam Southern Plant (Chennai),Western DFC Electric Rail,Road (Heavy Haulage),521.5,14.9,2025-12-31 11:54:01,0,0.934,1.3,7.2,4.28,2025-12-31 11:54:01,0.0,0
SHP-TRK-12426,2025-12-30 22:00:00,Pune MIDC (Maharashtra),Chakan Assembly Alpha (Pune),Coastal Maritime Lane,Road (Express),848.8,24.3,2025-12-31 22:15:09,0,0.918,5.2,6.4,3.53,2025-12-31 22:15:09,0.0,0
SHP-TRK-12427,2025-12-31 03:00:00,Gurugram (Haryana),Chakan Assembly Alpha (Pune),NH48 Western Corridor,Rail (Dedicated Freight Corridor),1033.9,23.0,2026-01-01 01:58:31,0,0.775,7.3,7.5,4.66,2026-01-01 01:58:31,0.0,0
SHP-TRK-12428,2025-12-31 03:00:00,Sriperumbudur (Tamil Nadu),Chakan Assembly Alpha (Pune),Chennai-Bengaluru Expressway,Road (Heavy Haulage),396.4,11.3,2025-12-31 14:19:29,0,0.761,5.4,12.0,4.26,2025-12-31 14:19:29,0.0,0
SHP-TRK-12429,2025-12-31 05:00:00,Bengaluru Electronic City,Chakan Assembly Alpha (Pune),NH48 Western Corridor,Rail (Dedicated Freight Corridor),1131.4,25.1,2026-01-01 06:08:33,0,0.747,6.0,16.5,3.75,2026-01-01 06:08:33,0.0,0
SHP-TRK-12430,2025-12-31 07:00:00,Sanand Hub (Gujarat),Bhiwandi Central DC,Golden Quadrilateral Delhi-Kolkata,Road (Heavy Haulage),1387.1,39.6,2026-01-01 22:37:53,0,0.867,4.2,11.9,4.42,2026-01-01 22:37:53,0.0,0
SHP-TRK-12431,2025-12-31 09:00:00,Sriperumbudur (Tamil Nadu),Oragadam Southern Plant (Chennai),Golden Quadrilateral Delhi-Kolkata,Road (Express),589.8,16.9,2026-01-01 01:51:07,0,0.876,4.4,4.7,3.58,2026-01-01 01:51:07,0.0,0
SHP-TRK-12432,2025-12-31 12:00:00,Sriperumbudur (Tamil Nadu),Oragadam Southern Plant (Chennai),Western DFC Electric Rail,Road (Heavy Haulage),1446.4,41.3,2026-01-02 05:19:35,0,0.826,2.5,21.4,3.56,2026-01-02 05:19:35,0.0,0
SHP-TRK-12433,2025-12-31 12:00:00,Sanand Hub (Gujarat),Chakan Assembly Alpha (Pune),Western DFC Electric Rail,Road (Heavy Haulage),472.7,13.5,2026-01-01 01:30:15,0,0.924,2.0,29.7,3.44,2026-01-01 01:30:15,0.0,0
SHP-TRK-12434,2025-12-31 12:00:00,Gurugram (Haryana),Oragadam Southern Plant (Chennai),NH48 Western Corridor,Road (Heavy Haulage),1124.1,32.1,2026-01-01 20:07:02,0,0.846,2.1,7.4,3.76,2026-01-01 20:07:02,0.0,0
SHP-TRK-12435,2025-12-31 13:00:00,Sanand Hub (Gujarat),Oragadam Southern Plant (Chennai),NH48 Western Corridor,Road (Express),581.7,16.6,2026-01-01 05:37:13,0,0.937,2.2,21.5,4.66,2026-01-01 05:37:13,0.0,0
SHP-TRK-12436,2025-12-31 15:00:00,Sanand Hub (Gujarat),Oragadam Southern Plant (Chennai),Coastal Maritime Lane,Road (Heavy Haulage),1433.1,40.9,2026-01-02 07:56:47,0,0.781,6.4,27.6,3.42,2026-01-02 14:50:47,6.9,1
SHP-TRK-12437,2025-12-31 17:00:00,Bengaluru Electronic City,Bhiwandi Central DC,NH48 Western Corridor,Coastal Ro-Ro,495.2,14.1,2026-01-01 07:08:57,0,0.826,7.2,21.3,4.29,2026-01-01 07:08:57,0.0,0
SHP-TRK-12438,2025-12-31 23:00:00,Sanand Hub (Gujarat),Oragadam Southern Plant (Chennai),NH48 Western Corridor,Coastal Ro-Ro,873.1,24.9,2026-01-01 23:56:44,0,0.797,5.3,20.3,4.68,2026-01-01 23:56:44,0.0,0
SHP-TRK-12439,2026-01-01 00:00:00,Bengaluru Electronic City,Oragadam Southern Plant (Chennai),Golden Quadrilateral Delhi-Kolkata,Road (Heavy Haulage),561.4,16.0,2026-01-01 16:02:22,0,0.932,3.1,4.8,4.88,2026-01-01 16:02:22,0.0,0
SHP-TRK-12440,2026-01-01 02:00:00,Bengaluru Electronic City,Chakan Assembly Alpha (Pune),NH48 Western Corridor,Road (Heavy Haulage),295.2,8.4,2026-01-01 10:26:00,0,0.853,2.7,18.8,4.3,2026-01-01 22:20:00,11.9,1
SHP-TRK-12441,2026-01-01 09:00:00,Sanand Hub (Gujarat),Oragadam Southern Plant (Chennai),NH48 Western Corridor,Road (Heavy Haulage),975.4,27.9,2026-01-02 12:52:11,0,0.873,6.0,8.9,4.21,2026-01-02 20:10:11,7.3,1
SHP-TRK-12442,2026-01-01 10:00:00,Bengaluru Electronic City,Oragadam Southern Plant (Chennai),NH48 Western Corridor,Road (Express),1419.9,40.6,2026-01-03 02:34:04,0,0.75,7.2,14.6,3.51,2026-01-03 02:34:04,0.0,0
SHP-TRK-12443,2026-01-01 12:00:00,Bengaluru Electronic City,Oragadam Southern Plant (Chennai),Coastal Maritime Lane,Coastal Ro-Ro,477.8,13.7,2026-01-02 01:39:01,0,0.884,5.3,8.7,4.88,2026-01-02 01:39:01,0.0,0
SHP-TRK-12444,2026-01-01 14:00:00,Bengaluru Electronic City,Chakan Assembly Alpha (Pune),NH48 Western Corridor,Road (Heavy Haulage),863.1,24.7,2026-01-02 14:39:36,0,0.807,4.6,9.1,3.51,2026-01-02 14:39:36,0.0,0
SHP-TRK-12445,2026-01-01 14:00:00,Gurugram (Haryana),Chakan Assembly Alpha (Pune),NH48 Western Corridor,Road (Express),819.3,23.4,2026-01-02 13:24:28,0,0.796,6.6,27.7,4.42,2026-01-02 21:18:28,7.9,1
SHP-TRK-12446,2026-01-01 14:00:00,Sanand Hub (Gujarat),Manesar Northern Plant,Western DFC Electric Rail,Road (Heavy Haulage),866.1,24.7,2026-01-02 14:44:43,0,0.75,6.2,16.8,4.14,2026-01-03 00:50:43,10.1,1
SHP-TRK-12447,2026-01-01 16:00:00,Sanand Hub (Gujarat),Kundli DC,NH48 Western Corridor,Rail (Dedicated Freight Corridor),1237.4,27.5,2026-01-02 19:29:54,0,0.804,5.8,12.1,4.48,2026-01-02 19:29:54,0.0,0
SHP-TRK-12448,2026-01-01 17:00:00,Sriperumbudur (Tamil Nadu),Chakan Assembly Alpha (Pune),NH48 Western Corridor,Road (Heavy Haulage),424.0,12.1,2026-01-02 05:06:52,0,0.808,6.5,27.3,4.65,2026-01-02 12:48:52,7.7,1
SHP-TRK-12449,2026-01-01 19:00:00,Gurugram (Haryana),Oragadam Southern Plant (Chennai),Golden Quadrilateral Delhi-Kolkata,Road (Heavy Haulage),1190.8,34.0,2026-01-03 05:01:26,0,0.725,5.8,20.7,4.52,2026-01-03 05:01:26,0.0,0
SHP-TRK-12450,2026-01-02 02:00:00,Bengaluru Electronic City,Manesar Northern Plant,NH48 Western Corridor,Rail (Dedicated Freight Corridor),977.8,21.7,2026-01-02 23:43:44,0,0.912,8.8,15.0,4.34,2026-01-05 17:37:44,65.9,1
SHP-TRK-12451,2026-01-02 04:00:00,Gurugram (Haryana),Chakan Assembly Alpha (Pune),NH48 Western Corridor,Road (Heavy Haulage),1252.6,35.8,2026-01-03 15:47:20,0,0.949,5.0,9.6,4.16,2026-01-04 08:11:20,16.4,1
SHP-TRK-12452,2026-01-02 05:00:00,Sriperumbudur (Tamil Nadu),Oragadam Southern Plant (Chennai),NH48 Western Corridor,Road (Heavy Haulage),982.2,28.1,2026-01-03 09:03:43,0,0.83,8.4,22.1,3.8,2026-01-03 09:03:43,0.0,0
SHP-TRK-12453,2026-01-02 09:00:00,Gurugram (Haryana),Chakan Assembly Alpha (Pune),Coastal Maritime Lane,Road (Heavy Haulage),1034.8,29.6,2026-01-03 14:34:00,0,0.859,2.6,27.4,3.77,2026-01-03 14:34:00,0.0,0
SHP-TRK-12454,2026-01-02 11:00:00,Sanand Hub (Gujarat),Chakan Assembly Alpha (Pune),Western DFC Electric Rail,Coastal Ro-Ro,1015.4,29.0,2026-01-03 16:00:41,0,0.968,2.8,4.7,4.16,2026-01-03 16:00:41,0.0,0
SHP-TRK-12455,2026-01-02 14:00:00,Bengaluru Electronic City,Chakan Assembly Alpha (Pune),NH48 Western Corridor,Rail (Dedicated Freight Corridor),579.5,12.9,2026-01-03 02:52:38,0,0.778,3.7,14.2,4.87,2026-01-03 02:52:38,0.0,0
SHP-TRK-12456,2026-01-02 16:00:00,Gurugram (Haryana),Manesar Northern Plant,Coastal Maritime Lane,Coastal Ro-Ro,677.1,19.3,2026-01-03 11:20:47,0,0.836,8.7,21.2,3.71,2026-01-04 07:44:47,20.4,1
SHP-TRK-12457,2026-01-02 18:00:00,Bengaluru Electronic City,Chakan Assembly Alpha (Pune),NH48 Western Corridor,Road (Heavy Haulage),1306.9,37.3,2026-01-04 07:20:18,0,0.797,1.7,6.9,4.89,2026-01-04 07:20:18,0.0,0
SHP-TRK-12458,2026-01-02 19:00:00,Sanand Hub (Gujarat),Chakan Assembly Alpha (Pune),Western DFC Electric Rail,Road (Heavy Haulage),603.3,17.2,2026-01-03 12:14:09,0,0.799,4.4,13.1,3.46,2026-01-03 12:14:09,0.0,0
SHP-TRK-12459,2026-01-02 20:00:00,Sanand Hub (Gujarat),Bhiwandi Central DC,NH48 Western Corridor,Road (Express),1418.5,40.5,2026-01-04 12:31:44,0,0.9,3.2,17.0,3.63,2026-01-04 12:31:44,0.0,0
SHP-TRK-12460,2026-01-02 21:00:00,Bengaluru Electronic City,Manesar Northern Plant,NH48 Western Corridor,Road (Express),667.5,19.1,2026-01-03 16:04:15,0,0.842,6.2,25.2,3.98,2026-01-04 08:28:15,16.4,1
SHP-TRK-12461,2026-01-03 04:00:00,Pune MIDC (Maharashtra),Chakan Assembly Alpha (Pune),Western DFC Electric Rail,Road (Heavy Haulage),1317.3,37.6,2026-01-04 17:38:13,0,0.869,8.7,7.3,4.03,2026-01-04 17:38:13,0.0,0
SHP-TRK-12462,2026-01-03 04:00:00,Sriperumbudur (Tamil Nadu),Bhiwandi Central DC,Golden Quadrilateral Delhi-Kolkata,Road (Express),1019.8,29.1,2026-01-04 09:08:18,0,0.967,4.1,27.4,4.14,2026-01-04 09:08:18,0.0,0
SHP-TRK-12463,2026-01-03 07:00:00,Pune MIDC (Maharashtra),Oragadam Southern Plant (Chennai),Western DFC Electric Rail,Road (Heavy Haulage),485.8,13.9,2026-01-03 20:52:44,0,0.839,8.0,6.9,3.9,2026-01-04 13:58:44,17.1,1
SHP-TRK-12464,2026-01-03 08:00:00,Bengaluru Electronic City,Oragadam Southern Plant (Chennai),NH48 Western Corridor,Road (Heavy Haulage),1328.1,37.9,2026-01-04 21:56:45,0,0.777,4.4,31.2,3.56,2026-01-04 21:56:45,0.0,0
SHP-TRK-12465,2026-01-03 11:00:00,Sriperumbudur (Tamil Nadu),Manesar Northern Plant,Golden Quadrilateral Delhi-Kolkata,Rail (Dedicated Freight Corridor),798.9,17.8,2026-01-04 04:45:15,0,0.766,4.7,22.3,3.51,2026-01-04 04:45:15,0.0,0
SHP-TRK-12466,2026-01-03 17:00:00,Sanand Hub (Gujarat),Kundli DC,NH48 Western Corridor,Road (Heavy Haulage),1171.2,33.5,2026-01-05 02:27:42,0,0.827,2.5,17.3,4.08,2026-01-05 02:27:42,0.0,0
SHP-TRK-12467,2026-01-03 19:00:00,Gurugram (Haryana),Chakan Assembly Alpha (Pune),NH48 Western Corridor,Rail (Dedicated Freight Corridor),720.7,16.0,2026-01-04 11:00:59,0,0.913,2.8,20.7,4.18,2026-01-04 16:30:59,5.5,1
SHP-TRK-12468,2026-01-03 20:00:00,Sriperumbudur (Tamil Nadu),Chakan Assembly Alpha (Pune),NH48 Western Corridor,Coastal Ro-Ro,394.0,11.3,2026-01-04 07:15:22,0,0.773,2.4,7.0,4.14,2026-01-04 07:15:22,0.0,0
SHP-TRK-12469,2026-01-04 02:00:00,Bengaluru Electronic City,Kundli DC,NH48 Western Corridor,Road (Heavy Haulage),578.9,16.5,2026-01-04 18:32:19,0,0.782,5.0,12.5,4.4,2026-01-04 18:32:19,0.0,0
SHP-TRK-12470,2026-01-04 03:00:00,Pune MIDC (Maharashtra),Manesar Northern Plant,NH48 Western Corridor,Road (Heavy Haulage),900.9,25.7,2026-01-05 04:44:28,0,0.772,1.7,19.0,4.53,2026-01-05 04:44:28,0.0,0
SHP-TRK-12471,2026-01-04 05:00:00,Bengaluru Electronic City,Kundli DC,NH48 Western Corridor,Road (Express),860.6,24.6,2026-01-05 05:35:23,0,0.866,6.6,18.2,3.95,2026-01-05 05:35:23,0.0,0
SHP-TRK-12472,2026-01-04 08:00:00,Bengaluru Electronic City,Kundli DC,NH48 Western Corridor,Road (Heavy Haulage),450.7,12.9,2026-01-04 20:52:42,0,0.943,5.7,25.9,4.63,2026-01-04 20:52:42,0.0,0
SHP-TRK-12473,2026-01-04 11:00:00,Sriperumbudur (Tamil Nadu),Chakan Assembly Alpha (Pune),Western DFC Electric Rail,Road (Heavy Haulage),689.8,19.7,2026-01-05 06:42:32,0,0.865,5.0,21.1,4.48,2026-01-05 11:12:32,4.5,1
SHP-TRK-12474,2026-01-04 15:00:00,Sanand Hub (Gujarat),Manesar Northern Plant,Coastal Maritime Lane,Rail (Dedicated Freight Corridor),1252.5,27.8,2026-01-05 18:49:58,0,0.827,5.9,7.7,4.5,2026-01-05 18:49:58,0.0,0
SHP-TRK-12475,2026-01-04 17:00:00,Sriperumbudur (Tamil Nadu),Oragadam Southern Plant (Chennai),Chennai-Bengaluru Expressway,Road (Heavy Haulage),577.8,16.5,2026-01-05 09:30:30,0,0.933,5.9,14.8,4.73,2026-01-05 17:12:30,7.7,1
SHP-TRK-12476,2026-01-04 22:00:00,Pune MIDC (Maharashtra),Manesar Northern Plant,Western DFC Electric Rail,Rail (Dedicated Freight Corridor),809.5,18.0,2026-01-05 15:59:19,0,0.888,3.5,27.6,3.89,2026-01-05 15:59:19,0.0,0
SHP-TRK-12477,2026-01-05 00:00:00,Pune MIDC (Maharashtra),Oragadam Southern Plant (Chennai),NH48 Western Corridor,Road (Heavy Haulage),1089.5,31.1,2026-01-06 07:07:45,0,0.945,7.5,22.5,3.92,2026-01-06 12:31:45,5.4,1
SHP-TRK-12478,2026-01-05 05:00:00,Gurugram (Haryana),Kundli DC,Golden Quadrilateral Delhi-Kolkata,Road (Heavy Haulage),938.6,26.8,2026-01-06 07:49:06,0,0.728,5.3,26.7,4.75,2026-01-06 07:49:06,0.0,0
SHP-TRK-12479,2026-01-05 08:00:00,Sanand Hub (Gujarat),Chakan Assembly Alpha (Pune),Chennai-Bengaluru Expressway,Road (Heavy Haulage),750.8,21.5,2026-01-06 05:27:01,0,0.927,5.2,17.7,4.04,2026-01-06 05:27:01,0.0,0
SHP-TRK-12480,2026-01-05 08:00:00,Pune MIDC (Maharashtra),Chakan Assembly Alpha (Pune),Golden Quadrilateral Delhi-Kolkata,Rail (Dedicated Freight Corridor),1328.9,29.5,2026-01-06 13:31:53,0,0.778,5.8,16.4,3.56,2026-01-06 13:31:53,0.0,0
SHP-TRK-12481,2026-01-05 11:00:00,Sanand Hub (Gujarat),Bhiwandi Central DC,NH48 Western Corridor,Road (Express),1244.2,35.5,2026-01-06 22:32:53,0,0.741,6.0,28.4,3.96,2026-01-06 22:32:53,0.0,0
SHP-TRK-12482,2026-01-05 12:00:00,Pune MIDC (Maharashtra),Oragadam Southern Plant (Chennai),Western DFC Electric Rail,Road (Express),1167.8,33.4,2026-01-06 21:21:59,0,0.74,5.7,19.6,4.44,2026-01-06 21:21:59,0.0,0
SHP-TRK-12483,2026-01-05 13:00:00,Gurugram (Haryana),Bhiwandi Central DC,Chennai-Bengaluru Expressway,Road (Heavy Haulage),396.5,11.3,2026-01-06 00:19:42,0,0.882,8.1,7.3,4.6,2026-01-06 00:19:42,0.0,0
SHP-TRK-12484,2026-01-05 14:00:00,Sriperumbudur (Tamil Nadu),Oragadam Southern Plant (Chennai),Coastal Maritime Lane,Road (Heavy Haulage),492.0,14.1,2026-01-06 04:03:29,0,0.871,1.7,10.5,3.85,2026-01-06 04:03:29,0.0,0
SHP-TRK-12485,2026-01-05 20:00:00,Gurugram (Haryana),Oragadam Southern Plant (Chennai),NH48 Western Corridor,Rail (Dedicated Freight Corridor),1397.8,31.1,2026-01-07 03:03:46,0,0.765,5.3,15.4,4.36,2026-01-07 03:03:46,0.0,0
SHP-TRK-12486,2026-01-06 01:00:00,Sriperumbudur (Tamil Nadu),Chakan Assembly Alpha (Pune),Golden Quadrilateral Delhi-Kolkata,Rail (Dedicated Freight Corridor),781.9,17.4,2026-01-06 18:22:35,0,0.763,3.5,10.3,4.21,2026-01-07 04:58:35,10.6,1
SHP-TRK-12487,2026-01-06 02:00:00,Sanand Hub (Gujarat),Manesar Northern Plant,Coastal Maritime Lane,Coastal Ro-Ro,1245.0,35.6,2026-01-07 13:34:17,0,0.789,1.2,27.4,4.22,2026-01-07 20:46:17,7.2,1
SHP-TRK-12488,2026-01-06 11:00:00,Sanand Hub (Gujarat),Bhiwandi Central DC,Golden Quadrilateral Delhi-Kolkata,Road (Express),1229.4,35.1,2026-01-07 22:07:27,0,0.777,6.8,14.3,3.58,2026-01-07 22:07:27,0.0,0
SHP-TRK-12489,2026-01-06 11:00:00,Pune MIDC (Maharashtra),Kundli DC,NH48 Western Corridor,Road (Heavy Haulage),398.4,11.4,2026-01-06 22:22:54,0,0.832,3.3,26.7,4.13,2026-01-06 22:22:54,0.0,0
SHP-TRK-12490,2026-01-06 12:00:00,Pune MIDC (Maharashtra),Oragadam Southern Plant (Chennai),Golden Quadrilateral Delhi-Kolkata,Road (Heavy Haulage),1186.1,33.9,2026-01-07 21:53:13,0,0.724,2.2,10.4,3.84,2026-01-07 21:53:13,0.0,0
SHP-TRK-12491,2026-01-06 16:00:00,Sriperumbudur (Tamil Nadu),Bhiwandi Central DC,Western DFC Electric Rail,Road (Heavy Haulage),691.4,19.8,2026-01-07 11:45:13,0,0.852,6.0,29.1,3.53,2026-01-07 11:45:13,0.0,0
SHP-TRK-12492,2026-01-06 17:00:00,Sriperumbudur (Tamil Nadu),Oragadam Southern Plant (Chennai),NH48 Western Corridor,Road (Heavy Haulage),920.7,26.3,2026-01-07 19:18:19,0,0.798,9.0,15.7,3.77,2026-01-08 13:12:19,17.9,1
SHP-TRK-12493,2026-01-06 18:00:00,Bengaluru Electronic City,Oragadam Southern Plant (Chennai),Golden Quadrilateral Delhi-Kolkata,Rail (Dedicated Freight Corridor),509.9,11.3,2026-01-07 05:19:54,0,0.955,7.3,13.7,3.9,2026-01-07 13:55:54,8.6,1
SHP-TRK-12494,2026-01-07 00:00:00,Sriperumbudur (Tamil Nadu),Chakan Assembly Alpha (Pune),NH48 Western Corridor,Coastal Ro-Ro,585.1,16.7,2026-01-07 16:43:04,0,0.748,3.1,27.5,3.74,2026-01-07 16:43:04,0.0,0
SHP-TRK-12495,2026-01-07 04:00:00,Gurugram (Haryana),Bhiwandi Central DC,Chennai-Bengaluru Expressway,Road (Express),993.6,28.4,2026-01-08 08:23:16,0,0.85,4.0,10.7,4.73,2026-01-08 08:23:16,0.0,0
SHP-TRK-12496,2026-01-07 04:00:00,Sriperumbudur (Tamil Nadu),Kundli DC,Golden Quadrilateral Delhi-Kolkata,Road (Heavy Haulage),1028.4,29.4,2026-01-08 09:22:58,0,0.894,6.2,10.6,3.47,2026-01-10 19:10:58,57.8,1
SHP-TRK-12497,2026-01-07 19:00:00,Bengaluru Electronic City,Oragadam Southern Plant (Chennai),Golden Quadrilateral Delhi-Kolkata,Road (Heavy Haulage),1144.4,32.7,2026-01-09 03:41:51,0,0.955,4.2,20.0,4.89,2026-01-09 03:41:51,0.0,0
SHP-TRK-12498,2026-01-07 20:00:00,Gurugram (Haryana),Manesar Northern Plant,NH48 Western Corridor,Road (Heavy Haulage),1240.3,35.4,2026-01-09 07:26:09,0,0.939,7.0,12.2,3.87,2026-01-09 07:26:09,0.0,0
SHP-TRK-12499,2026-01-07 22:00:00,Bengaluru Electronic City,Oragadam Southern Plant (Chennai),NH48 Western Corridor,Coastal Ro-Ro,943.1,26.9,2026-01-09 00:56:47,0,0.814,6.3,20.0,3.55,2026-01-09 00:56:47,0.0,0
SHP-TRK-12500,2026-01-07 23:00:00,Sanand Hub (Gujarat),Bhiwandi Central DC,NH48 Western Corridor,Road (Heavy Haulage),854.0,24.4,2026-01-08 23:23:58,0,0.89,1.4,12.5,4.18,2026-01-08 23:23:58,0.0,0
SHP-TRK-12501,2026-01-08 02:00:00,Sanand Hub (Gujarat),Chakan Assembly Alpha (Pune),NH48 Western Corridor,Rail (Dedicated Freight Corridor),1242.9,27.6,2026-01-09 05:37:09,0,0.896,4.8,29.7,3.75,2026-01-09 05:37:09,0.0,0
SHP-TRK-12502,2026-01-08 03:00:00,Sriperumbudur (Tamil Nadu),Manesar Northern Plant,NH48 Western Corridor,Road (Heavy Haulage),727.9,20.8,2026-01-08 23:47:44,0,0.796,6.7,22.4,4.0,2026-01-08 23:47:44,0.0,0
SHP-TRK-12503,2026-01-08 08:00:00,Bengaluru Electronic City,Chakan Assembly Alpha (Pune),NH48 Western Corridor,Road (Heavy Haulage),635.4,18.2,2026-01-09 02:09:19,0,0.862,7.2,15.4,4.64,2026-01-09 02:09:19,0.0,0
SHP-TRK-12504,2026-01-08 09:00:00,Gurugram (Haryana),Bhiwandi Central DC,Western DFC Electric Rail,Rail (Dedicated Freight Corridor),405.4,9.0,2026-01-08 18:00:34,0,0.908,5.8,18.4,4.07,2026-01-08 18:00:34,0.0,0
SHP-TRK-12505,2026-01-08 12:00:00,Sriperumbudur (Tamil Nadu),Oragadam Southern Plant (Chennai),Chennai-Bengaluru Expressway,Road (Express),1259.0,36.0,2026-01-09 23:58:18,0,0.924,1.1,29.6,4.73,2026-01-09 23:58:18,0.0,0
SHP-TRK-12506,2026-01-08 15:00:00,Sanand Hub (Gujarat),Oragadam Southern Plant (Chennai),Western DFC Electric Rail,Road (Express),749.1,21.4,2026-01-09 12:24:10,0,0.896,5.4,12.1,3.71,2026-01-09 12:24:10,0.0,0
SHP-TRK-12507,2026-01-08 19:00:00,Sriperumbudur (Tamil Nadu),Chakan Assembly Alpha (Pune),Western DFC Electric Rail,Rail (Dedicated Freight Corridor),613.7,13.6,2026-01-09 08:38:17,0,0.854,6.2,31.0,4.48,2026-01-09 08:38:17,0.0,0
SHP-TRK-12508,2026-01-08 20:00:00,Bengaluru Electronic City,Oragadam Southern Plant (Chennai),NH48 Western Corridor,Road (Heavy Haulage),1268.1,36.2,2026-01-10 08:13:48,0,0.82,4.7,12.0,3.49,2026-01-10 08:13:48,0.0,0
SHP-TRK-12509,2026-01-08 21:00:00,Sriperumbudur (Tamil Nadu),Oragadam Southern Plant (Chennai),Western DFC Electric Rail,Rail (Dedicated Freight Corridor),1208.6,26.9,2026-01-09 23:51:29,0,0.915,7.2,18.2,4.8,2026-01-09 23:51:29,0.0,0
SHP-TRK-12510,2026-01-09 01:00:00,Sanand Hub (Gujarat),Chakan Assembly Alpha (Pune),Western DFC Electric Rail,Road (Heavy Haulage),259.8,7.4,2026-01-09 08:25:26,0,0.907,5.5,17.8,4.18,2026-01-09 08:25:26,0.0,0
SHP-TRK-12511,2026-01-09 04:00:00,Sanand Hub (Gujarat),Chakan Assembly Alpha (Pune),Golden Quadrilateral Delhi-Kolkata,Road (Heavy Haulage),955.9,27.3,2026-01-10 07:18:45,0,0.845,5.6,19.9,3.55,2026-01-10 07:18:45,0.0,0
SHP-TRK-12512,2026-01-09 07:00:00,Gurugram (Haryana),Manesar Northern Plant,Western DFC Electric Rail,Rail (Dedicated Freight Corridor),1157.8,25.7,2026-01-10 08:43:42,0,0.872,1.4,29.0,3.61,2026-01-10 08:43:42,0.0,0
SHP-TRK-12513,2026-01-09 09:00:00,Sanand Hub (Gujarat),Manesar Northern Plant,Golden Quadrilateral Delhi-Kolkata,Road (Express),1348.9,38.5,2026-01-10 23:32:24,0,0.811,5.5,21.5,3.87,2026-01-10 23:32:24,0.0,0
SHP-TRK-12514,2026-01-09 14:00:00,Gurugram (Haryana),Chakan Assembly Alpha (Pune),Western DFC Electric Rail,Road (Express),1230.3,35.2,2026-01-11 01:09:02,0,0.727,1.6,6.4,4.3,2026-01-11 01:09:02,0.0,0
SHP-TRK-12515,2026-01-09 15:00:00,Gurugram (Haryana),Oragadam Southern Plant (Chennai),NH48 Western Corridor,Road (Heavy Haulage),259.7,7.4,2026-01-09 22:25:10,0,0.922,7.5,31.9,3.43,2026-01-09 22:25:10,0.0,0
SHP-TRK-12516,2026-01-09 17:00:00,Sanand Hub (Gujarat),Manesar Northern Plant,NH48 Western Corridor,Coastal Ro-Ro,395.9,11.3,2026-01-10 04:18:39,0,0.902,6.3,11.4,3.59,2026-01-10 04:18:39,0.0,0
SHP-TRK-12517,2026-01-09 17:00:00,Gurugram (Haryana),Chakan Assembly Alpha (Pune),NH48 Western Corridor,Road (Heavy Haulage),475.4,13.6,2026-01-10 06:34:59,0,0.857,6.5,18.0,3.95,2026-01-10 06:34:59,0.0,0
SHP-TRK-12518,2026-01-09 20:00:00,Sanand Hub (Gujarat),Kundli DC,NH48 Western Corridor,Road (Express),789.0,22.5,2026-01-10 18:32:35,0,0.885,2.5,20.4,3.71,2026-01-10 18:32:35,0.0,0
SHP-TRK-12519,2026-01-09 21:00:00,Sanand Hub (Gujarat),Bhiwandi Central DC,NH48 Western Corridor,Road (Heavy Haulage),1135.5,32.4,2026-01-11 05:26:29,0,0.911,3.2,28.5,3.92,2026-01-11 05:26:29,0.0,0
SHP-TRK-12520,2026-01-10 00:00:00,Bengaluru Electronic City,Manesar Northern Plant,Western DFC Electric Rail,Road (Heavy Haulage),1034.3,29.6,2026-01-11 05:33:02,0,0.86,5.9,19.5,4.02,2026-01-11 05:33:02,0.0,0
SHP-TRK-12521,2026-01-10 03:00:00,Sriperumbudur (Tamil Nadu),Bhiwandi Central DC,Western DFC Electric Rail,Rail (Dedicated Freight Corridor),1419.3,31.5,2026-01-11 10:32:22,0,0.748,2.7,13.9,4.34,2026-01-11 10:32:22,0.0,0
SHP-TRK-12522,2026-01-10 03:00:00,Sanand Hub (Gujarat),Chakan Assembly Alpha (Pune),Golden Quadrilateral Delhi-Kolkata,Road (Heavy Haulage),1301.0,37.2,2026-01-11 16:10:21,0,0.928,2.5,20.0,4.61,2026-01-12 01:22:21,9.2,1
SHP-TRK-12523,2026-01-10 07:00:00,Bengaluru Electronic City,Chakan Assembly Alpha (Pune),NH48 Western Corridor,Road (Heavy Haulage),721.8,20.6,2026-01-11 03:37:25,0,0.847,3.8,30.3,4.66,2026-01-11 03:37:25,0.0,0
SHP-TRK-12524,2026-01-10 17:00:00,Pune MIDC (Maharashtra),Manesar Northern Plant,NH48 Western Corridor,Rail (Dedicated Freight Corridor),986.2,21.9,2026-01-11 14:54:52,0,0.813,1.9,16.7,4.84,2026-01-11 14:54:52,0.0,0
SHP-TRK-12525,2026-01-11 01:00:00,Bengaluru Electronic City,Oragadam Southern Plant (Chennai),NH48 Western Corridor,Air Cargo Express,420.7,7.0,2026-01-11 08:00:42,0,0.793,8.2,8.9,4.67,2026-01-11 20:42:42,12.7,1
SHP-TRK-12526,2026-01-11 06:00:00,Gurugram (Haryana),Oragadam Southern Plant (Chennai),NH48 Western Corridor,Coastal Ro-Ro,438.2,12.5,2026-01-11 18:31:14,0,0.967,5.1,9.6,4.57,2026-01-11 18:31:14,0.0,0
SHP-TRK-12527,2026-01-11 12:00:00,Pune MIDC (Maharashtra),Bhiwandi Central DC,Chennai-Bengaluru Expressway,Rail (Dedicated Freight Corridor),862.0,19.2,2026-01-12 07:09:22,0,0.878,7.1,16.2,4.34,2026-01-12 17:09:22,10.0,1
SHP-TRK-12528,2026-01-11 12:00:00,Sanand Hub (Gujarat),Chakan Assembly Alpha (Pune),NH48 Western Corridor,Road (Heavy Haulage),1142.1,32.6,2026-01-12 20:37:53,0,0.787,2.0,23.7,3.43,2026-01-12 20:37:53,0.0,0
SHP-TRK-12529,2026-01-11 23:00:00,Sanand Hub (Gujarat),Kundli DC,Coastal Maritime Lane,Road (Heavy Haulage),579.1,16.5,2026-01-12 15:32:39,0,0.777,2.7,6.8,4.87,2026-01-12 15:32:39,0.0,0
SHP-TRK-12530,2026-01-12 04:00:00,Gurugram (Haryana),Bhiwandi Central DC,Golden Quadrilateral Delhi-Kolkata,Road (Express),1241.5,35.5,2026-01-13 15:28:12,0,0.774,4.1,22.1,4.39,2026-01-13 15:28:12,0.0,0
SHP-TRK-12531,2026-01-12 05:00:00,Pune MIDC (Maharashtra),Oragadam Southern Plant (Chennai),Coastal Maritime Lane,Road (Express),434.2,12.4,2026-01-12 17:24:19,0,0.961,5.2,22.2,4.01,2026-01-12 17:24:19,0.0,0
SHP-TRK-12532,2026-01-12 05:00:00,Bengaluru Electronic City,Oragadam Southern Plant (Chennai),Western DFC Electric Rail,Road (Heavy Haulage),599.3,17.1,2026-01-12 22:07:22,0,0.961,1.7,17.1,4.75,2026-01-12 22:07:22,0.0,0
SHP-TRK-12533,2026-01-12 07:00:00,Pune MIDC (Maharashtra),Manesar Northern Plant,NH48 Western Corridor,Road (Heavy Haulage),358.2,10.2,2026-01-12 17:13:59,0,0.924,3.6,22.9,4.1,2026-01-12 17:13:59,0.0,0
SHP-TRK-12534,2026-01-12 09:00:00,Sriperumbudur (Tamil Nadu),Bhiwandi Central DC,NH48 Western Corridor,Road (Heavy Haulage),406.1,11.6,2026-01-12 20:36:10,0,0.74,5.8,9.7,4.2,2026-01-14 08:24:10,35.8,1
SHP-TRK-12535,2026-01-12 17:00:00,Sanand Hub (Gujarat),Chakan Assembly Alpha (Pune),Western DFC Electric Rail,Road (Heavy Haulage),1052.2,30.1,2026-01-13 23:03:41,0,0.887,2.2,21.9,4.1,2026-01-13 23:03:41,0.0,0
SHP-TRK-12536,2026-01-12 17:00:00,Pune MIDC (Maharashtra),Oragadam Southern Plant (Chennai),Chennai-Bengaluru Expressway,Road (Heavy Haulage),504.6,14.4,2026-01-13 07:24:57,0,0.796,6.7,23.3,3.68,2026-01-13 07:24:57,0.0,0
SHP-TRK-12537,2026-01-12 18:00:00,Bengaluru Electronic City,Chakan Assembly Alpha (Pune),NH48 Western Corridor,Rail (Dedicated Freight Corridor),1076.7,23.9,2026-01-13 17:55:37,0,0.72,1.5,16.4,4.74,2026-01-13 17:55:37,0.0,0
SHP-TRK-12538,2026-01-13 03:00:00,Gurugram (Haryana),Oragadam Southern Plant (Chennai),NH48 Western Corridor,Road (Heavy Haulage),1060.9,30.3,2026-01-14 09:18:43,0,0.755,3.4,6.0,3.71,2026-01-14 09:18:43,0.0,0
SHP-TRK-12539,2026-01-13 04:00:00,Sanand Hub (Gujarat),Oragadam Southern Plant (Chennai),Western DFC Electric Rail,Road (Heavy Haulage),1148.8,32.8,2026-01-14 12:49:27,0,0.749,7.3,5.2,4.28,2026-01-14 12:49:27,0.0,0
SHP-TRK-12540,2026-01-13 04:00:00,Gurugram (Haryana),Manesar Northern Plant,Western DFC Electric Rail,Road (Heavy Haulage),724.9,20.7,2026-01-14 00:42:45,0,0.845,2.6,18.3,4.29,2026-01-14 23:48:45,23.1,1
SHP-TRK-12541,2026-01-13 05:00:00,Sanand Hub (Gujarat),Bhiwandi Central DC,NH48 Western Corridor,Rail (Dedicated Freight Corridor),304.8,6.8,2026-01-13 11:46:21,0,0.884,4.0,29.5,4.82,2026-01-13 16:22:21,4.6,1
SHP-TRK-12542,2026-01-13 06:00:00,Gurugram (Haryana),Chakan Assembly Alpha (Pune),NH48 Western Corridor,Road (Express),1091.7,31.2,2026-01-14 13:11:26,0,0.946,1.8,11.1,3.44,2026-01-14 17:47:26,4.6,1
SHP-TRK-12543,2026-01-13 07:00:00,Pune MIDC (Maharashtra),Chakan Assembly Alpha (Pune),Golden Quadrilateral Delhi-Kolkata,Rail (Dedicated Freight Corridor),843.9,18.8,2026-01-14 01:45:14,0,0.832,1.1,20.1,3.79,2026-01-15 02:03:14,24.3,1
SHP-TRK-12544,2026-01-13 10:00:00,Sriperumbudur (Tamil Nadu),Manesar Northern Plant,NH48 Western Corridor,Rail (Dedicated Freight Corridor),570.5,12.7,2026-01-13 22:40:40,0,0.944,1.1,9.5,4.63,2026-01-13 22:40:40,0.0,0
SHP-TRK-12545,2026-01-13 12:00:00,Bengaluru Electronic City,Manesar Northern Plant,NH48 Western Corridor,Rail (Dedicated Freight Corridor),996.1,22.1,2026-01-14 10:08:08,0,0.932,8.9,5.3,4.02,2026-01-14 10:08:08,0.0,0
SHP-TRK-12546,2026-01-13 17:00:00,Sanand Hub (Gujarat),Manesar Northern Plant,NH48 Western Corridor,Road (Heavy Haulage),563.6,16.1,2026-01-14 09:06:14,0,0.814,4.9,14.4,3.76,2026-01-14 09:06:14,0.0,0
SHP-TRK-12547,2026-01-13 17:00:00,Sriperumbudur (Tamil Nadu),Bhiwandi Central DC,Western DFC Electric Rail,Road (Heavy Haulage),1028.4,29.4,2026-01-14 22:23:01,0,0.867,3.9,22.2,4.2,2026-01-15 08:53:01,10.5,1
SHP-TRK-12548,2026-01-13 19:00:00,Sanand Hub (Gujarat),Oragadam Southern Plant (Chennai),Golden Quadrilateral Delhi-Kolkata,Rail (Dedicated Freight Corridor),386.0,8.6,2026-01-14 03:34:43,0,0.978,5.8,14.5,4.26,2026-01-14 03:34:43,0.0,0
SHP-TRK-12549,2026-01-13 22:00:00,Gurugram (Haryana),Oragadam Southern Plant (Chennai),NH48 Western Corridor,Rail (Dedicated Freight Corridor),715.8,15.9,2026-01-14 13:54:22,0,0.794,6.6,14.4,4.68,2026-01-15 00:24:22,10.5,1
SHP-TRK-12550,2026-01-13 22:00:00,Pune MIDC (Maharashtra),Oragadam Southern Plant (Chennai),NH48 Western Corridor,Coastal Ro-Ro,309.7,8.8,2026-01-14 06:50:55,0,0.753,1.9,6.9,4.3,2026-01-14 06:50:55,0.0,0
SHP-TRK-12551,2026-01-14 05:00:00,Sriperumbudur (Tamil Nadu),Manesar Northern Plant,NH48 Western Corridor,Road (Express),996.8,28.5,2026-01-15 09:28:44,0,0.871,8.5,10.9,4.51,2026-01-16 04:16:44,18.8,1
SHP-TRK-12552,2026-01-14 07:00:00,Bengaluru Electronic City,Manesar Northern Plant,Coastal Maritime Lane,Road (Heavy Haulage),381.9,10.9,2026-01-14 17:54:42,0,0.738,1.4,16.2,4.75,2026-01-15 17:00:42,23.1,1
SHP-TRK-12553,2026-01-14 07:00:00,Bengaluru Electronic City,Manesar Northern Plant,NH48 Western Corridor,Road (Heavy Haulage),601.5,17.2,2026-01-15 00:11:11,0,0.779,6.2,8.1,4.4,2026-01-15 00:11:11,0.0,0
SHP-TRK-12554,2026-01-14 12:00:00,Pune MIDC (Maharashtra),Kundli DC,Western DFC Electric Rail,Coastal Ro-Ro,844.5,24.1,2026-01-15 12:07:38,0,0.807,6.7,19.3,3.76,2026-01-15 12:07:38,0.0,0
SHP-TRK-12555,2026-01-14 12:00:00,Bengaluru Electronic City,Oragadam Southern Plant (Chennai),NH48 Western Corridor,Road (Express),796.8,22.8,2026-01-15 10:45:54,0,0.831,1.6,15.8,3.5,2026-01-15 10:45:54,0.0,0
SHP-TRK-12556,2026-01-14 16:00:00,Sriperumbudur (Tamil Nadu),Kundli DC,Western DFC Electric Rail,Coastal Ro-Ro,868.1,24.8,2026-01-15 16:48:11,0,0.794,9.0,12.0,3.4,2026-01-15 16:48:11,0.0,0
SHP-TRK-12557,2026-01-15 00:00:00,Bengaluru Electronic City,Chakan Assembly Alpha (Pune),Western DFC Electric Rail,Road (Express),936.6,26.8,2026-01-16 02:45:36,0,0.794,7.5,4.6,4.76,2026-01-16 21:51:36,19.1,1
SHP-TRK-12558,2026-01-15 01:00:00,Sanand Hub (Gujarat),Oragadam Southern Plant (Chennai),Chennai-Bengaluru Expressway,Rail (Dedicated Freight Corridor),310.6,6.9,2026-01-15 07:54:09,0,0.83,2.5,5.1,3.72,2026-01-17 16:24:09,56.5,1
SHP-TRK-12559,2026-01-15 02:00:00,Gurugram (Haryana),Chakan Assembly Alpha (Pune),Golden Quadrilateral Delhi-Kolkata,Coastal Ro-Ro,385.9,11.0,2026-01-15 13:01:28,0,0.871,3.5,15.0,4.03,2026-01-15 13:01:28,0.0,0
SHP-TRK-12560,2026-01-15 02:00:00,Sriperumbudur (Tamil Nadu),Bhiwandi Central DC,Coastal Maritime Lane,Road (Heavy Haulage),1376.2,39.3,2026-01-16 17:19:07,0,0.731,1.1,16.2,3.82,2026-01-16 17:19:07,0.0,0
SHP-TRK-12561,2026-01-15 02:00:00,Bengaluru Electronic City,Manesar Northern Plant,NH48 Western Corridor,Rail (Dedicated Freight Corridor),1311.4,29.1,2026-01-16 07:08:32,0,0.897,3.9,23.3,3.65,2026-01-16 19:56:32,12.8,1
SHP-TRK-12562,2026-01-15 05:00:00,Sanand Hub (Gujarat),Oragadam Southern Plant (Chennai),Western DFC Electric Rail,Road (Heavy Haulage),1058.9,30.3,2026-01-16 11:15:13,0,0.759,1.2,26.3,4.14,2026-01-16 21:09:13,9.9,1
SHP-TRK-12563,2026-01-15 05:00:00,Pune MIDC (Maharashtra),Bhiwandi Central DC,NH48 Western Corridor,Road (Express),1114.2,31.8,2026-01-16 12:50:05,0,0.784,2.7,19.5,3.48,2026-01-16 12:50:05,0.0,0
SHP-TRK-12564,2026-01-15 07:00:00,Sanand Hub (Gujarat),Bhiwandi Central DC,Western DFC Electric Rail,Air Cargo Express,764.6,12.7,2026-01-15 19:44:35,0,0.94,6.8,20.4,3.7,2026-01-15 19:44:35,0.0,0
SHP-TRK-12565,2026-01-15 08:00:00,Bengaluru Electronic City,Chakan Assembly Alpha (Pune),Western DFC Electric Rail,Road (Heavy Haulage),452.9,12.9,2026-01-15 20:56:25,0,0.93,2.2,17.7,4.13,2026-01-15 20:56:25,0.0,0
SHP-TRK-12566,2026-01-15 13:00:00,Bengaluru Electronic City,Oragadam Southern Plant (Chennai),Coastal Maritime Lane,Road (Express),1007.4,28.8,2026-01-16 17:46:55,0,0.926,1.1,28.7,4.26,2026-01-16 17:46:55,0.0,0
SHP-TRK-12567,2026-01-15 13:00:00,Pune MIDC (Maharashtra),Oragadam Southern Plant (Chennai),Chennai-Bengaluru Expressway,Road (Heavy Haulage),966.2,27.6,2026-01-16 16:36:20,0,0.871,6.3,28.0,3.72,2026-01-16 16:36:20,0.0,0
SHP-TRK-12568,2026-01-15 13:00:00,Bengaluru Electronic City,Kundli DC,Coastal Maritime Lane,Rail (Dedicated Freight Corridor),1226.0,27.2,2026-01-16 16:14:43,0,0.893,3.8,12.9,4.05,2026-01-16 16:14:43,0.0,0
SHP-TRK-12569,2026-01-16 00:00:00,Pune MIDC (Maharashtra),Bhiwandi Central DC,Golden Quadrilateral Delhi-Kolkata,Road (Heavy Haulage),843.5,24.1,2026-01-17 00:05:55,0,0.804,4.3,29.1,3.83,2026-01-17 00:05:55,0.0,0
SHP-TRK-12570,2026-01-16 03:00:00,Bengaluru Electronic City,Chakan Assembly Alpha (Pune),NH48 Western Corridor,Rail (Dedicated Freight Corridor),1230.9,27.4,2026-01-17 06:21:14,0,0.779,5.8,7.9,4.08,2026-01-17 06:21:14,0.0,0
SHP-TRK-12571,2026-01-16 06:00:00,Pune MIDC (Maharashtra),Bhiwandi Central DC,Chennai-Bengaluru Expressway,Road (Express),370.6,10.6,2026-01-16 16:35:14,0,0.896,3.1,26.1,4.75,2026-01-16 16:35:14,0.0,0
SHP-TRK-12572,2026-01-16 10:00:00,Sanand Hub (Gujarat),Oragadam Southern Plant (Chennai),NH48 Western Corridor,Road (Heavy Haulage),367.8,10.5,2026-01-16 20:30:25,0,0.82,8.9,20.1,4.11,2026-01-16 20:30:25,0.0,0
SHP-TRK-12573,2026-01-16 11:00:00,Sriperumbudur (Tamil Nadu),Kundli DC,NH48 Western Corridor,Rail (Dedicated Freight Corridor),841.5,18.7,2026-01-17 05:41:57,0,0.978,4.1,20.8,4.71,2026-01-17 11:47:57,6.1,1
SHP-TRK-12574,2026-01-16 11:00:00,Bengaluru Electronic City,Oragadam Southern Plant (Chennai),Coastal Maritime Lane,Road (Heavy Haulage),351.3,10.0,2026-01-16 21:02:10,0,0.933,3.7,27.9,3.92,2026-01-16 21:02:10,0.0,0
SHP-TRK-12575,2026-01-16 16:00:00,Sanand Hub (Gujarat),Chakan Assembly Alpha (Pune),NH48 Western Corridor,Road (Express),562.5,16.1,2026-01-17 08:04:17,0,0.773,3.8,6.5,4.69,2026-01-17 08:04:17,0.0,0
SHP-TRK-12576,2026-01-16 19:00:00,Bengaluru Electronic City,Manesar Northern Plant,Golden Quadrilateral Delhi-Kolkata,Rail (Dedicated Freight Corridor),874.8,19.4,2026-01-17 14:26:26,0,0.853,6.1,23.8,3.9,2026-01-17 14:26:26,0.0,0
SHP-TRK-12577,2026-01-16 20:00:00,Bengaluru Electronic City,Oragadam Southern Plant (Chennai),Western DFC Electric Rail,Road (Heavy Haulage),737.2,21.1,2026-01-17 17:03:44,0,0.938,1.6,20.2,3.98,2026-01-17 17:03:44,0.0,0
SHP-TRK-12578,2026-01-16 20:00:00,Bengaluru Electronic City,Bhiwandi Central DC,Chennai-Bengaluru Expressway,Road (Heavy Haulage),1325.6,37.9,2026-01-18 09:52:28,0,0.889,7.2,21.4,4.85,2026-01-18 09:52:28,0.0,0
SHP-TRK-12579,2026-01-16 20:00:00,Bengaluru Electronic City,Chakan Assembly Alpha (Pune),Western DFC Electric Rail,Road (Heavy Haulage),472.2,13.5,2026-01-17 09:29:31,0,0.956,4.3,27.9,3.87,2026-01-17 09:29:31,0.0,0
SHP-TRK-12580,2026-01-16 20:00:00,Sanand Hub (Gujarat),Chakan Assembly Alpha (Pune),Coastal Maritime Lane,Rail (Dedicated Freight Corridor),716.7,15.9,2026-01-17 11:55:34,0,0.886,4.4,5.8,3.5,2026-01-17 11:55:34,0.0,0
SHP-TRK-12581,2026-01-16 21:00:00,Gurugram (Haryana),Bhiwandi Central DC,Western DFC Electric Rail,Road (Heavy Haulage),384.4,11.0,2026-01-17 07:59:01,0,0.903,7.6,27.1,4.18,2026-01-17 16:17:01,8.3,1
SHP-TRK-12582,2026-01-16 21:00:00,Gurugram (Haryana),Kundli DC,Golden Quadrilateral Delhi-Kolkata,Road (Heavy Haulage),1355.6,38.7,2026-01-18 11:43:51,0,0.788,7.6,11.9,4.16,2026-01-18 18:49:51,7.1,1
SHP-TRK-12583,2026-01-17 01:00:00,Pune MIDC (Maharashtra),Oragadam Southern Plant (Chennai),NH48 Western Corridor,Road (Heavy Haulage),925.4,26.4,2026-01-18 03:26:27,0,0.872,5.6,6.6,4.76,2026-01-18 03:26:27,0.0,0
SHP-TRK-12584,2026-01-17 02:00:00,Sriperumbudur (Tamil Nadu),Manesar Northern Plant,Western DFC Electric Rail,Coastal Ro-Ro,1059.2,30.3,2026-01-18 08:15:45,0,0.908,3.1,20.5,3.84,2026-01-18 08:15:45,0.0,0
SHP-TRK-12585,2026-01-17 04:00:00,Gurugram (Haryana),Manesar Northern Plant,Western DFC Electric Rail,Road (Heavy Haulage),732.2,20.9,2026-01-18 00:55:15,0,0.938,4.9,29.3,4.39,2026-01-18 00:55:15,0.0,0
SHP-TRK-12586,2026-01-17 05:00:00,Gurugram (Haryana),Chakan Assembly Alpha (Pune),NH48 Western Corridor,Road (Express),1256.6,35.9,2026-01-18 16:54:14,0,0.875,8.5,28.3,4.3,2026-01-18 23:00:14,6.1,1
SHP-TRK-12587,2026-01-17 06:00:00,Sriperumbudur (Tamil Nadu),Chakan Assembly Alpha (Pune),Western DFC Electric Rail,Road (Heavy Haulage),308.7,8.8,2026-01-17 14:49:12,0,0.947,7.5,26.1,4.22,2026-01-17 19:31:12,4.7,1
SHP-TRK-12588,2026-01-17 09:00:00,Gurugram (Haryana),Oragadam Southern Plant (Chennai),NH48 Western Corridor,Road (Heavy Haulage),1059.2,30.3,2026-01-18 15:15:46,0,0.888,1.8,17.4,4.14,2026-01-18 15:15:46,0.0,0
SHP-TRK-12589,2026-01-17 12:00:00,Sriperumbudur (Tamil Nadu),Bhiwandi Central DC,Western DFC Electric Rail,Rail (Dedicated Freight Corridor),1274.3,28.3,2026-01-18 16:19:04,0,0.954,4.1,9.3,3.72,2026-01-18 16:19:04,0.0,0
SHP-TRK-12590,2026-01-17 15:00:00,Gurugram (Haryana),Chakan Assembly Alpha (Pune),Western DFC Electric Rail,Coastal Ro-Ro,1179.7,33.7,2026-01-19 00:42:19,0,0.824,8.9,10.8,4.81,2026-01-19 05:24:19,4.7,1
SHP-TRK-12591,2026-01-17 16:00:00,Bengaluru Electronic City,Manesar Northern Plant,Chennai-Bengaluru Expressway,Rail (Dedicated Freight Corridor),1047.9,23.3,2026-01-18 15:17:12,0,0.866,6.7,25.2,3.51,2026-01-18 20:53:12,5.6,1
SHP-TRK-12592,2026-01-17 18:00:00,Bengaluru Electronic City,Oragadam Southern Plant (Chennai),Coastal Maritime Lane,Rail (Dedicated Freight Corridor),646.9,14.4,2026-01-18 08:22:35,0,0.918,5.3,10.6,4.85,2026-01-18 08:22:35,0.0,0
SHP-TRK-12593,2026-01-17 18:00:00,Sanand Hub (Gujarat),Oragadam Southern Plant (Chennai),NH48 Western Corridor,Road (Heavy Haulage),994.7,28.4,2026-01-18 22:25:14,0,0.939,6.8,17.2,3.85,2026-01-18 22:25:14,0.0,0
SHP-TRK-12594,2026-01-17 19:00:00,Pune MIDC (Maharashtra),Oragadam Southern Plant (Chennai),Golden Quadrilateral Delhi-Kolkata,Air Cargo Express,1331.8,22.2,2026-01-18 17:11:45,0,0.776,6.3,24.8,4.16,2026-01-18 17:11:45,0.0,0
SHP-TRK-12595,2026-01-17 20:00:00,Sanand Hub (Gujarat),Chakan Assembly Alpha (Pune),Chennai-Bengaluru Expressway,Road (Heavy Haulage),1259.1,36.0,2026-01-19 07:58:23,0,0.747,8.6,9.5,3.72,2026-01-19 07:58:23,0.0,0
SHP-TRK-12596,2026-01-17 21:00:00,Gurugram (Haryana),Manesar Northern Plant,Golden Quadrilateral Delhi-Kolkata,Road (Heavy Haulage),471.2,13.5,2026-01-18 10:27:50,0,0.819,4.0,11.0,4.42,2026-01-18 10:27:50,0.0,0
SHP-TRK-12597,2026-01-17 22:00:00,Bengaluru Electronic City,Chakan Assembly Alpha (Pune),NH48 Western Corridor,Road (Heavy Haulage),882.1,25.2,2026-01-18 23:12:12,0,0.792,6.6,15.8,3.79,2026-01-20 18:24:12,43.2,1
SHP-TRK-12598,2026-01-18 01:00:00,Bengaluru Electronic City,Oragadam Southern Plant (Chennai),NH48 Western Corridor,Road (Heavy Haulage),612.9,17.5,2026-01-18 18:30:36,0,0.945,7.1,23.2,4.16,2026-01-18 18:30:36,0.0,0
SHP-TRK-12599,2026-01-18 01:00:00,Bengaluru Electronic City,Chakan Assembly Alpha (Pune),Western DFC Electric Rail,Road (Heavy Haulage),318.8,9.1,2026-01-18 10:06:28,0,0.743,3.1,14.6,3.58,2026-01-18 10:06:28,0.0,0
SHP-TRK-12600,2026-01-18 02:00:00,Sanand Hub (Gujarat),Chakan Assembly Alpha (Pune),NH48 Western Corridor,Road (Heavy Haulage),336.7,9.6,2026-01-18 11:37:08,0,0.903,4.1,13.5,3.75,2026-01-18 19:13:08,7.6,1
SHP-TRK-12601,2026-01-18 03:00:00,Gurugram (Haryana),Bhiwandi Central DC,Western DFC Electric Rail,Road (Heavy Haulage),557.1,15.9,2026-01-18 18:55:00,0,0.747,6.6,8.1,4.35,2026-01-18 18:55:00,0.0,0
SHP-TRK-12602,2026-01-18 06:00:00,Sriperumbudur (Tamil Nadu),Kundli DC,Golden Quadrilateral Delhi-Kolkata,Road (Express),676.7,19.3,2026-01-19 01:20:04,0,0.722,6.9,32.0,4.88,2026-01-19 01:20:04,0.0,0
SHP-TRK-12603,2026-01-18 08:00:00,Sanand Hub (Gujarat),Chakan Assembly Alpha (Pune),Western DFC Electric Rail,Road (Heavy Haulage),1206.4,34.5,2026-01-19 18:28:04,0,0.809,8.2,19.5,4.58,2026-01-19 18:28:04,0.0,0
SHP-TRK-12604,2026-01-18 14:00:00,Sanand Hub (Gujarat),Bhiwandi Central DC,NH48 Western Corridor,Road (Heavy Haulage),969.3,27.7,2026-01-19 17:41:44,0,0.955,5.6,22.3,3.79,2026-01-19 17:41:44,0.0,0
SHP-TRK-12605,2026-01-18 18:00:00,Pune MIDC (Maharashtra),Oragadam Southern Plant (Chennai),NH48 Western Corridor,Road (Heavy Haulage),545.4,15.6,2026-01-19 09:34:53,0,0.779,3.3,9.5,4.27,2026-01-19 09:34:53,0.0,0
SHP-TRK-12606,2026-01-18 19:00:00,Sriperumbudur (Tamil Nadu),Oragadam Southern Plant (Chennai),NH48 Western Corridor,Road (Express),935.4,26.7,2026-01-19 21:43:28,0,0.792,5.2,13.4,4.74,2026-01-19 21:43:28,0.0,0
SHP-TRK-12607,2026-01-18 19:00:00,Pune MIDC (Maharashtra),Chakan Assembly Alpha (Pune),Coastal Maritime Lane,Road (Heavy Haulage),774.7,22.1,2026-01-19 17:07:59,0,0.965,4.1,30.7,4.39,2026-01-19 17:07:59,0.0,0
SHP-TRK-12608,2026-01-18 21:00:00,Sanand Hub (Gujarat),Oragadam Southern Plant (Chennai),Chennai-Bengaluru Expressway,Coastal Ro-Ro,474.9,13.6,2026-01-19 10:34:03,0,0.824,7.7,20.4,4.64,2026-01-19 10:34:03,0.0,0
SHP-TRK-12609,2026-01-18 23:00:00,Gurugram (Haryana),Chakan Assembly Alpha (Pune),NH48 Western Corridor,Road (Heavy Haulage),1372.3,39.2,2026-01-20 14:12:33,0,0.844,1.5,13.3,4.61,2026-01-20 14:12:33,0.0,0
SHP-TRK-12610,2026-01-19 00:00:00,Pune MIDC (Maharashtra),Manesar Northern Plant,Coastal Maritime Lane,Road (Heavy Haulage),508.7,14.5,2026-01-19 14:31:59,0,0.884,1.5,6.7,4.34,2026-01-20 06:13:59,15.7,1
SHP-TRK-12611,2026-01-19 03:00:00,Sanand Hub (Gujarat),Chakan Assembly Alpha (Pune),NH48 Western Corridor,Air Cargo Express,509.9,8.5,2026-01-19 11:29:51,0,0.83,7.7,11.5,3.93,2026-01-19 11:29:51,0.0,0
SHP-TRK-12612,2026-01-19 09:00:00,Bengaluru Electronic City,Chakan Assembly Alpha (Pune),NH48 Western Corridor,Rail (Dedicated Freight Corridor),1004.6,22.3,2026-01-20 07:19:31,0,0.778,4.1,28.1,3.63,2026-01-20 07:19:31,0.0,0
SHP-TRK-12613,2026-01-19 09:00:00,Sriperumbudur (Tamil Nadu),Manesar Northern Plant,Western DFC Electric Rail,Road (Heavy Haulage),562.8,16.1,2026-01-20 01:04:48,0,0.841,7.2,8.9,4.83,2026-01-20 09:28:48,8.4,1
SHP-TRK-12614,2026-01-19 11:00:00,Pune MIDC (Maharashtra),Chakan Assembly Alpha (Pune),NH48 Western Corridor,Road (Heavy Haulage),1015.8,29.0,2026-01-20 16:01:19,0,0.839,8.7,10.5,4.45,2026-01-20 16:01:19,0.0,0
SHP-TRK-12615,2026-01-19 13:00:00,Pune MIDC (Maharashtra),Oragadam Southern Plant (Chennai),NH48 Western Corridor,Rail (Dedicated Freight Corridor),772.6,17.2,2026-01-20 06:10:05,0,0.953,8.6,24.3,4.63,2026-01-20 06:10:05,0.0,0
SHP-TRK-12616,2026-01-19 20:00:00,Sanand Hub (Gujarat),Chakan Assembly Alpha (Pune),NH48 Western Corridor,Rail (Dedicated Freight Corridor),1391.7,30.9,2026-01-21 02:55:33,0,0.833,4.4,23.1,4.11,2026-01-21 02:55:33,0.0,0
SHP-TRK-12617,2026-01-20 00:00:00,Sanand Hub (Gujarat),Bhiwandi Central DC,NH48 Western Corridor,Road (Heavy Haulage),1008.0,28.8,2026-01-21 04:47:56,0,0.744,8.8,21.9,3.91,2026-01-21 04:47:56,0.0,0
SHP-TRK-12618,2026-01-20 01:00:00,Gurugram (Haryana),Chakan Assembly Alpha (Pune),NH48 Western Corridor,Road (Heavy Haulage),807.8,23.1,2026-01-21 00:04:52,0,0.742,5.1,13.5,4.35,2026-01-21 00:04:52,0.0,0
SHP-TRK-12619,2026-01-20 03:00:00,Sanand Hub (Gujarat),Bhiwandi Central DC,Coastal Maritime Lane,Rail (Dedicated Freight Corridor),687.8,15.3,2026-01-20 18:17:04,0,0.976,5.6,31.3,4.62,2026-01-21 16:29:04,22.2,1
SHP-TRK-12620,2026-01-20 06:00:00,Sanand Hub (Gujarat),Manesar Northern Plant,Western DFC Electric Rail,Road (Express),326.6,9.3,2026-01-20 15:19:50,0,0.9,1.5,27.0,3.81,2026-01-20 21:25:50,6.1,1
SHP-TRK-12621,2026-01-20 08:00:00,Sriperumbudur (Tamil Nadu),Kundli DC,NH48 Western Corridor,Road (Heavy Haulage),692.6,19.8,2026-01-21 03:47:23,0,0.937,4.7,13.3,3.79,2026-01-21 03:47:23,0.0,0
SHP-TRK-12622,2026-01-20 13:00:00,Bengaluru Electronic City,Oragadam Southern Plant (Chennai),Coastal Maritime Lane,Road (Express),1161.5,33.2,2026-01-21 22:11:07,0,0.834,5.0,7.9,4.29,2026-01-21 22:11:07,0.0,0
SHP-TRK-12623,2026-01-20 13:00:00,Gurugram (Haryana),Chakan Assembly Alpha (Pune),Golden Quadrilateral Delhi-Kolkata,Road (Express),569.0,16.3,2026-01-21 05:15:27,0,0.894,8.4,29.8,3.47,2026-01-21 05:15:27,0.0,0
SHP-TRK-12624,2026-01-20 23:00:00,Gurugram (Haryana),Manesar Northern Plant,NH48 Western Corridor,Road (Heavy Haulage),389.4,11.1,2026-01-21 10:07:37,0,0.733,7.0,11.0,4.12,2026-01-21 21:13:37,11.1,1
SHP-TRK-12625,2026-01-21 03:00:00,Sanand Hub (Gujarat),Chakan Assembly Alpha (Pune),Golden Quadrilateral Delhi-Kolkata,Road (Heavy Haulage),348.7,10.0,2026-01-21 12:57:45,0,0.864,2.2,9.9,3.55,2026-01-21 12:57:45,0.0,0
SHP-TRK-12626,2026-01-21 03:00:00,Sanand Hub (Gujarat),Oragadam Southern Plant (Chennai),Golden Quadrilateral Delhi-Kolkata,Road (Heavy Haulage),339.7,9.7,2026-01-21 12:42:24,0,0.944,7.5,25.6,4.63,2026-01-21 12:42:24,0.0,0
SHP-TRK-12627,2026-01-21 04:00:00,Sanand Hub (Gujarat),Chakan Assembly Alpha (Pune),Coastal Maritime Lane,Road (Heavy Haulage),619.6,17.7,2026-01-21 21:42:11,0,0.959,3.2,29.5,4.79,2026-01-21 21:42:11,0.0,0
SHP-TRK-12628,2026-01-21 08:00:00,Bengaluru Electronic City,Bhiwandi Central DC,NH48 Western Corridor,Coastal Ro-Ro,752.6,21.5,2026-01-22 05:30:15,0,0.907,3.4,25.2,3.58,2026-01-22 19:54:15,14.4,1
SHP-TRK-12629,2026-01-21 14:00:00,Bengaluru Electronic City,Chakan Assembly Alpha (Pune),NH48 Western Corridor,Road (Express),1220.1,34.9,2026-01-23 00:51:39,0,0.926,5.0,10.9,4.1,2026-01-23 00:51:39,0.0,0
SHP-TRK-12630,2026-01-21 16:00:00,Sanand Hub (Gujarat),Oragadam Southern Plant (Chennai),NH48 Western Corridor,Coastal Ro-Ro,938.0,26.8,2026-01-22 18:48:01,0,0.97,7.9,27.9,3.86,2026-01-22 18:48:01,0.0,0
SHP-TRK-12631,2026-01-21 17:00:00,Gurugram (Haryana),Kundli DC,NH48 Western Corridor,Rail (Dedicated Freight Corridor),747.1,16.6,2026-01-22 09:36:05,0,0.807,2.7,21.5,4.09,2026-01-22 09:36:05,0.0,0
SHP-TRK-12632,2026-01-21 18:00:00,Sanand Hub (Gujarat),Bhiwandi Central DC,NH48 Western Corridor,Road (Heavy Haulage),997.7,28.5,2026-01-22 22:30:19,0,0.824,1.5,14.3,4.32,2026-01-22 22:30:19,0.0,0
SHP-TRK-12633,2026-01-21 19:00:00,Bengaluru Electronic City,Chakan Assembly Alpha (Pune),Chennai-Bengaluru Expressway,Rail (Dedicated Freight Corridor),1025.5,22.8,2026-01-22 17:47:22,0,0.931,5.2,24.2,4.56,2026-01-22 17:47:22,0.0,0
SHP-TRK-12634,2026-01-21 19:00:00,Gurugram (Haryana),Oragadam Southern Plant (Chennai),Western DFC Electric Rail,Coastal Ro-Ro,1294.1,37.0,2026-01-23 07:58:23,0,0.73,6.3,27.8,4.64,2026-01-24 03:10:23,19.2,1
SHP-TRK-12635,2026-01-21 19:00:00,Bengaluru Electronic City,Oragadam Southern Plant (Chennai),Western DFC Electric Rail,Rail (Dedicated Freight Corridor),297.0,6.6,2026-01-22 01:36:02,0,0.746,1.8,11.7,4.51,2026-01-22 01:36:02,0.0,0
SHP-TRK-12636,2026-01-21 21:00:00,Sriperumbudur (Tamil Nadu),Bhiwandi Central DC,Western DFC Electric Rail,Road (Heavy Haulage),638.5,18.2,2026-01-22 15:14:37,0,0.941,6.7,28.4,4.21,2026-01-23 13:08:37,21.9,1
SHP-TRK-12637,2026-01-21 22:00:00,Pune MIDC (Maharashtra),Oragadam Southern Plant (Chennai),NH48 Western Corridor,Rail (Dedicated Freight Corridor),1052.2,23.4,2026-01-22 21:22:58,0,0.791,1.2,6.3,3.92,2026-01-22 21:22:58,0.0,0
SHP-TRK-12638,2026-01-21 22:00:00,Gurugram (Haryana),Kundli DC,Chennai-Bengaluru Expressway,Coastal Ro-Ro,1323.8,37.8,2026-01-23 11:49:23,0,0.795,2.2,22.1,3.55,2026-01-23 11:49:23,0.0,0
SHP-TRK-12639,2026-01-22 02:00:00,Sriperumbudur (Tamil Nadu),Manesar Northern Plant,Western DFC Electric Rail,Air Cargo Express,938.7,15.6,2026-01-22 17:38:44,0,0.835,4.7,30.7,4.38,2026-01-23 05:56:44,12.3,1
SHP-TRK-12640,2026-01-22 08:00:00,Bengaluru Electronic City,Chakan Assembly Alpha (Pune),NH48 Western Corridor,Road (Heavy Haulage),662.7,18.9,2026-01-23 02:56:01,0,0.947,5.0,11.1,3.56,2026-01-23 02:56:01,0.0,0
SHP-TRK-12641,2026-01-22 10:00:00,Gurugram (Haryana),Oragadam Southern Plant (Chennai),NH48 Western Corridor,Coastal Ro-Ro,1253.6,35.8,2026-01-23 21:49:04,0,0.787,1.6,5.4,3.87,2026-01-23 21:49:04,0.0,0
SHP-TRK-12642,2026-01-22 10:00:00,Bengaluru Electronic City,Bhiwandi Central DC,NH48 Western Corridor,Road (Heavy Haulage),1264.4,36.1,2026-01-23 22:07:32,0,0.848,7.6,14.8,3.65,2026-01-23 22:07:32,0.0,0
SHP-TRK-12643,2026-01-22 11:00:00,Gurugram (Haryana),Bhiwandi Central DC,Western DFC Electric Rail,Coastal Ro-Ro,1232.3,35.2,2026-01-23 22:12:34,0,0.828,4.6,27.3,3.87,2026-01-24 05:42:34,7.5,1
SHP-TRK-12644,2026-01-22 13:00:00,Pune MIDC (Maharashtra),Oragadam Southern Plant (Chennai),Coastal Maritime Lane,Road (Heavy Haulage),710.6,20.3,2026-01-23 09:18:06,0,0.784,6.0,26.6,3.45,2026-01-24 02:48:06,17.5,1
SHP-TRK-12645,2026-01-22 15:00:00,Sriperumbudur (Tamil Nadu),Chakan Assembly Alpha (Pune),Western DFC Electric Rail,Road (Heavy Haulage),1362.5,38.9,2026-01-24 05:55:45,0,0.905,8.5,22.6,4.76,2026-01-24 14:13:45,8.3,1
SHP-TRK-12646,2026-01-22 17:00:00,Sriperumbudur (Tamil Nadu),Kundli DC,NH48 Western Corridor,Road (Heavy Haulage),684.8,19.6,2026-01-23 12:34:00,0,0.805,3.0,16.7,3.87,2026-01-23 12:34:00,0.0,0
SHP-TRK-12647,2026-01-22 18:00:00,Sanand Hub (Gujarat),Manesar Northern Plant,Western DFC Electric Rail,Rail (Dedicated Freight Corridor),796.5,17.7,2026-01-23 11:41:58,0,0.951,5.5,29.9,3.84,2026-01-23 11:41:58,0.0,0
SHP-TRK-12648,2026-01-22 19:00:00,Bengaluru Electronic City,Oragadam Southern Plant (Chennai),Golden Quadrilateral Delhi-Kolkata,Rail (Dedicated Freight Corridor),519.4,11.5,2026-01-23 06:32:31,0,0.891,7.2,23.1,4.89,2026-01-23 06:32:31,0.0,0
SHP-TRK-12649,2026-01-22 20:00:00,Bengaluru Electronic City,Chakan Assembly Alpha (Pune),NH48 Western Corridor,Road (Express),1105.9,31.6,2026-01-24 03:35:54,0,0.767,1.1,8.9,3.56,2026-01-24 03:35:54,0.0,0
SHP-TRK-12650,2026-01-22 21:00:00,Sanand Hub (Gujarat),Bhiwandi Central DC,Chennai-Bengaluru Expressway,Road (Express),1259.4,36.0,2026-01-24 08:58:56,0,0.829,7.9,19.0,4.48,2026-01-24 08:58:56,0.0,0
SHP-TRK-12651,2026-01-22 22:00:00,Sanand Hub (Gujarat),Bhiwandi Central DC,NH48 Western Corridor,Road (Heavy Haulage),393.2,11.2,2026-01-23 09:14:00,0,0.763,8.1,31.8,3.73,2026-01-23 18:02:00,8.8,1
SHP-TRK-12652,2026-01-23 00:00:00,Pune MIDC (Maharashtra),Chakan Assembly Alpha (Pune),Golden Quadrilateral Delhi-Kolkata,Coastal Ro-Ro,1326.6,37.9,2026-01-24 13:54:05,0,0.864,6.5,21.5,4.65,2026-01-24 13:54:05,0.0,0
SHP-TRK-12653,2026-01-23 05:00:00,Sriperumbudur (Tamil Nadu),Manesar Northern Plant,Coastal Maritime Lane,Coastal Ro-Ro,1047.1,29.9,2026-01-24 10:55:01,0,0.722,1.8,28.1,3.75,2026-01-24 18:19:01,7.4,1
SHP-TRK-12654,2026-01-23 09:00:00,Sriperumbudur (Tamil Nadu),Manesar Northern Plant,NH48 Western Corridor,Road (Heavy Haulage),1167.4,33.4,2026-01-24 18:21:19,0,0.963,1.4,8.2,4.61,2026-01-24 18:21:19,0.0,0
SHP-TRK-12655,2026-01-23 10:00:00,Pune MIDC (Maharashtra),Manesar Northern Plant,NH48 Western Corridor,Air Cargo Express,378.7,6.3,2026-01-23 16:18:44,0,0.88,7.6,20.5,4.59,2026-01-23 16:18:44,0.0,0
SHP-TRK-12656,2026-01-23 12:00:00,Pune MIDC (Maharashtra),Chakan Assembly Alpha (Pune),Golden Quadrilateral Delhi-Kolkata,Road (Heavy Haulage),487.9,13.9,2026-01-24 01:56:22,0,0.727,8.3,29.0,3.47,2026-01-25 03:08:22,25.2,1
SHP-TRK-12657,2026-01-23 13:00:00,Bengaluru Electronic City,Manesar Northern Plant,NH48 Western Corridor,Road (Express),641.5,18.3,2026-01-24 07:19:37,0,0.776,9.0,23.0,3.51,2026-01-24 07:19:37,0.0,0
SHP-TRK-12658,2026-01-23 19:00:00,Sriperumbudur (Tamil Nadu),Manesar Northern Plant,NH48 Western Corridor,Road (Express),1427.7,40.8,2026-01-25 11:47:30,0,0.834,3.4,14.1,4.81,2026-01-25 11:47:30,0.0,0
SHP-TRK-12659,2026-01-23 23:00:00,Pune MIDC (Maharashtra),Manesar Northern Plant,NH48 Western Corridor,Road (Heavy Haulage),852.6,24.4,2026-01-24 23:21:39,0,0.909,7.0,10.7,4.78,2026-01-25 10:09:39,10.8,1
SHP-TRK-12660,2026-01-23 23:00:00,Sriperumbudur (Tamil Nadu),Oragadam Southern Plant (Chennai),NH48 Western Corridor,Road (Heavy Haulage),817.9,23.4,2026-01-24 22:22:03,0,0.926,8.7,18.3,4.54,2026-01-25 18:28:03,20.1,1
SHP-TRK-12661,2026-01-24 02:00:00,Sanand Hub (Gujarat),Bhiwandi Central DC,Western DFC Electric Rail,Road (Express),922.5,26.4,2026-01-25 04:21:26,0,0.905,6.4,5.0,4.53,2026-01-25 10:51:26,6.5,1
SHP-TRK-12662,2026-01-24 03:00:00,Bengaluru Electronic City,Oragadam Southern Plant (Chennai),NH48 Western Corridor,Road (Express),1148.7,32.8,2026-01-25 11:49:08,0,0.835,4.0,13.7,4.56,2026-01-25 11:49:08,0.0,0
SHP-TRK-12663,2026-01-24 04:00:00,Sanand Hub (Gujarat),Kundli DC,NH48 Western Corridor,Road (Express),341.6,9.8,2026-01-24 13:45:36,0,0.8,6.0,21.5,4.07,2026-01-24 13:45:36,0.0,0
SHP-TRK-12664,2026-01-24 06:00:00,Sanand Hub (Gujarat),Chakan Assembly Alpha (Pune),NH48 Western Corridor,Rail (Dedicated Freight Corridor),901.5,20.0,2026-01-25 02:01:56,0,0.966,2.1,4.6,4.46,2026-01-25 14:43:56,12.7,1
SHP-TRK-12665,2026-01-24 08:00:00,Sriperumbudur (Tamil Nadu),Oragadam Southern Plant (Chennai),NH48 Western Corridor,Road (Heavy Haulage),701.5,20.0,2026-01-25 04:02:38,0,0.879,2.3,25.7,3.8,2026-01-25 04:02:38,0.0,0
SHP-TRK-12666,2026-01-24 09:00:00,Sriperumbudur (Tamil Nadu),Kundli DC,NH48 Western Corridor,Road (Heavy Haulage),788.1,22.5,2026-01-25 07:30:57,0,0.886,2.7,30.1,4.72,2026-01-25 07:30:57,0.0,0
SHP-TRK-12667,2026-01-24 12:00:00,Bengaluru Electronic City,Bhiwandi Central DC,NH48 Western Corridor,Road (Heavy Haulage),1344.0,38.4,2026-01-26 02:23:58,0,0.744,8.5,17.1,4.21,2026-01-26 02:23:58,0.0,0
SHP-TRK-12668,2026-01-24 13:00:00,Pune MIDC (Maharashtra),Chakan Assembly Alpha (Pune),Golden Quadrilateral Delhi-Kolkata,Rail (Dedicated Freight Corridor),1189.4,26.4,2026-01-25 15:25:51,0,0.761,4.4,16.0,4.61,2026-01-26 03:37:51,12.2,1
SHP-TRK-12669,2026-01-24 14:00:00,Bengaluru Electronic City,Oragadam Southern Plant (Chennai),NH48 Western Corridor,Coastal Ro-Ro,959.8,27.4,2026-01-25 17:25:24,0,0.913,7.1,24.2,3.49,2026-01-25 17:25:24,0.0,0
SHP-TRK-12670,2026-01-24 15:00:00,Sriperumbudur (Tamil Nadu),Bhiwandi Central DC,NH48 Western Corridor,Road (Heavy Haulage),1227.5,35.1,2026-01-26 02:04:14,0,0.905,4.3,30.4,4.85,2026-01-26 02:04:14,0.0,0
SHP-TRK-12671,2026-01-24 18:00:00,Gurugram (Haryana),Oragadam Southern Plant (Chennai),Golden Quadrilateral Delhi-Kolkata,Road (Express),1223.7,35.0,2026-01-26 04:57:49,0,0.925,2.2,10.9,4.63,2026-01-26 04:57:49,0.0,0
SHP-TRK-12672,2026-01-24 23:00:00,Pune MIDC (Maharashtra),Oragadam Southern Plant (Chennai),Chennai-Bengaluru Expressway,Rail (Dedicated Freight Corridor),625.1,13.9,2026-01-25 12:53:28,0,0.733,4.9,29.6,3.95,2026-01-25 12:53:28,0.0,0
SHP-TRK-12673,2026-01-25 01:00:00,Sanand Hub (Gujarat),Manesar Northern Plant,Golden Quadrilateral Delhi-Kolkata,Road (Express),760.1,21.7,2026-01-25 22:43:00,0,0.752,8.3,12.1,4.87,2026-01-27 02:25:00,27.7,1
SHP-TRK-12674,2026-01-25 03:00:00,Sriperumbudur (Tamil Nadu),Manesar Northern Plant,NH48 Western Corridor,Road (Heavy Haulage),480.2,13.7,2026-01-25 16:43:07,0,0.872,2.2,28.8,4.18,2026-01-25 16:43:07,0.0,0
SHP-TRK-12675,2026-01-25 03:00:00,Sriperumbudur (Tamil Nadu),Manesar Northern Plant,Chennai-Bengaluru Expressway,Road (Heavy Haulage),783.2,22.4,2026-01-26 01:22:33,0,0.902,6.1,7.7,4.23,2026-01-26 01:22:33,0.0,0
SHP-TRK-12676,2026-01-25 07:00:00,Gurugram (Haryana),Bhiwandi Central DC,NH48 Western Corridor,Road (Heavy Haulage),603.5,17.2,2026-01-26 00:14:35,0,0.977,1.2,23.0,4.37,2026-01-26 00:14:35,0.0,0
SHP-TRK-12677,2026-01-25 07:00:00,Sanand Hub (Gujarat),Chakan Assembly Alpha (Pune),NH48 Western Corridor,Road (Heavy Haulage),339.5,9.7,2026-01-25 16:42:03,0,0.743,5.6,15.4,3.87,2026-01-25 16:42:03,0.0,0
SHP-TRK-12678,2026-01-25 08:00:00,Sanand Hub (Gujarat),Oragadam Southern Plant (Chennai),Golden Quadrilateral Delhi-Kolkata,Road (Heavy Haulage),398.7,11.4,2026-01-25 19:23:31,0,0.967,1.7,30.4,4.42,2026-01-25 19:23:31,0.0,0
SHP-TRK-12679,2026-01-25 10:00:00,Gurugram (Haryana),Chakan Assembly Alpha (Pune),NH48 Western Corridor,Road (Heavy Haulage),543.8,15.5,2026-01-26 01:32:11,0,0.801,5.6,5.3,3.77,2026-01-26 01:32:11,0.0,0
SHP-TRK-12680,2026-01-25 10:00:00,Sriperumbudur (Tamil Nadu),Kundli DC,Western DFC Electric Rail,Rail (Dedicated Freight Corridor),691.9,15.4,2026-01-26 01:22:31,0,0.924,1.6,30.9,3.87,2026-01-26 01:22:31,0.0,0
SHP-TRK-12681,2026-01-25 10:00:00,Gurugram (Haryana),Kundli DC,NH48 Western Corridor,Rail (Dedicated Freight Corridor),1148.2,25.5,2026-01-26 11:30:59,0,0.807,4.1,8.9,4.52,2026-01-26 11:30:59,0.0,0
SHP-TRK-12682,2026-01-25 14:00:00,Bengaluru Electronic City,Kundli DC,NH48 Western Corridor,Road (Heavy Haulage),1023.2,29.2,2026-01-26 19:14:07,0,0.941,8.6,25.6,4.78,2026-01-29 04:26:07,57.2,1
SHP-TRK-12683,2026-01-25 14:00:00,Sanand Hub (Gujarat),Manesar Northern Plant,Western DFC Electric Rail,Rail (Dedicated Freight Corridor),1431.1,31.8,2026-01-26 21:48:11,0,0.736,6.0,10.1,4.57,2026-01-26 21:48:11,0.0,0
SHP-TRK-12684,2026-01-25 16:00:00,Sanand Hub (Gujarat),Oragadam Southern Plant (Chennai),Golden Quadrilateral Delhi-Kolkata,Coastal Ro-Ro,937.3,26.8,2026-01-26 18:46:44,0,0.778,4.4,25.8,3.77,2026-01-26 18:46:44,0.0,0
SHP-TRK-12685,2026-01-25 17:00:00,Sriperumbudur (Tamil Nadu),Chakan Assembly Alpha (Pune),Western DFC Electric Rail,Road (Heavy Haulage),519.3,14.8,2026-01-26 07:50:09,0,0.741,6.8,18.2,4.4,2026-01-26 07:50:09,0.0,0
SHP-TRK-12686,2026-01-25 20:00:00,Pune MIDC (Maharashtra),Oragadam Southern Plant (Chennai),Western DFC Electric Rail,Road (Heavy Haulage),490.1,14.0,2026-01-26 10:00:10,0,0.932,5.2,10.7,4.82,2026-01-26 10:00:10,0.0,0
SHP-TRK-12687,2026-01-26 06:00:00,Sanand Hub (Gujarat),Chakan Assembly Alpha (Pune),NH48 Western Corridor,Road (Express),297.3,8.5,2026-01-26 14:29:34,0,0.81,4.7,20.2,4.77,2026-01-26 14:29:34,0.0,0
SHP-TRK-12688,2026-01-26 06:00:00,Pune MIDC (Maharashtra),Kundli DC,NH48 Western Corridor,Rail (Dedicated Freight Corridor),1396.6,31.0,2026-01-27 13:02:10,0,0.721,7.2,5.4,4.81,2026-01-27 13:02:10,0.0,0
SHP-TRK-12689,2026-01-26 08:00:00,Bengaluru Electronic City,Chakan Assembly Alpha (Pune),Western DFC Electric Rail,Road (Heavy Haulage),455.1,13.0,2026-01-26 21:00:06,0,0.895,3.9,13.4,4.21,2026-01-26 21:00:06,0.0,0
SHP-TRK-12690,2026-01-26 14:00:00,Sanand Hub (Gujarat),Manesar Northern Plant,NH48 Western Corridor,Air Cargo Express,466.5,7.8,2026-01-26 21:46:28,0,0.918,2.5,5.6,3.76,2026-01-26 21:46:28,0.0,0
SHP-TRK-12691,2026-01-26 14:00:00,Sanand Hub (Gujarat),Kundli DC,Coastal Maritime Lane,Road (Heavy Haulage),463.9,13.3,2026-01-27 03:15:11,0,0.933,5.0,6.7,4.74,2026-01-27 03:15:11,0.0,0
SHP-TRK-12692,2026-01-26 15:00:00,Sanand Hub (Gujarat),Manesar Northern Plant,Golden Quadrilateral Delhi-Kolkata,Road (Heavy Haulage),1106.7,31.6,2026-01-27 22:37:13,0,0.727,2.4,17.5,3.91,2026-01-27 22:37:13,0.0,0
SHP-TRK-12693,2026-01-26 18:00:00,Sriperumbudur (Tamil Nadu),Chakan Assembly Alpha (Pune),Western DFC Electric Rail,Road (Express),1108.5,31.7,2026-01-28 01:40:14,0,0.955,2.2,11.7,3.63,2026-01-28 01:40:14,0.0,0
SHP-TRK-12694,2026-01-26 21:00:00,Pune MIDC (Maharashtra),Manesar Northern Plant,NH48 Western Corridor,Rail (Dedicated Freight Corridor),508.2,11.3,2026-01-27 08:17:32,0,0.893,2.5,22.7,3.98,2026-01-27 08:17:32,0.0,0
SHP-TRK-12695,2026-01-27 02:00:00,Bengaluru Electronic City,Kundli DC,Western DFC Electric Rail,Rail (Dedicated Freight Corridor),1389.1,30.9,2026-01-28 08:52:08,0,0.89,8.7,7.4,3.9,2026-01-28 08:52:08,0.0,0
SHP-TRK-12696,2026-01-27 03:00:00,Pune MIDC (Maharashtra),Bhiwandi Central DC,Western DFC Electric Rail,Road (Heavy Haulage),1121.2,32.0,2026-01-28 11:02:05,0,0.746,7.0,7.5,3.81,2026-01-28 11:02:05,0.0,0
SHP-TRK-12697,2026-01-27 06:00:00,Sriperumbudur (Tamil Nadu),Chakan Assembly Alpha (Pune),Western DFC Electric Rail,Road (Heavy Haulage),834.5,23.8,2026-01-28 05:50:30,0,0.72,8.1,4.7,4.11,2026-01-28 05:50:30,0.0,0
SHP-TRK-12698,2026-01-27 08:00:00,Sriperumbudur (Tamil Nadu),Chakan Assembly Alpha (Pune),Western DFC Electric Rail,Rail (Dedicated Freight Corridor),447.1,9.9,2026-01-27 17:56:06,0,0.782,1.5,6.3,4.42,2026-01-28 01:26:06,7.5,1
SHP-TRK-12699,2026-01-27 12:00:00,Bengaluru Electronic City,Oragadam Southern Plant (Chennai),Western DFC Electric Rail,Road (Heavy Haulage),660.6,18.9,2026-01-28 06:52:24,0,0.896,6.9,20.6,3.78,2026-01-28 20:46:24,13.9,1
SHP-TRK-12700,2026-01-27 15:00:00,Gurugram (Haryana),Bhiwandi Central DC,Coastal Maritime Lane,Rail (Dedicated Freight Corridor),906.1,20.1,2026-01-28 11:08:08,0,0.805,1.8,19.5,4.7,2026-01-28 11:08:08,0.0,0
SHP-TRK-12701,2026-01-27 15:00:00,Sriperumbudur (Tamil Nadu),Oragadam Southern Plant (Chennai),Golden Quadrilateral Delhi-Kolkata,Rail (Dedicated Freight Corridor),743.9,16.5,2026-01-28 07:31:55,0,0.844,6.4,28.6,3.43,2026-01-28 07:31:55,0.0,0
SHP-TRK-12702,2026-01-27 16:00:00,Sanand Hub (Gujarat),Bhiwandi Central DC,NH48 Western Corridor,Road (Express),951.1,27.2,2026-01-28 19:10:30,0,0.956,8.3,26.0,3.55,2026-01-29 17:28:30,22.3,1
SHP-TRK-12703,2026-01-27 17:00:00,Gurugram (Haryana),Chakan Assembly Alpha (Pune),Western DFC Electric Rail,Rail (Dedicated Freight Corridor),1182.3,26.3,2026-01-28 19:16:22,0,0.863,1.5,23.9,3.88,2026-01-28 19:16:22,0.0,0
SHP-TRK-12704,2026-01-27 17:00:00,Gurugram (Haryana),Manesar Northern Plant,Western DFC Electric Rail,Road (Express),1174.0,33.5,2026-01-29 02:32:30,0,0.916,6.3,31.9,4.46,2026-01-29 02:32:30,0.0,0
SHP-TRK-12705,2026-01-27 21:00:00,Pune MIDC (Maharashtra),Oragadam Southern Plant (Chennai),Coastal Maritime Lane,Rail (Dedicated Freight Corridor),288.7,6.4,2026-01-28 03:24:59,0,0.807,4.9,4.5,3.83,2026-01-28 03:24:59,0.0,0
SHP-TRK-12706,2026-01-28 05:00:00,Bengaluru Electronic City,Bhiwandi Central DC,Golden Quadrilateral Delhi-Kolkata,Road (Heavy Haulage),1235.8,35.3,2026-01-29 16:18:31,0,0.926,7.3,6.9,3.45,2026-01-30 01:24:31,9.1,1
SHP-TRK-12707,2026-01-28 08:00:00,Sriperumbudur (Tamil Nadu),Oragadam Southern Plant (Chennai),NH48 Western Corridor,Rail (Dedicated Freight Corridor),832.9,18.5,2026-01-29 02:30:32,0,0.807,2.6,22.4,4.64,2026-01-29 02:30:32,0.0,0
SHP-TRK-12708,2026-01-28 14:00:00,Gurugram (Haryana),Manesar Northern Plant,NH48 Western Corridor,Rail (Dedicated Freight Corridor),381.7,8.5,2026-01-28 22:28:58,0,0.931,2.9,14.3,4.56,2026-01-29 05:28:58,7.0,1
SHP-TRK-12709,2026-01-28 15:00:00,Bengaluru Electronic City,Oragadam Southern Plant (Chennai),Golden Quadrilateral Delhi-Kolkata,Road (Heavy Haulage),1123.9,32.1,2026-01-29 23:06:43,0,0.814,7.3,11.1,4.49,2026-01-29 23:06:43,0.0,0
SHP-TRK-12710,2026-01-28 16:00:00,Gurugram (Haryana),Chakan Assembly Alpha (Pune),NH48 Western Corridor,Road (Heavy Haulage),397.4,11.4,2026-01-29 03:21:18,0,0.764,3.7,15.9,3.69,2026-01-29 03:21:18,0.0,0
SHP-TRK-12711,2026-01-28 18:00:00,Gurugram (Haryana),Bhiwandi Central DC,Coastal Maritime Lane,Air Cargo Express,1153.9,19.2,2026-01-29 13:13:53,0,0.925,4.5,18.5,3.97,2026-01-29 13:13:53,0.0,0
SHP-TRK-12712,2026-01-28 18:00:00,Sanand Hub (Gujarat),Bhiwandi Central DC,Chennai-Bengaluru Expressway,Rail (Dedicated Freight Corridor),340.7,7.6,2026-01-29 01:34:12,0,0.882,3.0,29.3,3.53,2026-01-30 07:28:12,29.9,1
SHP-TRK-12713,2026-01-28 18:00:00,Sanand Hub (Gujarat),Chakan Assembly Alpha (Pune),Western DFC Electric Rail,Road (Heavy Haulage),408.1,11.7,2026-01-29 05:39:32,0,0.834,2.6,28.0,4.35,2026-01-29 15:51:32,10.2,1
SHP-TRK-12714,2026-01-28 21:00:00,Gurugram (Haryana),Bhiwandi Central DC,NH48 Western Corridor,Air Cargo Express,1259.1,21.0,2026-01-29 17:59:06,0,0.923,8.2,13.1,4.0,2026-01-29 17:59:06,0.0,0
SHP-TRK-12715,2026-01-28 22:00:00,Sriperumbudur (Tamil Nadu),Oragadam Southern Plant (Chennai),Western DFC Electric Rail,Road (Heavy Haulage),677.1,19.3,2026-01-29 17:20:45,0,0.926,6.1,23.5,4.39,2026-01-31 22:14:45,52.9,1
SHP-TRK-12716,2026-01-29 02:00:00,Sanand Hub (Gujarat),Bhiwandi Central DC,NH48 Western Corridor,Road (Heavy Haulage),883.1,25.2,2026-01-30 03:13:49,0,0.864,2.5,14.1,3.83,2026-01-30 03:13:49,0.0,0
SHP-TRK-12717,2026-01-29 08:00:00,Sanand Hub (Gujarat),Kundli DC,Golden Quadrilateral Delhi-Kolkata,Road (Heavy Haulage),527.9,15.1,2026-01-29 23:04:55,0,0.863,4.1,30.9,4.28,2026-01-29 23:04:55,0.0,0
SHP-TRK-12718,2026-01-29 13:00:00,Gurugram (Haryana),Kundli DC,Chennai-Bengaluru Expressway,Road (Heavy Haulage),708.5,20.2,2026-01-30 09:14:38,0,0.875,4.0,15.5,4.22,2026-01-31 01:08:38,15.9,1
SHP-TRK-12719,2026-01-29 15:00:00,Sanand Hub (Gujarat),Oragadam Southern Plant (Chennai),Golden Quadrilateral Delhi-Kolkata,Coastal Ro-Ro,827.2,23.6,2026-01-30 14:38:01,0,0.958,5.6,8.2,3.67,2026-01-30 14:38:01,0.0,0
SHP-TRK-12720,2026-01-29 19:00:00,Pune MIDC (Maharashtra),Kundli DC,Western DFC Electric Rail,Road (Heavy Haulage),755.8,21.6,2026-01-30 16:35:38,0,0.794,7.4,21.5,3.68,2026-01-31 22:11:38,29.6,1
SHP-TRK-12721,2026-01-29 19:00:00,Gurugram (Haryana),Oragadam Southern Plant (Chennai),NH48 Western Corridor,Rail (Dedicated Freight Corridor),663.6,14.7,2026-01-30 09:44:47,0,0.929,4.8,29.4,4.79,2026-01-30 09:44:47,0.0,0
SHP-TRK-12722,2026-01-29 22:00:00,Gurugram (Haryana),Oragadam Southern Plant (Chennai),Chennai-Bengaluru Expressway,Rail (Dedicated Freight Corridor),515.8,11.5,2026-01-30 09:27:47,0,0.944,5.7,24.5,3.87,2026-01-31 09:45:47,24.3,1
SHP-TRK-12723,2026-01-29 23:00:00,Pune MIDC (Maharashtra),Oragadam Southern Plant (Chennai),Coastal Maritime Lane,Road (Heavy Haulage),1168.1,33.4,2026-01-31 08:22:24,0,0.976,3.9,22.4,4.43,2026-01-31 08:22:24,0.0,0
SHP-TRK-12724,2026-01-29 23:00:00,Sanand Hub (Gujarat),Chakan Assembly Alpha (Pune),Western DFC Electric Rail,Coastal Ro-Ro,1402.8,40.1,2026-01-31 15:04:45,0,0.776,9.0,23.7,4.0,2026-01-31 15:04:45,0.0,0
SHP-TRK-12725,2026-01-30 15:00:00,Gurugram (Haryana),Oragadam Southern Plant (Chennai),NH48 Western Corridor,Rail (Dedicated Freight Corridor),1008.0,22.4,2026-01-31 13:24:01,0,0.949,2.4,24.8,4.87,2026-02-02 05:54:01,40.5,1
SHP-TRK-12726,2026-01-30 15:00:00,Bengaluru Electronic City,Chakan Assembly Alpha (Pune),NH48 Western Corridor,Rail (Dedicated Freight Corridor),829.0,18.4,2026-01-31 09:25:18,0,0.791,4.8,5.0,4.33,2026-01-31 13:37:18,4.2,1
SHP-TRK-12727,2026-01-30 16:00:00,Sriperumbudur (Tamil Nadu),Chakan Assembly Alpha (Pune),Chennai-Bengaluru Expressway,Rail (Dedicated Freight Corridor),582.8,13.0,2026-01-31 04:57:02,0,0.936,6.3,5.4,4.16,2026-01-31 04:57:02,0.0,0
SHP-TRK-12728,2026-01-30 16:00:00,Pune MIDC (Maharashtra),Chakan Assembly Alpha (Pune),Golden Quadrilateral Delhi-Kolkata,Coastal Ro-Ro,697.4,19.9,2026-01-31 11:55:30,0,0.745,2.5,17.9,4.55,2026-01-31 11:55:30,0.0,0
SHP-TRK-12729,2026-01-30 18:00:00,Pune MIDC (Maharashtra),Chakan Assembly Alpha (Pune),NH48 Western Corridor,Rail (Dedicated Freight Corridor),728.3,16.2,2026-01-31 10:11:00,0,0.919,4.2,27.5,4.31,2026-01-31 10:11:00,0.0,0
SHP-TRK-12730,2026-01-31 01:00:00,Sanand Hub (Gujarat),Oragadam Southern Plant (Chennai),Western DFC Electric Rail,Road (Heavy Haulage),1235.9,35.3,2026-02-01 12:18:39,0,0.884,7.3,26.5,3.8,2026-02-01 12:18:39,0.0,0
SHP-TRK-12731,2026-01-31 06:00:00,Gurugram (Haryana),Manesar Northern Plant,Coastal Maritime Lane,Road (Heavy Haulage),1390.2,39.7,2026-02-01 21:43:13,0,0.869,7.7,11.7,3.68,2026-02-01 21:43:13,0.0,0
SHP-TRK-12732,2026-01-31 07:00:00,Sriperumbudur (Tamil Nadu),Oragadam Southern Plant (Chennai),Golden Quadrilateral Delhi-Kolkata,Road (Heavy Haulage),391.3,11.2,2026-01-31 18:10:52,0,0.736,4.1,15.8,3.79,2026-01-31 18:10:52,0.0,0
SHP-TRK-12733,2026-01-31 09:00:00,Bengaluru Electronic City,Chakan Assembly Alpha (Pune),Coastal Maritime Lane,Road (Heavy Haulage),519.3,14.8,2026-01-31 23:50:14,0,0.898,2.1,14.2,4.81,2026-01-31 23:50:14,0.0,0
SHP-TRK-12734,2026-01-31 10:00:00,Bengaluru Electronic City,Manesar Northern Plant,NH48 Western Corridor,Rail (Dedicated Freight Corridor),1377.4,30.6,2026-02-01 16:36:35,0,0.81,1.4,12.8,3.54,2026-02-01 16:36:35,0.0,0
SHP-TRK-12735,2026-01-31 19:00:00,Sriperumbudur (Tamil Nadu),Oragadam Southern Plant (Chennai),NH48 Western Corridor,Rail (Dedicated Freight Corridor),1428.5,31.7,2026-02-02 02:44:36,0,0.764,6.3,24.2,3.63,2026-02-02 08:26:36,5.7,1
SHP-TRK-12736,2026-01-31 20:00:00,Sanand Hub (Gujarat),Chakan Assembly Alpha (Pune),Western DFC Electric Rail,Rail (Dedicated Freight Corridor),895.3,19.9,2026-02-01 15:53:47,0,0.732,7.9,9.2,3.61,2026-02-01 20:53:47,5.0,1
SHP-TRK-12737,2026-01-31 20:00:00,Sriperumbudur (Tamil Nadu),Manesar Northern Plant,Western DFC Electric Rail,Rail (Dedicated Freight Corridor),1393.0,31.0,2026-02-02 02:57:22,0,0.852,4.6,11.3,3.87,2026-02-02 18:03:22,15.1,1
SHP-TRK-12738,2026-01-31 23:00:00,Sriperumbudur (Tamil Nadu),Chakan Assembly Alpha (Pune),Coastal Maritime Lane,Road (Express),636.9,18.2,2026-02-01 17:11:48,0,0.939,8.0,31.9,4.53,2026-02-01 17:11:48,0.0,0
SHP-TRK-12739,2026-02-01 01:00:00,Sanand Hub (Gujarat),Manesar Northern Plant,Golden Quadrilateral Delhi-Kolkata,Road (Express),498.6,14.2,2026-02-01 15:14:45,0,0.941,4.4,10.5,4.7,2026-02-01 15:14:45,0.0,0
SHP-TRK-12740,2026-02-01 06:00:00,Gurugram (Haryana),Manesar Northern Plant,NH48 Western Corridor,Road (Heavy Haulage),341.5,9.8,2026-02-01 15:45:28,0,0.746,4.1,13.8,4.32,2026-02-03 01:39:28,33.9,1
SHP-TRK-12741,2026-02-01 07:00:00,Pune MIDC (Maharashtra),Oragadam Southern Plant (Chennai),NH48 Western Corridor,Road (Heavy Haulage),776.1,22.2,2026-02-02 05:10:28,0,0.879,4.9,27.5,4.1,2026-02-02 05:10:28,0.0,0
SHP-TRK-12742,2026-02-01 08:00:00,Sanand Hub (Gujarat),Kundli DC,Western DFC Electric Rail,Road (Express),1144.5,32.7,2026-02-02 16:41:59,0,0.74,1.5,8.7,3.64,2026-02-03 04:17:59,11.6,1
SHP-TRK-12743,2026-02-01 09:00:00,Gurugram (Haryana),Manesar Northern Plant,NH48 Western Corridor,Road (Heavy Haulage),959.2,27.4,2026-02-02 12:24:24,0,0.75,6.9,26.6,3.62,2026-02-02 12:24:24,0.0,0
SHP-TRK-12744,2026-02-01 11:00:00,Pune MIDC (Maharashtra),Oragadam Southern Plant (Chennai),Western DFC Electric Rail,Road (Heavy Haulage),1357.2,38.8,2026-02-03 01:46:35,0,0.797,8.2,6.0,3.69,2026-02-03 22:34:35,20.8,1
SHP-TRK-12745,2026-02-01 13:00:00,Bengaluru Electronic City,Chakan Assembly Alpha (Pune),NH48 Western Corridor,Road (Heavy Haulage),1133.6,32.4,2026-02-02 21:23:19,0,0.903,8.6,24.4,4.44,2026-02-02 21:23:19,0.0,0
SHP-TRK-12746,2026-02-01 14:00:00,Gurugram (Haryana),Chakan Assembly Alpha (Pune),Golden Quadrilateral Delhi-Kolkata,Road (Heavy Haulage),524.4,15.0,2026-02-02 04:59:03,0,0.957,5.3,12.8,3.87,2026-02-02 04:59:03,0.0,0
SHP-TRK-12747,2026-02-01 17:00:00,Gurugram (Haryana),Kundli DC,NH48 Western Corridor,Rail (Dedicated Freight Corridor),565.9,12.6,2026-02-02 05:34:28,0,0.854,7.8,9.6,4.16,2026-02-02 10:40:28,5.1,1
SHP-TRK-12748,2026-02-01 21:00:00,Gurugram (Haryana),Chakan Assembly Alpha (Pune),Golden Quadrilateral Delhi-Kolkata,Road (Heavy Haulage),1241.0,35.5,2026-02-03 08:27:29,0,0.93,7.3,8.1,4.88,2026-02-03 08:27:29,0.0,0
SHP-TRK-12749,2026-02-02 00:00:00,Gurugram (Haryana),Manesar Northern Plant,Coastal Maritime Lane,Road (Express),789.9,22.6,2026-02-02 22:34:08,0,0.756,6.4,30.9,4.6,2026-02-02 22:34:08,0.0,0
SHP-TRK-12750,2026-02-02 00:00:00,Bengaluru Electronic City,Chakan Assembly Alpha (Pune),Coastal Maritime Lane,Road (Heavy Haulage),841.8,24.1,2026-02-03 00:03:07,0,0.723,8.6,18.2,4.22,2026-02-03 00:03:07,0.0,0
SHP-TRK-12751,2026-02-02 05:00:00,Sanand Hub (Gujarat),Manesar Northern Plant,NH48 Western Corridor,Coastal Ro-Ro,1260.2,36.0,2026-02-03 17:00:15,0,0.781,4.2,14.7,4.16,2026-02-03 17:00:15,0.0,0
SHP-TRK-12752,2026-02-02 06:00:00,Bengaluru Electronic City,Bhiwandi Central DC,NH48 Western Corridor,Road (Heavy Haulage),276.0,7.9,2026-02-02 13:53:11,0,0.899,5.2,28.6,3.73,2026-02-02 13:53:11,0.0,0
SHP-TRK-12753,2026-02-02 10:00:00,Pune MIDC (Maharashtra),Chakan Assembly Alpha (Pune),NH48 Western Corridor,Coastal Ro-Ro,451.3,12.9,2026-02-02 22:53:35,0,0.848,1.4,5.5,3.72,2026-02-02 22:53:35,0.0,0
SHP-TRK-12754,2026-02-02 12:00:00,Sanand Hub (Gujarat),Chakan Assembly Alpha (Pune),NH48 Western Corridor,Rail (Dedicated Freight Corridor),412.6,9.2,2026-02-02 21:10:05,0,0.871,6.7,23.1,3.61,2026-02-02 21:10:05,0.0,0
SHP-TRK-12755,2026-02-02 17:00:00,Bengaluru Electronic City,Bhiwandi Central DC,NH48 Western Corridor,Rail (Dedicated Freight Corridor),361.7,8.0,2026-02-03 01:02:13,0,0.965,6.9,13.1,4.74,2026-02-03 01:02:13,0.0,0
SHP-TRK-12756,2026-02-02 22:00:00,Sanand Hub (Gujarat),Oragadam Southern Plant (Chennai),NH48 Western Corridor,Road (Express),297.9,8.5,2026-02-03 06:30:39,0,0.779,8.2,18.9,4.23,2026-02-03 06:30:39,0.0,0
SHP-TRK-12757,2026-02-03 00:00:00,Gurugram (Haryana),Kundli DC,NH48 Western Corridor,Rail (Dedicated Freight Corridor),972.0,21.6,2026-02-03 21:36:00,0,0.895,5.0,27.1,3.9,2026-02-03 21:36:00,0.0,0
SHP-TRK-12758,2026-02-03 00:00:00,Sriperumbudur (Tamil Nadu),Chakan Assembly Alpha (Pune),Coastal Maritime Lane,Road (Heavy Haulage),1001.1,28.6,2026-02-04 04:36:05,0,0.967,6.8,24.4,3.61,2026-02-04 04:36:05,0.0,0
SHP-TRK-12759,2026-02-03 02:00:00,Sriperumbudur (Tamil Nadu),Chakan Assembly Alpha (Pune),NH48 Western Corridor,Coastal Ro-Ro,526.8,15.1,2026-02-03 17:03:07,0,0.882,5.1,5.1,4.13,2026-02-04 20:21:07,27.3,1
SHP-TRK-12760,2026-02-03 03:00:00,Sanand Hub (Gujarat),Oragadam Southern Plant (Chennai),NH48 Western Corridor,Road (Heavy Haulage),1399.3,40.0,2026-02-04 18:58:44,0,0.814,1.4,31.2,3.78,2026-02-04 18:58:44,0.0,0
SHP-TRK-12761,2026-02-03 05:00:00,Bengaluru Electronic City,Bhiwandi Central DC,Western DFC Electric Rail,Road (Heavy Haulage),891.8,25.5,2026-02-04 06:28:50,0,0.824,6.1,17.5,3.57,2026-02-05 10:04:50,27.6,1
SHP-TRK-12762,2026-02-03 06:00:00,Bengaluru Electronic City,Manesar Northern Plant,Western DFC Electric Rail,Road (Express),1132.7,32.4,2026-02-04 14:21:41,0,0.754,6.2,27.2,4.27,2026-02-04 14:21:41,0.0,0
SHP-TRK-12763,2026-02-03 08:00:00,Bengaluru Electronic City,Chakan Assembly Alpha (Pune),Western DFC Electric Rail,Road (Heavy Haulage),485.6,13.9,2026-02-03 21:52:27,0,0.968,8.2,5.4,4.58,2026-02-03 21:52:27,0.0,0
SHP-TRK-12764,2026-02-03 08:00:00,Sanand Hub (Gujarat),Oragadam Southern Plant (Chennai),NH48 Western Corridor,Road (Heavy Haulage),987.7,28.2,2026-02-04 12:13:10,0,0.978,3.9,19.7,4.72,2026-02-04 12:13:10,0.0,0
SHP-TRK-12765,2026-02-03 12:00:00,Gurugram (Haryana),Chakan Assembly Alpha (Pune),NH48 Western Corridor,Air Cargo Express,364.5,6.1,2026-02-03 18:04:31,0,0.89,4.1,19.1,3.48,2026-02-03 18:04:31,0.0,0
SHP-TRK-12766,2026-02-03 16:00:00,Bengaluru Electronic City,Oragadam Southern Plant (Chennai),NH48 Western Corridor,Road (Heavy Haulage),354.0,10.1,2026-02-04 02:06:52,0,0.928,8.3,8.7,4.83,2026-02-04 20:54:52,18.8,1
SHP-TRK-12767,2026-02-03 17:00:00,Bengaluru Electronic City,Bhiwandi Central DC,Coastal Maritime Lane,Rail (Dedicated Freight Corridor),413.5,9.2,2026-02-04 02:11:20,0,0.973,4.5,30.7,4.2,2026-02-04 02:11:20,0.0,0
SHP-TRK-12768,2026-02-03 23:00:00,Pune MIDC (Maharashtra),Manesar Northern Plant,Western DFC Electric Rail,Rail (Dedicated Freight Corridor),1200.9,26.7,2026-02-05 01:41:14,0,0.967,1.1,20.7,4.38,2026-02-05 01:41:14,0.0,0
SHP-TRK-12769,2026-02-04 02:00:00,Pune MIDC (Maharashtra),Bhiwandi Central DC,Golden Quadrilateral Delhi-Kolkata,Road (Express),1407.7,40.2,2026-02-05 18:13:11,0,0.945,7.5,6.9,4.46,2026-02-06 09:37:11,15.4,1
SHP-TRK-12770,2026-02-04 02:00:00,Bengaluru Electronic City,Chakan Assembly Alpha (Pune),Golden Quadrilateral Delhi-Kolkata,Road (Heavy Haulage),1302.9,37.2,2026-02-05 15:13:30,0,0.957,4.0,14.7,3.96,2026-02-05 15:13:30,0.0,0
SHP-TRK-12771,2026-02-04 03:00:00,Sriperumbudur (Tamil Nadu),Oragadam Southern Plant (Chennai),Western DFC Electric Rail,Road (Heavy Haulage),519.0,14.8,2026-02-04 17:49:41,0,0.727,4.8,10.2,3.82,2026-02-04 17:49:41,0.0,0
SHP-TRK-12772,2026-02-04 05:00:00,Sriperumbudur (Tamil Nadu),Kundli DC,Western DFC Electric Rail,Rail (Dedicated Freight Corridor),1353.1,30.1,2026-02-05 11:04:10,0,0.817,2.3,12.3,4.37,2026-02-05 11:04:10,0.0,0
SHP-TRK-12773,2026-02-04 05:00:00,Sanand Hub (Gujarat),Bhiwandi Central DC,Coastal Maritime Lane,Road (Heavy Haulage),1389.3,39.7,2026-02-05 20:41:41,0,0.977,7.5,8.4,3.7,2026-02-05 20:41:41,0.0,0
SHP-TRK-12774,2026-02-04 07:00:00,Gurugram (Haryana),Oragadam Southern Plant (Chennai),Coastal Maritime Lane,Road (Heavy Haulage),265.9,7.6,2026-02-04 14:35:47,0,0.77,4.4,23.8,4.4,2026-02-04 14:35:47,0.0,0
SHP-TRK-12775,2026-02-04 08:00:00,Gurugram (Haryana),Chakan Assembly Alpha (Pune),Golden Quadrilateral Delhi-Kolkata,Rail (Dedicated Freight Corridor),1013.3,22.5,2026-02-05 06:31:07,0,0.837,1.1,6.2,3.58,2026-02-05 16:25:07,9.9,1
SHP-TRK-12776,2026-02-04 10:00:00,Bengaluru Electronic City,Chakan Assembly Alpha (Pune),Chennai-Bengaluru Expressway,Road (Express),717.6,20.5,2026-02-05 06:30:07,0,0.853,8.6,19.2,3.61,2026-02-05 06:30:07,0.0,0
SHP-TRK-12777,2026-02-04 11:00:00,Gurugram (Haryana),Oragadam Southern Plant (Chennai),Coastal Maritime Lane,Road (Heavy Haulage),1408.1,40.2,2026-02-06 03:13:48,0,0.82,8.6,8.4,3.69,2026-02-06 03:13:48,0.0,0
SHP-TRK-12778,2026-02-04 13:00:00,Sanand Hub (Gujarat),Bhiwandi Central DC,NH48 Western Corridor,Road (Heavy Haulage),747.1,21.3,2026-02-05 10:20:43,0,0.779,6.5,9.8,3.8,2026-02-05 10:20:43,0.0,0
SHP-TRK-12779,2026-02-04 14:00:00,Bengaluru Electronic City,Chakan Assembly Alpha (Pune),NH48 Western Corridor,Rail (Dedicated Freight Corridor),823.7,18.3,2026-02-05 08:18:17,0,0.807,8.1,6.5,3.65,2026-02-05 08:18:17,0.0,0
SHP-TRK-12780,2026-02-04 16:00:00,Sanand Hub (Gujarat),Chakan Assembly Alpha (Pune),Western DFC Electric Rail,Road (Heavy Haulage),1435.9,41.0,2026-02-06 09:01:28,0,0.729,4.7,15.1,3.9,2026-02-06 09:01:28,0.0,0
SHP-TRK-12781,2026-02-04 21:00:00,Gurugram (Haryana),Chakan Assembly Alpha (Pune),NH48 Western Corridor,Road (Express),710.0,20.3,2026-02-05 17:17:03,0,0.829,3.4,7.1,4.63,2026-02-06 02:17:03,9.0,1
SHP-TRK-12782,2026-02-05 06:00:00,Sanand Hub (Gujarat),Manesar Northern Plant,Chennai-Bengaluru Expressway,Road (Heavy Haulage),764.0,21.8,2026-02-06 03:49:42,0,0.765,8.9,9.4,4.25,2026-02-06 03:49:42,0.0,0
SHP-TRK-12783,2026-02-05 06:00:00,Bengaluru Electronic City,Kundli DC,Chennai-Bengaluru Expressway,Road (Express),1419.0,40.5,2026-02-06 22:32:32,0,0.839,1.8,25.6,3.69,2026-02-06 22:32:32,0.0,0
SHP-TRK-12784,2026-02-05 09:00:00,Bengaluru Electronic City,Kundli DC,Chennai-Bengaluru Expressway,Road (Heavy Haulage),751.8,21.5,2026-02-06 06:28:52,0,0.756,7.8,31.2,3.99,2026-02-06 15:34:52,9.1,1
SHP-TRK-12785,2026-02-05 11:00:00,Pune MIDC (Maharashtra),Chakan Assembly Alpha (Pune),Golden Quadrilateral Delhi-Kolkata,Road (Heavy Haulage),736.8,21.1,2026-02-06 08:03:01,0,0.806,8.0,29.7,3.81,2026-02-06 08:03:01,0.0,0
SHP-TRK-12786,2026-02-05 15:00:00,Gurugram (Haryana),Manesar Northern Plant,Western DFC Electric Rail,Road (Heavy Haulage),281.6,8.0,2026-02-05 23:02:44,0,0.904,6.9,26.2,3.67,2026-02-06 16:56:44,17.9,1
SHP-TRK-12787,2026-02-05 21:00:00,Gurugram (Haryana),Manesar Northern Plant,NH48 Western Corridor,Road (Heavy Haulage),1046.2,29.9,2026-02-07 02:53:24,0,0.844,6.9,12.2,3.67,2026-02-07 02:53:24,0.0,0
SHP-TRK-12788,2026-02-05 22:00:00,Sriperumbudur (Tamil Nadu),Kundli DC,NH48 Western Corridor,Rail (Dedicated Freight Corridor),1436.5,31.9,2026-02-07 05:55:21,0,0.761,6.7,19.1,3.67,2026-02-07 12:37:21,6.7,1
SHP-TRK-12789,2026-02-06 04:00:00,Gurugram (Haryana),Bhiwandi Central DC,NH48 Western Corridor,Rail (Dedicated Freight Corridor),1311.0,29.1,2026-02-07 09:07:59,0,0.847,4.5,15.7,4.19,2026-02-07 09:07:59,0.0,0
SHP-TRK-12790,2026-02-06 04:00:00,Sriperumbudur (Tamil Nadu),Oragadam Southern Plant (Chennai),NH48 Western Corridor,Air Cargo Express,944.0,15.7,2026-02-06 19:43:58,0,0.798,7.0,7.3,3.67,2026-02-07 22:19:58,26.6,1
SHP-TRK-12791,2026-02-06 06:00:00,Sriperumbudur (Tamil Nadu),Kundli DC,NH48 Western Corridor,Rail (Dedicated Freight Corridor),634.8,14.1,2026-02-06 20:06:26,0,0.934,3.8,24.4,4.15,2026-02-06 20:06:26,0.0,0
SHP-TRK-12792,2026-02-06 06:00:00,Pune MIDC (Maharashtra),Oragadam Southern Plant (Chennai),Golden Quadrilateral Delhi-Kolkata,Rail (Dedicated Freight Corridor),451.7,10.0,2026-02-06 16:02:15,0,0.791,6.2,22.5,4.59,2026-02-06 16:02:15,0.0,0
SHP-TRK-12793,2026-02-06 09:00:00,Bengaluru Electronic City,Bhiwandi Central DC,NH48 Western Corridor,Road (Express),724.3,20.7,2026-02-07 05:41:39,0,0.894,8.2,9.4,3.58,2026-02-07 05:41:39,0.0,0
SHP-TRK-12794,2026-02-06 15:00:00,Bengaluru Electronic City,Manesar Northern Plant,Golden Quadrilateral Delhi-Kolkata,Road (Heavy Haulage),1331.0,38.0,2026-02-08 05:01:40,0,0.972,2.7,25.1,3.54,2026-02-08 05:01:40,0.0,0
SHP-TRK-12795,2026-02-06 16:00:00,Bengaluru Electronic City,Kundli DC,Coastal Maritime Lane,Road (Heavy Haulage),882.6,25.2,2026-02-07 17:13:04,0,0.746,4.6,13.5,4.21,2026-02-07 17:13:04,0.0,0
SHP-TRK-12796,2026-02-06 16:00:00,Bengaluru Electronic City,Oragadam Southern Plant (Chennai),Chennai-Bengaluru Expressway,Road (Heavy Haulage),827.7,23.6,2026-02-07 15:38:57,0,0.933,7.6,13.2,4.54,2026-02-09 05:32:57,37.9,1
SHP-TRK-12797,2026-02-06 19:00:00,Sanand Hub (Gujarat),Manesar Northern Plant,NH48 Western Corridor,Road (Heavy Haulage),881.0,25.2,2026-02-07 20:10:15,0,0.745,8.7,29.1,3.5,2026-02-07 20:10:15,0.0,0
SHP-TRK-12798,2026-02-06 22:00:00,Bengaluru Electronic City,Oragadam Southern Plant (Chennai),NH48 Western Corridor,Rail (Dedicated Freight Corridor),943.0,21.0,2026-02-07 18:57:21,0,0.833,8.6,30.2,4.37,2026-02-07 18:57:21,0.0,0
SHP-TRK-12799,2026-02-07 01:00:00,Sanand Hub (Gujarat),Chakan Assembly Alpha (Pune),Golden Quadrilateral Delhi-Kolkata,Coastal Ro-Ro,477.3,13.6,2026-02-07 14:38:15,0,0.868,8.5,14.0,4.09,2026-02-09 10:32:15,43.9,1
SHP-TRK-12800,2026-02-07 02:00:00,Bengaluru Electronic City,Chakan Assembly Alpha (Pune),Chennai-Bengaluru Expressway,Air Cargo Express,733.6,12.2,2026-02-07 14:13:35,0,0.728,4.6,9.5,3.55,2026-02-08 01:13:35,11.0,1
SHP-TRK-12801,2026-02-07 03:00:00,Gurugram (Haryana),Chakan Assembly Alpha (Pune),NH48 Western Corridor,Road (Heavy Haulage),1076.6,30.8,2026-02-08 09:45:33,0,0.74,5.4,25.8,4.45,2026-02-08 09:45:33,0.0,0
SHP-TRK-12802,2026-02-07 06:00:00,Sanand Hub (Gujarat),Chakan Assembly Alpha (Pune),NH48 Western Corridor,Road (Express),786.7,22.5,2026-02-08 04:28:36,0,0.974,7.6,27.8,4.33,2026-02-08 04:28:36,0.0,0
SHP-TRK-12803,2026-02-07 16:00:00,Pune MIDC (Maharashtra),Oragadam Southern Plant (Chennai),NH48 Western Corridor,Coastal Ro-Ro,958.0,27.4,2026-02-08 19:22:18,0,0.793,1.9,20.1,4.27,2026-02-08 19:22:18,0.0,0
SHP-TRK-12804,2026-02-07 21:00:00,Sriperumbudur (Tamil Nadu),Oragadam Southern Plant (Chennai),Western DFC Electric Rail,Road (Heavy Haulage),1224.4,35.0,2026-02-09 07:58:58,0,0.802,4.6,18.1,4.38,2026-02-09 07:58:58,0.0,0
SHP-TRK-12805,2026-02-07 23:00:00,Sanand Hub (Gujarat),Bhiwandi Central DC,Golden Quadrilateral Delhi-Kolkata,Road (Express),809.3,23.1,2026-02-08 22:07:19,0,0.917,4.8,24.8,4.74,2026-02-08 22:07:19,0.0,0
SHP-TRK-12806,2026-02-08 01:00:00,Bengaluru Electronic City,Bhiwandi Central DC,NH48 Western Corridor,Road (Heavy Haulage),907.9,25.9,2026-02-09 02:56:26,0,0.889,2.2,17.5,4.68,2026-02-09 19:50:26,16.9,1
SHP-TRK-12807,2026-02-08 07:00:00,Pune MIDC (Maharashtra),Oragadam Southern Plant (Chennai),Golden Quadrilateral Delhi-Kolkata,Coastal Ro-Ro,1228.3,35.1,2026-02-09 18:05:39,0,0.894,8.9,27.1,3.95,2026-02-09 18:05:39,0.0,0
SHP-TRK-12808,2026-02-08 09:00:00,Sriperumbudur (Tamil Nadu),Manesar Northern Plant,NH48 Western Corridor,Rail (Dedicated Freight Corridor),764.5,17.0,2026-02-09 01:59:17,0,0.865,7.7,25.5,3.44,2026-02-09 09:53:17,7.9,1
SHP-TRK-12809,2026-02-08 14:00:00,Sanand Hub (Gujarat),Chakan Assembly Alpha (Pune),Coastal Maritime Lane,Road (Express),720.1,20.6,2026-02-09 10:34:29,0,0.866,6.6,30.7,3.49,2026-02-09 10:34:29,0.0,0
SHP-TRK-12810,2026-02-08 15:00:00,Sanand Hub (Gujarat),Chakan Assembly Alpha (Pune),Golden Quadrilateral Delhi-Kolkata,Rail (Dedicated Freight Corridor),619.9,13.8,2026-02-09 04:46:35,0,0.942,4.6,32.0,3.85,2026-02-09 10:22:35,5.6,1
SHP-TRK-12811,2026-02-08 19:00:00,Sanand Hub (Gujarat),Bhiwandi Central DC,Golden Quadrilateral Delhi-Kolkata,Road (Heavy Haulage),313.1,8.9,2026-02-09 03:56:42,0,0.786,7.7,30.7,4.85,2026-02-09 03:56:42,0.0,0
SHP-TRK-12812,2026-02-09 01:00:00,Sriperumbudur (Tamil Nadu),Oragadam Southern Plant (Chennai),NH48 Western Corridor,Road (Express),569.0,16.3,2026-02-09 17:15:21,0,0.891,4.1,8.2,4.41,2026-02-10 18:57:21,25.7,1
SHP-TRK-12813,2026-02-09 07:00:00,Bengaluru Electronic City,Bhiwandi Central DC,Golden Quadrilateral Delhi-Kolkata,Road (Heavy Haulage),1340.9,38.3,2026-02-10 21:18:45,0,0.939,5.1,23.2,4.37,2026-02-10 21:18:45,0.0,0
SHP-TRK-12814,2026-02-09 08:00:00,Bengaluru Electronic City,Oragadam Southern Plant (Chennai),NH48 Western Corridor,Road (Heavy Haulage),956.2,27.3,2026-02-10 11:19:16,0,0.945,1.2,9.9,4.4,2026-02-10 11:19:16,0.0,0
SHP-TRK-12815,2026-02-09 08:00:00,Sanand Hub (Gujarat),Chakan Assembly Alpha (Pune),Chennai-Bengaluru Expressway,Rail (Dedicated Freight Corridor),292.3,6.5,2026-02-09 14:29:42,0,0.811,6.3,8.1,4.83,2026-02-10 05:11:42,14.7,1
SHP-TRK-12816,2026-02-09 08:00:00,Bengaluru Electronic City,Oragadam Southern Plant (Chennai),Chennai-Bengaluru Expressway,Road (Heavy Haulage),336.3,9.6,2026-02-09 17:36:27,0,0.867,7.8,31.7,3.97,2026-02-09 17:36:27,0.0,0
SHP-TRK-12817,2026-02-09 10:00:00,Bengaluru Electronic City,Oragadam Southern Plant (Chennai),Golden Quadrilateral Delhi-Kolkata,Rail (Dedicated Freight Corridor),1233.4,27.4,2026-02-10 13:24:28,0,0.828,6.7,29.7,4.46,2026-02-10 13:24:28,0.0,0
SHP-TRK-12818,2026-02-09 11:00:00,Sriperumbudur (Tamil Nadu),Oragadam Southern Plant (Chennai),NH48 Western Corridor,Road (Heavy Haulage),832.9,23.8,2026-02-10 10:47:44,0,0.761,5.6,22.3,3.45,2026-02-10 10:47:44,0.0,0
SHP-TRK-12819,2026-02-09 12:00:00,Sanand Hub (Gujarat),Chakan Assembly Alpha (Pune),Coastal Maritime Lane,Road (Heavy Haulage),663.4,19.0,2026-02-10 06:57:14,0,0.796,1.4,22.0,3.66,2026-02-10 06:57:14,0.0,0
SHP-TRK-12820,2026-02-09 18:00:00,Gurugram (Haryana),Bhiwandi Central DC,Western DFC Electric Rail,Road (Heavy Haulage),800.1,22.9,2026-02-10 16:51:32,0,0.811,7.5,7.5,4.04,2026-02-10 16:51:32,0.0,0
SHP-TRK-12821,2026-02-09 19:00:00,Bengaluru Electronic City,Bhiwandi Central DC,NH48 Western Corridor,Road (Heavy Haulage),991.4,28.3,2026-02-10 23:19:29,0,0.765,1.6,16.2,3.94,2026-02-10 23:19:29,0.0,0
SHP-TRK-12822,2026-02-09 21:00:00,Bengaluru Electronic City,Chakan Assembly Alpha (Pune),NH48 Western Corridor,Rail (Dedicated Freight Corridor),1409.7,31.3,2026-02-11 04:19:32,0,0.809,6.6,26.8,4.65,2026-02-12 03:37:32,23.3,1
SHP-TRK-12823,2026-02-10 00:00:00,Sanand Hub (Gujarat),Kundli DC,NH48 Western Corridor,Road (Heavy Haulage),1186.0,33.9,2026-02-11 09:53:11,0,0.77,6.6,28.0,4.11,2026-02-11 09:53:11,0.0,0
SHP-TRK-12824,2026-02-10 00:00:00,Gurugram (Haryana),Oragadam Southern Plant (Chennai),Western DFC Electric Rail,Road (Heavy Haulage),1029.8,29.4,2026-02-11 05:25:21,0,0.839,5.5,16.0,4.83,2026-02-11 05:25:21,0.0,0
SHP-TRK-12825,2026-02-10 01:00:00,Bengaluru Electronic City,Chakan Assembly Alpha (Pune),NH48 Western Corridor,Road (Express),1229.4,35.1,2026-02-11 12:07:37,0,0.735,3.7,7.1,3.98,2026-02-12 07:07:37,19.0,1
SHP-TRK-12826,2026-02-10 01:00:00,Gurugram (Haryana),Oragadam Southern Plant (Chennai),Golden Quadrilateral Delhi-Kolkata,Road (Heavy Haulage),998.8,28.5,2026-02-11 05:32:15,0,0.928,6.1,9.1,3.99,2026-02-11 05:32:15,0.0,0
SHP-TRK-12827,2026-02-10 04:00:00,Bengaluru Electronic City,Kundli DC,Western DFC Electric Rail,Road (Heavy Haulage),686.2,19.6,2026-02-10 23:36:18,0,0.745,4.6,20.9,3.99,2026-02-10 23:36:18,0.0,0
SHP-TRK-12828,2026-02-10 08:00:00,Pune MIDC (Maharashtra),Chakan Assembly Alpha (Pune),Chennai-Bengaluru Expressway,Road (Heavy Haulage),1354.6,38.7,2026-02-11 22:42:14,0,0.827,8.1,10.0,4.75,2026-02-13 04:54:14,30.2,1
SHP-TRK-12829,2026-02-10 09:00:00,Sanand Hub (Gujarat),Chakan Assembly Alpha (Pune),NH48 Western Corridor,Road (Heavy Haulage),1163.7,33.2,2026-02-11 18:14:58,0,0.853,4.6,20.6,3.54,2026-02-11 18:14:58,0.0,0
SHP-TRK-12830,2026-02-10 10:00:00,Sriperumbudur (Tamil Nadu),Kundli DC,Chennai-Bengaluru Expressway,Road (Heavy Haulage),1087.6,31.1,2026-02-11 17:04:30,0,0.724,2.9,21.2,4.19,2026-02-11 17:04:30,0.0,0
SHP-TRK-12831,2026-02-10 10:00:00,Sanand Hub (Gujarat),Manesar Northern Plant,NH48 Western Corridor,Road (Heavy Haulage),692.7,19.8,2026-02-11 05:47:29,0,0.895,1.7,10.2,3.56,2026-02-11 05:47:29,0.0,0
SHP-TRK-12832,2026-02-10 14:00:00,Sanand Hub (Gujarat),Manesar Northern Plant,Golden Quadrilateral Delhi-Kolkata,Road (Express),820.2,23.4,2026-02-11 13:26:06,0,0.734,8.7,9.1,4.77,2026-02-11 13:26:06,0.0,0
SHP-TRK-12833,2026-02-10 14:00:00,Sriperumbudur (Tamil Nadu),Chakan Assembly Alpha (Pune),NH48 Western Corridor,Road (Heavy Haulage),985.3,28.2,2026-02-11 18:09:06,0,0.879,6.8,4.8,4.51,2026-02-11 18:09:06,0.0,0
SHP-TRK-12834,2026-02-10 15:00:00,Sanand Hub (Gujarat),Oragadam Southern Plant (Chennai),Western DFC Electric Rail,Rail (Dedicated Freight Corridor),388.1,8.6,2026-02-10 23:37:29,0,0.743,7.3,8.8,4.32,2026-02-12 04:31:29,28.9,1
SHP-TRK-12835,2026-02-10 16:00:00,Sriperumbudur (Tamil Nadu),Oragadam Southern Plant (Chennai),Western DFC Electric Rail,Rail (Dedicated Freight Corridor),1411.4,31.4,2026-02-11 23:21:51,0,0.778,2.7,6.1,4.22,2026-02-11 23:21:51,0.0,0
SHP-TRK-12836,2026-02-10 17:00:00,Sanand Hub (Gujarat),Oragadam Southern Plant (Chennai),NH48 Western Corridor,Road (Heavy Haulage),1391.5,39.8,2026-02-12 08:45:27,0,0.898,1.1,11.4,4.1,2026-02-13 06:21:27,21.6,1
SHP-TRK-12837,2026-02-11 03:00:00,Gurugram (Haryana),Manesar Northern Plant,Chennai-Bengaluru Expressway,Rail (Dedicated Freight Corridor),1095.8,24.4,2026-02-12 03:21:01,0,0.783,5.2,19.8,3.67,2026-02-12 03:21:01,0.0,0
SHP-TRK-12838,2026-02-11 10:00:00,Sanand Hub (Gujarat),Chakan Assembly Alpha (Pune),Coastal Maritime Lane,Road (Heavy Haulage),1073.3,30.7,2026-02-12 16:39:58,0,0.899,5.6,23.5,3.98,2026-02-12 16:39:58,0.0,0
SHP-TRK-12839,2026-02-11 11:00:00,Pune MIDC (Maharashtra),Oragadam Southern Plant (Chennai),Chennai-Bengaluru Expressway,Air Cargo Express,1332.7,22.2,2026-02-12 09:12:43,0,0.721,3.4,8.2,4.14,2026-02-12 09:12:43,0.0,0
SHP-TRK-12840,2026-02-11 13:00:00,Bengaluru Electronic City,Manesar Northern Plant,Chennai-Bengaluru Expressway,Road (Heavy Haulage),463.2,13.2,2026-02-12 02:14:02,0,0.815,6.0,21.1,4.3,2026-02-13 08:26:02,30.2,1
SHP-TRK-12841,2026-02-11 20:00:00,Gurugram (Haryana),Bhiwandi Central DC,Coastal Maritime Lane,Rail (Dedicated Freight Corridor),1268.1,28.2,2026-02-13 00:10:47,0,0.969,7.8,27.1,3.72,2026-02-13 00:10:47,0.0,0
SHP-TRK-12842,2026-02-11 21:00:00,Gurugram (Haryana),Manesar Northern Plant,NH48 Western Corridor,Road (Heavy Haulage),1073.3,30.7,2026-02-13 03:39:55,0,0.844,1.7,8.4,3.89,2026-02-13 03:39:55,0.0,0
SHP-TRK-12843,2026-02-12 03:00:00,Sriperumbudur (Tamil Nadu),Bhiwandi Central DC,NH48 Western Corridor,Road (Express),368.1,10.5,2026-02-12 13:30:58,0,0.874,6.9,8.6,4.71,2026-02-12 13:30:58,0.0,0
SHP-TRK-12844,2026-02-12 08:00:00,Gurugram (Haryana),Oragadam Southern Plant (Chennai),NH48 Western Corridor,Road (Heavy Haulage),529.6,15.1,2026-02-12 23:07:49,0,0.782,5.0,20.5,4.33,2026-02-14 09:55:49,34.8,1
SHP-TRK-12845,2026-02-12 09:00:00,Sriperumbudur (Tamil Nadu),Kundli DC,Coastal Maritime Lane,Rail (Dedicated Freight Corridor),593.5,13.2,2026-02-12 22:11:20,0,0.782,5.1,18.5,4.45,2026-02-12 22:11:20,0.0,0
SHP-TRK-12846,2026-02-12 10:00:00,Sanand Hub (Gujarat),Manesar Northern Plant,Golden Quadrilateral Delhi-Kolkata,Rail (Dedicated Freight Corridor),822.5,18.3,2026-02-13 04:16:39,0,0.974,3.7,31.5,4.08,2026-02-14 00:22:39,20.1,1
SHP-TRK-12847,2026-02-12 11:00:00,Pune MIDC (Maharashtra),Bhiwandi Central DC,NH48 Western Corridor,Road (Express),1236.8,35.3,2026-02-13 22:20:17,0,0.776,1.2,10.5,4.51,2026-02-13 22:20:17,0.0,0
SHP-TRK-12848,2026-02-12 14:00:00,Sanand Hub (Gujarat),Chakan Assembly Alpha (Pune),Coastal Maritime Lane,Rail (Dedicated Freight Corridor),971.0,21.6,2026-02-13 11:34:43,0,0.9,5.5,26.0,4.22,2026-02-13 11:34:43,0.0,0
SHP-TRK-12849,2026-02-12 21:00:00,Bengaluru Electronic City,Bhiwandi Central DC,NH48 Western Corridor,Coastal Ro-Ro,943.8,27.0,2026-02-13 23:57:57,0,0.926,5.3,15.8,3.81,2026-02-13 23:57:57,0.0,0
SHP-TRK-12850,2026-02-12 21:00:00,Bengaluru Electronic City,Kundli DC,Chennai-Bengaluru Expressway,Rail (Dedicated Freight Corridor),1219.3,27.1,2026-02-14 00:05:45,0,0.89,7.7,12.4,4.29,2026-02-14 00:05:45,0.0,0
SHP-TRK-12851,2026-02-13 06:00:00,Sriperumbudur (Tamil Nadu),Chakan Assembly Alpha (Pune),NH48 Western Corridor,Road (Heavy Haulage),972.3,27.8,2026-02-14 09:46:51,0,0.973,8.6,10.7,3.45,2026-02-14 09:46:51,0.0,0
SHP-TRK-12852,2026-02-13 09:00:00,Bengaluru Electronic City,Bhiwandi Central DC,NH48 Western Corridor,Coastal Ro-Ro,569.0,16.3,2026-02-14 01:15:20,0,0.777,3.8,26.6,4.58,2026-02-14 01:15:20,0.0,0
SHP-TRK-12853,2026-02-13 11:00:00,Sriperumbudur (Tamil Nadu),Chakan Assembly Alpha (Pune),NH48 Western Corridor,Road (Heavy Haulage),1187.2,33.9,2026-02-14 20:55:09,0,0.94,7.1,6.5,3.47,2026-02-14 20:55:09,0.0,0
SHP-TRK-12854,2026-02-13 11:00:00,Sanand Hub (Gujarat),Oragadam Southern Plant (Chennai),Chennai-Bengaluru Expressway,Rail (Dedicated Freight Corridor),1065.4,23.7,2026-02-14 10:40:34,0,0.76,2.8,12.4,4.49,2026-02-14 19:22:34,8.7,1
SHP-TRK-12855,2026-02-13 16:00:00,Sanand Hub (Gujarat),Bhiwandi Central DC,NH48 Western Corridor,Rail (Dedicated Freight Corridor),744.9,16.6,2026-02-14 08:33:12,0,0.904,5.1,4.7,3.5,2026-02-14 08:33:12,0.0,0
SHP-TRK-12856,2026-02-13 18:00:00,Gurugram (Haryana),Chakan Assembly Alpha (Pune),Western DFC Electric Rail,Road (Express),856.9,24.5,2026-02-14 18:28:55,0,0.739,2.9,25.9,4.19,2026-02-14 18:28:55,0.0,0
SHP-TRK-12857,2026-02-13 19:00:00,Bengaluru Electronic City,Chakan Assembly Alpha (Pune),NH48 Western Corridor,Rail (Dedicated Freight Corridor),316.0,7.0,2026-02-14 02:01:21,0,0.893,4.9,4.8,3.5,2026-02-14 22:49:21,20.8,1
SHP-TRK-12858,2026-02-13 19:00:00,Gurugram (Haryana),Oragadam Southern Plant (Chennai),Golden Quadrilateral Delhi-Kolkata,Road (Heavy Haulage),879.3,25.1,2026-02-14 20:07:23,0,0.8,4.2,5.1,3.95,2026-02-14 20:07:23,0.0,0
SHP-TRK-12859,2026-02-14 01:00:00,Pune MIDC (Maharashtra),Manesar Northern Plant,Golden Quadrilateral Delhi-Kolkata,Rail (Dedicated Freight Corridor),1007.4,22.4,2026-02-14 23:23:11,0,0.829,4.1,7.8,4.54,2026-02-14 23:23:11,0.0,0
SHP-TRK-12860,2026-02-14 03:00:00,Sanand Hub (Gujarat),Bhiwandi Central DC,Western DFC Electric Rail,Rail (Dedicated Freight Corridor),271.0,6.0,2026-02-14 09:01:19,0,0.82,6.1,7.0,4.89,2026-02-14 09:01:19,0.0,0
SHP-TRK-12861,2026-02-14 05:00:00,Pune MIDC (Maharashtra),Oragadam Southern Plant (Chennai),NH48 Western Corridor,Rail (Dedicated Freight Corridor),1398.8,31.1,2026-02-15 12:05:02,0,0.961,6.5,7.2,4.18,2026-02-15 18:53:02,6.8,1
SHP-TRK-12862,2026-02-14 11:00:00,Sanand Hub (Gujarat),Manesar Northern Plant,NH48 Western Corridor,Rail (Dedicated Freight Corridor),1142.9,25.4,2026-02-15 12:23:49,0,0.769,7.6,14.3,4.88,2026-02-15 16:35:49,4.2,1
SHP-TRK-12863,2026-02-14 12:00:00,Sriperumbudur (Tamil Nadu),Oragadam Southern Plant (Chennai),Golden Quadrilateral Delhi-Kolkata,Road (Heavy Haulage),589.3,16.8,2026-02-15 04:50:11,0,0.977,8.6,24.7,3.56,2026-02-15 04:50:11,0.0,0
SHP-TRK-12864,2026-02-14 17:00:00,Bengaluru Electronic City,Chakan Assembly Alpha (Pune),Coastal Maritime Lane,Road (Heavy Haulage),322.0,9.2,2026-02-15 02:11:56,0,0.943,7.1,14.8,3.71,2026-02-15 06:17:56,4.1,1
SHP-TRK-12865,2026-02-14 18:00:00,Bengaluru Electronic City,Oragadam Southern Plant (Chennai),Golden Quadrilateral Delhi-Kolkata,Rail (Dedicated Freight Corridor),702.8,15.6,2026-02-15 09:37:06,0,0.762,7.4,13.6,4.8,2026-02-16 09:49:06,24.2,1
SHP-TRK-12866,2026-02-14 23:00:00,Gurugram (Haryana),Chakan Assembly Alpha (Pune),NH48 Western Corridor,Rail (Dedicated Freight Corridor),1403.2,31.2,2026-02-16 06:10:53,0,0.776,2.6,28.9,4.45,2026-02-16 06:10:53,0.0,0
SHP-TRK-12867,2026-02-14 23:00:00,Sanand Hub (Gujarat),Oragadam Southern Plant (Chennai),Western DFC Electric Rail,Road (Express),409.1,11.7,2026-02-15 10:41:20,0,0.765,7.9,19.0,3.96,2026-02-15 10:41:20,0.0,0
SHP-TRK-12868,2026-02-15 03:00:00,Sriperumbudur (Tamil Nadu),Kundli DC,Golden Quadrilateral Delhi-Kolkata,Road (Heavy Haulage),457.0,13.1,2026-02-15 16:03:26,0,0.752,7.3,27.7,3.64,2026-02-15 16:03:26,0.0,0
SHP-TRK-12869,2026-02-15 04:00:00,Sanand Hub (Gujarat),Kundli DC,Chennai-Bengaluru Expressway,Road (Heavy Haulage),593.1,16.9,2026-02-15 20:56:47,0,0.964,8.3,5.7,3.65,2026-02-15 20:56:47,0.0,0
SHP-TRK-12870,2026-02-15 06:00:00,Sanand Hub (Gujarat),Oragadam Southern Plant (Chennai),NH48 Western Corridor,Rail (Dedicated Freight Corridor),940.5,20.9,2026-02-16 02:53:56,0,0.764,1.2,20.2,4.43,2026-02-16 02:53:56,0.0,0
SHP-TRK-12871,2026-02-15 07:00:00,Sriperumbudur (Tamil Nadu),Bhiwandi Central DC,NH48 Western Corridor,Rail (Dedicated Freight Corridor),1006.8,22.4,2026-02-16 05:22:22,0,0.896,5.2,23.5,3.62,2026-02-16 05:22:22,0.0,0
SHP-TRK-12872,2026-02-15 13:00:00,Sriperumbudur (Tamil Nadu),Chakan Assembly Alpha (Pune),Western DFC Electric Rail,Rail (Dedicated Freight Corridor),822.6,18.3,2026-02-16 07:16:51,0,0.876,1.2,31.7,4.04,2026-02-16 07:16:51,0.0,0
SHP-TRK-12873,2026-02-15 13:00:00,Sanand Hub (Gujarat),Chakan Assembly Alpha (Pune),NH48 Western Corridor,Rail (Dedicated Freight Corridor),525.4,11.7,2026-02-16 00:40:29,0,0.819,5.7,23.0,4.69,2026-02-16 00:40:29,0.0,0
SHP-TRK-12874,2026-02-15 14:00:00,Sanand Hub (Gujarat),Manesar Northern Plant,Western DFC Electric Rail,Road (Heavy Haulage),950.8,27.2,2026-02-16 17:09:51,0,0.776,4.1,27.2,4.8,2026-02-17 05:09:51,12.0,1
SHP-TRK-12875,2026-02-15 17:00:00,Sriperumbudur (Tamil Nadu),Manesar Northern Plant,NH48 Western Corridor,Road (Express),511.9,14.6,2026-02-16 07:37:28,0,0.917,7.0,6.2,4.0,2026-02-16 07:37:28,0.0,0
SHP-TRK-12876,2026-02-15 23:00:00,Pune MIDC (Maharashtra),Oragadam Southern Plant (Chennai),Coastal Maritime Lane,Coastal Ro-Ro,1186.9,33.9,2026-02-17 08:54:38,0,0.893,4.1,6.3,3.94,2026-02-17 08:54:38,0.0,0
SHP-TRK-12877,2026-02-16 01:00:00,Bengaluru Electronic City,Manesar Northern Plant,Golden Quadrilateral Delhi-Kolkata,Rail (Dedicated Freight Corridor),727.8,16.2,2026-02-16 17:10:24,0,0.759,4.7,30.7,3.71,2026-02-16 17:10:24,0.0,0
SHP-TRK-12878,2026-02-16 06:00:00,Bengaluru Electronic City,Kundli DC,NH48 Western Corridor,Road (Heavy Haulage),564.7,16.1,2026-02-16 22:08:00,0,0.868,4.3,6.7,3.55,2026-02-16 22:08:00,0.0,0
SHP-TRK-12879,2026-02-16 10:00:00,Sriperumbudur (Tamil Nadu),Oragadam Southern Plant (Chennai),NH48 Western Corridor,Rail (Dedicated Freight Corridor),1017.1,22.6,2026-02-17 08:36:05,0,0.832,4.3,20.9,3.42,2026-02-17 08:36:05,0.0,0
SHP-TRK-12880,2026-02-16 11:00:00,Sanand Hub (Gujarat),Chakan Assembly Alpha (Pune),Western DFC Electric Rail,Rail (Dedicated Freight Corridor),1159.2,25.8,2026-02-17 12:45:32,0,0.913,7.8,14.9,4.65,2026-02-17 12:45:32,0.0,0
SHP-TRK-12881,2026-02-16 14:00:00,Sanand Hub (Gujarat),Oragadam Southern Plant (Chennai),Coastal Maritime Lane,Road (Heavy Haulage),739.4,21.1,2026-02-17 11:07:28,0,0.775,6.5,11.2,3.95,2026-02-17 11:07:28,0.0,0
SHP-TRK-12882,2026-02-16 17:00:00,Sriperumbudur (Tamil Nadu),Oragadam Southern Plant (Chennai),Chennai-Bengaluru Expressway,Road (Express),1195.5,34.2,2026-02-18 03:09:25,0,0.941,1.8,29.9,4.7,2026-02-18 03:09:25,0.0,0
SHP-TRK-12883,2026-02-16 19:00:00,Sriperumbudur (Tamil Nadu),Chakan Assembly Alpha (Pune),NH48 Western Corridor,Rail (Dedicated Freight Corridor),1084.9,24.1,2026-02-17 19:06:29,0,0.826,2.2,31.4,4.74,2026-02-17 19:06:29,0.0,0
SHP-TRK-12884,2026-02-16 21:00:00,Pune MIDC (Maharashtra),Manesar Northern Plant,NH48 Western Corridor,Rail (Dedicated Freight Corridor),1330.7,29.6,2026-02-18 02:34:14,0,0.949,7.0,30.0,4.07,2026-02-18 02:34:14,0.0,0
SHP-TRK-12885,2026-02-17 02:00:00,Gurugram (Haryana),Oragadam Southern Plant (Chennai),NH48 Western Corridor,Rail (Dedicated Freight Corridor),1013.6,22.5,2026-02-18 00:31:27,0,0.907,6.0,18.7,4.37,2026-02-18 00:31:27,0.0,0
SHP-TRK-12886,2026-02-17 02:00:00,Gurugram (Haryana),Chakan Assembly Alpha (Pune),NH48 Western Corridor,Road (Heavy Haulage),1357.8,38.8,2026-02-18 16:47:44,0,0.892,8.6,20.5,4.59,2026-02-18 16:47:44,0.0,0
SHP-TRK-12887,2026-02-17 06:00:00,Sanand Hub (Gujarat),Oragadam Southern Plant (Chennai),NH48 Western Corridor,Rail (Dedicated Freight Corridor),695.5,15.5,2026-02-17 21:27:23,0,0.74,2.6,13.7,3.67,2026-02-17 21:27:23,0.0,0
SHP-TRK-12888,2026-02-17 08:00:00,Bengaluru Electronic City,Chakan Assembly Alpha (Pune),Western DFC Electric Rail,Rail (Dedicated Freight Corridor),1288.6,28.6,2026-02-18 12:38:09,0,0.933,3.3,8.3,4.85,2026-02-18 12:38:09,0.0,0
SHP-TRK-12889,2026-02-17 14:00:00,Sriperumbudur (Tamil Nadu),Chakan Assembly Alpha (Pune),Western DFC Electric Rail,Road (Heavy Haulage),499.4,14.3,2026-02-18 04:16:06,0,0.929,5.6,21.3,3.78,2026-02-18 04:16:06,0.0,0
SHP-TRK-12890,2026-02-17 14:00:00,Sriperumbudur (Tamil Nadu),Manesar Northern Plant,Western DFC Electric Rail,Road (Heavy Haulage),1257.6,35.9,2026-02-19 01:55:55,0,0.759,5.4,14.1,3.43,2026-02-19 01:55:55,0.0,0
SHP-TRK-12891,2026-02-18 06:00:00,Sriperumbudur (Tamil Nadu),Chakan Assembly Alpha (Pune),Golden Quadrilateral Delhi-Kolkata,Road (Heavy Haulage),1018.4,29.1,2026-02-19 11:05:50,0,0.953,5.2,19.1,3.89,2026-02-19 11:05:50,0.0,0
SHP-TRK-12892,2026-02-18 06:00:00,Sanand Hub (Gujarat),Chakan Assembly Alpha (Pune),NH48 Western Corridor,Road (Heavy Haulage),1382.2,39.5,2026-02-19 21:29:24,0,0.929,8.5,32.0,3.74,2026-02-19 21:29:24,0.0,0
SHP-TRK-12893,2026-02-18 09:00:00,Sriperumbudur (Tamil Nadu),Bhiwandi Central DC,Western DFC Electric Rail,Rail (Dedicated Freight Corridor),411.3,9.1,2026-02-18 18:08:26,0,0.829,4.1,14.2,3.49,2026-02-18 18:08:26,0.0,0
SHP-TRK-12894,2026-02-18 11:00:00,Gurugram (Haryana),Chakan Assembly Alpha (Pune),Western DFC Electric Rail,Coastal Ro-Ro,1092.9,31.2,2026-02-19 18:13:36,0,0.769,6.2,28.8,3.86,2026-02-20 00:07:36,5.9,1
SHP-TRK-12895,2026-02-19 00:00:00,Sanand Hub (Gujarat),Chakan Assembly Alpha (Pune),NH48 Western Corridor,Rail (Dedicated Freight Corridor),1050.4,23.3,2026-02-19 23:20:33,0,0.944,6.2,7.8,3.99,2026-02-19 23:20:33,0.0,0
SHP-TRK-12896,2026-02-19 01:00:00,Bengaluru Electronic City,Oragadam Southern Plant (Chennai),Golden Quadrilateral Delhi-Kolkata,Coastal Ro-Ro,410.6,11.7,2026-02-19 12:43:55,0,0.844,3.5,31.4,3.88,2026-02-19 12:43:55,0.0,0
SHP-TRK-12897,2026-02-19 02:00:00,Bengaluru Electronic City,Manesar Northern Plant,NH48 Western Corridor,Rail (Dedicated Freight Corridor),1042.5,23.2,2026-02-20 01:09:59,0,0.807,6.2,15.1,4.4,2026-02-20 01:09:59,0.0,0
SHP-TRK-12898,2026-02-19 07:00:00,Sriperumbudur (Tamil Nadu),Manesar Northern Plant,NH48 Western Corridor,Rail (Dedicated Freight Corridor),468.5,10.4,2026-02-19 17:24:42,0,0.784,1.5,24.1,3.54,2026-02-19 17:24:42,0.0,0
SHP-TRK-12899,2026-02-19 12:00:00,Pune MIDC (Maharashtra),Manesar Northern Plant,NH48 Western Corridor,Rail (Dedicated Freight Corridor),432.1,9.6,2026-02-19 21:36:07,0,0.839,8.1,9.7,4.84,2026-02-19 21:36:07,0.0,0
SHP-TRK-12900,2026-02-19 13:00:00,Sriperumbudur (Tamil Nadu),Oragadam Southern Plant (Chennai),Chennai-Bengaluru Expressway,Road (Express),958.6,27.4,2026-02-20 16:23:20,0,0.947,5.1,27.3,4.15,2026-02-20 16:23:20,0.0,0
SHP-TRK-12901,2026-02-19 13:00:00,Sriperumbudur (Tamil Nadu),Manesar Northern Plant,Chennai-Bengaluru Expressway,Road (Express),282.7,8.1,2026-02-19 21:04:35,0,0.911,7.3,23.8,3.46,2026-02-19 21:04:35,0.0,0
SHP-TRK-12902,2026-02-19 14:00:00,Bengaluru Electronic City,Bhiwandi Central DC,NH48 Western Corridor,Coastal Ro-Ro,945.0,27.0,2026-02-20 17:00:03,0,0.929,7.0,21.5,4.56,2026-02-21 15:00:03,22.0,1
SHP-TRK-12903,2026-02-20 04:00:00,Pune MIDC (Maharashtra),Bhiwandi Central DC,Coastal Maritime Lane,Road (Heavy Haulage),1174.9,33.6,2026-02-21 13:34:11,0,0.87,8.5,29.5,4.25,2026-02-21 13:34:11,0.0,0
SHP-TRK-12904,2026-02-20 04:00:00,Sriperumbudur (Tamil Nadu),Oragadam Southern Plant (Chennai),Western DFC Electric Rail,Road (Heavy Haulage),943.3,27.0,2026-02-21 06:57:09,0,0.784,8.4,19.8,4.05,2026-02-21 06:57:09,0.0,0
SHP-TRK-12905,2026-02-20 05:00:00,Sanand Hub (Gujarat),Bhiwandi Central DC,Western DFC Electric Rail,Road (Heavy Haulage),978.9,28.0,2026-02-21 08:58:08,0,0.872,5.2,9.5,4.19,2026-02-21 08:58:08,0.0,0
SHP-TRK-12906,2026-02-20 06:00:00,Pune MIDC (Maharashtra),Oragadam Southern Plant (Chennai),NH48 Western Corridor,Road (Heavy Haulage),1045.6,29.9,2026-02-21 11:52:28,0,0.83,2.0,23.0,4.16,2026-02-21 11:52:28,0.0,0
SHP-TRK-12907,2026-02-20 12:00:00,Bengaluru Electronic City,Kundli DC,Western DFC Electric Rail,Road (Heavy Haulage),1401.4,40.0,2026-02-22 04:02:23,0,0.803,6.2,13.2,4.77,2026-02-22 21:50:23,17.8,1
SHP-TRK-12908,2026-02-20 13:00:00,Bengaluru Electronic City,Manesar Northern Plant,Western DFC Electric Rail,Rail (Dedicated Freight Corridor),987.9,22.0,2026-02-21 10:57:10,0,0.787,4.0,16.7,3.92,2026-02-21 10:57:10,0.0,0
SHP-TRK-12909,2026-02-20 15:00:00,Sriperumbudur (Tamil Nadu),Chakan Assembly Alpha (Pune),Western DFC Electric Rail,Road (Heavy Haulage),1164.8,33.3,2026-02-22 00:16:45,0,0.84,3.7,29.5,4.44,2026-02-22 22:10:45,21.9,1
SHP-TRK-12910,2026-02-20 18:00:00,Sriperumbudur (Tamil Nadu),Kundli DC,NH48 Western Corridor,Road (Express),674.1,19.3,2026-02-21 13:15:35,0,0.822,1.2,29.6,4.5,2026-02-22 10:03:35,20.8,1
SHP-TRK-12911,2026-02-20 23:00:00,Pune MIDC (Maharashtra),Manesar Northern Plant,NH48 Western Corridor,Road (Express),1144.7,32.7,2026-02-22 07:42:20,0,0.809,8.2,9.0,4.56,2026-02-22 21:24:20,13.7,1
SHP-TRK-12912,2026-02-21 03:00:00,Pune MIDC (Maharashtra),Chakan Assembly Alpha (Pune),NH48 Western Corridor,Road (Heavy Haulage),830.5,23.7,2026-02-22 02:43:43,0,0.86,4.4,22.7,4.82,2026-02-22 02:43:43,0.0,0
SHP-TRK-12913,2026-02-21 06:00:00,Bengaluru Electronic City,Manesar Northern Plant,NH48 Western Corridor,Rail (Dedicated Freight Corridor),744.0,16.5,2026-02-21 22:32:02,0,0.815,2.4,17.6,3.67,2026-02-21 22:32:02,0.0,0
SHP-TRK-12914,2026-02-21 08:00:00,Bengaluru Electronic City,Oragadam Southern Plant (Chennai),NH48 Western Corridor,Road (Heavy Haulage),1027.0,29.3,2026-02-22 13:20:35,0,0.904,8.5,6.9,4.2,2026-02-22 18:02:35,4.7,1
SHP-TRK-12915,2026-02-21 09:00:00,Sriperumbudur (Tamil Nadu),Oragadam Southern Plant (Chennai),Golden Quadrilateral Delhi-Kolkata,Road (Express),1433.0,40.9,2026-02-23 01:56:35,0,0.756,1.5,12.1,3.86,2026-02-24 19:44:35,41.8,1
SHP-TRK-12916,2026-02-21 09:00:00,Sriperumbudur (Tamil Nadu),Oragadam Southern Plant (Chennai),NH48 Western Corridor,Road (Heavy Haulage),634.4,18.1,2026-02-22 03:07:36,0,0.88,8.8,19.8,3.45,2026-02-22 03:07:36,0.0,0
SHP-TRK-12917,2026-02-21 09:00:00,Pune MIDC (Maharashtra),Chakan Assembly Alpha (Pune),Western DFC Electric Rail,Coastal Ro-Ro,452.2,12.9,2026-02-21 21:55:07,0,0.837,9.0,12.9,4.3,2026-02-22 03:43:07,5.8,1
SHP-TRK-12918,2026-02-21 11:00:00,Sanand Hub (Gujarat),Bhiwandi Central DC,Coastal Maritime Lane,Coastal Ro-Ro,379.5,10.8,2026-02-21 21:50:34,0,0.865,1.8,20.2,4.21,2026-02-21 21:50:34,0.0,0
SHP-TRK-12919,2026-02-21 18:00:00,Gurugram (Haryana),Bhiwandi Central DC,Western DFC Electric Rail,Road (Heavy Haulage),258.9,7.4,2026-02-22 01:23:49,0,0.823,2.9,30.3,4.38,2026-02-22 01:23:49,0.0,0
SHP-TRK-12920,2026-02-21 19:00:00,Pune MIDC (Maharashtra),Bhiwandi Central DC,NH48 Western Corridor,Road (Express),1073.3,30.7,2026-02-23 01:39:54,0,0.863,5.8,4.5,4.8,2026-02-23 01:39:54,0.0,0
SHP-TRK-12921,2026-02-21 22:00:00,Bengaluru Electronic City,Oragadam Southern Plant (Chennai),NH48 Western Corridor,Road (Heavy Haulage),500.4,14.3,2026-02-22 12:17:49,0,0.864,8.4,13.5,3.94,2026-02-23 03:53:49,15.6,1
SHP-TRK-12922,2026-02-22 00:00:00,Gurugram (Haryana),Oragadam Southern Plant (Chennai),Western DFC Electric Rail,Rail (Dedicated Freight Corridor),1188.5,26.4,2026-02-23 02:24:38,0,0.867,2.9,7.9,4.6,2026-02-23 02:24:38,0.0,0
SHP-TRK-12923,2026-02-22 01:00:00,Sanand Hub (Gujarat),Bhiwandi Central DC,Western DFC Electric Rail,Rail (Dedicated Freight Corridor),264.7,5.9,2026-02-22 06:52:54,0,0.923,2.6,24.5,3.43,2026-02-23 09:10:54,26.3,1
SHP-TRK-12924,2026-02-22 03:00:00,Sanand Hub (Gujarat),Chakan Assembly Alpha (Pune),Western DFC Electric Rail,Road (Heavy Haulage),590.4,16.9,2026-02-22 19:52:09,0,0.978,5.6,20.1,4.01,2026-02-22 19:52:09,0.0,0
SHP-TRK-12925,2026-02-22 09:00:00,Sanand Hub (Gujarat),Bhiwandi Central DC,Golden Quadrilateral Delhi-Kolkata,Road (Heavy Haulage),696.0,19.9,2026-02-23 04:53:12,0,0.977,2.4,4.5,4.83,2026-02-23 04:53:12,0.0,0
SHP-TRK-12926,2026-02-22 10:00:00,Sriperumbudur (Tamil Nadu),Chakan Assembly Alpha (Pune),Coastal Maritime Lane,Rail (Dedicated Freight Corridor),257.8,5.7,2026-02-22 15:43:44,0,0.763,7.5,29.1,4.89,2026-02-22 15:43:44,0.0,0
SHP-TRK-12927,2026-02-22 12:00:00,Sanand Hub (Gujarat),Oragadam Southern Plant (Chennai),Golden Quadrilateral Delhi-Kolkata,Rail (Dedicated Freight Corridor),1202.2,26.7,2026-02-23 14:42:54,0,0.959,3.9,5.7,4.41,2026-02-23 14:42:54,0.0,0
SHP-TRK-12928,2026-02-22 15:00:00,Sanand Hub (Gujarat),Bhiwandi Central DC,NH48 Western Corridor,Road (Heavy Haulage),859.7,24.6,2026-02-23 15:33:45,0,0.909,3.8,25.1,3.66,2026-02-23 15:33:45,0.0,0
SHP-TRK-12929,2026-02-22 18:00:00,Sanand Hub (Gujarat),Manesar Northern Plant,Coastal Maritime Lane,Road (Heavy Haulage),898.3,25.7,2026-02-23 19:39:57,0,0.811,3.8,8.1,4.27,2026-02-23 19:39:57,0.0,0
SHP-TRK-12930,2026-02-22 19:00:00,Pune MIDC (Maharashtra),Chakan Assembly Alpha (Pune),NH48 Western Corridor,Road (Heavy Haulage),604.4,17.3,2026-02-23 12:16:07,0,0.831,8.7,22.5,3.89,2026-02-23 12:16:07,0.0,0
SHP-TRK-12931,2026-02-22 21:00:00,Sanand Hub (Gujarat),Chakan Assembly Alpha (Pune),Western DFC Electric Rail,Road (Heavy Haulage),659.8,18.9,2026-02-23 15:51:01,0,0.943,8.9,13.9,4.39,2026-02-23 15:51:01,0.0,0
SHP-TRK-12932,2026-02-22 22:00:00,Sanand Hub (Gujarat),Kundli DC,Golden Quadrilateral Delhi-Kolkata,Road (Heavy Haulage),667.1,19.1,2026-02-23 17:03:39,0,0.815,4.6,28.3,4.0,2026-02-23 21:51:39,4.8,1
SHP-TRK-12933,2026-02-23 03:00:00,Sanand Hub (Gujarat),Manesar Northern Plant,Chennai-Bengaluru Expressway,Road (Express),1142.6,32.6,2026-02-24 11:38:45,0,0.958,7.0,30.2,4.89,2026-02-25 01:20:45,13.7,1
SHP-TRK-12934,2026-02-23 06:00:00,Sriperumbudur (Tamil Nadu),Bhiwandi Central DC,Chennai-Bengaluru Expressway,Road (Heavy Haulage),1087.3,31.1,2026-02-24 13:03:52,0,0.764,1.2,11.6,4.4,2026-02-24 13:03:52,0.0,0
SHP-TRK-12935,2026-02-23 08:00:00,Gurugram (Haryana),Oragadam Southern Plant (Chennai),Western DFC Electric Rail,Coastal Ro-Ro,495.1,14.1,2026-02-23 22:08:45,0,0.759,9.0,13.7,3.83,2026-02-24 02:14:45,4.1,1
SHP-TRK-12936,2026-02-23 16:00:00,Gurugram (Haryana),Oragadam Southern Plant (Chennai),Coastal Maritime Lane,Rail (Dedicated Freight Corridor),865.4,19.2,2026-02-24 11:13:52,0,0.938,3.6,31.4,4.39,2026-02-25 09:19:52,22.1,1
SHP-TRK-12937,2026-02-23 19:00:00,Sanand Hub (Gujarat),Oragadam Southern Plant (Chennai),NH48 Western Corridor,Road (Heavy Haulage),951.7,27.2,2026-02-24 22:11:33,0,0.978,5.5,19.5,4.17,2026-02-25 04:17:33,6.1,1
SHP-TRK-12938,2026-02-23 20:00:00,Gurugram (Haryana),Bhiwandi Central DC,Western DFC Electric Rail,Road (Heavy Haulage),913.2,26.1,2026-02-24 22:05:33,0,0.898,6.5,26.2,3.51,2026-02-26 18:23:33,44.3,1
SHP-TRK-12939,2026-02-24 00:00:00,Bengaluru Electronic City,Kundli DC,NH48 Western Corridor,Rail (Dedicated Freight Corridor),525.1,11.7,2026-02-24 11:40:07,0,0.87,1.7,16.2,4.62,2026-02-24 11:40:07,0.0,0
SHP-TRK-12940,2026-02-24 02:00:00,Sanand Hub (Gujarat),Manesar Northern Plant,Western DFC Electric Rail,Road (Heavy Haulage),496.6,14.2,2026-02-24 16:11:22,0,0.879,6.4,6.4,4.69,2026-02-24 16:11:22,0.0,0
SHP-TRK-12941,2026-02-24 05:00:00,Sanand Hub (Gujarat),Manesar Northern Plant,NH48 Western Corridor,Rail (Dedicated Freight Corridor),660.8,14.7,2026-02-24 19:41:05,0,0.972,5.4,30.2,3.44,2026-02-24 19:41:05,0.0,0
SHP-TRK-12942,2026-02-24 05:00:00,Sanand Hub (Gujarat),Manesar Northern Plant,NH48 Western Corridor,Rail (Dedicated Freight Corridor),986.9,21.9,2026-02-25 02:55:50,0,0.931,7.0,11.3,4.73,2026-02-27 07:01:50,52.1,1
SHP-TRK-12943,2026-02-24 06:00:00,Bengaluru Electronic City,Bhiwandi Central DC,NH48 Western Corridor,Road (Heavy Haulage),467.4,13.4,2026-02-24 19:21:19,0,0.743,7.8,20.4,4.6,2026-02-26 01:45:19,30.4,1
SHP-TRK-12944,2026-02-24 08:00:00,Sanand Hub (Gujarat),Manesar Northern Plant,Golden Quadrilateral Delhi-Kolkata,Road (Express),1117.8,31.9,2026-02-25 15:56:10,0,0.764,3.5,27.7,3.82,2026-02-25 15:56:10,0.0,0
SHP-TRK-12945,2026-02-24 10:00:00,Sanand Hub (Gujarat),Bhiwandi Central DC,NH48 Western Corridor,Road (Heavy Haulage),666.4,19.0,2026-02-25 05:02:23,0,0.828,4.0,20.1,4.8,2026-02-27 10:50:23,53.8,1
SHP-TRK-12946,2026-02-24 13:00:00,Gurugram (Haryana),Bhiwandi Central DC,NH48 Western Corridor,Rail (Dedicated Freight Corridor),309.4,6.9,2026-02-24 19:52:30,0,0.746,3.6,18.4,4.05,2026-02-24 19:52:30,0.0,0
SHP-TRK-12947,2026-02-24 17:00:00,Sriperumbudur (Tamil Nadu),Manesar Northern Plant,Coastal Maritime Lane,Road (Heavy Haulage),884.8,25.3,2026-02-25 18:16:52,0,0.792,8.5,21.7,4.27,2026-02-25 18:16:52,0.0,0
SHP-TRK-12948,2026-02-24 20:00:00,Pune MIDC (Maharashtra),Chakan Assembly Alpha (Pune),Coastal Maritime Lane,Air Cargo Express,930.4,15.5,2026-02-25 11:30:23,0,0.897,7.9,14.8,4.42,2026-02-25 11:30:23,0.0,0
SHP-TRK-12949,2026-02-25 02:00:00,Bengaluru Electronic City,Manesar Northern Plant,NH48 Western Corridor,Rail (Dedicated Freight Corridor),1205.0,26.8,2026-02-26 04:46:43,0,0.867,7.4,8.8,4.55,2026-02-26 04:46:43,0.0,0
SHP-TRK-12950,2026-02-25 07:00:00,Gurugram (Haryana),Bhiwandi Central DC,NH48 Western Corridor,Air Cargo Express,1255.6,20.9,2026-02-26 03:55:34,0,0.764,2.6,7.5,3.56,2026-02-26 03:55:34,0.0,0
SHP-TRK-12951,2026-02-25 07:00:00,Sanand Hub (Gujarat),Chakan Assembly Alpha (Pune),Chennai-Bengaluru Expressway,Rail (Dedicated Freight Corridor),751.9,16.7,2026-02-25 23:42:29,0,0.862,2.3,11.8,4.29,2026-02-26 11:06:29,11.4,1
SHP-TRK-12952,2026-02-25 07:00:00,Bengaluru Electronic City,Bhiwandi Central DC,NH48 Western Corridor,Coastal Ro-Ro,271.4,7.8,2026-02-25 14:45:18,0,0.925,2.5,14.2,4.77,2026-02-25 14:45:18,0.0,0
SHP-TRK-12953,2026-02-25 09:00:00,Sriperumbudur (Tamil Nadu),Chakan Assembly Alpha (Pune),NH48 Western Corridor,Road (Heavy Haulage),631.8,18.1,2026-02-26 03:03:05,0,0.846,7.7,13.2,3.89,2026-02-26 03:03:05,0.0,0
SHP-TRK-12954,2026-02-25 15:00:00,Sanand Hub (Gujarat),Kundli DC,NH48 Western Corridor,Road (Heavy Haulage),405.2,11.6,2026-02-26 02:34:34,0,0.848,8.5,7.3,3.43,2026-02-26 02:34:34,0.0,0
SHP-TRK-12955,2026-02-25 18:00:00,Pune MIDC (Maharashtra),Manesar Northern Plant,Western DFC Electric Rail,Rail (Dedicated Freight Corridor),1339.2,29.8,2026-02-26 23:45:32,0,0.826,5.1,23.6,3.68,2026-02-26 23:45:32,0.0,0
SHP-TRK-12956,2026-02-25 19:00:00,Bengaluru Electronic City,Chakan Assembly Alpha (Pune),Western DFC Electric Rail,Road (Heavy Haulage),392.2,11.2,2026-02-26 06:12:24,0,0.884,8.1,13.8,4.44,2026-02-27 17:30:24,35.3,1
SHP-TRK-12957,2026-02-25 19:00:00,Sanand Hub (Gujarat),Oragadam Southern Plant (Chennai),Western DFC Electric Rail,Rail (Dedicated Freight Corridor),992.3,22.1,2026-02-26 17:03:00,0,0.867,7.4,13.3,4.89,2026-02-26 17:03:00,0.0,0
SHP-TRK-12958,2026-02-25 21:00:00,Bengaluru Electronic City,Bhiwandi Central DC,NH48 Western Corridor,Road (Heavy Haulage),1371.8,39.2,2026-02-27 12:11:43,0,0.727,2.7,17.8,4.34,2026-02-27 12:11:43,0.0,0
SHP-TRK-12959,2026-02-25 23:00:00,Sanand Hub (Gujarat),Chakan Assembly Alpha (Pune),Western DFC Electric Rail,Road (Heavy Haulage),924.4,26.4,2026-02-27 01:24:41,0,0.876,5.4,11.3,3.53,2026-02-27 01:24:41,0.0,0
SHP-TRK-12960,2026-02-26 06:00:00,Sanand Hub (Gujarat),Manesar Northern Plant,Western DFC Electric Rail,Road (Heavy Haulage),642.6,18.4,2026-02-27 00:21:39,0,0.852,3.8,31.8,4.34,2026-02-27 00:21:39,0.0,0
SHP-TRK-12961,2026-02-26 07:00:00,Gurugram (Haryana),Manesar Northern Plant,Western DFC Electric Rail,Rail (Dedicated Freight Corridor),845.8,18.8,2026-02-27 01:47:40,0,0.93,1.4,28.8,4.67,2026-02-27 01:47:40,0.0,0
SHP-TRK-12962,2026-02-26 12:00:00,Sanand Hub (Gujarat),Bhiwandi Central DC,Golden Quadrilateral Delhi-Kolkata,Road (Heavy Haulage),749.8,21.4,2026-02-27 09:25:24,0,0.897,6.0,9.0,3.82,2026-02-27 09:25:24,0.0,0
SHP-TRK-12963,2026-02-26 17:00:00,Sriperumbudur (Tamil Nadu),Manesar Northern Plant,Western DFC Electric Rail,Road (Heavy Haulage),991.2,28.3,2026-02-27 21:19:07,0,0.797,8.6,18.8,4.21,2026-02-28 02:55:07,5.6,1
SHP-TRK-12964,2026-02-26 23:00:00,Bengaluru Electronic City,Chakan Assembly Alpha (Pune),Western DFC Electric Rail,Road (Heavy Haulage),968.3,27.7,2026-02-28 02:39:58,0,0.757,5.8,30.7,4.73,2026-02-28 02:39:58,0.0,0
SHP-TRK-12965,2026-02-27 02:00:00,Pune MIDC (Maharashtra),Chakan Assembly Alpha (Pune),Western DFC Electric Rail,Road (Heavy Haulage),993.6,28.4,2026-02-28 06:23:14,0,0.941,2.9,17.7,4.07,2026-02-28 06:23:14,0.0,0
SHP-TRK-12966,2026-02-27 02:00:00,Bengaluru Electronic City,Chakan Assembly Alpha (Pune),Western DFC Electric Rail,Coastal Ro-Ro,889.3,25.4,2026-02-28 03:24:29,0,0.777,5.1,11.5,3.4,2026-02-28 11:54:29,8.5,1
SHP-TRK-12967,2026-02-27 02:00:00,Sriperumbudur (Tamil Nadu),Oragadam Southern Plant (Chennai),NH48 Western Corridor,Air Cargo Express,301.8,5.0,2026-02-27 07:01:50,0,0.95,2.0,4.6,4.64,2026-02-27 07:01:50,0.0,0
SHP-TRK-12968,2026-02-27 05:00:00,Pune MIDC (Maharashtra),Oragadam Southern Plant (Chennai),Western DFC Electric Rail,Rail (Dedicated Freight Corridor),1335.7,29.7,2026-02-28 10:40:54,0,0.735,7.5,9.2,3.69,2026-02-28 10:40:54,0.0,0
SHP-TRK-12969,2026-02-27 11:00:00,Pune MIDC (Maharashtra),Manesar Northern Plant,Golden Quadrilateral Delhi-Kolkata,Rail (Dedicated Freight Corridor),1017.5,22.6,2026-02-28 09:36:38,0,0.922,2.9,16.3,4.04,2026-02-28 09:36:38,0.0,0
SHP-TRK-12970,2026-02-27 11:00:00,Pune MIDC (Maharashtra),Manesar Northern Plant,NH48 Western Corridor,Road (Express),1044.7,29.8,2026-02-28 16:50:50,0,0.816,8.6,13.9,4.53,2026-02-28 16:50:50,0.0,0
SHP-TRK-12971,2026-02-27 12:00:00,Gurugram (Haryana),Oragadam Southern Plant (Chennai),Western DFC Electric Rail,Road (Heavy Haulage),638.4,18.2,2026-02-28 06:14:27,0,0.89,8.5,8.0,4.75,2026-02-28 06:14:27,0.0,0
SHP-TRK-12972,2026-02-27 12:00:00,Sanand Hub (Gujarat),Oragadam Southern Plant (Chennai),Coastal Maritime Lane,Air Cargo Express,867.2,14.5,2026-02-28 02:27:13,0,0.726,1.8,20.6,4.56,2026-02-28 08:45:13,6.3,1
SHP-TRK-12973,2026-02-27 14:00:00,Pune MIDC (Maharashtra),Bhiwandi Central DC,NH48 Western Corridor,Road (Heavy Haulage),1249.6,35.7,2026-03-01 01:42:05,0,0.907,7.4,31.7,4.18,2026-03-01 01:42:05,0.0,0
SHP-TRK-12974,2026-02-27 14:00:00,Bengaluru Electronic City,Manesar Northern Plant,NH48 Western Corridor,Rail (Dedicated Freight Corridor),1175.1,26.1,2026-02-28 16:06:49,0,0.744,7.2,5.4,4.69,2026-02-28 16:06:49,0.0,0
SHP-TRK-12975,2026-02-27 16:00:00,Sanand Hub (Gujarat),Oragadam Southern Plant (Chennai),Chennai-Bengaluru Expressway,Road (Heavy Haulage),1248.8,35.7,2026-03-01 03:40:49,0,0.963,8.0,24.8,4.15,2026-03-01 12:40:49,9.0,1
SHP-TRK-12976,2026-02-27 18:00:00,Sriperumbudur (Tamil Nadu),Bhiwandi Central DC,NH48 Western Corridor,Road (Heavy Haulage),829.1,23.7,2026-02-28 17:41:22,0,0.761,6.5,20.3,3.5,2026-02-28 17:41:22,0.0,0
SHP-TRK-12977,2026-02-27 19:00:00,Gurugram (Haryana),Chakan Assembly Alpha (Pune),Golden Quadrilateral Delhi-Kolkata,Road (Heavy Haulage),304.2,8.7,2026-02-28 03:41:26,0,0.742,1.6,20.5,4.23,2026-02-28 03:41:26,0.0,0
SHP-TRK-12978,2026-02-27 21:00:00,Sriperumbudur (Tamil Nadu),Oragadam Southern Plant (Chennai),NH48 Western Corridor,Road (Heavy Haulage),1316.0,37.6,2026-03-01 10:35:57,0,0.747,9.0,9.0,4.82,2026-03-01 10:35:57,0.0,0
SHP-TRK-12979,2026-02-28 00:00:00,Bengaluru Electronic City,Manesar Northern Plant,NH48 Western Corridor,Road (Heavy Haulage),492.2,14.1,2026-02-28 14:03:42,0,0.933,3.1,12.3,3.89,2026-02-28 14:03:42,0.0,0
SHP-TRK-12980,2026-02-28 00:00:00,Bengaluru Electronic City,Kundli DC,NH48 Western Corridor,Road (Heavy Haulage),1243.3,35.5,2026-03-01 11:31:17,0,0.801,2.9,16.1,3.46,2026-03-01 11:31:17,0.0,0
SHP-TRK-12981,2026-02-28 01:00:00,Bengaluru Electronic City,Oragadam Southern Plant (Chennai),Golden Quadrilateral Delhi-Kolkata,Road (Heavy Haulage),598.0,17.1,2026-02-28 18:05:07,0,0.878,5.0,10.5,3.66,2026-02-28 18:05:07,0.0,0
SHP-TRK-12982,2026-02-28 02:00:00,Sanand Hub (Gujarat),Manesar Northern Plant,NH48 Western Corridor,Rail (Dedicated Freight Corridor),988.5,22.0,2026-02-28 23:57:57,0,0.975,1.6,18.0,3.47,2026-02-28 23:57:57,0.0,0
SHP-TRK-12983,2026-02-28 04:00:00,Pune MIDC (Maharashtra),Kundli DC,Chennai-Bengaluru Expressway,Road (Heavy Haulage),704.3,20.1,2026-03-01 00:07:22,0,0.757,4.9,6.5,3.43,2026-03-01 00:07:22,0.0,0
SHP-TRK-12984,2026-02-28 05:00:00,Pune MIDC (Maharashtra),Oragadam Southern Plant (Chennai),NH48 Western Corridor,Rail (Dedicated Freight Corridor),683.5,15.2,2026-02-28 20:11:21,0,0.767,6.9,10.0,3.82,2026-02-28 20:11:21,0.0,0
SHP-TRK-12985,2026-02-28 07:00:00,Sriperumbudur (Tamil Nadu),Oragadam Southern Plant (Chennai),Golden Quadrilateral Delhi-Kolkata,Road (Heavy Haulage),748.9,21.4,2026-03-01 04:23:46,0,0.934,6.8,19.4,4.64,2026-03-01 04:23:46,0.0,0
SHP-TRK-12986,2026-02-28 10:00:00,Sriperumbudur (Tamil Nadu),Chakan Assembly Alpha (Pune),NH48 Western Corridor,Rail (Dedicated Freight Corridor),898.1,20.0,2026-03-01 05:57:30,0,0.888,6.2,23.0,3.56,2026-03-01 05:57:30,0.0,0
SHP-TRK-12987,2026-02-28 12:00:00,Sanand Hub (Gujarat),Manesar Northern Plant,Golden Quadrilateral Delhi-Kolkata,Road (Heavy Haulage),399.9,11.4,2026-02-28 23:25:31,0,0.77,5.5,18.3,4.01,2026-02-28 23:25:31,0.0,0
SHP-TRK-12988,2026-02-28 12:00:00,Sanand Hub (Gujarat),Chakan Assembly Alpha (Pune),Western DFC Electric Rail,Road (Heavy Haulage),1286.5,36.8,2026-03-02 00:45:21,0,0.788,1.3,24.0,3.61,2026-03-02 00:45:21,0.0,0
SHP-TRK-12989,2026-02-28 14:00:00,Bengaluru Electronic City,Chakan Assembly Alpha (Pune),Western DFC Electric Rail,Road (Heavy Haulage),1411.0,40.3,2026-03-02 06:18:55,0,0.896,8.9,16.4,3.71,2026-03-02 06:18:55,0.0,0
SHP-TRK-12990,2026-02-28 15:00:00,Sanand Hub (Gujarat),Manesar Northern Plant,NH48 Western Corridor,Road (Heavy Haulage),1055.5,30.2,2026-03-01 21:09:29,0,0.807,5.6,12.7,3.87,2026-03-01 21:09:29,0.0,0
SHP-TRK-12991,2026-02-28 15:00:00,Sriperumbudur (Tamil Nadu),Chakan Assembly Alpha (Pune),Western DFC Electric Rail,Road (Express),480.7,13.7,2026-03-01 04:44:01,0,0.776,3.1,20.4,3.81,2026-03-01 04:44:01,0.0,0
SHP-TRK-12992,2026-02-28 18:00:00,Sriperumbudur (Tamil Nadu),Bhiwandi Central DC,Western DFC Electric Rail,Road (Heavy Haulage),962.2,27.5,2026-03-01 21:29:31,0,0.872,1.2,10.3,4.37,2026-03-02 13:17:31,15.8,1
SHP-TRK-12993,2026-03-01 00:00:00,Sanand Hub (Gujarat),Oragadam Southern Plant (Chennai),Chennai-Bengaluru Expressway,Road (Heavy Haulage),483.6,13.8,2026-03-01 13:49:00,0,0.863,7.3,27.3,3.85,2026-03-01 13:49:00,0.0,0
SHP-TRK-12994,2026-03-01 00:00:00,Pune MIDC (Maharashtra),Manesar Northern Plant,NH48 Western Corridor,Road (Express),301.9,8.6,2026-03-01 08:37:34,0,0.901,8.6,25.8,4.22,2026-03-01 08:37:34,0.0,0
SHP-TRK-12995,2026-03-01 01:00:00,Bengaluru Electronic City,Manesar Northern Plant,Golden Quadrilateral Delhi-Kolkata,Road (Express),1386.1,39.6,2026-03-02 16:36:05,0,0.815,1.3,29.5,4.71,2026-03-03 13:18:05,20.7,1
SHP-TRK-12996,2026-03-01 01:00:00,Bengaluru Electronic City,Bhiwandi Central DC,Golden Quadrilateral Delhi-Kolkata,Road (Heavy Haulage),333.8,9.5,2026-03-01 10:32:13,0,0.89,6.4,18.0,4.78,2026-03-01 10:32:13,0.0,0
SHP-TRK-12997,2026-03-01 01:00:00,Pune MIDC (Maharashtra),Kundli DC,Western DFC Electric Rail,Road (Heavy Haulage),566.5,16.2,2026-03-01 17:11:07,0,0.976,1.4,14.4,3.98,2026-03-01 17:11:07,0.0,0
SHP-TRK-12998,2026-03-01 16:00:00,Gurugram (Haryana),Oragadam Southern Plant (Chennai),Western DFC Electric Rail,Coastal Ro-Ro,1275.7,36.4,2026-03-03 04:26:57,0,0.856,3.5,16.9,3.79,2026-03-03 04:26:57,0.0,0
SHP-TRK-12999,2026-03-01 17:00:00,Bengaluru Electronic City,Chakan Assembly Alpha (Pune),Western DFC Electric Rail,Road (Heavy Haulage),713.9,20.4,2026-03-02 13:23:46,0,0.905,8.9,14.9,3.65,2026-03-02 13:23:46,0.0,0
SHP-TRK-13000,2026-03-01 20:00:00,Bengaluru Electronic City,Manesar Northern Plant,NH48 Western Corridor,Road (Heavy Haulage),701.6,20.0,2026-03-02 16:02:49,0,0.933,6.0,30.8,3.63,2026-03-02 16:02:49,0.0,0
SHP-TRK-13001,2026-03-01 22:00:00,Sanand Hub (Gujarat),Oragadam Southern Plant (Chennai),Western DFC Electric Rail,Rail (Dedicated Freight Corridor),410.9,9.1,2026-03-02 07:07:54,0,0.752,1.4,27.9,3.57,2026-03-02 07:07:54,0.0,0
SHP-TRK-13002,2026-03-02 01:00:00,Sanand Hub (Gujarat),Chakan Assembly Alpha (Pune),Coastal Maritime Lane,Air Cargo Express,564.2,9.4,2026-03-02 10:24:09,0,0.799,3.9,18.3,4.16,2026-03-02 10:24:09,0.0,0
SHP-TRK-13003,2026-03-02 03:00:00,Gurugram (Haryana),Chakan Assembly Alpha (Pune),NH48 Western Corridor,Road (Express),703.1,20.1,2026-03-02 23:05:14,0,0.904,8.4,24.2,4.53,2026-03-02 23:05:14,0.0,0
SHP-TRK-13004,2026-03-02 04:00:00,Bengaluru Electronic City,Bhiwandi Central DC,Western DFC Electric Rail,Road (Express),894.1,25.5,2026-03-03 05:32:45,0,0.918,7.5,13.8,4.62,2026-03-03 05:32:45,0.0,0
SHP-TRK-13005,2026-03-02 10:00:00,Sanand Hub (Gujarat),Manesar Northern Plant,NH48 Western Corridor,Road (Heavy Haulage),939.5,26.8,2026-03-03 12:50:29,0,0.956,1.3,27.2,4.69,2026-03-03 12:50:29,0.0,0
SHP-TRK-13006,2026-03-02 13:00:00,Pune MIDC (Maharashtra),Bhiwandi Central DC,Chennai-Bengaluru Expressway,Road (Express),461.2,13.2,2026-03-03 02:10:40,0,0.799,2.9,24.9,4.72,2026-03-03 08:58:40,6.8,1
SHP-TRK-13007,2026-03-02 16:00:00,Pune MIDC (Maharashtra),Bhiwandi Central DC,NH48 Western Corridor,Road (Heavy Haulage),589.8,16.9,2026-03-03 08:51:03,0,0.723,3.3,14.9,3.97,2026-03-04 00:33:03,15.7,1
SHP-TRK-13008,2026-03-02 18:00:00,Sanand Hub (Gujarat),Manesar Northern Plant,Chennai-Bengaluru Expressway,Road (Express),832.6,23.8,2026-03-03 17:47:23,0,0.972,8.3,19.7,3.4,2026-03-03 17:47:23,0.0,0
SHP-TRK-13009,2026-03-02 18:00:00,Pune MIDC (Maharashtra),Manesar Northern Plant,Western DFC Electric Rail,Coastal Ro-Ro,1441.4,41.2,2026-03-04 11:11:01,0,0.942,8.6,13.5,4.58,2026-03-05 13:29:01,26.3,1
SHP-TRK-13010,2026-03-03 04:00:00,Sanand Hub (Gujarat),Bhiwandi Central DC,NH48 Western Corridor,Rail (Dedicated Freight Corridor),852.1,18.9,2026-03-03 22:56:11,0,0.962,5.1,26.2,4.82,2026-03-04 21:08:11,22.2,1
SHP-TRK-13011,2026-03-03 06:00:00,Bengaluru Electronic City,Oragadam Southern Plant (Chennai),Coastal Maritime Lane,Rail (Dedicated Freight Corridor),462.1,10.3,2026-03-03 16:16:09,0,0.825,2.3,18.2,4.82,2026-03-03 16:16:09,0.0,0
SHP-TRK-13012,2026-03-03 09:00:00,Bengaluru Electronic City,Manesar Northern Plant,NH48 Western Corridor,Air Cargo Express,1059.0,17.6,2026-03-04 02:38:59,0,0.917,3.6,9.0,3.94,2026-03-04 02:38:59,0.0,0
SHP-TRK-13013,2026-03-03 14:00:00,Bengaluru Electronic City,Kundli DC,Chennai-Bengaluru Expressway,Rail (Dedicated Freight Corridor),484.4,10.8,2026-03-04 00:45:50,0,0.964,7.4,26.7,4.13,2026-03-04 00:45:50,0.0,0
SHP-TRK-13014,2026-03-03 16:00:00,Sriperumbudur (Tamil Nadu),Bhiwandi Central DC,NH48 Western Corridor,Road (Express),1334.9,38.1,2026-03-05 06:08:21,0,0.964,5.7,9.6,4.22,2026-03-05 06:08:21,0.0,0
SHP-TRK-13015,2026-03-03 18:00:00,Pune MIDC (Maharashtra),Bhiwandi Central DC,Western DFC Electric Rail,Road (Heavy Haulage),829.8,23.7,2026-03-04 17:42:28,0,0.966,3.4,10.2,3.62,2026-03-04 17:42:28,0.0,0
SHP-TRK-13016,2026-03-03 23:00:00,Sriperumbudur (Tamil Nadu),Oragadam Southern Plant (Chennai),Western DFC Electric Rail,Rail (Dedicated Freight Corridor),750.8,16.7,2026-03-04 15:41:07,0,0.973,2.1,15.3,4.35,2026-03-04 15:41:07,0.0,0
SHP-TRK-13017,2026-03-04 00:00:00,Bengaluru Electronic City,Chakan Assembly Alpha (Pune),Western DFC Electric Rail,Coastal Ro-Ro,661.2,18.9,2026-03-04 18:53:30,0,0.836,2.7,7.3,3.7,2026-03-05 01:29:30,6.6,1
SHP-TRK-13018,2026-03-04 08:00:00,Bengaluru Electronic City,Manesar Northern Plant,NH48 Western Corridor,Rail (Dedicated Freight Corridor),1355.1,30.1,2026-03-05 14:06:51,0,0.934,8.7,14.4,3.65,2026-03-05 14:06:51,0.0,0
SHP-TRK-13019,2026-03-04 12:00:00,Pune MIDC (Maharashtra),Chakan Assembly Alpha (Pune),Western DFC Electric Rail,Road (Heavy Haulage),963.4,27.5,2026-03-05 15:31:36,0,0.866,1.8,16.1,4.71,2026-03-05 15:31:36,0.0,0
SHP-TRK-13020,2026-03-04 15:00:00,Sriperumbudur (Tamil Nadu),Manesar Northern Plant,NH48 Western Corridor,Road (Heavy Haulage),553.2,15.8,2026-03-05 06:48:17,0,0.847,6.9,17.2,3.64,2026-03-05 18:54:17,12.1,1
SHP-TRK-13021,2026-03-04 17:00:00,Pune MIDC (Maharashtra),Chakan Assembly Alpha (Pune),Golden Quadrilateral Delhi-Kolkata,Rail (Dedicated Freight Corridor),523.8,11.6,2026-03-05 04:38:27,0,0.74,5.5,6.0,4.53,2026-03-05 04:38:27,0.0,0
SHP-TRK-13022,2026-03-04 22:00:00,Bengaluru Electronic City,Oragadam Southern Plant (Chennai),Western DFC Electric Rail,Coastal Ro-Ro,1445.9,41.3,2026-03-06 15:18:37,0,0.761,6.7,22.4,3.54,2026-03-06 15:18:37,0.0,0
SHP-TRK-13023,2026-03-05 00:00:00,Bengaluru Electronic City,Chakan Assembly Alpha (Pune),Western DFC Electric Rail,Coastal Ro-Ro,1342.1,38.3,2026-03-06 14:20:42,0,0.797,2.0,12.7,4.67,2026-03-06 14:20:42,0.0,0
SHP-TRK-13024,2026-03-05 08:00:00,Bengaluru Electronic City,Kundli DC,Golden Quadrilateral Delhi-Kolkata,Road (Heavy Haulage),1132.9,32.4,2026-03-06 16:22:02,0,0.791,1.2,14.5,4.83,2026-03-08 04:40:02,36.3,1
SHP-TRK-13025,2026-03-05 08:00:00,Pune MIDC (Maharashtra),Manesar Northern Plant,NH48 Western Corridor,Road (Heavy Haulage),1212.5,34.6,2026-03-06 18:38:36,0,0.865,6.5,25.9,3.62,2026-03-06 18:38:36,0.0,0
SHP-TRK-13026,2026-03-05 08:00:00,Pune MIDC (Maharashtra),Oragadam Southern Plant (Chennai),Western DFC Electric Rail,Road (Express),510.4,14.6,2026-03-05 22:35:00,0,0.764,7.0,20.3,4.14,2026-03-05 22:35:00,0.0,0
SHP-TRK-13027,2026-03-05 11:00:00,Sriperumbudur (Tamil Nadu),Chakan Assembly Alpha (Pune),NH48 Western Corridor,Road (Heavy Haulage),716.1,20.5,2026-03-06 07:27:36,0,0.85,2.4,15.3,3.83,2026-03-06 07:27:36,0.0,0
SHP-TRK-13028,2026-03-05 13:00:00,Gurugram (Haryana),Chakan Assembly Alpha (Pune),NH48 Western Corridor,Rail (Dedicated Freight Corridor),1257.4,27.9,2026-03-06 16:56:34,0,0.958,4.2,27.1,3.61,2026-03-06 16:56:34,0.0,0
SHP-TRK-13029,2026-03-05 13:00:00,Bengaluru Electronic City,Oragadam Southern Plant (Chennai),NH48 Western Corridor,Road (Heavy Haulage),743.4,21.2,2026-03-06 10:14:21,0,0.905,3.0,5.0,4.07,2026-03-06 10:14:21,0.0,0
SHP-TRK-13030,2026-03-05 13:00:00,Sanand Hub (Gujarat),Chakan Assembly Alpha (Pune),NH48 Western Corridor,Rail (Dedicated Freight Corridor),1303.1,29.0,2026-03-06 17:57:29,0,0.765,1.2,16.8,4.35,2026-03-06 17:57:29,0.0,0
SHP-TRK-13031,2026-03-05 18:00:00,Bengaluru Electronic City,Chakan Assembly Alpha (Pune),NH48 Western Corridor,Rail (Dedicated Freight Corridor),1027.3,22.8,2026-03-06 16:49:44,0,0.872,3.1,6.4,4.28,2026-03-06 16:49:44,0.0,0
SHP-TRK-13032,2026-03-05 21:00:00,Pune MIDC (Maharashtra),Chakan Assembly Alpha (Pune),NH48 Western Corridor,Rail (Dedicated Freight Corridor),600.2,13.3,2026-03-06 10:20:13,0,0.891,7.6,13.3,4.42,2026-03-06 10:20:13,0.0,0
SHP-TRK-13033,2026-03-05 23:00:00,Bengaluru Electronic City,Bhiwandi Central DC,Western DFC Electric Rail,Rail (Dedicated Freight Corridor),844.8,18.8,2026-03-06 17:46:20,0,0.838,7.8,12.6,4.64,2026-03-08 03:28:20,33.7,1
SHP-TRK-13034,2026-03-06 12:00:00,Bengaluru Electronic City,Chakan Assembly Alpha (Pune),NH48 Western Corridor,Rail (Dedicated Freight Corridor),758.5,16.9,2026-03-07 04:51:20,0,0.742,5.8,5.2,4.41,2026-03-07 04:51:20,0.0,0
SHP-TRK-13035,2026-03-06 14:00:00,Bengaluru Electronic City,Chakan Assembly Alpha (Pune),NH48 Western Corridor,Road (Heavy Haulage),808.2,23.1,2026-03-07 13:05:34,0,0.887,1.0,24.1,4.07,2026-03-07 13:05:34,0.0,0
SHP-TRK-13036,2026-03-06 16:00:00,Bengaluru Electronic City,Bhiwandi Central DC,Coastal Maritime Lane,Road (Express),696.3,19.9,2026-03-07 11:53:41,0,0.956,1.7,15.8,4.06,2026-03-07 11:53:41,0.0,0
SHP-TRK-13037,2026-03-06 18:00:00,Sriperumbudur (Tamil Nadu),Chakan Assembly Alpha (Pune),Western DFC Electric Rail,Air Cargo Express,1335.1,22.3,2026-03-07 16:15:03,0,0.721,6.0,15.8,4.52,2026-03-07 16:15:03,0.0,0
SHP-TRK-13038,2026-03-06 19:00:00,Sanand Hub (Gujarat),Chakan Assembly Alpha (Pune),Western DFC Electric Rail,Road (Express),530.4,15.2,2026-03-07 10:09:12,0,0.846,4.7,23.5,4.31,2026-03-08 02:33:12,16.4,1
SHP-TRK-13039,2026-03-06 19:00:00,Pune MIDC (Maharashtra),Bhiwandi Central DC,NH48 Western Corridor,Road (Heavy Haulage),372.8,10.7,2026-03-07 05:39:03,0,0.808,1.5,26.6,4.03,2026-03-07 05:39:03,0.0,0
SHP-TRK-13040,2026-03-07 00:00:00,Bengaluru Electronic City,Chakan Assembly Alpha (Pune),Chennai-Bengaluru Expressway,Air Cargo Express,569.5,9.5,2026-03-07 09:29:32,0,0.882,3.1,10.7,3.62,2026-03-08 01:35:32,16.1,1
SHP-TRK-13041,2026-03-07 02:00:00,Sanand Hub (Gujarat),Chakan Assembly Alpha (Pune),Golden Quadrilateral Delhi-Kolkata,Road (Heavy Haulage),493.1,14.1,2026-03-07 16:05:23,0,0.951,3.3,13.6,3.78,2026-03-07 16:05:23,0.0,0
SHP-TRK-13042,2026-03-07 04:00:00,Sanand Hub (Gujarat),Chakan Assembly Alpha (Pune),Golden Quadrilateral Delhi-Kolkata,Air Cargo Express,1300.3,21.7,2026-03-08 01:40:19,0,0.747,4.6,10.8,4.86,2026-03-08 01:40:19,0.0,0
SHP-TRK-13043,2026-03-07 12:00:00,Pune MIDC (Maharashtra),Chakan Assembly Alpha (Pune),NH48 Western Corridor,Road (Heavy Haulage),298.2,8.5,2026-03-07 20:31:12,0,0.741,3.2,12.9,4.01,2026-03-07 20:31:12,0.0,0
SHP-TRK-13044,2026-03-07 13:00:00,Pune MIDC (Maharashtra),Chakan Assembly Alpha (Pune),Western DFC Electric Rail,Road (Heavy Haulage),936.1,26.7,2026-03-08 15:44:43,0,0.76,7.8,13.5,4.03,2026-03-08 15:44:43,0.0,0
SHP-TRK-13045,2026-03-07 13:00:00,Bengaluru Electronic City,Manesar Northern Plant,NH48 Western Corridor,Road (Heavy Haulage),1335.4,38.2,2026-03-09 03:09:12,0,0.8,6.6,14.0,3.75,2026-03-09 03:09:12,0.0,0
SHP-TRK-13046,2026-03-07 13:00:00,Pune MIDC (Maharashtra),Manesar Northern Plant,NH48 Western Corridor,Road (Heavy Haulage),1356.9,38.8,2026-03-09 03:46:01,0,0.951,5.0,18.1,3.61,2026-03-09 03:46:01,0.0,0
SHP-TRK-13047,2026-03-07 14:00:00,Sriperumbudur (Tamil Nadu),Oragadam Southern Plant (Chennai),NH48 Western Corridor,Road (Express),961.3,27.5,2026-03-08 17:27:53,0,0.865,7.7,23.1,4.73,2026-03-08 17:27:53,0.0,0
SHP-TRK-13048,2026-03-07 15:00:00,Bengaluru Electronic City,Chakan Assembly Alpha (Pune),Chennai-Bengaluru Expressway,Rail (Dedicated Freight Corridor),339.9,7.6,2026-03-07 22:33:15,0,0.865,1.9,5.2,4.42,2026-03-07 22:33:15,0.0,0
SHP-TRK-13049,2026-03-07 19:00:00,Sriperumbudur (Tamil Nadu),Bhiwandi Central DC,NH48 Western Corridor,Road (Heavy Haulage),1287.4,36.8,2026-03-09 07:47:02,0,0.851,3.2,24.8,4.43,2026-03-09 07:47:02,0.0,0
SHP-TRK-13050,2026-03-07 22:00:00,Pune MIDC (Maharashtra),Chakan Assembly Alpha (Pune),Chennai-Bengaluru Expressway,Road (Heavy Haulage),987.8,28.2,2026-03-09 02:13:25,0,0.781,5.2,23.4,4.38,2026-03-09 02:13:25,0.0,0
SHP-TRK-13051,2026-03-08 02:00:00,Sanand Hub (Gujarat),Oragadam Southern Plant (Chennai),NH48 Western Corridor,Rail (Dedicated Freight Corridor),516.6,11.5,2026-03-08 13:28:51,0,0.949,6.4,18.2,4.26,2026-03-08 23:16:51,9.8,1
SHP-TRK-13052,2026-03-08 05:00:00,Sanand Hub (Gujarat),Oragadam Southern Plant (Chennai),Western DFC Electric Rail,Road (Heavy Haulage),376.7,10.8,2026-03-08 15:45:43,0,0.748,8.7,31.4,4.58,2026-03-08 15:45:43,0.0,0
SHP-TRK-13053,2026-03-08 06:00:00,Sriperumbudur (Tamil Nadu),Chakan Assembly Alpha (Pune),NH48 Western Corridor,Road (Heavy Haulage),964.9,27.6,2026-03-09 09:34:09,0,0.871,8.4,26.2,4.74,2026-03-09 09:34:09,0.0,0
SHP-TRK-13054,2026-03-08 10:00:00,Pune MIDC (Maharashtra),Oragadam Southern Plant (Chennai),Western DFC Electric Rail,Road (Heavy Haulage),1077.5,30.8,2026-03-09 16:47:06,0,0.821,7.8,30.9,4.08,2026-03-09 16:47:06,0.0,0
SHP-TRK-13055,2026-03-08 11:00:00,Pune MIDC (Maharashtra),Chakan Assembly Alpha (Pune),Chennai-Bengaluru Expressway,Road (Heavy Haulage),1128.4,32.2,2026-03-09 19:14:27,0,0.828,8.1,14.2,4.35,2026-03-09 19:14:27,0.0,0
SHP-TRK-13056,2026-03-08 15:00:00,Sanand Hub (Gujarat),Chakan Assembly Alpha (Pune),NH48 Western Corridor,Coastal Ro-Ro,458.3,13.1,2026-03-09 04:05:38,0,0.845,1.7,29.1,3.91,2026-03-09 21:29:38,17.4,1
SHP-TRK-13057,2026-03-08 18:00:00,Pune MIDC (Maharashtra),Manesar Northern Plant,Coastal Maritime Lane,Road (Heavy Haulage),329.5,9.4,2026-03-09 03:24:49,0,0.87,8.9,23.5,3.45,2026-03-09 03:24:49,0.0,0
SHP-TRK-13058,2026-03-09 00:00:00,Sanand Hub (Gujarat),Chakan Assembly Alpha (Pune),Coastal Maritime Lane,Coastal Ro-Ro,651.4,18.6,2026-03-09 18:36:42,0,0.796,2.2,13.6,4.52,2026-03-09 18:36:42,0.0,0
SHP-TRK-13059,2026-03-09 02:00:00,Gurugram (Haryana),Manesar Northern Plant,Golden Quadrilateral Delhi-Kolkata,Rail (Dedicated Freight Corridor),1136.2,25.2,2026-03-10 03:14:55,0,0.844,3.7,12.3,4.84,2026-03-10 03:14:55,0.0,0
SHP-TRK-13060,2026-03-09 04:00:00,Sriperumbudur (Tamil Nadu),Kundli DC,Golden Quadrilateral Delhi-Kolkata,Road (Heavy Haulage),1274.3,36.4,2026-03-10 16:24:33,0,0.884,8.5,20.7,4.23,2026-03-10 23:48:33,7.4,1
SHP-TRK-13061,2026-03-09 05:00:00,Gurugram (Haryana),Chakan Assembly Alpha (Pune),Golden Quadrilateral Delhi-Kolkata,Rail (Dedicated Freight Corridor),388.5,8.6,2026-03-09 13:37:58,0,0.75,3.9,12.0,3.6,2026-03-09 20:43:58,7.1,1
SHP-TRK-13062,2026-03-09 11:00:00,Sriperumbudur (Tamil Nadu),Manesar Northern Plant,Western DFC Electric Rail,Road (Express),1393.5,39.8,2026-03-11 02:48:50,0,0.949,8.7,15.2,4.54,2026-03-11 02:48:50,0.0,0
SHP-TRK-13063,2026-03-09 12:00:00,Bengaluru Electronic City,Chakan Assembly Alpha (Pune),NH48 Western Corridor,Rail (Dedicated Freight Corridor),602.5,13.4,2026-03-10 01:23:22,0,0.85,6.4,30.0,4.41,2026-03-10 01:23:22,0.0,0
SHP-TRK-13064,2026-03-09 16:00:00,Bengaluru Electronic City,Manesar Northern Plant,Chennai-Bengaluru Expressway,Road (Heavy Haulage),720.9,20.6,2026-03-10 12:35:53,0,0.842,4.5,26.8,3.89,2026-03-10 12:35:53,0.0,0
SHP-TRK-13065,2026-03-09 18:00:00,Bengaluru Electronic City,Manesar Northern Plant,Western DFC Electric Rail,Air Cargo Express,380.7,6.3,2026-03-10 00:20:40,0,0.816,5.4,16.0,4.43,2026-03-10 04:50:40,4.5,1
SHP-TRK-13066,2026-03-09 19:00:00,Gurugram (Haryana),Kundli DC,Chennai-Bengaluru Expressway,Rail (Dedicated Freight Corridor),556.9,12.4,2026-03-10 07:22:29,0,0.882,1.5,23.9,4.69,2026-03-10 07:22:29,0.0,0
SHP-TRK-13067,2026-03-09 20:00:00,Sriperumbudur (Tamil Nadu),Bhiwandi Central DC,NH48 Western Corridor,Coastal Ro-Ro,1201.9,34.3,2026-03-11 06:20:25,0,0.79,8.0,7.2,3.66,2026-03-12 04:14:25,21.9,1
SHP-TRK-13068,2026-03-09 22:00:00,Sanand Hub (Gujarat),Manesar Northern Plant,NH48 Western Corridor,Road (Express),1259.4,36.0,2026-03-11 09:58:54,0,0.93,5.6,22.3,3.8,2026-03-11 20:22:54,10.4,1
SHP-TRK-13069,2026-03-10 00:00:00,Sanand Hub (Gujarat),Oragadam Southern Plant (Chennai),Golden Quadrilateral Delhi-Kolkata,Road (Heavy Haulage),967.7,27.6,2026-03-11 03:38:56,0,0.957,2.2,6.1,3.4,2026-03-11 03:38:56,0.0,0
SHP-TRK-13070,2026-03-10 02:00:00,Pune MIDC (Maharashtra),Oragadam Southern Plant (Chennai),NH48 Western Corridor,Rail (Dedicated Freight Corridor),700.0,15.6,2026-03-10 17:33:17,0,0.832,1.1,6.8,3.63,2026-03-10 17:33:17,0.0,0
SHP-TRK-13071,2026-03-10 02:00:00,Pune MIDC (Maharashtra),Chakan Assembly Alpha (Pune),NH48 Western Corridor,Road (Heavy Haulage),678.5,19.4,2026-03-10 21:23:10,0,0.729,2.1,13.4,4.6,2026-03-10 21:23:10,0.0,0
SHP-TRK-13072,2026-03-10 06:00:00,Pune MIDC (Maharashtra),Chakan Assembly Alpha (Pune),Western DFC Electric Rail,Road (Heavy Haulage),1215.5,34.7,2026-03-11 16:43:47,0,0.971,1.1,15.9,4.64,2026-03-11 16:43:47,0.0,0
SHP-TRK-13073,2026-03-10 12:00:00,Sanand Hub (Gujarat),Manesar Northern Plant,NH48 Western Corridor,Road (Heavy Haulage),836.9,23.9,2026-03-11 11:54:43,0,0.761,6.9,24.9,3.97,2026-03-11 11:54:43,0.0,0
SHP-TRK-13074,2026-03-10 13:00:00,Sanand Hub (Gujarat),Chakan Assembly Alpha (Pune),Golden Quadrilateral Delhi-Kolkata,Rail (Dedicated Freight Corridor),708.4,15.7,2026-03-11 04:44:35,0,0.859,5.2,9.0,4.06,2026-03-11 04:44:35,0.0,0
SHP-TRK-13075,2026-03-11 02:00:00,Pune MIDC (Maharashtra),Manesar Northern Plant,Western DFC Electric Rail,Road (Heavy Haulage),1093.0,31.2,2026-03-12 09:13:42,0,0.743,7.3,10.6,4.81,2026-03-12 09:13:42,0.0,0
SHP-TRK-13076,2026-03-11 02:00:00,Sriperumbudur (Tamil Nadu),Oragadam Southern Plant (Chennai),NH48 Western Corridor,Road (Heavy Haulage),944.4,27.0,2026-03-12 04:58:57,0,0.848,3.9,29.9,4.21,2026-03-12 04:58:57,0.0,0
SHP-TRK-13077,2026-03-11 03:00:00,Sriperumbudur (Tamil Nadu),Oragadam Southern Plant (Chennai),NH48 Western Corridor,Rail (Dedicated Freight Corridor),1340.5,29.8,2026-03-12 08:47:21,0,0.837,5.2,22.6,4.17,2026-03-13 10:05:21,25.3,1
SHP-TRK-13078,2026-03-11 08:00:00,Sriperumbudur (Tamil Nadu),Bhiwandi Central DC,NH48 Western Corridor,Air Cargo Express,1223.7,20.4,2026-03-12 04:23:42,0,0.787,6.3,7.3,3.88,2026-03-12 09:47:42,5.4,1
SHP-TRK-13079,2026-03-11 10:00:00,Sanand Hub (Gujarat),Manesar Northern Plant,Golden Quadrilateral Delhi-Kolkata,Road (Heavy Haulage),305.1,8.7,2026-03-11 18:43:01,0,0.776,4.3,15.0,3.83,2026-03-14 22:37:01,75.9,1
SHP-TRK-13080,2026-03-11 19:00:00,Pune MIDC (Maharashtra),Chakan Assembly Alpha (Pune),NH48 Western Corridor,Air Cargo Express,1331.1,22.2,2026-03-12 17:11:04,0,0.809,1.1,18.7,3.58,2026-03-12 17:11:04,0.0,0
SHP-TRK-13081,2026-03-11 21:00:00,Sanand Hub (Gujarat),Bhiwandi Central DC,Western DFC Electric Rail,Road (Heavy Haulage),886.5,25.3,2026-03-12 22:19:41,0,0.899,1.3,20.6,4.15,2026-03-13 06:37:41,8.3,1
SHP-TRK-13082,2026-03-12 06:00:00,Gurugram (Haryana),Chakan Assembly Alpha (Pune),Golden Quadrilateral Delhi-Kolkata,Road (Heavy Haulage),699.8,20.0,2026-03-13 01:59:42,0,0.882,9.0,31.6,4.16,2026-03-13 01:59:42,0.0,0
SHP-TRK-13083,2026-03-13 02:00:00,Gurugram (Haryana),Chakan Assembly Alpha (Pune),NH48 Western Corridor,Rail (Dedicated Freight Corridor),603.9,13.4,2026-03-13 15:25:08,0,0.978,6.9,15.2,4.13,2026-03-13 15:25:08,0.0,0
SHP-TRK-13084,2026-03-13 03:00:00,Gurugram (Haryana),Chakan Assembly Alpha (Pune),NH48 Western Corridor,Road (Heavy Haulage),896.2,25.6,2026-03-14 04:36:18,0,0.796,2.2,31.9,4.35,2026-03-14 04:36:18,0.0,0
SHP-TRK-13085,2026-03-13 04:00:00,Gurugram (Haryana),Kundli DC,Western DFC Electric Rail,Rail (Dedicated Freight Corridor),1308.4,29.1,2026-03-14 09:04:32,0,0.868,2.0,14.6,4.8,2026-03-14 09:04:32,0.0,0
SHP-TRK-13086,2026-03-13 07:00:00,Sriperumbudur (Tamil Nadu),Bhiwandi Central DC,NH48 Western Corridor,Road (Express),1112.5,31.8,2026-03-14 14:47:03,0,0.771,4.3,26.7,4.64,2026-03-14 14:47:03,0.0,0
SHP-TRK-13087,2026-03-13 11:00:00,Bengaluru Electronic City,Manesar Northern Plant,Western DFC Electric Rail,Road (Heavy Haulage),770.2,22.0,2026-03-14 09:00:24,0,0.865,2.1,14.4,4.24,2026-03-14 09:00:24,0.0,0
SHP-TRK-13088,2026-03-13 15:00:00,Sriperumbudur (Tamil Nadu),Oragadam Southern Plant (Chennai),Coastal Maritime Lane,Coastal Ro-Ro,682.2,19.5,2026-03-14 10:29:26,0,0.811,5.4,7.1,3.75,2026-03-14 10:29:26,0.0,0
SHP-TRK-13089,2026-03-13 16:00:00,Sanand Hub (Gujarat),Manesar Northern Plant,NH48 Western Corridor,Road (Heavy Haulage),1315.1,37.6,2026-03-15 05:34:26,0,0.947,7.9,15.2,3.81,2026-03-15 11:10:26,5.6,1
SHP-TRK-13090,2026-03-13 17:00:00,Sanand Hub (Gujarat),Bhiwandi Central DC,Chennai-Bengaluru Expressway,Coastal Ro-Ro,1125.8,32.2,2026-03-15 01:09:58,0,0.873,7.2,30.5,3.63,2026-03-15 01:09:58,0.0,0
SHP-TRK-13091,2026-03-13 18:00:00,Sanand Hub (Gujarat),Manesar Northern Plant,Coastal Maritime Lane,Road (Heavy Haulage),984.0,28.1,2026-03-14 22:06:48,0,0.896,1.0,18.2,4.46,2026-03-14 22:06:48,0.0,0
SHP-TRK-13092,2026-03-13 21:00:00,Bengaluru Electronic City,Kundli DC,Golden Quadrilateral Delhi-Kolkata,Rail (Dedicated Freight Corridor),1353.2,30.1,2026-03-15 03:04:16,0,0.979,2.6,26.8,4.09,2026-03-15 03:04:16,0.0,0
SHP-TRK-13093,2026-03-14 01:00:00,Sanand Hub (Gujarat),Manesar Northern Plant,Western DFC Electric Rail,Rail (Dedicated Freight Corridor),1063.6,23.6,2026-03-15 00:38:04,0,0.881,3.4,27.5,4.13,2026-03-15 00:38:04,0.0,0
SHP-TRK-13094,2026-03-14 05:00:00,Gurugram (Haryana),Chakan Assembly Alpha (Pune),Golden Quadrilateral Delhi-Kolkata,Rail (Dedicated Freight Corridor),400.3,8.9,2026-03-14 13:53:41,0,0.812,7.4,11.0,4.35,2026-03-14 13:53:41,0.0,0
SHP-TRK-13095,2026-03-14 07:00:00,Sriperumbudur (Tamil Nadu),Manesar Northern Plant,NH48 Western Corridor,Air Cargo Express,1098.0,18.3,2026-03-15 01:17:57,0,0.91,3.4,31.1,3.83,2026-03-15 01:17:57,0.0,0
SHP-TRK-13096,2026-03-14 10:00:00,Sriperumbudur (Tamil Nadu),Manesar Northern Plant,Chennai-Bengaluru Expressway,Road (Heavy Haulage),1078.3,30.8,2026-03-15 16:48:28,0,0.891,2.8,15.7,4.5,2026-03-15 16:48:28,0.0,0
SHP-TRK-13097,2026-03-14 12:00:00,Sriperumbudur (Tamil Nadu),Chakan Assembly Alpha (Pune),Western DFC Electric Rail,Road (Heavy Haulage),1134.1,32.4,2026-03-15 20:24:08,0,0.913,4.9,7.7,3.78,2026-03-15 20:24:08,0.0,0
SHP-TRK-13098,2026-03-14 17:00:00,Pune MIDC (Maharashtra),Chakan Assembly Alpha (Pune),Golden Quadrilateral Delhi-Kolkata,Rail (Dedicated Freight Corridor),1407.7,31.3,2026-03-16 00:16:59,0,0.98,8.6,24.3,4.54,2026-03-16 00:16:59,0.0,0
SHP-TRK-13099,2026-03-14 22:00:00,Gurugram (Haryana),Kundli DC,Western DFC Electric Rail,Road (Heavy Haulage),802.6,22.9,2026-03-15 20:55:48,0,0.892,7.2,28.4,3.95,2026-03-15 20:55:48,0.0,0
SHP-TRK-13100,2026-03-15 00:00:00,Gurugram (Haryana),Chakan Assembly Alpha (Pune),Golden Quadrilateral Delhi-Kolkata,Road (Heavy Haulage),465.6,13.3,2026-03-15 13:18:09,0,0.824,3.3,9.1,3.96,2026-03-15 13:18:09,0.0,0
SHP-TRK-13101,2026-03-15 01:00:00,Bengaluru Electronic City,Chakan Assembly Alpha (Pune),NH48 Western Corridor,Road (Express),661.3,18.9,2026-03-15 19:53:35,0,0.786,4.5,17.2,4.85,2026-03-15 19:53:35,0.0,0
SHP-TRK-13102,2026-03-15 04:00:00,Gurugram (Haryana),Manesar Northern Plant,Western DFC Electric Rail,Road (Heavy Haulage),357.6,10.2,2026-03-15 14:13:01,0,0.905,4.1,27.5,4.03,2026-03-15 14:13:01,0.0,0
SHP-TRK-13103,2026-03-15 05:00:00,Bengaluru Electronic City,Manesar Northern Plant,Coastal Maritime Lane,Road (Heavy Haulage),769.6,22.0,2026-03-16 02:59:18,0,0.763,7.1,10.5,4.41,2026-03-16 18:35:18,15.6,1
SHP-TRK-13104,2026-03-15 11:00:00,Sriperumbudur (Tamil Nadu),Manesar Northern Plant,Western DFC Electric Rail,Road (Heavy Haulage),678.4,19.4,2026-03-16 06:23:00,0,0.973,1.4,12.7,4.88,2026-03-16 06:23:00,0.0,0
SHP-TRK-13105,2026-03-15 13:00:00,Pune MIDC (Maharashtra),Chakan Assembly Alpha (Pune),Western DFC Electric Rail,Rail (Dedicated Freight Corridor),1217.7,27.1,2026-03-16 16:03:39,0,0.734,2.6,18.0,4.63,2026-03-17 12:33:39,20.5,1
SHP-TRK-13106,2026-03-16 02:00:00,Pune MIDC (Maharashtra),Oragadam Southern Plant (Chennai),NH48 Western Corridor,Air Cargo Express,562.4,9.4,2026-03-16 11:22:24,0,0.847,1.5,7.1,4.82,2026-03-16 11:22:24,0.0,0
SHP-TRK-13107,2026-03-16 05:00:00,Gurugram (Haryana),Oragadam Southern Plant (Chennai),NH48 Western Corridor,Road (Heavy Haulage),703.1,20.1,2026-03-17 01:05:14,0,0.775,1.7,23.0,3.84,2026-03-17 01:05:14,0.0,0
SHP-TRK-13108,2026-03-16 10:00:00,Pune MIDC (Maharashtra),Bhiwandi Central DC,NH48 Western Corridor,Rail (Dedicated Freight Corridor),1352.2,30.0,2026-03-17 16:02:53,0,0.894,3.0,21.3,4.35,2026-03-17 16:02:53,0.0,0
SHP-TRK-13109,2026-03-16 13:00:00,Bengaluru Electronic City,Oragadam Southern Plant (Chennai),Western DFC Electric Rail,Road (Express),345.9,9.9,2026-03-16 22:53:02,0,0.737,3.4,16.3,4.38,2026-03-16 22:53:02,0.0,0
SHP-TRK-13110,2026-03-16 13:00:00,Sanand Hub (Gujarat),Manesar Northern Plant,NH48 Western Corridor,Road (Express),1031.0,29.5,2026-03-17 18:27:22,0,0.97,2.5,29.5,4.29,2026-03-17 18:27:22,0.0,0
SHP-TRK-13111,2026-03-16 16:00:00,Sanand Hub (Gujarat),Manesar Northern Plant,Golden Quadrilateral Delhi-Kolkata,Rail (Dedicated Freight Corridor),1221.0,27.1,2026-03-17 19:08:01,0,0.856,3.1,8.4,3.59,2026-03-19 03:20:01,32.2,1
SHP-TRK-13112,2026-03-16 16:00:00,Bengaluru Electronic City,Oragadam Southern Plant (Chennai),Western DFC Electric Rail,Air Cargo Express,1445.7,24.1,2026-03-17 16:05:44,0,0.912,7.8,7.2,4.1,2026-03-17 22:05:44,6.0,1
SHP-TRK-13113,2026-03-16 17:00:00,Pune MIDC (Maharashtra),Chakan Assembly Alpha (Pune),Western DFC Electric Rail,Road (Heavy Haulage),526.4,15.0,2026-03-17 08:02:21,0,0.845,1.4,23.2,4.37,2026-03-17 08:02:21,0.0,0
SHP-TRK-13114,2026-03-17 07:00:00,Bengaluru Electronic City,Chakan Assembly Alpha (Pune),Golden Quadrilateral Delhi-Kolkata,Road (Express),945.7,27.0,2026-03-18 10:01:09,0,0.883,1.8,28.0,4.29,2026-03-18 10:01:09,0.0,0
SHP-TRK-13115,2026-03-17 15:00:00,Gurugram (Haryana),Chakan Assembly Alpha (Pune),Coastal Maritime Lane,Rail (Dedicated Freight Corridor),622.0,13.8,2026-03-18 04:49:20,0,0.724,6.9,4.7,3.48,2026-03-18 04:49:20,0.0,0
SHP-TRK-13116,2026-03-17 18:00:00,Sriperumbudur (Tamil Nadu),Oragadam Southern Plant (Chennai),Chennai-Bengaluru Expressway,Road (Heavy Haulage),1145.5,32.7,2026-03-19 02:43:42,0,0.809,3.3,24.7,4.47,2026-03-19 02:43:42,0.0,0
SHP-TRK-13117,2026-03-18 03:00:00,Sriperumbudur (Tamil Nadu),Chakan Assembly Alpha (Pune),Golden Quadrilateral Delhi-Kolkata,Air Cargo Express,870.7,14.5,2026-03-18 17:30:43,0,0.853,5.6,27.3,4.68,2026-03-18 17:30:43,0.0,0
SHP-TRK-13118,2026-03-18 04:00:00,Sriperumbudur (Tamil Nadu),Manesar Northern Plant,NH48 Western Corridor,Air Cargo Express,782.8,13.0,2026-03-18 17:02:49,0,0.881,8.3,4.9,3.89,2026-03-19 00:44:49,7.7,1
SHP-TRK-13119,2026-03-18 05:00:00,Bengaluru Electronic City,Manesar Northern Plant,Western DFC Electric Rail,Air Cargo Express,539.8,9.0,2026-03-18 13:59:49,0,0.945,6.1,10.5,4.58,2026-03-18 13:59:49,0.0,0
SHP-TRK-13120,2026-03-18 09:00:00,Pune MIDC (Maharashtra),Manesar Northern Plant,Chennai-Bengaluru Expressway,Road (Heavy Haulage),619.1,17.7,2026-03-19 02:41:13,0,0.921,6.2,11.8,3.76,2026-03-19 08:41:13,6.0,1
SHP-TRK-13121,2026-03-18 09:00:00,Sanand Hub (Gujarat),Manesar Northern Plant,Western DFC Electric Rail,Rail (Dedicated Freight Corridor),1020.3,22.7,2026-03-19 07:40:21,0,0.932,8.3,10.8,3.52,2026-03-19 07:40:21,0.0,0
SHP-TRK-13122,2026-03-18 09:00:00,Sanand Hub (Gujarat),Manesar Northern Plant,Golden Quadrilateral Delhi-Kolkata,Rail (Dedicated Freight Corridor),760.8,16.9,2026-03-19 01:54:25,0,0.753,8.0,6.8,4.89,2026-03-19 10:24:25,8.5,1
SHP-TRK-13123,2026-03-18 10:00:00,Bengaluru Electronic City,Oragadam Southern Plant (Chennai),Western DFC Electric Rail,Road (Express),1259.7,36.0,2026-03-19 21:59:29,0,0.846,8.8,26.4,3.97,2026-03-19 21:59:29,0.0,0
SHP-TRK-13124,2026-03-18 11:00:00,Gurugram (Haryana),Manesar Northern Plant,Golden Quadrilateral Delhi-Kolkata,Rail (Dedicated Freight Corridor),923.0,20.5,2026-03-19 07:30:40,0,0.761,3.6,19.8,4.53,2026-03-19 19:36:40,12.1,1
SHP-TRK-13125,2026-03-18 12:00:00,Sanand Hub (Gujarat),Chakan Assembly Alpha (Pune),Western DFC Electric Rail,Road (Express),461.9,13.2,2026-03-19 01:11:49,0,0.93,6.3,13.7,3.63,2026-03-19 01:11:49,0.0,0
SHP-TRK-13126,2026-03-18 12:00:00,Pune MIDC (Maharashtra),Oragadam Southern Plant (Chennai),Chennai-Bengaluru Expressway,Rail (Dedicated Freight Corridor),269.0,6.0,2026-03-18 17:58:39,0,0.737,2.3,5.3,4.35,2026-03-18 17:58:39,0.0,0
SHP-TRK-13127,2026-03-18 14:00:00,Sanand Hub (Gujarat),Chakan Assembly Alpha (Pune),Coastal Maritime Lane,Road (Heavy Haulage),1082.2,30.9,2026-03-19 20:55:12,0,0.872,3.6,16.4,4.53,2026-03-23 17:01:12,92.1,1
SHP-TRK-13128,2026-03-18 18:00:00,Sriperumbudur (Tamil Nadu),Manesar Northern Plant,NH48 Western Corridor,Rail (Dedicated Freight Corridor),521.7,11.6,2026-03-19 05:35:33,0,0.863,1.6,6.5,4.78,2026-03-19 05:35:33,0.0,0
SHP-TRK-13129,2026-03-18 21:00:00,Gurugram (Haryana),Chakan Assembly Alpha (Pune),Western DFC Electric Rail,Road (Heavy Haulage),1268.2,36.2,2026-03-20 09:14:00,0,0.968,7.9,23.1,3.47,2026-03-20 14:20:00,5.1,1
SHP-TRK-13130,2026-03-18 21:00:00,Sriperumbudur (Tamil Nadu),Chakan Assembly Alpha (Pune),Golden Quadrilateral Delhi-Kolkata,Road (Express),345.5,9.9,2026-03-19 06:52:20,0,0.956,5.2,29.4,3.7,2026-03-19 06:52:20,0.0,0
SHP-TRK-13131,2026-03-19 00:00:00,Bengaluru Electronic City,Chakan Assembly Alpha (Pune),Western DFC Electric Rail,Road (Express),1364.6,39.0,2026-03-20 14:59:15,0,0.774,6.5,31.7,3.5,2026-03-20 14:59:15,0.0,0
SHP-TRK-13132,2026-03-19 05:00:00,Sriperumbudur (Tamil Nadu),Chakan Assembly Alpha (Pune),NH48 Western Corridor,Road (Heavy Haulage),569.3,16.3,2026-03-19 21:15:59,0,0.925,4.0,24.7,3.44,2026-03-20 01:27:59,4.2,1
SHP-TRK-13133,2026-03-19 10:00:00,Sanand Hub (Gujarat),Oragadam Southern Plant (Chennai),Coastal Maritime Lane,Rail (Dedicated Freight Corridor),675.3,15.0,2026-03-20 01:00:23,0,0.734,2.6,29.2,4.59,2026-03-20 01:00:23,0.0,0
SHP-TRK-13134,2026-03-19 13:00:00,Sanand Hub (Gujarat),Chakan Assembly Alpha (Pune),Chennai-Bengaluru Expressway,Road (Heavy Haulage),502.0,14.3,2026-03-20 03:20:30,0,0.887,5.1,19.5,4.35,2026-03-20 03:20:30,0.0,0
SHP-TRK-13135,2026-03-19 15:00:00,Sanand Hub (Gujarat),Kundli DC,NH48 Western Corridor,Road (Heavy Haulage),639.6,18.3,2026-03-20 09:16:25,0,0.936,3.1,17.5,4.31,2026-03-20 14:28:25,5.2,1
SHP-TRK-13136,2026-03-19 17:00:00,Sanand Hub (Gujarat),Manesar Northern Plant,Chennai-Bengaluru Expressway,Road (Express),410.6,11.7,2026-03-20 04:43:48,0,0.838,8.6,25.7,4.78,2026-03-20 18:31:48,13.8,1
SHP-TRK-13137,2026-03-19 19:00:00,Bengaluru Electronic City,Bhiwandi Central DC,NH48 Western Corridor,Rail (Dedicated Freight Corridor),427.4,9.5,2026-03-20 04:29:54,0,0.732,2.6,29.1,4.51,2026-03-20 04:29:54,0.0,0
SHP-TRK-13138,2026-03-20 00:00:00,Sriperumbudur (Tamil Nadu),Oragadam Southern Plant (Chennai),Coastal Maritime Lane,Road (Heavy Haulage),867.8,24.8,2026-03-21 00:47:38,0,0.845,9.0,15.1,4.69,2026-03-21 00:47:38,0.0,0
SHP-TRK-13139,2026-03-20 00:00:00,Sanand Hub (Gujarat),Chakan Assembly Alpha (Pune),Western DFC Electric Rail,Coastal Ro-Ro,252.7,7.2,2026-03-20 07:13:08,0,0.85,6.0,25.8,4.77,2026-03-20 07:13:08,0.0,0
SHP-TRK-13140,2026-03-20 02:00:00,Gurugram (Haryana),Chakan Assembly Alpha (Pune),NH48 Western Corridor,Road (Express),475.1,13.6,2026-03-20 15:34:23,0,0.928,4.3,29.7,3.61,2026-03-21 18:16:23,26.7,1
SHP-TRK-13141,2026-03-20 04:00:00,Sanand Hub (Gujarat),Oragadam Southern Plant (Chennai),Western DFC Electric Rail,Road (Heavy Haulage),1378.0,39.4,2026-03-21 19:22:20,0,0.891,3.3,9.3,4.08,2026-03-21 19:22:20,0.0,0
SHP-TRK-13142,2026-03-20 05:00:00,Sriperumbudur (Tamil Nadu),Chakan Assembly Alpha (Pune),NH48 Western Corridor,Road (Express),922.5,26.4,2026-03-21 07:21:30,0,0.882,2.7,27.2,4.37,2026-03-21 07:21:30,0.0,0
SHP-TRK-13143,2026-03-20 19:00:00,Bengaluru Electronic City,Kundli DC,NH48 Western Corridor,Rail (Dedicated Freight Corridor),536.3,11.9,2026-03-21 06:55:06,0,0.738,2.3,31.8,4.75,2026-03-21 06:55:06,0.0,0
SHP-TRK-13144,2026-03-21 01:00:00,Sanand Hub (Gujarat),Oragadam Southern Plant (Chennai),NH48 Western Corridor,Coastal Ro-Ro,962.8,27.5,2026-03-22 04:30:28,0,0.959,8.6,27.8,4.38,2026-03-22 04:30:28,0.0,0
SHP-TRK-13145,2026-03-21 05:00:00,Sanand Hub (Gujarat),Manesar Northern Plant,Western DFC Electric Rail,Coastal Ro-Ro,562.8,16.1,2026-03-21 21:04:51,0,0.869,6.5,10.2,4.28,2026-03-21 21:04:51,0.0,0
SHP-TRK-13146,2026-03-21 06:00:00,Sriperumbudur (Tamil Nadu),Oragadam Southern Plant (Chennai),Western DFC Electric Rail,Road (Heavy Haulage),953.5,27.2,2026-03-22 09:14:32,0,0.808,3.4,14.0,4.86,2026-03-22 09:14:32,0.0,0
SHP-TRK-13147,2026-03-21 07:00:00,Pune MIDC (Maharashtra),Bhiwandi Central DC,Western DFC Electric Rail,Rail (Dedicated Freight Corridor),495.2,11.0,2026-03-21 18:00:15,0,0.907,4.4,24.9,3.56,2026-03-21 18:00:15,0.0,0
SHP-TRK-13148,2026-03-21 09:00:00,Sanand Hub (Gujarat),Bhiwandi Central DC,NH48 Western Corridor,Road (Heavy Haulage),1365.2,39.0,2026-03-23 00:00:24,0,0.891,1.9,8.4,4.29,2026-03-23 00:00:24,0.0,0
SHP-TRK-13149,2026-03-21 12:00:00,Pune MIDC (Maharashtra),Chakan Assembly Alpha (Pune),NH48 Western Corridor,Air Cargo Express,499.1,8.3,2026-03-21 20:19:07,0,0.972,2.1,28.9,3.51,2026-03-21 20:19:07,0.0,0
SHP-TRK-13150,2026-03-21 16:00:00,Bengaluru Electronic City,Oragadam Southern Plant (Chennai),Western DFC Electric Rail,Coastal Ro-Ro,786.1,22.5,2026-03-22 14:27:37,0,0.749,6.1,10.3,3.8,2026-03-26 03:27:37,85.0,1
SHP-TRK-13151,2026-03-21 23:00:00,Sanand Hub (Gujarat),Manesar Northern Plant,NH48 Western Corridor,Road (Express),376.5,10.8,2026-03-22 09:45:22,0,0.743,1.4,22.6,4.39,2026-03-22 09:45:22,0.0,0
SHP-TRK-13152,2026-03-22 07:00:00,Sriperumbudur (Tamil Nadu),Bhiwandi Central DC,Coastal Maritime Lane,Rail (Dedicated Freight Corridor),832.8,18.5,2026-03-23 01:30:22,0,0.926,4.3,16.5,3.56,2026-03-23 01:30:22,0.0,0
SHP-TRK-13153,2026-03-22 09:00:00,Sriperumbudur (Tamil Nadu),Manesar Northern Plant,Western DFC Electric Rail,Road (Express),787.7,22.5,2026-03-23 07:30:18,0,0.788,8.3,14.7,3.45,2026-03-23 07:30:18,0.0,0
SHP-TRK-13154,2026-03-22 13:00:00,Sanand Hub (Gujarat),Oragadam Southern Plant (Chennai),NH48 Western Corridor,Rail (Dedicated Freight Corridor),299.6,6.7,2026-03-22 19:39:30,0,0.765,3.1,9.3,4.02,2026-03-23 20:09:30,24.5,1
SHP-TRK-13155,2026-03-22 13:00:00,Bengaluru Electronic City,Kundli DC,Coastal Maritime Lane,Road (Heavy Haulage),608.9,17.4,2026-03-23 06:23:47,0,0.824,4.2,19.5,3.77,2026-03-23 06:23:47,0.0,0
SHP-TRK-13156,2026-03-22 13:00:00,Pune MIDC (Maharashtra),Oragadam Southern Plant (Chennai),Western DFC Electric Rail,Road (Heavy Haulage),1207.7,34.5,2026-03-23 23:30:17,0,0.785,1.3,26.7,3.51,2026-03-23 23:30:17,0.0,0
SHP-TRK-13157,2026-03-22 15:00:00,Gurugram (Haryana),Oragadam Southern Plant (Chennai),Western DFC Electric Rail,Coastal Ro-Ro,1318.3,37.7,2026-03-24 04:39:55,0,0.924,1.2,6.3,3.59,2026-03-24 04:39:55,0.0,0
SHP-TRK-13158,2026-03-23 03:00:00,Bengaluru Electronic City,Kundli DC,Western DFC Electric Rail,Road (Heavy Haulage),711.1,20.3,2026-03-23 23:19:02,0,0.884,2.6,11.6,4.62,2026-03-23 23:19:02,0.0,0
SHP-TRK-13159,2026-03-23 04:00:00,Pune MIDC (Maharashtra),Bhiwandi Central DC,Golden Quadrilateral Delhi-Kolkata,Rail (Dedicated Freight Corridor),714.6,15.9,2026-03-23 19:52:51,0,0.746,4.1,8.9,3.85,2026-03-23 19:52:51,0.0,0
SHP-TRK-13160,2026-03-23 05:00:00,Sriperumbudur (Tamil Nadu),Oragadam Southern Plant (Chennai),Western DFC Electric Rail,Road (Express),1353.4,38.7,2026-03-24 19:40:05,0,0.744,6.5,23.0,3.96,2026-03-24 19:40:05,0.0,0
SHP-TRK-13161,2026-03-23 05:00:00,Bengaluru Electronic City,Chakan Assembly Alpha (Pune),Western DFC Electric Rail,Road (Heavy Haulage),1255.3,35.9,2026-03-24 16:51:51,0,0.794,2.3,12.0,4.71,2026-03-26 09:27:51,40.6,1
SHP-TRK-13162,2026-03-23 07:00:00,Bengaluru Electronic City,Chakan Assembly Alpha (Pune),NH48 Western Corridor,Coastal Ro-Ro,970.7,27.7,2026-03-24 10:44:02,0,0.958,5.1,4.6,4.78,2026-03-24 10:44:02,0.0,0
SHP-TRK-13163,2026-03-23 09:00:00,Sanand Hub (Gujarat),Oragadam Southern Plant (Chennai),Chennai-Bengaluru Expressway,Road (Express),823.1,23.5,2026-03-24 08:31:04,0,0.78,5.8,11.8,4.61,2026-03-24 08:31:04,0.0,0
SHP-TRK-13164,2026-03-23 10:00:00,Sanand Hub (Gujarat),Chakan Assembly Alpha (Pune),Western DFC Electric Rail,Road (Heavy Haulage),1096.1,31.3,2026-03-24 17:19:01,0,0.923,6.3,21.7,3.81,2026-03-24 17:19:01,0.0,0
SHP-TRK-13165,2026-03-23 11:00:00,Bengaluru Electronic City,Manesar Northern Plant,NH48 Western Corridor,Road (Heavy Haulage),737.7,21.1,2026-03-24 08:04:37,0,0.859,4.9,24.2,4.76,2026-03-24 08:04:37,0.0,0
SHP-TRK-13166,2026-03-23 12:00:00,Bengaluru Electronic City,Oragadam Southern Plant (Chennai),NH48 Western Corridor,Road (Heavy Haulage),1289.9,36.9,2026-03-25 00:51:14,0,0.807,3.0,19.4,3.86,2026-03-25 15:27:14,14.6,1
SHP-TRK-13167,2026-03-23 16:00:00,Bengaluru Electronic City,Bhiwandi Central DC,Western DFC Electric Rail,Rail (Dedicated Freight Corridor),943.0,21.0,2026-03-24 12:57:21,0,0.919,7.0,9.6,3.68,2026-03-24 22:57:21,10.0,1
SHP-TRK-13168,2026-03-23 17:00:00,Sanand Hub (Gujarat),Chakan Assembly Alpha (Pune),Western DFC Electric Rail,Road (Express),660.0,18.9,2026-03-24 11:51:24,0,0.878,6.9,14.2,3.5,2026-03-24 11:51:24,0.0,0
SHP-TRK-13169,2026-03-23 18:00:00,Sriperumbudur (Tamil Nadu),Oragadam Southern Plant (Chennai),Western DFC Electric Rail,Road (Heavy Haulage),1008.9,28.8,2026-03-24 22:49:31,0,0.869,4.4,5.0,4.72,2026-03-24 22:49:31,0.0,0
SHP-TRK-13170,2026-03-23 20:00:00,Pune MIDC (Maharashtra),Kundli DC,NH48 Western Corridor,Road (Heavy Haulage),897.1,25.6,2026-03-24 21:37:55,0,0.781,1.3,15.6,3.8,2026-03-24 21:37:55,0.0,0
SHP-TRK-13171,2026-03-23 22:00:00,Gurugram (Haryana),Chakan Assembly Alpha (Pune),NH48 Western Corridor,Road (Heavy Haulage),1217.6,34.8,2026-03-25 08:47:17,0,0.906,2.0,10.5,3.81,2026-03-25 08:47:17,0.0,0
SHP-TRK-13172,2026-03-23 22:00:00,Gurugram (Haryana),Oragadam Southern Plant (Chennai),Chennai-Bengaluru Expressway,Road (Heavy Haulage),633.4,18.1,2026-03-24 16:05:46,0,0.795,3.6,25.6,3.45,2026-03-25 02:47:46,10.7,1
SHP-TRK-13173,2026-03-23 23:00:00,Pune MIDC (Maharashtra),Oragadam Southern Plant (Chennai),Western DFC Electric Rail,Road (Heavy Haulage),1096.0,31.3,2026-03-25 06:18:50,0,0.931,3.8,26.8,3.55,2026-03-25 06:18:50,0.0,0
SHP-TRK-13174,2026-03-23 23:00:00,Pune MIDC (Maharashtra),Oragadam Southern Plant (Chennai),Coastal Maritime Lane,Rail (Dedicated Freight Corridor),921.0,20.5,2026-03-24 19:27:58,0,0.721,8.0,12.3,3.71,2026-03-24 19:27:58,0.0,0
SHP-TRK-13175,2026-03-24 01:00:00,Bengaluru Electronic City,Manesar Northern Plant,Western DFC Electric Rail,Road (Heavy Haulage),1238.3,35.4,2026-03-25 12:22:47,0,0.809,5.5,25.9,4.21,2026-03-25 12:22:47,0.0,0
SHP-TRK-13176,2026-03-24 03:00:00,Bengaluru Electronic City,Oragadam Southern Plant (Chennai),NH48 Western Corridor,Road (Heavy Haulage),1088.9,31.1,2026-03-25 10:06:40,0,0.753,8.7,25.9,4.47,2026-03-25 14:42:40,4.6,1
SHP-TRK-13177,2026-03-24 07:00:00,Pune MIDC (Maharashtra),Kundli DC,NH48 Western Corridor,Road (Heavy Haulage),1348.2,38.5,2026-03-25 21:31:08,0,0.787,6.8,6.2,3.59,2026-03-25 21:31:08,0.0,0
SHP-TRK-13178,2026-03-24 09:00:00,Sriperumbudur (Tamil Nadu),Oragadam Southern Plant (Chennai),NH48 Western Corridor,Coastal Ro-Ro,600.5,17.2,2026-03-25 02:09:21,0,0.738,8.0,20.8,3.6,2026-03-25 02:09:21,0.0,0
SHP-TRK-13179,2026-03-24 10:00:00,Bengaluru Electronic City,Oragadam Southern Plant (Chennai),Golden Quadrilateral Delhi-Kolkata,Road (Heavy Haulage),323.5,9.2,2026-03-24 19:14:37,0,0.888,7.6,29.5,3.82,2026-03-24 19:14:37,0.0,0
SHP-TRK-13180,2026-03-24 12:00:00,Sriperumbudur (Tamil Nadu),Chakan Assembly Alpha (Pune),Western DFC Electric Rail,Road (Heavy Haulage),1271.3,36.3,2026-03-26 00:19:25,0,0.737,1.8,20.1,3.72,2026-03-26 17:31:25,17.2,1
SHP-TRK-13181,2026-03-24 16:00:00,Sanand Hub (Gujarat),Oragadam Southern Plant (Chennai),Golden Quadrilateral Delhi-Kolkata,Air Cargo Express,1232.5,20.5,2026-03-25 12:32:28,0,0.789,8.1,14.9,4.11,2026-03-25 12:32:28,0.0,0
SHP-TRK-13182,2026-03-24 18:00:00,Bengaluru Electronic City,Chakan Assembly Alpha (Pune),NH48 Western Corridor,Rail (Dedicated Freight Corridor),1366.1,30.4,2026-03-26 00:21:25,0,0.791,3.7,10.9,4.29,2026-03-26 20:51:25,20.5,1
SHP-TRK-13183,2026-03-24 20:00:00,Pune MIDC (Maharashtra),Chakan Assembly Alpha (Pune),NH48 Western Corridor,Coastal Ro-Ro,1345.7,38.4,2026-03-26 10:26:53,0,0.748,7.0,20.4,4.31,2026-03-26 15:38:53,5.2,1
SHP-TRK-13184,2026-03-24 22:00:00,Sanand Hub (Gujarat),Oragadam Southern Plant (Chennai),Golden Quadrilateral Delhi-Kolkata,Rail (Dedicated Freight Corridor),1439.6,32.0,2026-03-26 05:59:28,0,0.788,3.6,13.9,4.8,2026-03-26 05:59:28,0.0,0
SHP-TRK-13185,2026-03-24 23:00:00,Gurugram (Haryana),Kundli DC,Coastal Maritime Lane,Air Cargo Express,701.1,11.7,2026-03-25 10:41:08,0,0.967,7.1,9.1,4.57,2026-03-25 18:05:08,7.4,1
SHP-TRK-13186,2026-03-25 00:00:00,Sriperumbudur (Tamil Nadu),Chakan Assembly Alpha (Pune),NH48 Western Corridor,Road (Express),1236.2,35.3,2026-03-26 11:19:12,0,0.926,8.8,8.6,3.91,2026-03-26 11:19:12,0.0,0
SHP-TRK-13187,2026-03-25 03:00:00,Bengaluru Electronic City,Oragadam Southern Plant (Chennai),Coastal Maritime Lane,Rail (Dedicated Freight Corridor),970.0,21.6,2026-03-26 00:33:16,0,0.961,3.0,15.5,3.88,2026-03-26 00:33:16,0.0,0
SHP-TRK-13188,2026-03-25 05:00:00,Gurugram (Haryana),Manesar Northern Plant,Golden Quadrilateral Delhi-Kolkata,Rail (Dedicated Freight Corridor),810.9,18.0,2026-03-25 23:01:14,0,0.724,5.3,21.7,3.46,2026-03-25 23:01:14,0.0,0
SHP-TRK-13189,2026-03-25 07:00:00,Sriperumbudur (Tamil Nadu),Chakan Assembly Alpha (Pune),Western DFC Electric Rail,Road (Heavy Haulage),527.9,15.1,2026-03-25 22:04:56,0,0.915,5.1,10.5,3.4,2026-03-25 22:04:56,0.0,0
SHP-TRK-13190,2026-03-25 09:00:00,Gurugram (Haryana),Chakan Assembly Alpha (Pune),Western DFC Electric Rail,Road (Heavy Haulage),1418.2,40.5,2026-03-27 01:31:14,0,0.943,3.0,9.9,4.63,2026-03-27 01:31:14,0.0,0
SHP-TRK-13191,2026-03-25 13:00:00,Bengaluru Electronic City,Oragadam Southern Plant (Chennai),NH48 Western Corridor,Road (Heavy Haulage),932.0,26.6,2026-03-26 15:37:45,0,0.747,2.6,11.0,3.47,2026-03-26 15:37:45,0.0,0
SHP-TRK-13192,2026-03-25 17:00:00,Bengaluru Electronic City,Kundli DC,Western DFC Electric Rail,Road (Heavy Haulage),1253.0,35.8,2026-03-27 04:48:01,0,0.801,2.1,5.7,4.23,2026-03-27 04:48:01,0.0,0
SHP-TRK-13193,2026-03-25 19:00:00,Sanand Hub (Gujarat),Bhiwandi Central DC,NH48 Western Corridor,Road (Express),1154.0,33.0,2026-03-27 03:58:20,0,0.784,6.4,7.8,3.76,2026-03-27 03:58:20,0.0,0
SHP-TRK-13194,2026-03-26 00:00:00,Sriperumbudur (Tamil Nadu),Chakan Assembly Alpha (Pune),NH48 Western Corridor,Road (Express),448.5,12.8,2026-03-26 12:48:51,0,0.768,1.3,25.0,4.57,2026-03-26 12:48:51,0.0,0
SHP-TRK-13195,2026-03-26 00:00:00,Gurugram (Haryana),Chakan Assembly Alpha (Pune),Western DFC Electric Rail,Road (Heavy Haulage),1423.4,40.7,2026-03-27 16:40:11,0,0.892,4.0,8.5,4.47,2026-03-28 02:58:11,10.3,1
SHP-TRK-13196,2026-03-26 03:00:00,Sanand Hub (Gujarat),Bhiwandi Central DC,Chennai-Bengaluru Expressway,Coastal Ro-Ro,1345.6,38.4,2026-03-27 17:26:47,0,0.724,8.8,14.6,3.68,2026-03-27 17:26:47,0.0,0
SHP-TRK-13197,2026-03-26 07:00:00,Bengaluru Electronic City,Chakan Assembly Alpha (Pune),Coastal Maritime Lane,Road (Heavy Haulage),1222.7,34.9,2026-03-27 17:56:06,0,0.858,5.2,25.1,4.54,2026-03-27 17:56:06,0.0,0
SHP-TRK-13198,2026-03-26 07:00:00,Bengaluru Electronic City,Manesar Northern Plant,Western DFC Electric Rail,Coastal Ro-Ro,752.1,21.5,2026-03-27 04:29:17,0,0.955,8.2,31.8,3.92,2026-03-27 04:29:17,0.0,0
SHP-TRK-13199,2026-03-26 16:00:00,Sanand Hub (Gujarat),Chakan Assembly Alpha (Pune),NH48 Western Corridor,Road (Express),978.0,27.9,2026-03-27 19:56:31,0,0.958,8.6,4.6,4.66,2026-03-27 19:56:31,0.0,0
SHP-TRK-13200,2026-03-26 17:00:00,Sriperumbudur (Tamil Nadu),Bhiwandi Central DC,Western DFC Electric Rail,Air Cargo Express,680.8,11.3,2026-03-27 04:20:46,0,0.838,6.2,14.6,4.76,2026-03-27 04:20:46,0.0,0
SHP-TRK-13201,2026-03-26 20:00:00,Bengaluru Electronic City,Kundli DC,Chennai-Bengaluru Expressway,Rail (Dedicated Freight Corridor),374.7,8.3,2026-03-27 04:19:35,0,0.785,3.6,12.8,4.03,2026-03-28 12:43:35,32.4,1
SHP-TRK-13202,2026-03-27 03:00:00,Gurugram (Haryana),Manesar Northern Plant,Western DFC Electric Rail,Road (Heavy Haulage),1442.3,41.2,2026-03-28 20:12:26,0,0.867,1.0,30.2,4.43,2026-03-28 20:12:26,0.0,0
SHP-TRK-13203,2026-03-27 06:00:00,Sriperumbudur (Tamil Nadu),Oragadam Southern Plant (Chennai),Coastal Maritime Lane,Road (Heavy Haulage),1344.3,38.4,2026-03-28 20:24:31,0,0.853,3.1,7.3,3.86,2026-03-29 10:42:31,14.3,1
SHP-TRK-13204,2026-03-27 07:00:00,Sanand Hub (Gujarat),Oragadam Southern Plant (Chennai),Chennai-Bengaluru Expressway,Road (Express),952.3,27.2,2026-03-28 10:12:35,0,0.908,3.9,18.1,4.49,2026-03-28 10:12:35,0.0,0
SHP-TRK-13205,2026-03-27 08:00:00,Bengaluru Electronic City,Oragadam Southern Plant (Chennai),Western DFC Electric Rail,Coastal Ro-Ro,1021.1,29.2,2026-03-28 13:10:26,0,0.924,1.9,18.9,3.94,2026-03-28 13:10:26,0.0,0
SHP-TRK-13206,2026-03-27 12:00:00,Bengaluru Electronic City,Manesar Northern Plant,Western DFC Electric Rail,Road (Heavy Haulage),436.8,12.5,2026-03-28 00:28:46,0,0.871,5.8,16.0,3.77,2026-03-28 00:28:46,0.0,0
SHP-TRK-13207,2026-03-27 12:00:00,Bengaluru Electronic City,Oragadam Southern Plant (Chennai),Golden Quadrilateral Delhi-Kolkata,Road (Heavy Haulage),1100.8,31.5,2026-03-28 19:27:09,0,0.79,1.8,4.5,3.72,2026-03-28 19:27:09,0.0,0
SHP-TRK-13208,2026-03-27 16:00:00,Sanand Hub (Gujarat),Oragadam Southern Plant (Chennai),Golden Quadrilateral Delhi-Kolkata,Coastal Ro-Ro,1279.3,36.6,2026-03-29 04:33:06,0,0.758,1.6,4.8,3.85,2026-03-29 04:33:06,0.0,0
SHP-TRK-13209,2026-03-27 19:00:00,Bengaluru Electronic City,Oragadam Southern Plant (Chennai),NH48 Western Corridor,Road (Express),892.5,25.5,2026-03-28 20:30:04,0,0.979,4.6,19.7,4.6,2026-03-28 20:30:04,0.0,0
SHP-TRK-13210,2026-03-27 22:00:00,Bengaluru Electronic City,Chakan Assembly Alpha (Pune),Western DFC Electric Rail,Road (Express),1346.5,38.5,2026-03-29 12:28:14,0,0.887,5.5,6.4,4.43,2026-03-29 12:28:14,0.0,0
SHP-TRK-13211,2026-03-27 22:00:00,Sriperumbudur (Tamil Nadu),Chakan Assembly Alpha (Pune),NH48 Western Corridor,Coastal Ro-Ro,432.7,12.4,2026-03-28 10:21:43,0,0.977,7.0,15.9,3.54,2026-03-28 10:21:43,0.0,0
SHP-TRK-13212,2026-03-28 02:00:00,Sanand Hub (Gujarat),Manesar Northern Plant,Coastal Maritime Lane,Road (Heavy Haulage),1258.4,36.0,2026-03-29 13:57:18,0,0.8,8.1,5.7,4.8,2026-03-29 13:57:18,0.0,0
SHP-TRK-13213,2026-03-28 02:00:00,Gurugram (Haryana),Oragadam Southern Plant (Chennai),NH48 Western Corridor,Road (Heavy Haulage),867.4,24.8,2026-03-29 02:46:59,0,0.875,1.3,15.9,4.07,2026-03-29 02:46:59,0.0,0
SHP-TRK-13214,2026-03-28 03:00:00,Sanand Hub (Gujarat),Kundli DC,Golden Quadrilateral Delhi-Kolkata,Road (Heavy Haulage),482.6,13.8,2026-03-28 16:47:14,0,0.83,4.9,18.3,3.74,2026-03-28 16:47:14,0.0,0
SHP-TRK-13215,2026-03-28 05:00:00,Sriperumbudur (Tamil Nadu),Oragadam Southern Plant (Chennai),Coastal Maritime Lane,Road (Heavy Haulage),1288.7,36.8,2026-03-29 17:49:09,0,0.951,6.5,8.9,4.63,2026-03-29 17:49:09,0.0,0
SHP-TRK-13216,2026-03-28 12:00:00,Sanand Hub (Gujarat),Oragadam Southern Plant (Chennai),NH48 Western Corridor,Road (Heavy Haulage),703.9,20.1,2026-03-29 08:06:41,0,0.976,6.8,12.7,3.77,2026-03-29 08:06:41,0.0,0
SHP-TRK-13217,2026-03-28 16:00:00,Sriperumbudur (Tamil Nadu),Bhiwandi Central DC,Golden Quadrilateral Delhi-Kolkata,Rail (Dedicated Freight Corridor),794.0,17.6,2026-03-29 09:38:40,0,0.856,6.6,26.8,4.87,2026-03-29 09:38:40,0.0,0
SHP-TRK-13218,2026-03-28 16:00:00,Pune MIDC (Maharashtra),Bhiwandi Central DC,NH48 Western Corridor,Road (Express),768.5,22.0,2026-03-29 13:57:21,0,0.867,4.7,27.8,4.72,2026-03-29 21:15:21,7.3,1
SHP-TRK-13219,2026-03-28 16:00:00,Sanand Hub (Gujarat),Chakan Assembly Alpha (Pune),Golden Quadrilateral Delhi-Kolkata,Road (Heavy Haulage),922.2,26.3,2026-03-29 18:20:56,0,0.968,2.8,28.5,3.77,2026-03-29 18:20:56,0.0,0
SHP-TRK-13220,2026-03-28 18:00:00,Bengaluru Electronic City,Chakan Assembly Alpha (Pune),NH48 Western Corridor,Road (Heavy Haulage),442.1,12.6,2026-03-29 06:37:55,0,0.944,4.1,31.5,3.69,2026-03-29 06:37:55,0.0,0
SHP-TRK-13221,2026-03-28 20:00:00,Sriperumbudur (Tamil Nadu),Manesar Northern Plant,Chennai-Bengaluru Expressway,Road (Express),998.8,28.5,2026-03-30 00:32:15,0,0.729,4.9,28.8,4.71,2026-03-30 00:32:15,0.0,0
SHP-TRK-13222,2026-03-28 20:00:00,Sriperumbudur (Tamil Nadu),Chakan Assembly Alpha (Pune),Coastal Maritime Lane,Coastal Ro-Ro,401.9,11.5,2026-03-29 07:28:57,0,0.749,5.3,25.3,3.6,2026-03-29 07:28:57,0.0,0
SHP-TRK-13223,2026-03-29 03:00:00,Sriperumbudur (Tamil Nadu),Oragadam Southern Plant (Chennai),Western DFC Electric Rail,Road (Heavy Haulage),1312.7,37.5,2026-03-30 16:30:23,0,0.865,6.5,22.6,3.87,2026-03-30 16:30:23,0.0,0
SHP-TRK-13224,2026-03-29 03:00:00,Bengaluru Electronic City,Oragadam Southern Plant (Chennai),Chennai-Bengaluru Expressway,Coastal Ro-Ro,945.2,27.0,2026-03-30 06:00:22,0,0.957,8.1,30.0,4.31,2026-03-31 03:42:22,21.7,1
SHP-TRK-13225,2026-03-29 14:00:00,Pune MIDC (Maharashtra),Chakan Assembly Alpha (Pune),Western DFC Electric Rail,Rail (Dedicated Freight Corridor),1250.9,27.8,2026-03-30 17:47:52,0,0.927,2.7,9.6,4.23,2026-03-30 17:47:52,0.0,0
SHP-TRK-13226,2026-03-29 14:00:00,Sriperumbudur (Tamil Nadu),Bhiwandi Central DC,NH48 Western Corridor,Air Cargo Express,916.6,15.3,2026-03-30 05:16:38,0,0.936,8.0,12.4,4.82,2026-03-30 12:58:38,7.7,1
SHP-TRK-13227,2026-03-29 17:00:00,Bengaluru Electronic City,Oragadam Southern Plant (Chennai),NH48 Western Corridor,Road (Heavy Haulage),1052.4,30.1,2026-03-30 23:04:10,0,0.873,5.6,7.5,4.62,2026-03-30 23:04:10,0.0,0
SHP-TRK-13228,2026-03-29 18:00:00,Sanand Hub (Gujarat),Bhiwandi Central DC,NH48 Western Corridor,Road (Heavy Haulage),823.3,23.5,2026-03-30 17:31:22,0,0.966,3.6,22.6,3.62,2026-03-30 17:31:22,0.0,0
SHP-TRK-13229,2026-03-29 19:00:00,Sanand Hub (Gujarat),Kundli DC,Golden Quadrilateral Delhi-Kolkata,Road (Heavy Haulage),1407.6,40.2,2026-03-31 11:13:05,0,0.751,4.2,10.7,3.58,2026-03-31 11:13:05,0.0,0
SHP-TRK-13230,2026-03-29 19:00:00,Sriperumbudur (Tamil Nadu),Manesar Northern Plant,Coastal Maritime Lane,Rail (Dedicated Freight Corridor),424.8,9.4,2026-03-30 04:26:25,0,0.803,3.8,10.9,4.65,2026-03-30 17:44:25,13.3,1
SHP-TRK-13231,2026-03-29 20:00:00,Gurugram (Haryana),Chakan Assembly Alpha (Pune),Chennai-Bengaluru Expressway,Road (Express),716.8,20.5,2026-03-30 16:28:45,0,0.749,8.9,22.5,4.13,2026-03-30 16:28:45,0.0,0
SHP-TRK-13232,2026-03-29 23:00:00,Bengaluru Electronic City,Chakan Assembly Alpha (Pune),NH48 Western Corridor,Coastal Ro-Ro,278.5,8.0,2026-03-30 06:57:27,0,0.853,4.0,11.7,3.95,2026-03-30 06:57:27,0.0,0
SHP-TRK-13233,2026-03-29 23:00:00,Bengaluru Electronic City,Chakan Assembly Alpha (Pune),NH48 Western Corridor,Rail (Dedicated Freight Corridor),506.6,11.3,2026-03-30 10:15:25,0,0.906,3.5,9.0,3.72,2026-03-30 10:15:25,0.0,0
SHP-TRK-13234,2026-03-30 00:00:00,Bengaluru Electronic City,Manesar Northern Plant,Golden Quadrilateral Delhi-Kolkata,Road (Express),828.7,23.7,2026-03-30 23:40:36,0,0.838,7.3,9.8,4.01,2026-03-31 18:58:36,19.3,1
SHP-TRK-13235,2026-03-30 00:00:00,Pune MIDC (Maharashtra),Chakan Assembly Alpha (Pune),Chennai-Bengaluru Expressway,Road (Heavy Haulage),756.0,21.6,2026-03-30 21:35:58,0,0.874,1.9,9.4,4.88,2026-03-31 09:17:58,11.7,1
SHP-TRK-13236,2026-03-30 02:00:00,Gurugram (Haryana),Manesar Northern Plant,Western DFC Electric Rail,Air Cargo Express,692.5,11.5,2026-03-30 13:32:31,0,0.765,6.2,9.8,4.64,2026-03-30 13:32:31,0.0,0
SHP-TRK-13237,2026-03-30 04:00:00,Sanand Hub (Gujarat),Chakan Assembly Alpha (Pune),Western DFC Electric Rail,Road (Heavy Haulage),552.1,15.8,2026-03-30 19:46:24,0,0.851,3.4,18.4,4.87,2026-03-30 19:46:24,0.0,0
SHP-TRK-13238,2026-03-30 05:00:00,Bengaluru Electronic City,Manesar Northern Plant,Western DFC Electric Rail,Road (Express),536.6,15.3,2026-03-30 20:19:56,0,0.853,6.4,17.1,3.89,2026-03-31 00:37:56,4.3,1
SHP-TRK-13239,2026-03-30 21:00:00,Sanand Hub (Gujarat),Kundli DC,NH48 Western Corridor,Road (Heavy Haulage),1104.5,31.6,2026-04-01 04:33:24,0,0.932,4.8,9.5,4.03,2026-04-01 04:33:24,0.0,0
SHP-TRK-13240,2026-03-30 22:00:00,Bengaluru Electronic City,Oragadam Southern Plant (Chennai),Coastal Maritime Lane,Road (Heavy Haulage),285.7,8.2,2026-03-31 06:09:47,0,0.834,8.8,22.6,3.62,2026-03-31 06:09:47,0.0,0
SHP-TRK-13241,2026-03-31 01:00:00,Gurugram (Haryana),Chakan Assembly Alpha (Pune),Chennai-Bengaluru Expressway,Rail (Dedicated Freight Corridor),280.2,6.2,2026-03-31 07:13:35,0,0.909,9.0,22.1,4.71,2026-03-31 07:13:35,0.0,0
SHP-TRK-13242,2026-03-31 02:00:00,Sriperumbudur (Tamil Nadu),Manesar Northern Plant,NH48 Western Corridor,Rail (Dedicated Freight Corridor),505.8,11.2,2026-03-31 13:14:21,0,0.74,1.9,4.9,3.67,2026-03-31 13:14:21,0.0,0
SHP-TRK-13243,2026-03-31 16:00:00,Gurugram (Haryana),Bhiwandi Central DC,Western DFC Electric Rail,Rail (Dedicated Freight Corridor),557.0,12.4,2026-04-01 04:22:43,0,0.843,6.1,26.0,4.51,2026-04-02 01:40:43,21.3,1
SHP-TRK-13244,2026-03-31 18:00:00,Sriperumbudur (Tamil Nadu),Chakan Assembly Alpha (Pune),Western DFC Electric Rail,Rail (Dedicated Freight Corridor),820.9,18.2,2026-04-01 12:14:28,0,0.84,1.9,9.5,3.8,2026-04-01 20:08:28,7.9,1
SHP-TRK-13245,2026-03-31 18:00:00,Sanand Hub (Gujarat),Chakan Assembly Alpha (Pune),Chennai-Bengaluru Expressway,Road (Express),642.5,18.4,2026-04-01 12:21:28,0,0.799,7.8,21.7,3.92,2026-04-02 09:51:28,21.5,1
SHP-TRK-13246,2026-03-31 19:00:00,Sriperumbudur (Tamil Nadu),Kundli DC,Coastal Maritime Lane,Road (Heavy Haulage),634.8,18.1,2026-04-01 13:08:11,0,0.86,4.7,26.0,4.54,2026-04-02 06:56:11,17.8,1
SHP-TRK-13247,2026-04-01 06:00:00,Bengaluru Electronic City,Chakan Assembly Alpha (Pune),Golden Quadrilateral Delhi-Kolkata,Road (Heavy Haulage),1324.5,37.8,2026-04-02 19:50:36,0,0.83,5.5,10.8,3.91,2026-04-02 19:50:36,0.0,0
SHP-TRK-13248,2026-04-01 06:00:00,Sriperumbudur (Tamil Nadu),Kundli DC,NH48 Western Corridor,Road (Express),943.2,26.9,2026-04-02 08:56:56,0,0.737,3.0,9.2,4.42,2026-04-02 08:56:56,0.0,0
SHP-TRK-13249,2026-04-01 07:00:00,Bengaluru Electronic City,Kundli DC,NH48 Western Corridor,Road (Heavy Haulage),645.8,18.5,2026-04-02 01:27:07,0,0.781,8.9,15.1,3.99,2026-04-02 01:27:07,0.0,0
SHP-TRK-13250,2026-04-01 10:00:00,Sanand Hub (Gujarat),Chakan Assembly Alpha (Pune),NH48 Western Corridor,Air Cargo Express,1407.3,23.5,2026-04-02 09:27:16,0,0.829,3.0,21.5,4.64,2026-04-02 14:27:16,5.0,1
SHP-TRK-13251,2026-04-01 20:00:00,Bengaluru Electronic City,Oragadam Southern Plant (Chennai),NH48 Western Corridor,Road (Heavy Haulage),691.3,19.8,2026-04-02 15:45:08,0,0.852,7.1,18.3,3.57,2026-04-02 15:45:08,0.0,0
SHP-TRK-13252,2026-04-01 22:00:00,Sanand Hub (Gujarat),Chakan Assembly Alpha (Pune),Golden Quadrilateral Delhi-Kolkata,Road (Express),419.6,12.0,2026-04-02 09:59:23,0,0.728,6.5,28.0,3.7,2026-04-02 09:59:23,0.0,0
SHP-TRK-13253,2026-04-01 23:00:00,Sriperumbudur (Tamil Nadu),Bhiwandi Central DC,Western DFC Electric Rail,Road (Heavy Haulage),627.4,17.9,2026-04-02 16:55:27,0,0.779,8.8,29.6,3.61,2026-04-02 16:55:27,0.0,0
SHP-TRK-13254,2026-04-02 01:00:00,Pune MIDC (Maharashtra),Chakan Assembly Alpha (Pune),NH48 Western Corridor,Road (Heavy Haulage),885.8,25.3,2026-04-03 02:18:32,0,0.745,5.6,4.9,4.78,2026-04-03 02:18:32,0.0,0
SHP-TRK-13255,2026-04-02 03:00:00,Pune MIDC (Maharashtra),Oragadam Southern Plant (Chennai),Golden Quadrilateral Delhi-Kolkata,Road (Heavy Haulage),1368.2,39.1,2026-04-03 18:05:24,0,0.761,4.7,13.2,4.01,2026-04-03 18:05:24,0.0,0
SHP-TRK-13256,2026-04-02 03:00:00,Gurugram (Haryana),Chakan Assembly Alpha (Pune),Coastal Maritime Lane,Rail (Dedicated Freight Corridor),821.3,18.3,2026-04-02 21:15:01,0,0.945,1.5,30.7,4.87,2026-04-02 21:15:01,0.0,0
SHP-TRK-13257,2026-04-02 05:00:00,Sanand Hub (Gujarat),Oragadam Southern Plant (Chennai),Western DFC Electric Rail,Road (Heavy Haulage),550.6,15.7,2026-04-02 20:43:56,0,0.971,3.4,22.5,4.64,2026-04-02 20:43:56,0.0,0
SHP-TRK-13258,2026-04-02 08:00:00,Sriperumbudur (Tamil Nadu),Kundli DC,NH48 Western Corridor,Road (Heavy Haulage),665.2,19.0,2026-04-03 03:00:22,0,0.912,6.3,25.9,4.8,2026-04-03 19:12:22,16.2,1
SHP-TRK-13259,2026-04-02 08:00:00,Sanand Hub (Gujarat),Chakan Assembly Alpha (Pune),NH48 Western Corridor,Road (Express),1040.3,29.7,2026-04-03 13:43:21,0,0.862,8.9,28.9,3.79,2026-04-03 13:43:21,0.0,0
SHP-TRK-13260,2026-04-02 11:00:00,Bengaluru Electronic City,Bhiwandi Central DC,Golden Quadrilateral Delhi-Kolkata,Rail (Dedicated Freight Corridor),789.8,17.6,2026-04-03 04:33:06,0,0.747,3.7,8.9,4.45,2026-04-03 04:33:06,0.0,0
SHP-TRK-13261,2026-04-02 16:00:00,Sanand Hub (Gujarat),Manesar Northern Plant,Golden Quadrilateral Delhi-Kolkata,Air Cargo Express,863.3,14.4,2026-04-03 06:23:20,0,0.801,8.1,16.1,4.57,2026-04-03 06:23:20,0.0,0
SHP-TRK-13262,2026-04-02 16:00:00,Pune MIDC (Maharashtra),Kundli DC,NH48 Western Corridor,Road (Express),496.5,14.2,2026-04-03 06:11:10,0,0.729,2.5,6.2,3.44,2026-04-03 06:11:10,0.0,0
SHP-TRK-13263,2026-04-02 17:00:00,Bengaluru Electronic City,Bhiwandi Central DC,Coastal Maritime Lane,Road (Express),522.0,14.9,2026-04-03 07:54:48,0,0.858,3.5,18.1,3.45,2026-04-03 07:54:48,0.0,0
SHP-TRK-13264,2026-04-02 20:00:00,Sanand Hub (Gujarat),Manesar Northern Plant,Western DFC Electric Rail,Road (Express),575.0,16.4,2026-04-03 12:25:42,0,0.825,1.8,30.7,3.5,2026-04-03 12:25:42,0.0,0
SHP-TRK-13265,2026-04-03 00:00:00,Sanand Hub (Gujarat),Manesar Northern Plant,Coastal Maritime Lane,Road (Heavy Haulage),1156.7,33.0,2026-04-04 09:02:55,0,0.791,1.0,26.5,4.36,2026-04-04 09:02:55,0.0,0
SHP-TRK-13266,2026-04-03 03:00:00,Bengaluru Electronic City,Chakan Assembly Alpha (Pune),Western DFC Electric Rail,Rail (Dedicated Freight Corridor),532.2,11.8,2026-04-03 14:49:36,0,0.756,5.6,24.5,4.5,2026-04-03 14:49:36,0.0,0
SHP-TRK-13267,2026-04-03 07:00:00,Sanand Hub (Gujarat),Oragadam Southern Plant (Chennai),Golden Quadrilateral Delhi-Kolkata,Road (Express),574.6,16.4,2026-04-03 23:25:04,0,0.752,1.3,27.5,3.76,2026-04-04 05:07:04,5.7,1
SHP-TRK-13268,2026-04-03 12:00:00,Bengaluru Electronic City,Bhiwandi Central DC,Western DFC Electric Rail,Road (Heavy Haulage),358.4,10.2,2026-04-03 22:14:28,0,0.841,2.4,10.3,4.54,2026-04-03 22:14:28,0.0,0
SHP-TRK-13269,2026-04-03 23:00:00,Pune MIDC (Maharashtra),Oragadam Southern Plant (Chennai),NH48 Western Corridor,Road (Heavy Haulage),856.4,24.5,2026-04-04 23:28:09,0,0.946,8.7,22.0,4.44,2026-04-04 23:28:09,0.0,0
SHP-TRK-13270,2026-04-04 03:00:00,Bengaluru Electronic City,Manesar Northern Plant,NH48 Western Corridor,Road (Heavy Haulage),340.3,9.7,2026-04-04 12:43:19,0,0.829,5.9,26.2,4.89,2026-04-04 12:43:19,0.0,0
SHP-TRK-13271,2026-04-04 05:00:00,Sanand Hub (Gujarat),Oragadam Southern Plant (Chennai),Chennai-Bengaluru Expressway,Rail (Dedicated Freight Corridor),569.6,12.7,2026-04-04 17:39:30,0,0.738,3.5,31.6,3.99,2026-04-04 17:39:30,0.0,0
SHP-TRK-13272,2026-04-04 06:00:00,Gurugram (Haryana),Chakan Assembly Alpha (Pune),Golden Quadrilateral Delhi-Kolkata,Road (Heavy Haulage),515.7,14.7,2026-04-04 20:44:07,0,0.772,7.9,21.4,3.6,2026-04-04 20:44:07,0.0,0
SHP-TRK-13273,2026-04-04 09:00:00,Bengaluru Electronic City,Oragadam Southern Plant (Chennai),NH48 Western Corridor,Air Cargo Express,674.2,11.2,2026-04-04 20:14:09,0,0.757,7.2,11.0,3.99,2026-04-05 08:14:09,12.0,1
SHP-TRK-13274,2026-04-04 11:00:00,Sanand Hub (Gujarat),Chakan Assembly Alpha (Pune),NH48 Western Corridor,Air Cargo Express,369.2,6.2,2026-04-04 17:09:10,0,0.784,8.6,6.8,4.74,2026-04-04 17:09:10,0.0,0
SHP-TRK-13275,2026-04-04 16:00:00,Bengaluru Electronic City,Chakan Assembly Alpha (Pune),Golden Quadrilateral Delhi-Kolkata,Rail (Dedicated Freight Corridor),1186.0,26.4,2026-04-05 18:21:17,0,0.936,3.1,23.4,4.32,2026-04-06 08:21:17,14.0,1
SHP-TRK-13276,2026-04-04 18:00:00,Sanand Hub (Gujarat),Chakan Assembly Alpha (Pune),Western DFC Electric Rail,Road (Heavy Haulage),1315.4,37.6,2026-04-06 07:34:59,0,0.858,7.0,9.3,3.87,2026-04-06 15:22:59,7.8,1
SHP-TRK-13277,2026-04-04 19:00:00,Sriperumbudur (Tamil Nadu),Bhiwandi Central DC,Western DFC Electric Rail,Road (Heavy Haulage),255.5,7.3,2026-04-05 02:18:03,0,0.729,1.7,23.7,3.69,2026-04-05 02:18:03,0.0,0
SHP-TRK-13278,2026-04-04 21:00:00,Sriperumbudur (Tamil Nadu),Oragadam Southern Plant (Chennai),Western DFC Electric Rail,Road (Heavy Haulage),1170.6,33.4,2026-04-06 06:26:43,0,0.795,6.5,10.0,4.77,2026-04-06 06:26:43,0.0,0
SHP-TRK-13279,2026-04-04 21:00:00,Bengaluru Electronic City,Chakan Assembly Alpha (Pune),NH48 Western Corridor,Road (Heavy Haulage),251.5,7.2,2026-04-05 04:11:07,0,0.889,1.3,10.3,4.4,2026-04-05 04:11:07,0.0,0
SHP-TRK-13280,2026-04-05 02:00:00,Sanand Hub (Gujarat),Manesar Northern Plant,NH48 Western Corridor,Coastal Ro-Ro,748.8,21.4,2026-04-05 23:23:42,0,0.91,6.3,10.7,4.83,2026-04-07 00:53:42,25.5,1
SHP-TRK-13281,2026-04-05 03:00:00,Pune MIDC (Maharashtra),Kundli DC,Coastal Maritime Lane,Rail (Dedicated Freight Corridor),1078.5,24.0,2026-04-06 02:58:01,0,0.956,2.3,26.9,3.44,2026-04-06 02:58:01,0.0,0
SHP-TRK-13282,2026-04-05 09:00:00,Sriperumbudur (Tamil Nadu),Oragadam Southern Plant (Chennai),Coastal Maritime Lane,Road (Heavy Haulage),1049.8,30.0,2026-04-06 14:59:35,0,0.954,9.0,15.3,4.17,2026-04-06 21:47:35,6.8,1
SHP-TRK-13283,2026-04-05 11:00:00,Sriperumbudur (Tamil Nadu),Oragadam Southern Plant (Chennai),NH48 Western Corridor,Road (Heavy Haulage),780.2,22.3,2026-04-06 09:17:32,0,0.742,7.9,5.8,3.55,2026-04-06 09:17:32,0.0,0
SHP-TRK-13284,2026-04-06 04:00:00,Pune MIDC (Maharashtra),Oragadam Southern Plant (Chennai),Western DFC Electric Rail,Road (Heavy Haulage),1349.5,38.6,2026-04-07 18:33:29,0,0.956,3.0,24.3,4.15,2026-04-08 00:33:29,6.0,1
SHP-TRK-13285,2026-04-06 11:00:00,Sanand Hub (Gujarat),Bhiwandi Central DC,NH48 Western Corridor,Coastal Ro-Ro,529.5,15.1,2026-04-07 02:07:42,0,0.834,5.5,29.7,4.36,2026-04-07 02:07:42,0.0,0
SHP-TRK-13286,2026-04-06 14:00:00,Bengaluru Electronic City,Bhiwandi Central DC,Coastal Maritime Lane,Road (Heavy Haulage),257.0,7.3,2026-04-06 21:20:35,0,0.868,1.7,15.7,4.43,2026-04-06 21:20:35,0.0,0
SHP-TRK-13287,2026-04-06 15:00:00,Pune MIDC (Maharashtra),Manesar Northern Plant,Chennai-Bengaluru Expressway,Road (Heavy Haulage),1223.3,35.0,2026-04-08 01:57:08,0,0.762,7.6,31.2,3.82,2026-04-08 01:57:08,0.0,0
SHP-TRK-13288,2026-04-06 16:00:00,Sriperumbudur (Tamil Nadu),Oragadam Southern Plant (Chennai),Western DFC Electric Rail,Rail (Dedicated Freight Corridor),1365.4,30.3,2026-04-07 22:20:31,0,0.881,2.7,24.4,3.81,2026-04-07 22:20:31,0.0,0
SHP-TRK-13289,2026-04-06 21:00:00,Bengaluru Electronic City,Chakan Assembly Alpha (Pune),Western DFC Electric Rail,Coastal Ro-Ro,1178.2,33.7,2026-04-08 06:39:45,0,0.787,7.0,20.1,4.86,2026-04-08 06:39:45,0.0,0
SHP-TRK-13290,2026-04-06 21:00:00,Bengaluru Electronic City,Manesar Northern Plant,NH48 Western Corridor,Road (Heavy Haulage),1316.4,37.6,2026-04-08 10:36:44,0,0.917,5.3,29.3,4.25,2026-04-08 10:36:44,0.0,0
SHP-TRK-13291,2026-04-07 01:00:00,Bengaluru Electronic City,Manesar Northern Plant,NH48 Western Corridor,Road (Heavy Haulage),1409.6,40.3,2026-04-08 17:16:26,0,0.749,1.8,5.7,4.0,2026-04-08 17:16:26,0.0,0
SHP-TRK-13292,2026-04-07 01:00:00,Sanand Hub (Gujarat),Oragadam Southern Plant (Chennai),Golden Quadrilateral Delhi-Kolkata,Rail (Dedicated Freight Corridor),1421.2,31.6,2026-04-08 08:34:52,0,0.881,1.9,6.9,4.38,2026-04-08 08:34:52,0.0,0
SHP-TRK-13293,2026-04-07 01:00:00,Sanand Hub (Gujarat),Chakan Assembly Alpha (Pune),Western DFC Electric Rail,Road (Express),952.0,27.2,2026-04-08 04:12:00,0,0.775,6.0,25.7,4.51,2026-04-08 04:12:00,0.0,0
SHP-TRK-13294,2026-04-07 02:00:00,Sriperumbudur (Tamil Nadu),Manesar Northern Plant,NH48 Western Corridor,Rail (Dedicated Freight Corridor),1308.6,29.1,2026-04-08 07:04:51,0,0.858,5.8,31.7,4.28,2026-04-08 07:04:51,0.0,0
SHP-TRK-13295,2026-04-07 02:00:00,Sanand Hub (Gujarat),Oragadam Southern Plant (Chennai),NH48 Western Corridor,Coastal Ro-Ro,1449.1,41.4,2026-04-08 19:24:12,0,0.742,5.5,18.7,4.82,2026-04-08 19:24:12,0.0,0
SHP-TRK-13296,2026-04-07 03:00:00,Sriperumbudur (Tamil Nadu),Chakan Assembly Alpha (Pune),Golden Quadrilateral Delhi-Kolkata,Road (Heavy Haulage),607.2,17.3,2026-04-07 20:20:58,0,0.949,2.3,11.8,3.56,2026-04-07 20:20:58,0.0,0
SHP-TRK-13297,2026-04-07 10:00:00,Bengaluru Electronic City,Kundli DC,NH48 Western Corridor,Road (Heavy Haulage),575.9,16.5,2026-04-08 02:27:19,0,0.881,7.0,25.2,4.35,2026-04-08 21:15:19,18.8,1
SHP-TRK-13298,2026-04-07 11:00:00,Sriperumbudur (Tamil Nadu),Oragadam Southern Plant (Chennai),NH48 Western Corridor,Road (Express),526.0,15.0,2026-04-08 02:01:44,0,0.801,4.5,10.4,4.73,2026-04-08 02:01:44,0.0,0
SHP-TRK-13299,2026-04-07 11:00:00,Sriperumbudur (Tamil Nadu),Oragadam Southern Plant (Chennai),Golden Quadrilateral Delhi-Kolkata,Road (Express),690.5,19.7,2026-04-08 06:43:39,0,0.877,6.8,11.3,3.56,2026-04-08 06:43:39,0.0,0
SHP-TRK-13300,2026-04-07 16:00:00,Gurugram (Haryana),Chakan Assembly Alpha (Pune),Western DFC Electric Rail,Road (Heavy Haulage),1288.3,36.8,2026-04-09 04:48:33,0,0.813,7.1,23.1,4.67,2026-04-09 04:48:33,0.0,0
SHP-TRK-13301,2026-04-07 17:00:00,Sanand Hub (Gujarat),Kundli DC,Coastal Maritime Lane,Road (Express),1202.3,34.4,2026-04-09 03:21:05,0,0.948,2.6,13.3,3.56,2026-04-09 03:21:05,0.0,0
SHP-TRK-13302,2026-04-07 20:00:00,Pune MIDC (Maharashtra),Chakan Assembly Alpha (Pune),Golden Quadrilateral Delhi-Kolkata,Road (Heavy Haulage),1335.6,38.2,2026-04-09 10:09:35,0,0.919,7.6,20.9,4.15,2026-04-09 10:09:35,0.0,0
SHP-TRK-13303,2026-04-07 23:00:00,Gurugram (Haryana),Chakan Assembly Alpha (Pune),Western DFC Electric Rail,Road (Express),946.8,27.1,2026-04-09 02:03:02,0,0.909,7.7,28.2,3.42,2026-04-09 09:09:02,7.1,1
SHP-TRK-13304,2026-04-08 02:00:00,Sanand Hub (Gujarat),Chakan Assembly Alpha (Pune),Western DFC Electric Rail,Road (Express),1159.5,33.1,2026-04-09 11:07:41,0,0.846,5.4,7.6,4.54,2026-04-09 11:07:41,0.0,0
SHP-TRK-13305,2026-04-08 03:00:00,Bengaluru Electronic City,Oragadam Southern Plant (Chennai),Chennai-Bengaluru Expressway,Road (Heavy Haulage),1146.4,32.8,2026-04-09 11:45:16,0,0.878,2.9,9.2,3.68,2026-04-09 16:27:16,4.7,1
SHP-TRK-13306,2026-04-08 04:00:00,Sanand Hub (Gujarat),Manesar Northern Plant,Western DFC Electric Rail,Road (Heavy Haulage),962.9,27.5,2026-04-09 07:30:39,0,0.891,6.2,11.7,4.78,2026-04-09 07:30:39,0.0,0
SHP-TRK-13307,2026-04-08 13:00:00,Bengaluru Electronic City,Chakan Assembly Alpha (Pune),Coastal Maritime Lane,Air Cargo Express,311.1,5.2,2026-04-08 18:11:08,0,0.721,7.5,12.8,3.73,2026-04-08 18:11:08,0.0,0
SHP-TRK-13308,2026-04-08 14:00:00,Gurugram (Haryana),Chakan Assembly Alpha (Pune),Coastal Maritime Lane,Road (Heavy Haulage),527.4,15.1,2026-04-09 05:04:10,0,0.755,7.9,7.7,4.35,2026-04-09 14:34:10,9.5,1
SHP-TRK-13309,2026-04-08 17:00:00,Pune MIDC (Maharashtra),Bhiwandi Central DC,NH48 Western Corridor,Rail (Dedicated Freight Corridor),680.6,15.1,2026-04-09 08:07:28,0,0.94,6.8,29.4,3.85,2026-04-09 08:07:28,0.0,0
SHP-TRK-13310,2026-04-08 18:00:00,Sriperumbudur (Tamil Nadu),Manesar Northern Plant,NH48 Western Corridor,Road (Heavy Haulage),1291.3,36.9,2026-04-10 06:53:41,0,0.859,5.6,19.8,3.62,2026-04-10 06:53:41,0.0,0
SHP-TRK-13311,2026-04-09 02:00:00,Sriperumbudur (Tamil Nadu),Oragadam Southern Plant (Chennai),Western DFC Electric Rail,Air Cargo Express,1381.5,23.0,2026-04-10 01:01:31,0,0.812,8.7,28.6,3.93,2026-04-10 01:01:31,0.0,0
SHP-TRK-13312,2026-04-09 06:00:00,Bengaluru Electronic City,Bhiwandi Central DC,Western DFC Electric Rail,Rail (Dedicated Freight Corridor),1013.3,22.5,2026-04-10 04:31:01,0,0.911,1.2,7.0,4.04,2026-04-10 12:13:01,7.7,1
SHP-TRK-13313,2026-04-09 12:00:00,Pune MIDC (Maharashtra),Oragadam Southern Plant (Chennai),Western DFC Electric Rail,Road (Heavy Haulage),1446.0,41.3,2026-04-11 05:18:46,0,0.811,8.7,7.3,4.15,2026-04-12 03:18:46,22.0,1
SHP-TRK-13314,2026-04-09 14:00:00,Pune MIDC (Maharashtra),Bhiwandi Central DC,Golden Quadrilateral Delhi-Kolkata,Road (Heavy Haulage),979.1,28.0,2026-04-10 17:58:29,0,0.944,4.4,5.9,4.84,2026-04-10 17:58:29,0.0,0
SHP-TRK-13315,2026-04-09 15:00:00,Sanand Hub (Gujarat),Chakan Assembly Alpha (Pune),Golden Quadrilateral Delhi-Kolkata,Road (Heavy Haulage),637.9,18.2,2026-04-10 09:13:35,0,0.782,6.2,5.8,3.93,2026-04-10 20:31:35,11.3,1
SHP-TRK-13316,2026-04-09 15:00:00,Bengaluru Electronic City,Chakan Assembly Alpha (Pune),Golden Quadrilateral Delhi-Kolkata,Road (Heavy Haulage),746.6,21.3,2026-04-10 12:19:54,0,0.872,2.3,6.4,3.9,2026-04-10 12:19:54,0.0,0
SHP-TRK-13317,2026-04-10 04:00:00,Bengaluru Electronic City,Bhiwandi Central DC,Golden Quadrilateral Delhi-Kolkata,Road (Express),1068.4,30.5,2026-04-11 10:31:33,0,0.748,8.7,29.5,4.01,2026-04-12 13:19:33,26.8,1
SHP-TRK-13318,2026-04-10 08:00:00,Sriperumbudur (Tamil Nadu),Chakan Assembly Alpha (Pune),NH48 Western Corridor,Rail (Dedicated Freight Corridor),893.4,19.9,2026-04-11 03:51:12,0,0.783,4.6,22.9,3.65,2026-04-11 03:51:12,0.0,0
SHP-TRK-13319,2026-04-10 08:00:00,Gurugram (Haryana),Oragadam Southern Plant (Chennai),Western DFC Electric Rail,Road (Express),1284.7,36.7,2026-04-11 20:42:15,0,0.892,5.1,13.1,4.6,2026-04-11 20:42:15,0.0,0
SHP-TRK-13320,2026-04-10 11:00:00,Bengaluru Electronic City,Chakan Assembly Alpha (Pune),Coastal Maritime Lane,Road (Express),584.8,16.7,2026-04-11 03:42:27,0,0.958,2.0,30.7,3.92,2026-04-11 03:42:27,0.0,0
SHP-TRK-13321,2026-04-10 12:00:00,Bengaluru Electronic City,Manesar Northern Plant,Coastal Maritime Lane,Rail (Dedicated Freight Corridor),1169.5,26.0,2026-04-11 13:59:19,0,0.86,8.4,20.8,4.66,2026-04-11 13:59:19,0.0,0
SHP-TRK-13322,2026-04-10 12:00:00,Gurugram (Haryana),Chakan Assembly Alpha (Pune),Western DFC Electric Rail,Rail (Dedicated Freight Corridor),838.7,18.6,2026-04-11 06:38:12,0,0.84,7.7,13.3,3.7,2026-04-11 06:38:12,0.0,0
SHP-TRK-13323,2026-04-10 13:00:00,Bengaluru Electronic City,Manesar Northern Plant,NH48 Western Corridor,Road (Heavy Haulage),883.6,25.2,2026-04-11 14:14:48,0,0.731,2.0,28.2,3.92,2026-04-11 14:14:48,0.0,0
SHP-TRK-13324,2026-04-10 20:00:00,Bengaluru Electronic City,Kundli DC,Western DFC Electric Rail,Road (Heavy Haulage),966.9,27.6,2026-04-11 23:37:29,0,0.925,8.6,14.3,4.41,2026-04-11 23:37:29,0.0,0
SHP-TRK-13325,2026-04-10 20:00:00,Gurugram (Haryana),Bhiwandi Central DC,Chennai-Bengaluru Expressway,Rail (Dedicated Freight Corridor),352.2,7.8,2026-04-11 03:49:39,0,0.818,1.1,9.4,4.73,2026-04-11 03:49:39,0.0,0
SHP-TRK-13326,2026-04-11 05:00:00,Sriperumbudur (Tamil Nadu),Manesar Northern Plant,Golden Quadrilateral Delhi-Kolkata,Road (Heavy Haulage),795.2,22.7,2026-04-12 03:43:13,0,0.889,3.6,20.5,4.24,2026-04-12 03:43:13,0.0,0
SHP-TRK-13327,2026-04-11 07:00:00,Sanand Hub (Gujarat),Oragadam Southern Plant (Chennai),Golden Quadrilateral Delhi-Kolkata,Road (Heavy Haulage),1097.7,31.4,2026-04-12 14:21:45,0,0.956,6.1,13.2,4.15,2026-04-12 14:21:45,0.0,0
SHP-TRK-13328,2026-04-11 09:00:00,Sanand Hub (Gujarat),Manesar Northern Plant,NH48 Western Corridor,Road (Heavy Haulage),1160.5,33.2,2026-04-12 18:09:26,0,0.92,7.3,12.6,4.48,2026-04-12 18:09:26,0.0,0
SHP-TRK-13329,2026-04-11 10:00:00,Pune MIDC (Maharashtra),Manesar Northern Plant,NH48 Western Corridor,Rail (Dedicated Freight Corridor),1103.1,24.5,2026-04-12 10:30:49,0,0.9,3.5,24.7,4.24,2026-04-12 10:30:49,0.0,0
SHP-TRK-13330,2026-04-11 11:00:00,Bengaluru Electronic City,Chakan Assembly Alpha (Pune),Golden Quadrilateral Delhi-Kolkata,Road (Heavy Haulage),575.7,16.4,2026-04-12 03:26:57,0,0.721,9.0,10.3,4.79,2026-04-12 03:26:57,0.0,0
SHP-TRK-13331,2026-04-11 11:00:00,Sriperumbudur (Tamil Nadu),Bhiwandi Central DC,Chennai-Bengaluru Expressway,Coastal Ro-Ro,919.5,26.3,2026-04-12 13:16:15,0,0.815,4.9,27.7,4.67,2026-04-12 13:16:15,0.0,0
SHP-TRK-13332,2026-04-11 13:00:00,Sriperumbudur (Tamil Nadu),Oragadam Southern Plant (Chennai),NH48 Western Corridor,Road (Heavy Haulage),1167.4,33.4,2026-04-12 22:21:13,0,0.792,3.6,27.7,3.4,2026-04-14 15:09:13,40.8,1
SHP-TRK-13333,2026-04-11 17:00:00,Gurugram (Haryana),Oragadam Southern Plant (Chennai),Golden Quadrilateral Delhi-Kolkata,Road (Heavy Haulage),1325.0,37.9,2026-04-13 06:51:28,0,0.834,6.5,31.4,3.84,2026-04-14 10:51:28,28.0,1
SHP-TRK-13334,2026-04-11 18:00:00,Bengaluru Electronic City,Chakan Assembly Alpha (Pune),NH48 Western Corridor,Road (Heavy Haulage),614.1,17.5,2026-04-12 11:32:47,0,0.836,6.1,22.0,3.84,2026-04-12 11:32:47,0.0,0
SHP-TRK-13335,2026-04-12 04:00:00,Gurugram (Haryana),Oragadam Southern Plant (Chennai),Western DFC Electric Rail,Road (Heavy Haulage),1148.7,32.8,2026-04-13 12:49:13,0,0.723,3.2,27.2,4.01,2026-04-13 12:49:13,0.0,0
SHP-TRK-13336,2026-04-12 07:00:00,Gurugram (Haryana),Chakan Assembly Alpha (Pune),NH48 Western Corridor,Rail (Dedicated Freight Corridor),335.0,7.4,2026-04-12 14:26:39,0,0.776,6.0,5.3,4.84,2026-04-12 14:26:39,0.0,0
SHP-TRK-13337,2026-04-12 08:00:00,Pune MIDC (Maharashtra),Oragadam Southern Plant (Chennai),Western DFC Electric Rail,Road (Heavy Haulage),721.5,20.6,2026-04-13 04:36:55,0,0.973,8.9,15.8,4.59,2026-04-14 18:24:55,37.8,1
SHP-TRK-13338,2026-04-12 17:00:00,Sriperumbudur (Tamil Nadu),Oragadam Southern Plant (Chennai),Coastal Maritime Lane,Road (Heavy Haulage),471.6,13.5,2026-04-13 06:28:24,0,0.93,1.1,29.8,3.74,2026-04-13 06:28:24,0.0,0
SHP-TRK-13339,2026-04-12 18:00:00,Sanand Hub (Gujarat),Manesar Northern Plant,Western DFC Electric Rail,Road (Heavy Haulage),587.4,16.8,2026-04-13 10:46:58,0,0.743,5.0,20.0,4.09,2026-04-13 10:46:58,0.0,0
SHP-TRK-13340,2026-04-12 22:00:00,Sriperumbudur (Tamil Nadu),Oragadam Southern Plant (Chennai),NH48 Western Corridor,Road (Heavy Haulage),420.1,12.0,2026-04-13 10:00:15,0,0.9,5.2,16.3,3.89,2026-04-13 10:00:15,0.0,0
SHP-TRK-13341,2026-04-12 23:00:00,Sriperumbudur (Tamil Nadu),Chakan Assembly Alpha (Pune),Golden Quadrilateral Delhi-Kolkata,Road (Express),1212.9,34.7,2026-04-14 09:39:10,0,0.95,7.1,27.7,3.92,2026-04-14 09:39:10,0.0,0
SHP-TRK-13342,2026-04-13 13:00:00,Gurugram (Haryana),Kundli DC,NH48 Western Corridor,Rail (Dedicated Freight Corridor),1289.2,28.6,2026-04-14 17:38:56,0,0.804,2.2,22.1,4.61,2026-04-15 04:20:56,10.7,1
SHP-TRK-13343,2026-04-13 14:00:00,Bengaluru Electronic City,Kundli DC,Chennai-Bengaluru Expressway,Coastal Ro-Ro,1435.2,41.0,2026-04-15 07:00:17,0,0.858,5.6,27.5,4.01,2026-04-15 07:00:17,0.0,0
SHP-TRK-13344,2026-04-13 16:00:00,Sriperumbudur (Tamil Nadu),Manesar Northern Plant,Golden Quadrilateral Delhi-Kolkata,Road (Express),1144.9,32.7,2026-04-15 00:42:37,0,0.895,4.8,8.2,3.45,2026-04-15 00:42:37,0.0,0
SHP-TRK-13345,2026-04-13 17:00:00,Gurugram (Haryana),Bhiwandi Central DC,Coastal Maritime Lane,Rail (Dedicated Freight Corridor),985.0,21.9,2026-04-14 14:53:17,0,0.735,5.5,12.1,4.09,2026-04-14 14:53:17,0.0,0
SHP-TRK-13346,2026-04-13 19:00:00,Pune MIDC (Maharashtra),Oragadam Southern Plant (Chennai),NH48 Western Corridor,Rail (Dedicated Freight Corridor),897.8,20.0,2026-04-14 14:57:07,0,0.785,3.1,25.3,3.48,2026-04-14 14:57:07,0.0,0
SHP-TRK-13347,2026-04-14 02:00:00,Bengaluru Electronic City,Manesar Northern Plant,Coastal Maritime Lane,Road (Express),1145.5,32.7,2026-04-15 10:43:39,0,0.832,3.4,8.1,4.16,2026-04-15 10:43:39,0.0,0
SHP-TRK-13348,2026-04-14 04:00:00,Sriperumbudur (Tamil Nadu),Chakan Assembly Alpha (Pune),NH48 Western Corridor,Road (Heavy Haulage),1207.2,34.5,2026-04-15 14:29:27,0,0.765,5.9,5.9,3.5,2026-04-15 14:29:27,0.0,0
SHP-TRK-13349,2026-04-14 05:00:00,Sanand Hub (Gujarat),Chakan Assembly Alpha (Pune),NH48 Western Corridor,Road (Heavy Haulage),1241.7,35.5,2026-04-15 16:28:38,0,0.779,1.7,21.1,3.84,2026-04-15 16:28:38,0.0,0
SHP-TRK-13350,2026-04-14 05:00:00,Sriperumbudur (Tamil Nadu),Bhiwandi Central DC,Western DFC Electric Rail,Road (Heavy Haulage),426.0,12.2,2026-04-14 17:10:13,0,0.726,8.9,12.7,4.49,2026-04-16 23:52:13,54.7,1
SHP-TRK-13351,2026-04-14 06:00:00,Sriperumbudur (Tamil Nadu),Manesar Northern Plant,Golden Quadrilateral Delhi-Kolkata,Road (Express),330.6,9.4,2026-04-14 15:26:47,0,0.827,3.4,6.4,4.32,2026-04-14 15:26:47,0.0,0
SHP-TRK-13352,2026-04-14 06:00:00,Sanand Hub (Gujarat),Oragadam Southern Plant (Chennai),Western DFC Electric Rail,Rail (Dedicated Freight Corridor),1292.5,28.7,2026-04-15 10:43:23,0,0.926,8.7,20.9,4.69,2026-04-15 10:43:23,0.0,0
SHP-TRK-13353,2026-04-14 08:00:00,Pune MIDC (Maharashtra),Manesar Northern Plant,NH48 Western Corridor,Rail (Dedicated Freight Corridor),1302.7,28.9,2026-04-15 12:56:52,0,0.922,7.7,8.4,4.04,2026-04-15 12:56:52,0.0,0
SHP-TRK-13354,2026-04-14 11:00:00,Pune MIDC (Maharashtra),Bhiwandi Central DC,Golden Quadrilateral Delhi-Kolkata,Road (Heavy Haulage),343.4,9.8,2026-04-14 20:48:38,0,0.826,4.9,25.6,3.91,2026-04-14 20:48:38,0.0,0
SHP-TRK-13355,2026-04-14 14:00:00,Sriperumbudur (Tamil Nadu),Manesar Northern Plant,Coastal Maritime Lane,Road (Heavy Haulage),1300.9,37.2,2026-04-16 03:10:09,0,0.797,5.1,10.8,4.42,2026-04-16 03:10:09,0.0,0
SHP-TRK-13356,2026-04-14 14:00:00,Sanand Hub (Gujarat),Bhiwandi Central DC,Coastal Maritime Lane,Rail (Dedicated Freight Corridor),280.7,6.2,2026-04-14 20:14:16,0,0.936,7.3,8.2,4.73,2026-04-14 20:14:16,0.0,0
SHP-TRK-13357,2026-04-14 15:00:00,Sriperumbudur (Tamil Nadu),Oragadam Southern Plant (Chennai),NH48 Western Corridor,Coastal Ro-Ro,817.7,23.4,2026-04-15 14:21:51,0,0.89,5.9,11.8,4.46,2026-04-15 14:21:51,0.0,0
SHP-TRK-13358,2026-04-14 15:00:00,Sriperumbudur (Tamil Nadu),Manesar Northern Plant,Chennai-Bengaluru Expressway,Road (Heavy Haulage),789.6,22.6,2026-04-15 13:33:38,0,0.977,1.2,15.0,4.23,2026-04-15 13:33:38,0.0,0
SHP-TRK-13359,2026-04-14 19:00:00,Sanand Hub (Gujarat),Manesar Northern Plant,NH48 Western Corridor,Air Cargo Express,442.8,7.4,2026-04-15 02:22:48,0,0.948,3.9,16.5,4.04,2026-04-15 02:22:48,0.0,0
SHP-TRK-13360,2026-04-14 20:00:00,Sanand Hub (Gujarat),Manesar Northern Plant,Golden Quadrilateral Delhi-Kolkata,Rail (Dedicated Freight Corridor),625.3,13.9,2026-04-15 09:53:41,0,0.851,3.1,30.2,3.66,2026-04-15 09:53:41,0.0,0
SHP-TRK-13361,2026-04-14 21:00:00,Bengaluru Electronic City,Chakan Assembly Alpha (Pune),Western DFC Electric Rail,Road (Heavy Haulage),654.5,18.7,2026-04-15 15:42:04,0,0.971,2.4,26.3,3.74,2026-04-15 15:42:04,0.0,0
SHP-TRK-13362,2026-04-14 22:00:00,Gurugram (Haryana),Bhiwandi Central DC,Golden Quadrilateral Delhi-Kolkata,Rail (Dedicated Freight Corridor),1439.7,32.0,2026-04-16 05:59:32,0,0.874,1.8,6.3,4.39,2026-04-16 05:59:32,0.0,0
SHP-TRK-13363,2026-04-14 22:00:00,Pune MIDC (Maharashtra),Chakan Assembly Alpha (Pune),Western DFC Electric Rail,Coastal Ro-Ro,1029.5,29.4,2026-04-16 03:24:47,0,0.729,8.7,20.0,4.82,2026-04-16 03:24:47,0.0,0
SHP-TRK-13364,2026-04-15 02:00:00,Gurugram (Haryana),Chakan Assembly Alpha (Pune),Golden Quadrilateral Delhi-Kolkata,Coastal Ro-Ro,272.7,7.8,2026-04-15 09:47:27,0,0.782,4.3,20.5,3.72,2026-04-15 09:47:27,0.0,0
SHP-TRK-13365,2026-04-15 05:00:00,Pune MIDC (Maharashtra),Bhiwandi Central DC,Coastal Maritime Lane,Rail (Dedicated Freight Corridor),1225.6,27.2,2026-04-16 08:14:06,0,0.778,7.4,30.7,3.44,2026-04-18 18:08:06,57.9,1
SHP-TRK-13366,2026-04-15 05:00:00,Sriperumbudur (Tamil Nadu),Bhiwandi Central DC,Golden Quadrilateral Delhi-Kolkata,Road (Express),885.2,25.3,2026-04-16 06:17:31,0,0.889,6.6,18.1,4.67,2026-04-16 06:17:31,0.0,0
SHP-TRK-13367,2026-04-15 09:00:00,Bengaluru Electronic City,Oragadam Southern Plant (Chennai),Golden Quadrilateral Delhi-Kolkata,Road (Heavy Haulage),484.5,13.8,2026-04-15 22:50:30,0,0.845,2.7,5.1,4.04,2026-04-15 22:50:30,0.0,0
SHP-TRK-13368,2026-04-15 10:00:00,Bengaluru Electronic City,Chakan Assembly Alpha (Pune),NH48 Western Corridor,Coastal Ro-Ro,1319.9,37.7,2026-04-16 23:42:36,0,0.912,2.4,17.5,4.37,2026-04-16 23:42:36,0.0,0
SHP-TRK-13369,2026-04-15 12:00:00,Sanand Hub (Gujarat),Oragadam Southern Plant (Chennai),Chennai-Bengaluru Expressway,Rail (Dedicated Freight Corridor),1349.4,30.0,2026-04-16 17:59:11,0,0.741,3.5,12.7,4.24,2026-04-16 17:59:11,0.0,0
SHP-TRK-13370,2026-04-15 13:00:00,Gurugram (Haryana),Oragadam Southern Plant (Chennai),NH48 Western Corridor,Road (Express),1344.1,38.4,2026-04-17 03:24:14,0,0.838,7.4,11.5,4.01,2026-04-17 03:24:14,0.0,0
SHP-TRK-13371,2026-04-15 14:00:00,Sanand Hub (Gujarat),Oragadam Southern Plant (Chennai),NH48 Western Corridor,Rail (Dedicated Freight Corridor),470.7,10.5,2026-04-16 00:27:35,0,0.841,3.7,16.6,3.61,2026-04-16 00:27:35,0.0,0
SHP-TRK-13372,2026-04-15 15:00:00,Sanand Hub (Gujarat),Bhiwandi Central DC,Golden Quadrilateral Delhi-Kolkata,Road (Heavy Haulage),752.2,21.5,2026-04-16 12:29:32,0,0.972,1.5,27.3,3.41,2026-04-16 12:29:32,0.0,0
SHP-TRK-13373,2026-04-15 18:00:00,Bengaluru Electronic City,Oragadam Southern Plant (Chennai),NH48 Western Corridor,Road (Heavy Haulage),1350.0,38.6,2026-04-17 08:34:17,0,0.814,4.4,25.4,3.53,2026-04-17 08:34:17,0.0,0
SHP-TRK-13374,2026-04-16 00:00:00,Pune MIDC (Maharashtra),Oragadam Southern Plant (Chennai),NH48 Western Corridor,Road (Heavy Haulage),304.0,8.7,2026-04-16 08:41:12,0,0.814,3.0,15.0,4.5,2026-04-16 08:41:12,0.0,0
SHP-TRK-13375,2026-04-16 02:00:00,Sriperumbudur (Tamil Nadu),Manesar Northern Plant,Chennai-Bengaluru Expressway,Air Cargo Express,1282.9,21.4,2026-04-16 23:22:51,0,0.76,3.0,18.3,3.6,2026-04-16 23:22:51,0.0,0
SHP-TRK-13376,2026-04-16 06:00:00,Bengaluru Electronic City,Kundli DC,Western DFC Electric Rail,Road (Heavy Haulage),257.7,7.4,2026-04-16 13:21:44,0,0.907,4.3,7.3,4.57,2026-04-16 13:21:44,0.0,0
SHP-TRK-13377,2026-04-16 07:00:00,Pune MIDC (Maharashtra),Kundli DC,Golden Quadrilateral Delhi-Kolkata,Road (Heavy Haulage),497.4,14.2,2026-04-16 21:12:46,0,0.901,1.1,8.0,3.42,2026-04-16 21:12:46,0.0,0
SHP-TRK-13378,2026-04-16 07:00:00,Bengaluru Electronic City,Oragadam Southern Plant (Chennai),NH48 Western Corridor,Rail (Dedicated Freight Corridor),467.2,10.4,2026-04-16 17:22:57,0,0.879,6.3,5.2,4.58,2026-04-16 17:22:57,0.0,0
SHP-TRK-13379,2026-04-16 07:00:00,Sanand Hub (Gujarat),Oragadam Southern Plant (Chennai),Coastal Maritime Lane,Road (Heavy Haulage),473.0,13.5,2026-04-16 20:30:47,0,0.803,8.2,13.6,3.45,2026-04-16 20:30:47,0.0,0
SHP-TRK-13380,2026-04-16 10:00:00,Gurugram (Haryana),Bhiwandi Central DC,NH48 Western Corridor,Rail (Dedicated Freight Corridor),339.8,7.6,2026-04-16 17:33:07,0,0.862,3.3,21.6,4.66,2026-04-16 17:33:07,0.0,0
SHP-TRK-13381,2026-04-16 10:00:00,Bengaluru Electronic City,Manesar Northern Plant,Western DFC Electric Rail,Road (Express),1246.8,35.6,2026-04-17 21:37:19,0,0.754,6.9,30.4,3.53,2026-04-18 08:01:19,10.4,1
SHP-TRK-13382,2026-04-16 11:00:00,Sriperumbudur (Tamil Nadu),Manesar Northern Plant,Golden Quadrilateral Delhi-Kolkata,Road (Heavy Haulage),1245.1,35.6,2026-04-17 22:34:31,0,0.956,5.4,16.9,4.0,2026-04-17 22:34:31,0.0,0
SHP-TRK-13383,2026-04-16 11:00:00,Sriperumbudur (Tamil Nadu),Manesar Northern Plant,NH48 Western Corridor,Road (Heavy Haulage),275.7,7.9,2026-04-16 18:52:37,0,0.831,4.8,27.1,3.82,2026-04-16 18:52:37,0.0,0
SHP-TRK-13384,2026-04-16 14:00:00,Bengaluru Electronic City,Chakan Assembly Alpha (Pune),NH48 Western Corridor,Road (Heavy Haulage),633.0,18.1,2026-04-17 08:05:07,0,0.723,2.8,26.2,3.57,2026-04-17 08:05:07,0.0,0
SHP-TRK-13385,2026-04-16 15:00:00,Gurugram (Haryana),Manesar Northern Plant,NH48 Western Corridor,Road (Heavy Haulage),984.5,28.1,2026-04-17 19:07:47,0,0.86,1.5,10.7,4.26,2026-04-17 19:07:47,0.0,0
SHP-TRK-13386,2026-04-16 15:00:00,Bengaluru Electronic City,Chakan Assembly Alpha (Pune),Western DFC Electric Rail,Road (Heavy Haulage),1356.8,38.8,2026-04-18 05:46:00,0,0.733,8.9,10.2,3.47,2026-04-18 05:46:00,0.0,0
SHP-TRK-13387,2026-04-16 15:00:00,Sriperumbudur (Tamil Nadu),Oragadam Southern Plant (Chennai),Western DFC Electric Rail,Rail (Dedicated Freight Corridor),727.8,16.2,2026-04-17 07:10:25,0,0.912,1.2,19.4,4.59,2026-04-17 19:10:25,12.0,1
SHP-TRK-13388,2026-04-16 18:00:00,Sanand Hub (Gujarat),Kundli DC,Western DFC Electric Rail,Air Cargo Express,257.2,4.3,2026-04-16 22:17:10,0,0.925,8.0,9.3,4.77,2026-04-16 22:17:10,0.0,0
SHP-TRK-13389,2026-04-17 02:00:00,Bengaluru Electronic City,Bhiwandi Central DC,Western DFC Electric Rail,Road (Heavy Haulage),633.8,18.1,2026-04-17 20:06:31,0,0.761,7.0,4.5,4.7,2026-04-17 20:06:31,0.0,0
SHP-TRK-13390,2026-04-17 02:00:00,Sanand Hub (Gujarat),Oragadam Southern Plant (Chennai),NH48 Western Corridor,Rail (Dedicated Freight Corridor),1267.0,28.2,2026-04-18 06:09:18,0,0.815,5.7,10.7,3.47,2026-04-18 12:51:18,6.7,1
SHP-TRK-13391,2026-04-17 07:00:00,Bengaluru Electronic City,Manesar Northern Plant,NH48 Western Corridor,Road (Heavy Haulage),832.6,23.8,2026-04-18 06:47:21,0,0.928,6.0,7.4,4.78,2026-04-18 06:47:21,0.0,0
SHP-TRK-13392,2026-04-17 09:00:00,Bengaluru Electronic City,Manesar Northern Plant,Coastal Maritime Lane,Rail (Dedicated Freight Corridor),860.5,19.1,2026-04-18 04:07:19,0,0.97,2.6,14.0,4.58,2026-04-18 04:07:19,0.0,0
SHP-TRK-13393,2026-04-17 10:00:00,Pune MIDC (Maharashtra),Bhiwandi Central DC,Western DFC Electric Rail,Road (Express),800.7,22.9,2026-04-18 08:52:38,0,0.841,4.2,21.6,3.62,2026-04-18 08:52:38,0.0,0
SHP-TRK-13394,2026-04-17 11:00:00,Sanand Hub (Gujarat),Kundli DC,NH48 Western Corridor,Road (Heavy Haulage),784.4,22.4,2026-04-18 09:24:37,0,0.788,4.2,7.7,4.54,2026-04-19 12:00:37,26.6,1
SHP-TRK-13395,2026-04-17 16:00:00,Sanand Hub (Gujarat),Manesar Northern Plant,Golden Quadrilateral Delhi-Kolkata,Rail (Dedicated Freight Corridor),819.3,18.2,2026-04-18 10:12:27,0,0.79,6.3,14.7,4.54,2026-04-18 21:36:27,11.4,1
SHP-TRK-13396,2026-04-17 19:00:00,Bengaluru Electronic City,Chakan Assembly Alpha (Pune),Chennai-Bengaluru Expressway,Road (Express),769.9,22.0,2026-04-18 16:59:49,0,0.817,5.9,6.1,4.57,2026-04-18 16:59:49,0.0,0
SHP-TRK-13397,2026-04-17 21:00:00,Bengaluru Electronic City,Chakan Assembly Alpha (Pune),Western DFC Electric Rail,Road (Heavy Haulage),572.8,16.4,2026-04-18 13:21:55,0,0.841,4.1,9.3,4.09,2026-04-18 13:21:55,0.0,0
SHP-TRK-13398,2026-04-17 23:00:00,Sriperumbudur (Tamil Nadu),Chakan Assembly Alpha (Pune),Chennai-Bengaluru Expressway,Road (Heavy Haulage),1092.6,31.2,2026-04-19 06:13:04,0,0.921,2.0,10.7,4.69,2026-04-19 06:13:04,0.0,0
SHP-TRK-13399,2026-04-18 00:00:00,Gurugram (Haryana),Bhiwandi Central DC,Chennai-Bengaluru Expressway,Road (Heavy Haulage),1328.9,38.0,2026-04-19 13:58:07,0,0.735,4.3,19.3,4.18,2026-04-19 13:58:07,0.0,0
SHP-TRK-13400,2026-04-18 00:00:00,Gurugram (Haryana),Bhiwandi Central DC,Western DFC Electric Rail,Coastal Ro-Ro,742.7,21.2,2026-04-18 21:13:09,0,0.893,4.3,5.7,3.82,2026-04-18 21:13:09,0.0,0
SHP-TRK-13401,2026-04-18 00:00:00,Sanand Hub (Gujarat),Chakan Assembly Alpha (Pune),NH48 Western Corridor,Coastal Ro-Ro,787.5,22.5,2026-04-18 22:29:57,0,0.967,4.7,6.7,3.53,2026-04-18 22:29:57,0.0,0
SHP-TRK-13402,2026-04-18 03:00:00,Sanand Hub (Gujarat),Bhiwandi Central DC,Golden Quadrilateral Delhi-Kolkata,Road (Heavy Haulage),860.7,24.6,2026-04-19 03:35:30,0,0.778,5.1,6.4,4.18,2026-04-19 03:35:30,0.0,0
SHP-TRK-13403,2026-04-18 03:00:00,Sanand Hub (Gujarat),Manesar Northern Plant,Western DFC Electric Rail,Road (Heavy Haulage),1108.0,31.7,2026-04-19 10:39:25,0,0.832,8.0,21.9,3.83,2026-04-19 10:39:25,0.0,0
SHP-TRK-13404,2026-04-18 04:00:00,Gurugram (Haryana),Manesar Northern Plant,Coastal Maritime Lane,Road (Express),911.4,26.0,2026-04-19 06:02:27,0,0.944,5.3,21.0,3.62,2026-04-19 06:02:27,0.0,0
SHP-TRK-13405,2026-04-18 07:00:00,Sriperumbudur (Tamil Nadu),Kundli DC,Golden Quadrilateral Delhi-Kolkata,Road (Express),1022.0,29.2,2026-04-19 12:11:56,0,0.81,2.4,10.7,4.62,2026-04-20 07:53:56,19.7,1
SHP-TRK-13406,2026-04-18 09:00:00,Bengaluru Electronic City,Chakan Assembly Alpha (Pune),NH48 Western Corridor,Road (Heavy Haulage),791.1,22.6,2026-04-19 07:36:05,0,0.789,3.7,29.5,4.58,2026-04-19 07:36:05,0.0,0
SHP-TRK-13407,2026-04-18 11:00:00,Sriperumbudur (Tamil Nadu),Oragadam Southern Plant (Chennai),Western DFC Electric Rail,Road (Express),260.3,7.4,2026-04-18 18:26:18,0,0.738,7.0,16.8,3.62,2026-04-18 18:26:18,0.0,0
SHP-TRK-13408,2026-04-18 13:00:00,Sanand Hub (Gujarat),Bhiwandi Central DC,Western DFC Electric Rail,Road (Express),604.2,17.3,2026-04-19 06:15:41,0,0.963,6.0,26.4,4.71,2026-04-19 18:39:41,12.4,1
SHP-TRK-13409,2026-04-18 15:00:00,Bengaluru Electronic City,Manesar Northern Plant,NH48 Western Corridor,Rail (Dedicated Freight Corridor),1179.9,26.2,2026-04-19 17:13:10,0,0.749,6.8,31.8,4.6,2026-04-19 17:13:10,0.0,0
SHP-TRK-13410,2026-04-18 16:00:00,Sriperumbudur (Tamil Nadu),Manesar Northern Plant,NH48 Western Corridor,Road (Express),372.8,10.7,2026-04-19 02:39:09,0,0.875,1.1,29.5,3.79,2026-04-19 02:39:09,0.0,0
SHP-TRK-13411,2026-04-18 22:00:00,Bengaluru Electronic City,Bhiwandi Central DC,NH48 Western Corridor,Coastal Ro-Ro,1183.6,33.8,2026-04-20 07:48:56,0,0.87,5.7,25.9,4.2,2026-04-20 07:48:56,0.0,0
SHP-TRK-13412,2026-04-19 04:00:00,Bengaluru Electronic City,Chakan Assembly Alpha (Pune),NH48 Western Corridor,Road (Heavy Haulage),987.9,28.2,2026-04-20 08:13:30,0,0.748,5.6,20.7,4.34,2026-04-20 08:13:30,0.0,0
SHP-TRK-13413,2026-04-19 06:00:00,Gurugram (Haryana),Chakan Assembly Alpha (Pune),NH48 Western Corridor,Road (Express),1125.3,32.2,2026-04-20 14:09:00,0,0.82,5.9,13.0,4.76,2026-04-21 12:09:00,22.0,1
SHP-TRK-13414,2026-04-19 08:00:00,Sanand Hub (Gujarat),Kundli DC,Golden Quadrilateral Delhi-Kolkata,Road (Heavy Haulage),1401.3,40.0,2026-04-21 00:02:17,0,0.758,4.5,13.8,4.53,2026-04-21 00:02:17,0.0,0
SHP-TRK-13415,2026-04-19 11:00:00,Sriperumbudur (Tamil Nadu),Kundli DC,Western DFC Electric Rail,Road (Heavy Haulage),789.0,22.5,2026-04-20 09:32:29,0,0.959,1.1,31.7,4.34,2026-04-20 09:32:29,0.0,0
SHP-TRK-13416,2026-04-19 11:00:00,Bengaluru Electronic City,Bhiwandi Central DC,Golden Quadrilateral Delhi-Kolkata,Rail (Dedicated Freight Corridor),1028.7,22.9,2026-04-20 09:51:34,0,0.815,1.6,26.7,4.67,2026-04-20 09:51:34,0.0,0
SHP-TRK-13417,2026-04-19 12:00:00,Sriperumbudur (Tamil Nadu),Oragadam Southern Plant (Chennai),Western DFC Electric Rail,Rail (Dedicated Freight Corridor),1098.0,24.4,2026-04-20 12:24:01,0,0.934,2.3,30.5,4.69,2026-04-20 12:24:01,0.0,0
SHP-TRK-13418,2026-04-19 14:00:00,Sanand Hub (Gujarat),Chakan Assembly Alpha (Pune),NH48 Western Corridor,Rail (Dedicated Freight Corridor),1431.4,31.8,2026-04-20 21:48:28,0,0.747,1.4,5.7,4.16,2026-04-21 13:54:28,16.1,1
SHP-TRK-13419,2026-04-19 14:00:00,Bengaluru Electronic City,Chakan Assembly Alpha (Pune),NH48 Western Corridor,Road (Heavy Haulage),1144.8,32.7,2026-04-20 22:42:30,0,0.923,7.2,31.1,4.15,2026-04-20 22:42:30,0.0,0
SHP-TRK-13420,2026-04-19 15:00:00,Bengaluru Electronic City,Kundli DC,NH48 Western Corridor,Rail (Dedicated Freight Corridor),927.4,20.6,2026-04-20 11:36:28,0,0.978,7.8,12.2,4.87,2026-04-20 11:36:28,0.0,0
SHP-TRK-13421,2026-04-19 16:00:00,Sanand Hub (Gujarat),Bhiwandi Central DC,NH48 Western Corridor,Air Cargo Express,1053.6,17.6,2026-04-20 09:33:37,0,0.799,6.4,29.6,4.02,2026-04-20 09:33:37,0.0,0
SHP-TRK-13422,2026-04-19 16:00:00,Gurugram (Haryana),Kundli DC,Coastal Maritime Lane,Road (Heavy Haulage),349.3,10.0,2026-04-20 01:58:50,0,0.808,7.1,25.9,3.46,2026-04-20 01:58:50,0.0,0
SHP-TRK-13423,2026-04-19 16:00:00,Sanand Hub (Gujarat),Kundli DC,NH48 Western Corridor,Road (Heavy Haulage),1252.8,35.8,2026-04-21 03:47:36,0,0.887,3.8,9.1,4.88,2026-04-21 03:47:36,0.0,0
SHP-TRK-13424,2026-04-19 23:00:00,Sanand Hub (Gujarat),Manesar Northern Plant,Chennai-Bengaluru Expressway,Road (Heavy Haulage),665.3,19.0,2026-04-20 18:00:29,0,0.906,5.3,19.4,4.11,2026-04-20 18:00:29,0.0,0
SHP-TRK-13425,2026-04-20 02:00:00,Pune MIDC (Maharashtra),Oragadam Southern Plant (Chennai),Western DFC Electric Rail,Road (Heavy Haulage),848.0,24.2,2026-04-21 02:13:45,0,0.844,7.5,20.0,4.17,2026-04-21 02:13:45,0.0,0
SHP-TRK-13426,2026-04-20 07:00:00,Sanand Hub (Gujarat),Chakan Assembly Alpha (Pune),NH48 Western Corridor,Air Cargo Express,391.1,6.5,2026-04-20 13:31:07,0,0.737,4.4,19.1,3.99,2026-04-21 03:37:07,14.1,1
SHP-TRK-13427,2026-04-20 11:00:00,Pune MIDC (Maharashtra),Bhiwandi Central DC,Western DFC Electric Rail,Rail (Dedicated Freight Corridor),509.4,11.3,2026-04-20 22:19:10,0,0.94,3.7,14.3,4.86,2026-04-20 22:19:10,0.0,0
SHP-TRK-13428,2026-04-20 11:00:00,Gurugram (Haryana),Kundli DC,Golden Quadrilateral Delhi-Kolkata,Air Cargo Express,602.6,10.0,2026-04-20 21:02:34,0,0.968,8.0,11.1,3.51,2026-04-20 21:02:34,0.0,0
SHP-TRK-13429,2026-04-20 19:00:00,Gurugram (Haryana),Manesar Northern Plant,NH48 Western Corridor,Road (Heavy Haulage),1426.8,40.8,2026-04-22 11:45:55,0,0.88,4.4,18.2,4.29,2026-04-22 16:51:55,5.1,1
SHP-TRK-13430,2026-04-20 19:00:00,Sriperumbudur (Tamil Nadu),Oragadam Southern Plant (Chennai),NH48 Western Corridor,Rail (Dedicated Freight Corridor),1382.8,30.7,2026-04-22 01:43:43,0,0.796,1.6,9.2,4.03,2026-04-22 08:31:43,6.8,1
SHP-TRK-13431,2026-04-21 02:00:00,Pune MIDC (Maharashtra),Chakan Assembly Alpha (Pune),Coastal Maritime Lane,Road (Heavy Haulage),605.0,17.3,2026-04-21 19:17:07,0,0.927,2.3,9.4,3.75,2026-04-21 19:17:07,0.0,0
SHP-TRK-13432,2026-04-21 10:00:00,Gurugram (Haryana),Chakan Assembly Alpha (Pune),Western DFC Electric Rail,Rail (Dedicated Freight Corridor),329.2,7.3,2026-04-21 17:18:58,0,0.91,4.8,24.4,3.88,2026-04-21 17:18:58,0.0,0
SHP-TRK-13433,2026-04-21 16:00:00,Bengaluru Electronic City,Chakan Assembly Alpha (Pune),NH48 Western Corridor,Road (Heavy Haulage),1406.4,40.2,2026-04-23 08:10:53,0,0.835,1.1,4.7,3.42,2026-04-23 08:10:53,0.0,0
SHP-TRK-13434,2026-04-21 19:00:00,Bengaluru Electronic City,Chakan Assembly Alpha (Pune),Golden Quadrilateral Delhi-Kolkata,Road (Heavy Haulage),1338.2,38.2,2026-04-23 09:14:04,0,0.826,7.7,5.3,3.49,2026-04-23 09:14:04,0.0,0
SHP-TRK-13435,2026-04-21 22:00:00,Pune MIDC (Maharashtra),Bhiwandi Central DC,Chennai-Bengaluru Expressway,Road (Express),923.8,26.4,2026-04-23 00:23:37,0,0.789,6.1,16.6,4.38,2026-04-23 13:29:37,13.1,1
SHP-TRK-13436,2026-04-22 04:00:00,Sanand Hub (Gujarat),Manesar Northern Plant,NH48 Western Corridor,Rail (Dedicated Freight Corridor),767.3,17.1,2026-04-22 21:03:03,0,0.971,8.1,15.8,3.59,2026-04-22 21:03:03,0.0,0
SHP-TRK-13437,2026-04-22 09:00:00,Sanand Hub (Gujarat),Chakan Assembly Alpha (Pune),Coastal Maritime Lane,Coastal Ro-Ro,1225.0,35.0,2026-04-23 20:00:02,0,0.811,2.1,20.9,4.04,2026-04-23 20:00:02,0.0,0
SHP-TRK-13438,2026-04-22 10:00:00,Sriperumbudur (Tamil Nadu),Manesar Northern Plant,Western DFC Electric Rail,Road (Express),1200.0,34.3,2026-04-23 20:17:05,0,0.727,6.4,11.0,3.69,2026-04-24 01:35:05,5.3,1
SHP-TRK-13439,2026-04-22 10:00:00,Gurugram (Haryana),Oragadam Southern Plant (Chennai),NH48 Western Corridor,Coastal Ro-Ro,494.9,14.1,2026-04-23 00:08:20,0,0.865,3.8,22.2,4.62,2026-04-23 00:08:20,0.0,0
SHP-TRK-13440,2026-04-22 13:00:00,Bengaluru Electronic City,Manesar Northern Plant,Golden Quadrilateral Delhi-Kolkata,Road (Heavy Haulage),1035.7,29.6,2026-04-23 18:35:27,0,0.823,3.2,21.4,3.6,2026-04-23 18:35:27,0.0,0
SHP-TRK-13441,2026-04-22 19:00:00,Pune MIDC (Maharashtra),Oragadam Southern Plant (Chennai),Coastal Maritime Lane,Rail (Dedicated Freight Corridor),977.0,21.7,2026-04-23 16:42:43,0,0.936,5.1,11.4,4.78,2026-04-23 16:42:43,0.0,0
SHP-TRK-13442,2026-04-23 03:00:00,Pune MIDC (Maharashtra),Chakan Assembly Alpha (Pune),Western DFC Electric Rail,Road (Heavy Haulage),935.9,26.7,2026-04-24 05:44:26,0,0.77,2.8,25.4,4.66,2026-04-24 05:44:26,0.0,0
SHP-TRK-13443,2026-04-23 10:00:00,Gurugram (Haryana),Oragadam Southern Plant (Chennai),Golden Quadrilateral Delhi-Kolkata,Air Cargo Express,1399.3,23.3,2026-04-24 09:19:19,0,0.791,3.2,23.9,4.64,2026-04-24 09:19:19,0.0,0
SHP-TRK-13444,2026-04-23 11:00:00,Pune MIDC (Maharashtra),Oragadam Southern Plant (Chennai),Chennai-Bengaluru Expressway,Road (Express),1153.9,33.0,2026-04-24 19:58:11,0,0.896,1.4,22.6,4.84,2026-04-24 19:58:11,0.0,0
SHP-TRK-13445,2026-04-23 14:00:00,Sriperumbudur (Tamil Nadu),Manesar Northern Plant,NH48 Western Corridor,Coastal Ro-Ro,581.6,16.6,2026-04-24 06:36:59,0,0.891,3.5,14.0,4.27,2026-04-24 06:36:59,0.0,0
SHP-TRK-13446,2026-04-23 22:00:00,Sanand Hub (Gujarat),Oragadam Southern Plant (Chennai),Western DFC Electric Rail,Road (Heavy Haulage),457.9,13.1,2026-04-24 11:05:00,0,0.943,5.6,6.1,4.32,2026-04-24 11:05:00,0.0,0
SHP-TRK-13447,2026-04-24 00:00:00,Bengaluru Electronic City,Oragadam Southern Plant (Chennai),NH48 Western Corridor,Coastal Ro-Ro,653.0,18.7,2026-04-24 18:39:30,0,0.933,3.6,6.6,4.82,2026-04-24 18:39:30,0.0,0
SHP-TRK-13448,2026-04-24 11:00:00,Gurugram (Haryana),Chakan Assembly Alpha (Pune),NH48 Western Corridor,Rail (Dedicated Freight Corridor),1059.6,23.5,2026-04-25 10:32:49,0,0.768,1.4,27.2,3.56,2026-04-25 10:32:49,0.0,0
SHP-TRK-13449,2026-04-24 12:00:00,Pune MIDC (Maharashtra),Bhiwandi Central DC,Coastal Maritime Lane,Rail (Dedicated Freight Corridor),837.1,18.6,2026-04-25 06:36:05,0,0.753,1.5,13.3,3.42,2026-04-25 21:18:05,14.7,1
SHP-TRK-13450,2026-04-24 12:00:00,Bengaluru Electronic City,Chakan Assembly Alpha (Pune),Golden Quadrilateral Delhi-Kolkata,Road (Heavy Haulage),671.2,19.2,2026-04-25 07:10:33,0,0.809,8.9,24.3,4.27,2026-04-25 07:10:33,0.0,0
SHP-TRK-13451,2026-04-24 13:00:00,Sriperumbudur (Tamil Nadu),Chakan Assembly Alpha (Pune),Western DFC Electric Rail,Road (Heavy Haulage),687.4,19.6,2026-04-25 08:38:20,0,0.734,3.4,8.1,3.7,2026-04-25 08:38:20,0.0,0
SHP-TRK-13452,2026-04-24 14:00:00,Sanand Hub (Gujarat),Manesar Northern Plant,Western DFC Electric Rail,Rail (Dedicated Freight Corridor),773.1,17.2,2026-04-25 07:10:51,0,0.841,7.2,10.5,4.84,2026-04-25 07:10:51,0.0,0
SHP-TRK-13453,2026-04-24 15:00:00,Sanand Hub (Gujarat),Chakan Assembly Alpha (Pune),NH48 Western Corridor,Road (Heavy Haulage),573.8,16.4,2026-04-25 07:23:39,0,0.732,2.2,14.5,4.59,2026-04-26 06:59:39,23.6,1
SHP-TRK-13454,2026-04-24 16:00:00,Bengaluru Electronic City,Kundli DC,Golden Quadrilateral Delhi-Kolkata,Rail (Dedicated Freight Corridor),480.8,10.7,2026-04-25 02:41:00,0,0.938,8.6,11.0,4.52,2026-04-25 02:41:00,0.0,0
SHP-TRK-13455,2026-04-24 19:00:00,Bengaluru Electronic City,Oragadam Southern Plant (Chennai),NH48 Western Corridor,Road (Heavy Haulage),323.9,9.3,2026-04-25 04:15:13,0,0.866,6.0,29.7,3.79,2026-04-25 04:15:13,0.0,0
SHP-TRK-13456,2026-04-24 21:00:00,Sanand Hub (Gujarat),Bhiwandi Central DC,Golden Quadrilateral Delhi-Kolkata,Rail (Dedicated Freight Corridor),267.6,5.9,2026-04-25 02:56:46,0,0.847,3.6,5.3,4.17,2026-04-25 02:56:46,0.0,0
SHP-TRK-13457,2026-04-24 23:00:00,Bengaluru Electronic City,Bhiwandi Central DC,NH48 Western Corridor,Road (Heavy Haulage),1383.3,39.5,2026-04-26 14:31:26,0,0.786,7.6,27.0,3.46,2026-04-27 03:31:26,13.0,1
SHP-TRK-13458,2026-04-25 01:00:00,Bengaluru Electronic City,Manesar Northern Plant,NH48 Western Corridor,Road (Heavy Haulage),858.5,24.5,2026-04-26 01:31:47,0,0.86,6.4,25.4,4.67,2026-04-26 01:31:47,0.0,0
SHP-TRK-13459,2026-04-25 03:00:00,Sanand Hub (Gujarat),Manesar Northern Plant,Coastal Maritime Lane,Road (Heavy Haulage),778.3,22.2,2026-04-26 01:14:17,0,0.97,7.2,24.3,4.07,2026-04-26 01:14:17,0.0,0
SHP-TRK-13460,2026-04-25 06:00:00,Sriperumbudur (Tamil Nadu),Chakan Assembly Alpha (Pune),Golden Quadrilateral Delhi-Kolkata,Coastal Ro-Ro,1211.7,34.6,2026-04-26 16:37:09,0,0.833,1.6,23.3,4.71,2026-04-26 16:37:09,0.0,0
SHP-TRK-13461,2026-04-25 10:00:00,Pune MIDC (Maharashtra),Chakan Assembly Alpha (Pune),Golden Quadrilateral Delhi-Kolkata,Rail (Dedicated Freight Corridor),931.8,20.7,2026-04-26 06:42:21,0,0.854,2.8,11.0,3.43,2026-04-26 06:42:21,0.0,0
SHP-TRK-13462,2026-04-25 11:00:00,Pune MIDC (Maharashtra),Oragadam Southern Plant (Chennai),Coastal Maritime Lane,Coastal Ro-Ro,1046.2,29.9,2026-04-26 16:53:27,0,0.827,4.8,10.1,4.61,2026-04-27 08:59:27,16.1,1
SHP-TRK-13463,2026-04-25 12:00:00,Bengaluru Electronic City,Oragadam Southern Plant (Chennai),Coastal Maritime Lane,Rail (Dedicated Freight Corridor),416.4,9.3,2026-04-25 21:15:08,0,0.782,8.3,5.6,4.36,2026-04-25 21:15:08,0.0,0
SHP-TRK-13464,2026-04-25 16:00:00,Bengaluru Electronic City,Oragadam Southern Plant (Chennai),NH48 Western Corridor,Air Cargo Express,527.9,8.8,2026-04-26 00:47:52,0,0.853,4.3,20.3,4.78,2026-04-26 00:47:52,0.0,0
SHP-TRK-13465,2026-04-25 22:00:00,Sanand Hub (Gujarat),Oragadam Southern Plant (Chennai),Coastal Maritime Lane,Road (Heavy Haulage),727.4,20.8,2026-04-26 18:47:02,0,0.837,7.4,18.6,4.35,2026-04-27 06:53:02,12.1,1
SHP-TRK-13466,2026-04-26 01:00:00,Pune MIDC (Maharashtra),Manesar Northern Plant,NH48 Western Corridor,Road (Heavy Haulage),1130.3,32.3,2026-04-27 09:17:37,0,0.949,1.4,5.7,4.22,2026-04-27 09:17:37,0.0,0
SHP-TRK-13467,2026-04-26 09:00:00,Sanand Hub (Gujarat),Oragadam Southern Plant (Chennai),Western DFC Electric Rail,Coastal Ro-Ro,789.0,22.5,2026-04-27 07:32:31,0,0.935,2.7,15.9,4.16,2026-04-27 07:32:31,0.0,0
SHP-TRK-13468,2026-04-26 10:00:00,Gurugram (Haryana),Chakan Assembly Alpha (Pune),Coastal Maritime Lane,Road (Heavy Haulage),510.5,14.6,2026-04-27 00:35:06,0,0.819,5.2,31.3,4.07,2026-04-27 00:35:06,0.0,0
SHP-TRK-13469,2026-04-26 14:00:00,Sriperumbudur (Tamil Nadu),Kundli DC,NH48 Western Corridor,Road (Express),1213.9,34.7,2026-04-28 00:40:59,0,0.939,6.5,22.6,4.36,2026-04-28 00:40:59,0.0,0
SHP-TRK-13470,2026-04-26 22:00:00,Pune MIDC (Maharashtra),Chakan Assembly Alpha (Pune),NH48 Western Corridor,Road (Heavy Haulage),1259.5,36.0,2026-04-28 09:59:03,0,0.897,4.6,27.2,4.77,2026-04-28 09:59:03,0.0,0
SHP-TRK-13471,2026-04-27 04:00:00,Sanand Hub (Gujarat),Oragadam Southern Plant (Chennai),NH48 Western Corridor,Road (Express),642.6,18.4,2026-04-27 22:21:31,0,0.829,7.4,18.1,4.05,2026-04-27 22:21:31,0.0,0
SHP-TRK-13472,2026-04-27 13:00:00,Sanand Hub (Gujarat),Kundli DC,Western DFC Electric Rail,Road (Heavy Haulage),428.5,12.2,2026-04-28 01:14:37,0,0.833,8.2,31.9,3.63,2026-04-28 01:14:37,0.0,0
SHP-TRK-13473,2026-04-27 14:00:00,Bengaluru Electronic City,Oragadam Southern Plant (Chennai),Western DFC Electric Rail,Rail (Dedicated Freight Corridor),1172.2,26.0,2026-04-28 16:02:52,0,0.902,3.0,26.1,4.3,2026-04-28 16:02:52,0.0,0
SHP-TRK-13474,2026-04-27 16:00:00,Gurugram (Haryana),Bhiwandi Central DC,Coastal Maritime Lane,Rail (Dedicated Freight Corridor),970.4,21.6,2026-04-28 13:33:54,0,0.856,3.9,28.8,4.21,2026-04-29 02:33:54,13.0,1
SHP-TRK-13475,2026-04-27 21:00:00,Sriperumbudur (Tamil Nadu),Manesar Northern Plant,NH48 Western Corridor,Rail (Dedicated Freight Corridor),1278.3,28.4,2026-04-29 01:24:26,0,0.891,7.9,12.1,4.47,2026-04-29 01:24:26,0.0,0
SHP-TRK-13476,2026-04-28 00:00:00,Bengaluru Electronic City,Bhiwandi Central DC,Western DFC Electric Rail,Road (Heavy Haulage),986.3,28.2,2026-04-29 04:10:46,0,0.859,6.0,9.1,3.9,2026-04-29 04:10:46,0.0,0
SHP-TRK-13477,2026-04-28 01:00:00,Bengaluru Electronic City,Oragadam Southern Plant (Chennai),Western DFC Electric Rail,Rail (Dedicated Freight Corridor),1256.0,27.9,2026-04-29 04:54:40,0,0.846,3.6,17.9,3.92,2026-04-29 04:54:40,0.0,0
SHP-TRK-13478,2026-04-28 16:00:00,Bengaluru Electronic City,Manesar Northern Plant,NH48 Western Corridor,Road (Heavy Haulage),418.5,12.0,2026-04-29 03:57:22,0,0.812,1.4,20.5,3.8,2026-04-29 14:33:22,10.6,1
SHP-TRK-13479,2026-04-28 20:00:00,Sriperumbudur (Tamil Nadu),Bhiwandi Central DC,Western DFC Electric Rail,Rail (Dedicated Freight Corridor),1052.9,23.4,2026-04-29 19:23:52,0,0.728,2.0,7.1,4.2,2026-04-30 03:35:52,8.2,1
SHP-TRK-13480,2026-04-28 21:00:00,Sanand Hub (Gujarat),Kundli DC,Coastal Maritime Lane,Air Cargo Express,301.0,5.0,2026-04-29 02:01:00,0,0.941,7.4,29.3,4.58,2026-04-29 02:01:00,0.0,0
SHP-TRK-13481,2026-04-29 01:00:00,Sanand Hub (Gujarat),Chakan Assembly Alpha (Pune),Coastal Maritime Lane,Road (Heavy Haulage),323.4,9.2,2026-04-29 10:14:24,0,0.746,8.4,7.5,4.58,2026-04-29 10:14:24,0.0,0
SHP-TRK-13482,2026-04-29 01:00:00,Sanand Hub (Gujarat),Chakan Assembly Alpha (Pune),Coastal Maritime Lane,Rail (Dedicated Freight Corridor),1304.6,29.0,2026-04-30 05:59:27,0,0.801,4.1,15.2,3.91,2026-04-30 05:59:27,0.0,0
SHP-TRK-13483,2026-04-29 03:00:00,Sanand Hub (Gujarat),Manesar Northern Plant,NH48 Western Corridor,Rail (Dedicated Freight Corridor),1198.1,26.6,2026-04-30 05:37:25,0,0.872,4.9,23.0,4.37,2026-04-30 05:37:25,0.0,0
SHP-TRK-13484,2026-04-29 03:00:00,Gurugram (Haryana),Manesar Northern Plant,Western DFC Electric Rail,Rail (Dedicated Freight Corridor),887.4,19.7,2026-04-29 22:43:13,0,0.765,3.7,23.6,4.01,2026-04-29 22:43:13,0.0,0
SHP-TRK-13485,2026-04-29 03:00:00,Pune MIDC (Maharashtra),Chakan Assembly Alpha (Pune),Western DFC Electric Rail,Rail (Dedicated Freight Corridor),702.1,15.6,2026-04-29 18:36:09,0,0.809,2.4,13.7,4.06,2026-04-29 18:36:09,0.0,0
SHP-TRK-13486,2026-04-29 03:00:00,Sriperumbudur (Tamil Nadu),Oragadam Southern Plant (Chennai),Western DFC Electric Rail,Road (Express),477.5,13.6,2026-04-29 16:38:35,0,0.792,1.6,30.5,3.53,2026-04-29 16:38:35,0.0,0
SHP-TRK-13487,2026-04-29 03:00:00,Sriperumbudur (Tamil Nadu),Kundli DC,Western DFC Electric Rail,Road (Express),539.3,15.4,2026-04-29 18:24:33,0,0.793,6.9,26.0,3.58,2026-04-29 18:24:33,0.0,0
SHP-TRK-13488,2026-04-29 05:00:00,Gurugram (Haryana),Bhiwandi Central DC,NH48 Western Corridor,Road (Heavy Haulage),893.0,25.5,2026-04-30 06:30:55,0,0.794,3.3,6.9,4.65,2026-04-30 06:30:55,0.0,0
SHP-TRK-13489,2026-04-29 07:00:00,Sanand Hub (Gujarat),Bhiwandi Central DC,NH48 Western Corridor,Rail (Dedicated Freight Corridor),1295.5,28.8,2026-04-30 11:47:20,0,0.875,7.8,17.4,3.84,2026-04-30 11:47:20,0.0,0
SHP-TRK-13490,2026-04-29 10:00:00,Bengaluru Electronic City,Manesar Northern Plant,Western DFC Electric Rail,Coastal Ro-Ro,426.9,12.2,2026-04-29 22:11:44,0,0.722,7.8,14.5,4.82,2026-05-01 00:47:44,26.6,1
SHP-TRK-13491,2026-04-29 10:00:00,Pune MIDC (Maharashtra),Chakan Assembly Alpha (Pune),Golden Quadrilateral Delhi-Kolkata,Road (Heavy Haulage),1338.3,38.2,2026-05-01 00:14:14,0,0.98,5.1,27.1,3.96,2026-05-01 08:56:14,8.7,1
SHP-TRK-13492,2026-04-29 12:00:00,Gurugram (Haryana),Chakan Assembly Alpha (Pune),Coastal Maritime Lane,Road (Heavy Haulage),618.0,17.7,2026-04-30 05:39:27,0,0.779,6.8,25.0,4.82,2026-04-30 05:39:27,0.0,0
SHP-TRK-13493,2026-04-29 12:00:00,Sanand Hub (Gujarat),Kundli DC,NH48 Western Corridor,Road (Express),1218.3,34.8,2026-04-30 22:48:29,0,0.755,2.0,30.1,3.98,2026-05-01 02:54:29,4.1,1
SHP-TRK-13494,2026-04-29 14:00:00,Sanand Hub (Gujarat),Bhiwandi Central DC,Western DFC Electric Rail,Coastal Ro-Ro,760.6,21.7,2026-04-30 11:43:49,0,0.86,2.8,12.7,4.32,2026-05-01 00:01:49,12.3,1
SHP-TRK-13495,2026-04-29 17:00:00,Gurugram (Haryana),Manesar Northern Plant,NH48 Western Corridor,Road (Express),1316.0,37.6,2026-05-01 06:35:55,0,0.966,8.5,5.6,4.36,2026-05-01 06:35:55,0.0,0
SHP-TRK-13496,2026-04-29 22:00:00,Bengaluru Electronic City,Kundli DC,NH48 Western Corridor,Road (Heavy Haulage),831.0,23.7,2026-04-30 21:44:31,0,0.804,8.4,16.6,4.34,2026-04-30 21:44:31,0.0,0
SHP-TRK-13497,2026-04-30 00:00:00,Sanand Hub (Gujarat),Bhiwandi Central DC,Western DFC Electric Rail,Road (Express),1396.8,39.9,2026-05-01 15:54:34,0,0.871,6.6,29.9,4.05,2026-05-01 15:54:34,0.0,0
SHP-TRK-13498,2026-04-30 05:00:00,Sanand Hub (Gujarat),Manesar Northern Plant,Western DFC Electric Rail,Coastal Ro-Ro,657.7,18.8,2026-04-30 23:47:31,0,0.855,6.8,4.5,4.73,2026-04-30 23:47:31,0.0,0
SHP-TRK-13499,2026-04-30 09:00:00,Sriperumbudur (Tamil Nadu),Chakan Assembly Alpha (Pune),NH48 Western Corridor,Rail (Dedicated Freight Corridor),859.1,19.1,2026-05-01 04:05:24,0,0.744,5.7,13.2,4.6,2026-05-01 04:05:24,0.0,0
SHP-TRK-13500,2026-04-30 11:00:00,Gurugram (Haryana),Chakan Assembly Alpha (Pune),Western DFC Electric Rail,Road (Heavy Haulage),350.1,10.0,2026-04-30 21:00:08,0,0.766,5.8,20.8,4.2,2026-05-01 09:12:08,12.2,1
SHP-TRK-13501,2026-04-30 11:00:00,Bengaluru Electronic City,Bhiwandi Central DC,NH48 Western Corridor,Road (Heavy Haulage),438.4,12.5,2026-04-30 23:31:31,0,0.75,8.0,12.1,4.04,2026-04-30 23:31:31,0.0,0
SHP-TRK-13502,2026-04-30 16:00:00,Sriperumbudur (Tamil Nadu),Kundli DC,NH48 Western Corridor,Road (Express),1264.2,36.1,2026-05-02 04:07:16,0,0.837,3.8,23.0,3.54,2026-05-02 04:07:16,0.0,0
SHP-TRK-13503,2026-04-30 18:00:00,Pune MIDC (Maharashtra),Chakan Assembly Alpha (Pune),Chennai-Bengaluru Expressway,Road (Heavy Haulage),905.0,25.9,2026-05-01 19:51:21,0,0.738,5.1,26.2,3.65,2026-05-01 19:51:21,0.0,0
SHP-TRK-13504,2026-04-30 19:00:00,Bengaluru Electronic City,Kundli DC,Golden Quadrilateral Delhi-Kolkata,Rail (Dedicated Freight Corridor),1193.1,26.5,2026-05-01 21:30:49,0,0.744,5.7,14.8,4.57,2026-05-02 04:42:49,7.2,1
SHP-TRK-13505,2026-04-30 20:00:00,Sanand Hub (Gujarat),Oragadam Southern Plant (Chennai),NH48 Western Corridor,Road (Heavy Haulage),804.6,23.0,2026-05-01 18:59:17,0,0.919,1.2,7.6,4.29,2026-05-01 18:59:17,0.0,0
SHP-TRK-13506,2026-04-30 21:00:00,Pune MIDC (Maharashtra),Chakan Assembly Alpha (Pune),Western DFC Electric Rail,Road (Express),982.4,28.1,2026-05-02 01:04:02,0,0.744,2.6,25.8,3.54,2026-05-02 01:04:02,0.0,0
SHP-TRK-13507,2026-05-01 11:00:00,Sriperumbudur (Tamil Nadu),Oragadam Southern Plant (Chennai),Western DFC Electric Rail,Rail (Dedicated Freight Corridor),850.2,18.9,2026-05-02 05:53:38,0,0.848,8.4,19.2,3.8,2026-05-02 05:53:38,0.0,0
SHP-TRK-13508,2026-05-01 12:00:00,Gurugram (Haryana),Chakan Assembly Alpha (Pune),NH48 Western Corridor,Rail (Dedicated Freight Corridor),974.7,21.7,2026-05-02 09:39:34,0,0.814,6.7,5.1,4.65,2026-05-02 09:39:34,0.0,0
SHP-TRK-13509,2026-05-01 13:00:00,Bengaluru Electronic City,Chakan Assembly Alpha (Pune),Coastal Maritime Lane,Rail (Dedicated Freight Corridor),327.0,7.3,2026-05-01 20:15:59,0,0.738,5.8,11.4,4.65,2026-05-01 20:15:59,0.0,0
SHP-TRK-13510,2026-05-01 15:00:00,Sanand Hub (Gujarat),Manesar Northern Plant,Coastal Maritime Lane,Rail (Dedicated Freight Corridor),1417.6,31.5,2026-05-02 22:30:04,0,0.846,5.7,25.0,3.74,2026-05-02 22:30:04,0.0,0
SHP-TRK-13511,2026-05-01 16:00:00,Gurugram (Haryana),Oragadam Southern Plant (Chennai),Chennai-Bengaluru Expressway,Road (Heavy Haulage),969.6,27.7,2026-05-02 19:42:09,0,0.764,1.2,12.5,4.8,2026-05-02 19:42:09,0.0,0
SHP-TRK-13512,2026-05-01 16:00:00,Bengaluru Electronic City,Bhiwandi Central DC,Golden Quadrilateral Delhi-Kolkata,Road (Heavy Haulage),651.3,18.6,2026-05-02 10:36:34,0,0.854,3.4,6.2,4.86,2026-05-02 19:24:34,8.8,1
SHP-TRK-13513,2026-05-01 19:00:00,Gurugram (Haryana),Bhiwandi Central DC,Western DFC Electric Rail,Road (Heavy Haulage),777.7,22.2,2026-05-02 17:13:16,0,0.821,1.4,19.2,4.44,2026-05-03 19:55:16,26.7,1
SHP-TRK-13514,2026-05-01 21:00:00,Bengaluru Electronic City,Manesar Northern Plant,NH48 Western Corridor,Road (Heavy Haulage),627.0,17.9,2026-05-02 14:54:47,0,0.927,2.7,20.0,3.83,2026-05-02 14:54:47,0.0,0
SHP-TRK-13515,2026-05-01 23:00:00,Sanand Hub (Gujarat),Manesar Northern Plant,Golden Quadrilateral Delhi-Kolkata,Rail (Dedicated Freight Corridor),513.9,11.4,2026-05-02 10:25:14,0,0.722,6.4,7.7,4.52,2026-05-02 19:31:14,9.1,1
SHP-TRK-13516,2026-05-01 23:00:00,Sriperumbudur (Tamil Nadu),Chakan Assembly Alpha (Pune),Golden Quadrilateral Delhi-Kolkata,Rail (Dedicated Freight Corridor),716.7,15.9,2026-05-02 14:55:34,0,0.784,6.4,21.3,4.13,2026-05-03 10:19:34,19.4,1
SHP-TRK-13517,2026-05-02 00:00:00,Pune MIDC (Maharashtra),Chakan Assembly Alpha (Pune),Western DFC Electric Rail,Road (Heavy Haulage),828.1,23.7,2026-05-02 23:39:33,0,0.82,7.0,20.0,3.63,2026-05-02 23:39:33,0.0,0
SHP-TRK-13518,2026-05-02 02:00:00,Pune MIDC (Maharashtra),Oragadam Southern Plant (Chennai),NH48 Western Corridor,Road (Heavy Haulage),280.9,8.0,2026-05-02 10:01:33,0,0.839,3.6,31.7,4.64,2026-05-02 10:01:33,0.0,0
SHP-TRK-13519,2026-05-02 04:00:00,Sriperumbudur (Tamil Nadu),Bhiwandi Central DC,Western DFC Electric Rail,Road (Heavy Haulage),721.5,20.6,2026-05-03 00:36:51,0,0.765,1.6,19.9,4.78,2026-05-03 22:18:51,21.7,1
SHP-TRK-13520,2026-05-02 06:00:00,Sanand Hub (Gujarat),Oragadam Southern Plant (Chennai),NH48 Western Corridor,Road (Express),1354.9,38.7,2026-05-03 20:42:42,0,0.951,1.8,5.3,4.83,2026-05-03 20:42:42,0.0,0
SHP-TRK-13521,2026-05-02 12:00:00,Bengaluru Electronic City,Chakan Assembly Alpha (Pune),NH48 Western Corridor,Rail (Dedicated Freight Corridor),1374.1,30.5,2026-05-03 18:32:05,0,0.927,6.2,12.3,3.83,2026-05-03 18:32:05,0.0,0
SHP-TRK-13522,2026-05-02 14:00:00,Sanand Hub (Gujarat),Oragadam Southern Plant (Chennai),Golden Quadrilateral Delhi-Kolkata,Rail (Dedicated Freight Corridor),1288.8,28.6,2026-05-03 18:38:24,0,0.812,4.6,17.4,4.52,2026-05-03 18:38:24,0.0,0
SHP-TRK-13523,2026-05-02 15:00:00,Sriperumbudur (Tamil Nadu),Kundli DC,NH48 Western Corridor,Rail (Dedicated Freight Corridor),447.8,10.0,2026-05-03 00:57:01,0,0.817,3.8,15.7,3.62,2026-05-05 10:33:01,57.6,1
SHP-TRK-13524,2026-05-02 17:00:00,Sriperumbudur (Tamil Nadu),Chakan Assembly Alpha (Pune),NH48 Western Corridor,Road (Heavy Haulage),708.4,20.2,2026-05-03 13:14:27,0,0.85,5.8,20.5,4.67,2026-05-03 13:14:27,0.0,0
SHP-TRK-13525,2026-05-02 19:00:00,Gurugram (Haryana),Manesar Northern Plant,Coastal Maritime Lane,Road (Heavy Haulage),1386.9,39.6,2026-05-04 10:37:30,0,0.905,5.1,11.4,4.72,2026-05-04 10:37:30,0.0,0
SHP-TRK-13526,2026-05-02 20:00:00,Sriperumbudur (Tamil Nadu),Manesar Northern Plant,NH48 Western Corridor,Road (Heavy Haulage),1117.8,31.9,2026-05-04 03:56:09,0,0.724,6.1,25.6,4.63,2026-05-04 09:02:09,5.1,1
SHP-TRK-13527,2026-05-03 00:00:00,Sanand Hub (Gujarat),Oragadam Southern Plant (Chennai),Chennai-Bengaluru Expressway,Road (Express),1284.9,36.7,2026-05-04 12:42:36,0,0.858,4.8,27.8,4.27,2026-05-04 12:42:36,0.0,0
SHP-TRK-13528,2026-05-03 11:00:00,Bengaluru Electronic City,Oragadam Southern Plant (Chennai),NH48 Western Corridor,Rail (Dedicated Freight Corridor),662.3,14.7,2026-05-04 01:43:00,0,0.978,3.7,11.6,4.29,2026-05-04 01:43:00,0.0,0
SHP-TRK-13529,2026-05-03 12:00:00,Gurugram (Haryana),Bhiwandi Central DC,Chennai-Bengaluru Expressway,Road (Express),1354.6,38.7,2026-05-05 02:42:13,0,0.781,4.7,15.1,4.38,2026-05-05 02:42:13,0.0,0
SHP-TRK-13530,2026-05-03 19:00:00,Bengaluru Electronic City,Manesar Northern Plant,NH48 Western Corridor,Road (Heavy Haulage),673.7,19.2,2026-05-04 14:14:54,0,0.929,5.8,31.3,4.13,2026-05-04 14:14:54,0.0,0
SHP-TRK-13531,2026-05-03 22:00:00,Sanand Hub (Gujarat),Manesar Northern Plant,Western DFC Electric Rail,Road (Express),525.9,15.0,2026-05-04 13:01:33,0,0.865,3.0,30.3,3.84,2026-05-04 13:01:33,0.0,0
SHP-TRK-13532,2026-05-03 22:00:00,Sanand Hub (Gujarat),Manesar Northern Plant,Western DFC Electric Rail,Road (Express),987.2,28.2,2026-05-05 02:12:16,0,0.877,3.9,30.3,3.43,2026-05-05 02:12:16,0.0,0
SHP-TRK-13533,2026-05-04 03:00:00,Bengaluru Electronic City,Chakan Assembly Alpha (Pune),Western DFC Electric Rail,Road (Heavy Haulage),277.2,7.9,2026-05-04 10:55:11,0,0.946,5.9,12.6,4.1,2026-05-04 10:55:11,0.0,0
SHP-TRK-13534,2026-05-04 03:00:00,Sanand Hub (Gujarat),Chakan Assembly Alpha (Pune),NH48 Western Corridor,Road (Heavy Haulage),399.1,11.4,2026-05-04 14:24:06,0,0.726,7.9,12.0,3.67,2026-05-04 14:24:06,0.0,0
SHP-TRK-13535,2026-05-04 04:00:00,Sanand Hub (Gujarat),Manesar Northern Plant,NH48 Western Corridor,Road (Heavy Haulage),954.7,27.3,2026-05-05 07:16:35,0,0.724,4.5,12.4,3.41,2026-05-05 07:16:35,0.0,0
SHP-TRK-13536,2026-05-04 05:00:00,Gurugram (Haryana),Oragadam Southern Plant (Chennai),Golden Quadrilateral Delhi-Kolkata,Rail (Dedicated Freight Corridor),1207.0,26.8,2026-05-05 07:49:22,0,0.878,7.1,16.8,4.63,2026-05-05 07:49:22,0.0,0
SHP-TRK-13537,2026-05-04 08:00:00,Gurugram (Haryana),Chakan Assembly Alpha (Pune),Golden Quadrilateral Delhi-Kolkata,Rail (Dedicated Freight Corridor),350.3,7.8,2026-05-04 15:47:05,0,0.962,5.2,22.3,3.8,2026-05-04 15:47:05,0.0,0
SHP-TRK-13538,2026-05-04 09:00:00,Sanand Hub (Gujarat),Chakan Assembly Alpha (Pune),Chennai-Bengaluru Expressway,Rail (Dedicated Freight Corridor),890.5,19.8,2026-05-05 04:47:17,0,0.784,1.4,21.6,4.88,2026-05-05 04:47:17,0.0,0
SHP-TRK-13539,2026-05-04 09:00:00,Pune MIDC (Maharashtra),Bhiwandi Central DC,Golden Quadrilateral Delhi-Kolkata,Road (Heavy Haulage),483.5,13.8,2026-05-04 22:48:55,0,0.872,4.6,20.2,3.46,2026-05-05 11:18:55,12.5,1
SHP-TRK-13540,2026-05-04 17:00:00,Sanand Hub (Gujarat),Manesar Northern Plant,Golden Quadrilateral Delhi-Kolkata,Coastal Ro-Ro,813.0,23.2,2026-05-05 16:13:41,0,0.735,1.4,8.8,4.0,2026-05-05 16:13:41,0.0,0
SHP-TRK-13541,2026-05-05 00:00:00,Pune MIDC (Maharashtra),Manesar Northern Plant,Coastal Maritime Lane,Rail (Dedicated Freight Corridor),526.5,11.7,2026-05-05 11:41:59,0,0.838,7.9,19.7,4.53,2026-05-05 18:59:59,7.3,1
SHP-TRK-13542,2026-05-05 03:00:00,Sanand Hub (Gujarat),Kundli DC,Western DFC Electric Rail,Road (Heavy Haulage),975.7,27.9,2026-05-06 06:52:37,0,0.87,4.8,27.9,4.57,2026-05-06 06:52:37,0.0,0
SHP-TRK-13543,2026-05-05 04:00:00,Sanand Hub (Gujarat),Chakan Assembly Alpha (Pune),NH48 Western Corridor,Road (Heavy Haulage),1050.4,30.0,2026-05-06 10:00:42,0,0.848,7.0,9.8,4.73,2026-05-06 10:00:42,0.0,0
SHP-TRK-13544,2026-05-05 06:00:00,Gurugram (Haryana),Kundli DC,Golden Quadrilateral Delhi-Kolkata,Road (Express),1346.4,38.5,2026-05-06 20:28:08,0,0.906,8.6,5.2,4.23,2026-05-06 20:28:08,0.0,0
SHP-TRK-13545,2026-05-05 07:00:00,Sanand Hub (Gujarat),Chakan Assembly Alpha (Pune),Western DFC Electric Rail,Air Cargo Express,1429.4,23.8,2026-05-06 06:49:22,0,0.751,4.3,13.6,4.35,2026-05-06 06:49:22,0.0,0
SHP-TRK-13546,2026-05-05 11:00:00,Sriperumbudur (Tamil Nadu),Chakan Assembly Alpha (Pune),NH48 Western Corridor,Road (Heavy Haulage),1287.5,36.8,2026-05-06 23:47:10,0,0.801,3.9,16.9,3.42,2026-05-06 23:47:10,0.0,0
SHP-TRK-13547,2026-05-05 12:00:00,Sanand Hub (Gujarat),Manesar Northern Plant,Western DFC Electric Rail,Coastal Ro-Ro,563.3,16.1,2026-05-06 04:05:44,0,0.855,8.8,19.0,3.98,2026-05-06 04:05:44,0.0,0
SHP-TRK-13548,2026-05-05 15:00:00,Gurugram (Haryana),Manesar Northern Plant,NH48 Western Corridor,Rail (Dedicated Freight Corridor),921.4,20.5,2026-05-06 11:28:30,0,0.813,2.9,29.1,3.82,2026-05-06 11:28:30,0.0,0
SHP-TRK-13549,2026-05-05 20:00:00,Gurugram (Haryana),Chakan Assembly Alpha (Pune),Golden Quadrilateral Delhi-Kolkata,Road (Express),1354.6,38.7,2026-05-07 10:42:08,0,0.936,6.6,13.2,4.82,2026-05-07 10:42:08,0.0,0
SHP-TRK-13550,2026-05-06 00:00:00,Sanand Hub (Gujarat),Bhiwandi Central DC,NH48 Western Corridor,Road (Heavy Haulage),528.7,15.1,2026-05-06 15:06:17,0,0.736,8.9,28.4,4.47,2026-05-06 15:06:17,0.0,0
SHP-TRK-13551,2026-05-06 10:00:00,Sriperumbudur (Tamil Nadu),Bhiwandi Central DC,NH48 Western Corridor,Road (Express),801.7,22.9,2026-05-07 08:54:20,0,0.885,8.8,23.3,4.67,2026-05-07 08:54:20,0.0,0
SHP-TRK-13552,2026-05-06 14:00:00,Sriperumbudur (Tamil Nadu),Bhiwandi Central DC,NH48 Western Corridor,Road (Heavy Haulage),1187.2,33.9,2026-05-07 23:55:07,0,0.755,3.4,21.2,4.81,2026-05-07 23:55:07,0.0,0
SHP-TRK-13553,2026-05-07 07:00:00,Gurugram (Haryana),Oragadam Southern Plant (Chennai),Golden Quadrilateral Delhi-Kolkata,Rail (Dedicated Freight Corridor),798.7,17.7,2026-05-08 00:44:57,0,0.769,7.0,24.8,4.32,2026-05-09 05:44:57,29.0,1
SHP-TRK-13554,2026-05-07 09:00:00,Sanand Hub (Gujarat),Manesar Northern Plant,NH48 Western Corridor,Road (Heavy Haulage),1267.6,36.2,2026-05-08 21:13:02,0,0.962,3.1,30.0,3.58,2026-05-08 21:13:02,0.0,0
SHP-TRK-13555,2026-05-07 13:00:00,Sanand Hub (Gujarat),Chakan Assembly Alpha (Pune),Coastal Maritime Lane,Road (Heavy Haulage),540.6,15.4,2026-05-08 04:26:43,0,0.815,6.9,12.8,4.05,2026-05-08 04:26:43,0.0,0
SHP-TRK-13556,2026-05-07 17:00:00,Sanand Hub (Gujarat),Manesar Northern Plant,NH48 Western Corridor,Road (Heavy Haulage),677.4,19.4,2026-05-08 12:21:17,0,0.839,6.4,17.1,4.29,2026-05-08 12:21:17,0.0,0
SHP-TRK-13557,2026-05-07 21:00:00,Bengaluru Electronic City,Kundli DC,Western DFC Electric Rail,Coastal Ro-Ro,336.0,9.6,2026-05-08 06:36:02,0,0.848,2.5,17.8,4.46,2026-05-08 06:36:02,0.0,0
SHP-TRK-13558,2026-05-08 01:00:00,Sanand Hub (Gujarat),Kundli DC,Golden Quadrilateral Delhi-Kolkata,Road (Heavy Haulage),1350.4,38.6,2026-05-09 15:34:53,0,0.784,8.5,15.2,4.86,2026-05-09 15:34:53,0.0,0
SHP-TRK-13559,2026-05-08 02:00:00,Sanand Hub (Gujarat),Bhiwandi Central DC,NH48 Western Corridor,Road (Heavy Haulage),351.0,10.0,2026-05-08 12:01:37,0,0.761,6.1,16.9,3.9,2026-05-08 12:01:37,0.0,0
SHP-TRK-13560,2026-05-08 03:00:00,Gurugram (Haryana),Chakan Assembly Alpha (Pune),Golden Quadrilateral Delhi-Kolkata,Road (Heavy Haulage),1315.0,37.6,2026-05-09 16:34:21,0,0.927,4.9,11.9,4.11,2026-05-10 06:34:21,14.0,1
SHP-TRK-13561,2026-05-08 05:00:00,Bengaluru Electronic City,Manesar Northern Plant,Golden Quadrilateral Delhi-Kolkata,Road (Express),565.9,16.2,2026-05-08 21:10:07,0,0.872,2.2,7.8,4.44,2026-05-08 21:10:07,0.0,0
SHP-TRK-13562,2026-05-08 06:00:00,Pune MIDC (Maharashtra),Chakan Assembly Alpha (Pune),NH48 Western Corridor,Coastal Ro-Ro,1294.0,37.0,2026-05-09 18:58:21,0,0.812,1.8,12.4,4.82,2026-05-10 08:22:21,13.4,1
SHP-TRK-13563,2026-05-08 07:00:00,Bengaluru Electronic City,Manesar Northern Plant,Western DFC Electric Rail,Air Cargo Express,684.6,11.4,2026-05-08 18:24:38,0,0.978,2.5,18.9,3.4,2026-05-08 18:24:38,0.0,0
SHP-TRK-13564,2026-05-08 07:00:00,Pune MIDC (Maharashtra),Chakan Assembly Alpha (Pune),NH48 Western Corridor,Road (Heavy Haulage),1410.2,40.3,2026-05-09 23:17:27,0,0.952,2.7,7.7,4.29,2026-05-09 23:17:27,0.0,0
SHP-TRK-13565,2026-05-08 10:00:00,Gurugram (Haryana),Kundli DC,Western DFC Electric Rail,Road (Express),420.8,12.0,2026-05-08 22:01:22,0,0.739,5.8,19.3,3.88,2026-05-08 22:01:22,0.0,0
SHP-TRK-13566,2026-05-08 14:00:00,Sanand Hub (Gujarat),Oragadam Southern Plant (Chennai),Golden Quadrilateral Delhi-Kolkata,Coastal Ro-Ro,290.5,8.3,2026-05-08 22:18:02,0,0.947,4.8,14.5,4.29,2026-05-08 22:18:02,0.0,0
SHP-TRK-13567,2026-05-08 17:00:00,Sriperumbudur (Tamil Nadu),Manesar Northern Plant,NH48 Western Corridor,Rail (Dedicated Freight Corridor),558.7,12.4,2026-05-09 05:24:54,0,0.939,6.3,16.8,3.87,2026-05-09 09:30:54,4.1,1
SHP-TRK-13568,2026-05-08 19:00:00,Sanand Hub (Gujarat),Oragadam Southern Plant (Chennai),NH48 Western Corridor,Road (Express),1267.3,36.2,2026-05-10 07:12:31,0,0.903,2.0,22.2,3.61,2026-05-11 02:06:31,18.9,1
SHP-TRK-13569,2026-05-08 22:00:00,Bengaluru Electronic City,Manesar Northern Plant,NH48 Western Corridor,Road (Heavy Haulage),634.5,18.1,2026-05-09 16:07:41,0,0.84,7.9,9.7,4.11,2026-05-09 16:07:41,0.0,0
SHP-TRK-13570,2026-05-09 06:00:00,Bengaluru Electronic City,Manesar Northern Plant,Golden Quadrilateral Delhi-Kolkata,Road (Heavy Haulage),856.2,24.5,2026-05-10 06:27:44,0,0.742,6.0,20.2,3.7,2026-05-10 10:39:44,4.2,1
SHP-TRK-13571,2026-05-09 13:00:00,Bengaluru Electronic City,Chakan Assembly Alpha (Pune),Golden Quadrilateral Delhi-Kolkata,Rail (Dedicated Freight Corridor),1277.2,28.4,2026-05-10 17:22:57,0,0.888,6.5,21.2,3.79,2026-05-10 17:22:57,0.0,0
SHP-TRK-13572,2026-05-09 14:00:00,Bengaluru Electronic City,Chakan Assembly Alpha (Pune),NH48 Western Corridor,Rail (Dedicated Freight Corridor),574.2,12.8,2026-05-10 02:45:34,0,0.845,8.7,31.0,3.98,2026-05-10 02:45:34,0.0,0
SHP-TRK-13573,2026-05-09 15:00:00,Gurugram (Haryana),Bhiwandi Central DC,Western DFC Electric Rail,Coastal Ro-Ro,492.2,14.1,2026-05-10 05:03:41,0,0.744,8.3,6.0,3.43,2026-05-10 18:21:41,13.3,1
SHP-TRK-13574,2026-05-09 17:00:00,Gurugram (Haryana),Chakan Assembly Alpha (Pune),Coastal Maritime Lane,Road (Heavy Haulage),623.7,17.8,2026-05-10 10:49:09,0,0.948,4.6,22.7,4.15,2026-05-10 10:49:09,0.0,0
SHP-TRK-13575,2026-05-09 20:00:00,Bengaluru Electronic City,Kundli DC,NH48 Western Corridor,Road (Heavy Haulage),1321.7,37.8,2026-05-11 09:45:49,0,0.845,5.8,22.4,4.81,2026-05-11 14:03:49,4.3,1
SHP-TRK-13576,2026-05-09 20:00:00,Bengaluru Electronic City,Oragadam Southern Plant (Chennai),NH48 Western Corridor,Rail (Dedicated Freight Corridor),1129.7,25.1,2026-05-10 21:06:14,0,0.839,7.9,12.2,3.89,2026-05-12 02:00:14,28.9,1
SHP-TRK-13577,2026-05-10 04:00:00,Bengaluru Electronic City,Bhiwandi Central DC,Western DFC Electric Rail,Rail (Dedicated Freight Corridor),549.9,12.2,2026-05-10 16:13:09,0,0.919,2.4,30.0,4.04,2026-05-11 19:07:09,26.9,1
SHP-TRK-13578,2026-05-10 06:00:00,Sanand Hub (Gujarat),Oragadam Southern Plant (Chennai),NH48 Western Corridor,Road (Heavy Haulage),537.0,15.3,2026-05-10 21:20:32,0,0.946,1.8,31.2,4.68,2026-05-11 16:20:32,19.0,1
SHP-TRK-13579,2026-05-10 12:00:00,Gurugram (Haryana),Chakan Assembly Alpha (Pune),NH48 Western Corridor,Rail (Dedicated Freight Corridor),673.1,15.0,2026-05-11 02:57:30,0,0.91,3.8,13.1,3.57,2026-05-11 07:57:30,5.0,1
SHP-TRK-13580,2026-05-10 14:00:00,Gurugram (Haryana),Chakan Assembly Alpha (Pune),Golden Quadrilateral Delhi-Kolkata,Rail (Dedicated Freight Corridor),931.5,20.7,2026-05-11 10:41:57,0,0.91,6.2,17.0,4.81,2026-05-11 10:41:57,0.0,0
SHP-TRK-13581,2026-05-10 18:00:00,Gurugram (Haryana),Manesar Northern Plant,Western DFC Electric Rail,Road (Heavy Haulage),845.8,24.2,2026-05-11 18:10:01,0,0.917,6.3,18.7,3.44,2026-05-11 18:10:01,0.0,0
SHP-TRK-13582,2026-05-10 19:00:00,Pune MIDC (Maharashtra),Chakan Assembly Alpha (Pune),NH48 Western Corridor,Rail (Dedicated Freight Corridor),387.4,8.6,2026-05-11 03:36:28,0,0.729,8.3,21.1,4.34,2026-05-12 05:18:28,25.7,1
SHP-TRK-13583,2026-05-10 23:00:00,Sriperumbudur (Tamil Nadu),Oragadam Southern Plant (Chennai),NH48 Western Corridor,Road (Heavy Haulage),380.9,10.9,2026-05-11 09:52:57,0,0.892,3.0,16.9,3.61,2026-05-11 09:52:57,0.0,0
SHP-TRK-13584,2026-05-11 01:00:00,Gurugram (Haryana),Kundli DC,Chennai-Bengaluru Expressway,Road (Heavy Haulage),836.0,23.9,2026-05-12 00:53:13,0,0.921,2.2,8.1,4.75,2026-05-12 00:53:13,0.0,0
SHP-TRK-13585,2026-05-11 09:00:00,Bengaluru Electronic City,Bhiwandi Central DC,NH48 Western Corridor,Rail (Dedicated Freight Corridor),644.7,14.3,2026-05-11 23:19:39,0,0.755,7.2,31.6,4.38,2026-05-11 23:19:39,0.0,0
SHP-TRK-13586,2026-05-11 12:00:00,Pune MIDC (Maharashtra),Chakan Assembly Alpha (Pune),Western DFC Electric Rail,Road (Heavy Haulage),963.5,27.5,2026-05-12 15:31:43,0,0.941,3.0,17.4,3.53,2026-05-12 15:31:43,0.0,0
SHP-TRK-13587,2026-05-11 18:00:00,Sriperumbudur (Tamil Nadu),Chakan Assembly Alpha (Pune),Golden Quadrilateral Delhi-Kolkata,Rail (Dedicated Freight Corridor),534.3,11.9,2026-05-12 05:52:26,0,0.941,3.7,9.7,4.71,2026-05-12 05:52:26,0.0,0
SHP-TRK-13588,2026-05-11 18:00:00,Sanand Hub (Gujarat),Oragadam Southern Plant (Chennai),NH48 Western Corridor,Rail (Dedicated Freight Corridor),335.0,7.4,2026-05-12 01:26:39,0,0.806,7.6,31.1,3.56,2026-05-12 17:14:39,15.8,1
SHP-TRK-13589,2026-05-11 19:00:00,Sriperumbudur (Tamil Nadu),Chakan Assembly Alpha (Pune),Golden Quadrilateral Delhi-Kolkata,Road (Heavy Haulage),339.3,9.7,2026-05-12 04:41:41,0,0.799,8.7,31.6,4.24,2026-05-12 20:11:41,15.5,1
SHP-TRK-13590,2026-05-12 00:00:00,Bengaluru Electronic City,Kundli DC,Golden Quadrilateral Delhi-Kolkata,Road (Express),573.5,16.4,2026-05-12 16:23:06,0,0.833,4.9,12.7,3.67,2026-05-12 22:17:06,5.9,1
SHP-TRK-13591,2026-05-12 04:00:00,Sanand Hub (Gujarat),Chakan Assembly Alpha (Pune),Western DFC Electric Rail,Road (Heavy Haulage),861.5,24.6,2026-05-13 04:36:50,0,0.8,8.3,19.7,4.79,2026-05-13 04:36:50,0.0,0
SHP-TRK-13592,2026-05-12 08:00:00,Sanand Hub (Gujarat),Oragadam Southern Plant (Chennai),NH48 Western Corridor,Road (Heavy Haulage),260.7,7.4,2026-05-12 15:26:53,0,0.932,1.9,31.9,4.27,2026-05-12 15:26:53,0.0,0
SHP-TRK-13593,2026-05-12 08:00:00,Sanand Hub (Gujarat),Oragadam Southern Plant (Chennai),NH48 Western Corridor,Road (Heavy Haulage),1245.4,35.6,2026-05-13 19:35:01,0,0.819,4.6,27.7,4.27,2026-05-14 12:11:01,16.6,1
SHP-TRK-13594,2026-05-12 15:00:00,Bengaluru Electronic City,Bhiwandi Central DC,Western DFC Electric Rail,Coastal Ro-Ro,797.4,22.8,2026-05-13 13:46:55,0,0.851,6.8,22.9,4.82,2026-05-13 18:40:55,4.9,1
SHP-TRK-13595,2026-05-12 15:00:00,Bengaluru Electronic City,Manesar Northern Plant,NH48 Western Corridor,Road (Express),1012.5,28.9,2026-05-13 19:55:44,0,0.748,8.8,6.1,4.21,2026-05-13 19:55:44,0.0,0
SHP-TRK-13596,2026-05-12 16:00:00,Pune MIDC (Maharashtra),Chakan Assembly Alpha (Pune),NH48 Western Corridor,Road (Heavy Haulage),624.4,17.8,2026-05-13 09:50:25,0,0.922,1.0,25.1,4.75,2026-05-13 09:50:25,0.0,0
SHP-TRK-13597,2026-05-12 18:00:00,Sriperumbudur (Tamil Nadu),Oragadam Southern Plant (Chennai),Coastal Maritime Lane,Road (Heavy Haulage),1307.4,37.4,2026-05-14 07:21:17,0,0.841,8.5,27.1,4.42,2026-05-14 07:21:17,0.0,0
SHP-TRK-13598,2026-05-12 18:00:00,Gurugram (Haryana),Bhiwandi Central DC,Coastal Maritime Lane,Road (Heavy Haulage),650.3,18.6,2026-05-13 12:34:51,0,0.834,7.3,22.8,4.0,2026-05-13 12:34:51,0.0,0
SHP-TRK-13599,2026-05-12 20:00:00,Bengaluru Electronic City,Chakan Assembly Alpha (Pune),Golden Quadrilateral Delhi-Kolkata,Rail (Dedicated Freight Corridor),611.4,13.6,2026-05-13 09:35:13,0,0.84,2.8,25.8,3.97,2026-05-14 06:41:13,21.1,1
SHP-TRK-13600,2026-05-12 21:00:00,Sanand Hub (Gujarat),Bhiwandi Central DC,Western DFC Electric Rail,Rail (Dedicated Freight Corridor),1128.4,25.1,2026-05-13 22:04:34,0,0.89,6.8,25.5,3.95,2026-05-13 22:04:34,0.0,0
SHP-TRK-13601,2026-05-12 21:00:00,Sanand Hub (Gujarat),Kundli DC,NH48 Western Corridor,Coastal Ro-Ro,384.8,11.0,2026-05-13 07:59:36,0,0.778,6.4,9.3,4.78,2026-05-13 07:59:36,0.0,0
SHP-TRK-13602,2026-05-12 21:00:00,Gurugram (Haryana),Chakan Assembly Alpha (Pune),Golden Quadrilateral Delhi-Kolkata,Coastal Ro-Ro,350.9,10.0,2026-05-13 07:01:28,0,0.828,6.6,30.8,4.11,2026-05-13 12:55:28,5.9,1
SHP-TRK-13603,2026-05-12 22:00:00,Gurugram (Haryana),Kundli DC,NH48 Western Corridor,Road (Heavy Haulage),1339.6,38.3,2026-05-14 12:16:31,0,0.911,8.8,29.1,3.47,2026-05-15 12:16:31,24.0,1
SHP-TRK-13604,2026-05-12 22:00:00,Pune MIDC (Maharashtra),Manesar Northern Plant,Coastal Maritime Lane,Coastal Ro-Ro,311.0,8.9,2026-05-13 06:53:06,0,0.762,4.9,28.7,4.85,2026-05-13 06:53:06,0.0,0
SHP-TRK-13605,2026-05-13 00:00:00,Sriperumbudur (Tamil Nadu),Chakan Assembly Alpha (Pune),NH48 Western Corridor,Road (Heavy Haulage),1060.3,30.3,2026-05-14 06:17:42,0,0.961,3.6,28.6,3.86,2026-05-14 06:17:42,0.0,0
SHP-TRK-13606,2026-05-13 01:00:00,Sriperumbudur (Tamil Nadu),Oragadam Southern Plant (Chennai),Western DFC Electric Rail,Coastal Ro-Ro,582.8,16.7,2026-05-13 17:39:05,0,0.939,9.0,22.3,3.49,2026-05-14 01:27:05,7.8,1
SHP-TRK-13607,2026-05-13 03:00:00,Sanand Hub (Gujarat),Kundli DC,Western DFC Electric Rail,Road (Heavy Haulage),1087.7,31.1,2026-05-14 10:04:42,0,0.941,2.4,16.5,3.78,2026-05-14 10:04:42,0.0,0
SHP-TRK-13608,2026-05-13 08:00:00,Bengaluru Electronic City,Manesar Northern Plant,Western DFC Electric Rail,Road (Heavy Haulage),474.2,13.5,2026-05-13 21:32:54,0,0.971,5.7,28.4,4.62,2026-05-13 21:32:54,0.0,0
SHP-TRK-13609,2026-05-13 09:00:00,Bengaluru Electronic City,Chakan Assembly Alpha (Pune),Golden Quadrilateral Delhi-Kolkata,Road (Express),1445.1,41.3,2026-05-15 02:17:15,0,0.923,2.2,13.4,3.59,2026-05-15 02:17:15,0.0,0
SHP-TRK-13610,2026-05-13 09:00:00,Pune MIDC (Maharashtra),Oragadam Southern Plant (Chennai),Western DFC Electric Rail,Coastal Ro-Ro,877.5,25.1,2026-05-14 10:04:14,0,0.739,2.2,27.9,4.02,2026-05-14 10:04:14,0.0,0
SHP-TRK-13611,2026-05-13 11:00:00,Pune MIDC (Maharashtra),Manesar Northern Plant,NH48 Western Corridor,Coastal Ro-Ro,903.8,25.8,2026-05-14 12:49:22,0,0.826,5.3,11.9,4.34,2026-05-14 12:49:22,0.0,0
SHP-TRK-13612,2026-05-13 15:00:00,Sanand Hub (Gujarat),Manesar Northern Plant,Chennai-Bengaluru Expressway,Road (Express),761.0,21.7,2026-05-14 12:44:37,0,0.736,4.7,8.3,3.47,2026-05-14 12:44:37,0.0,0
SHP-TRK-13613,2026-05-13 16:00:00,Bengaluru Electronic City,Chakan Assembly Alpha (Pune),Coastal Maritime Lane,Road (Heavy Haulage),1445.4,41.3,2026-05-15 09:17:44,0,0.864,2.9,29.6,4.68,2026-05-15 09:17:44,0.0,0
SHP-TRK-13614,2026-05-13 18:00:00,Sriperumbudur (Tamil Nadu),Chakan Assembly Alpha (Pune),Chennai-Bengaluru Expressway,Road (Heavy Haulage),1301.0,37.2,2026-05-15 07:10:16,0,0.833,3.6,22.2,4.5,2026-05-15 07:10:16,0.0,0
SHP-TRK-13615,2026-05-13 20:00:00,Sriperumbudur (Tamil Nadu),Chakan Assembly Alpha (Pune),Golden Quadrilateral Delhi-Kolkata,Road (Heavy Haulage),1213.1,34.7,2026-05-15 06:39:40,0,0.75,2.5,23.2,4.24,2026-05-15 06:39:40,0.0,0
SHP-TRK-13616,2026-05-13 21:00:00,Sriperumbudur (Tamil Nadu),Bhiwandi Central DC,NH48 Western Corridor,Road (Express),899.6,25.7,2026-05-14 22:42:05,0,0.752,7.7,27.7,3.51,2026-05-15 05:12:05,6.5,1
SHP-TRK-13617,2026-05-14 01:00:00,Sriperumbudur (Tamil Nadu),Chakan Assembly Alpha (Pune),Golden Quadrilateral Delhi-Kolkata,Rail (Dedicated Freight Corridor),986.8,21.9,2026-05-14 22:55:42,0,0.948,4.0,29.3,4.02,2026-05-15 04:37:42,5.7,1
SHP-TRK-13618,2026-05-14 02:00:00,Sriperumbudur (Tamil Nadu),Chakan Assembly Alpha (Pune),NH48 Western Corridor,Rail (Dedicated Freight Corridor),1314.6,29.2,2026-05-15 07:12:46,0,0.859,5.7,30.5,4.06,2026-05-15 07:12:46,0.0,0
SHP-TRK-13619,2026-05-14 03:00:00,Bengaluru Electronic City,Manesar Northern Plant,NH48 Western Corridor,Road (Heavy Haulage),623.5,17.8,2026-05-14 20:48:49,0,0.922,3.1,8.1,4.42,2026-05-14 20:48:49,0.0,0
SHP-TRK-13620,2026-05-14 05:00:00,Sriperumbudur (Tamil Nadu),Manesar Northern Plant,Coastal Maritime Lane,Road (Heavy Haulage),792.1,22.6,2026-05-15 03:37:55,0,0.854,8.6,31.4,4.82,2026-05-15 03:37:55,0.0,0
SHP-TRK-13621,2026-05-14 10:00:00,Sriperumbudur (Tamil Nadu),Oragadam Southern Plant (Chennai),Western DFC Electric Rail,Road (Heavy Haulage),976.0,27.9,2026-05-15 13:53:13,0,0.834,8.1,16.2,4.86,2026-05-15 17:59:13,4.1,1
SHP-TRK-13622,2026-05-14 13:00:00,Pune MIDC (Maharashtra),Manesar Northern Plant,Chennai-Bengaluru Expressway,Road (Express),1368.2,39.1,2026-05-16 04:05:31,0,0.82,5.4,7.2,4.88,2026-05-16 04:05:31,0.0,0
SHP-TRK-13623,2026-05-15 00:00:00,Pune MIDC (Maharashtra),Oragadam Southern Plant (Chennai),Western DFC Electric Rail,Rail (Dedicated Freight Corridor),602.0,13.4,2026-05-15 13:22:37,0,0.857,1.4,31.8,4.79,2026-05-15 13:22:37,0.0,0
SHP-TRK-13624,2026-05-15 01:00:00,Pune MIDC (Maharashtra),Chakan Assembly Alpha (Pune),Coastal Maritime Lane,Road (Heavy Haulage),1176.6,33.6,2026-05-16 10:36:56,0,0.785,1.5,23.7,3.73,2026-05-16 10:36:56,0.0,0
SHP-TRK-13625,2026-05-15 01:00:00,Pune MIDC (Maharashtra),Manesar Northern Plant,Coastal Maritime Lane,Rail (Dedicated Freight Corridor),1065.6,23.7,2026-05-16 00:40:45,0,0.952,2.5,12.7,4.86,2026-05-16 09:46:45,9.1,1
SHP-TRK-13626,2026-05-15 05:00:00,Gurugram (Haryana),Bhiwandi Central DC,Golden Quadrilateral Delhi-Kolkata,Rail (Dedicated Freight Corridor),914.2,20.3,2026-05-16 01:18:54,0,0.721,5.0,21.0,3.7,2026-05-16 01:18:54,0.0,0
SHP-TRK-13627,2026-05-15 05:00:00,Bengaluru Electronic City,Manesar Northern Plant,Golden Quadrilateral Delhi-Kolkata,Road (Heavy Haulage),757.2,21.6,2026-05-16 02:38:04,0,0.812,7.5,18.4,4.72,2026-05-16 02:38:04,0.0,0
SHP-TRK-13628,2026-05-15 07:00:00,Bengaluru Electronic City,Bhiwandi Central DC,NH48 Western Corridor,Rail (Dedicated Freight Corridor),985.4,21.9,2026-05-16 04:53:50,0,0.794,2.2,6.9,4.5,2026-05-16 04:53:50,0.0,0
SHP-TRK-13629,2026-05-15 11:00:00,Pune MIDC (Maharashtra),Bhiwandi Central DC,Golden Quadrilateral Delhi-Kolkata,Road (Heavy Haulage),526.4,15.0,2026-05-16 02:02:26,0,0.882,8.1,5.6,4.64,2026-05-16 02:02:26,0.0,0
SHP-TRK-13630,2026-05-15 12:00:00,Pune MIDC (Maharashtra),Manesar Northern Plant,Coastal Maritime Lane,Road (Express),1174.2,33.5,2026-05-16 21:32:57,0,0.811,5.9,13.8,4.75,2026-05-16 21:32:57,0.0,0
SHP-TRK-13631,2026-05-15 13:00:00,Sriperumbudur (Tamil Nadu),Bhiwandi Central DC,NH48 Western Corridor,Coastal Ro-Ro,945.4,27.0,2026-05-16 16:00:38,0,0.845,7.2,14.9,4.0,2026-05-16 16:00:38,0.0,0
SHP-TRK-13632,2026-05-15 15:00:00,Sanand Hub (Gujarat),Chakan Assembly Alpha (Pune),NH48 Western Corridor,Road (Heavy Haulage),889.6,25.4,2026-05-16 16:24:58,0,0.895,2.0,21.3,3.62,2026-05-16 16:24:58,0.0,0
SHP-TRK-13633,2026-05-15 16:00:00,Bengaluru Electronic City,Bhiwandi Central DC,NH48 Western Corridor,Road (Heavy Haulage),1445.0,41.3,2026-05-17 09:17:07,0,0.911,4.7,21.8,4.66,2026-05-17 09:17:07,0.0,0
SHP-TRK-13634,2026-05-15 17:00:00,Bengaluru Electronic City,Oragadam Southern Plant (Chennai),NH48 Western Corridor,Rail (Dedicated Freight Corridor),1385.0,30.8,2026-05-16 23:46:36,0,0.833,4.0,29.4,4.43,2026-05-17 04:22:36,4.6,1
SHP-TRK-13635,2026-05-15 20:00:00,Bengaluru Electronic City,Bhiwandi Central DC,NH48 Western Corridor,Road (Heavy Haulage),532.4,15.2,2026-05-16 11:12:40,0,0.912,2.8,17.1,4.77,2026-05-16 11:12:40,0.0,0
SHP-TRK-13636,2026-05-16 07:00:00,Pune MIDC (Maharashtra),Oragadam Southern Plant (Chennai),Golden Quadrilateral Delhi-Kolkata,Rail (Dedicated Freight Corridor),1299.9,28.9,2026-05-17 11:53:13,0,0.951,8.4,26.8,4.62,2026-05-18 11:11:13,23.3,1
SHP-TRK-13637,2026-05-16 12:00:00,Gurugram (Haryana),Kundli DC,Golden Quadrilateral Delhi-Kolkata,Rail (Dedicated Freight Corridor),261.5,5.8,2026-05-16 17:48:37,0,0.869,4.8,31.0,4.6,2026-05-16 17:48:37,0.0,0
SHP-TRK-13638,2026-05-16 20:00:00,Sanand Hub (Gujarat),Oragadam Southern Plant (Chennai),NH48 Western Corridor,Rail (Dedicated Freight Corridor),533.0,11.8,2026-05-17 07:50:38,0,0.951,2.0,5.9,4.82,2026-05-17 07:50:38,0.0,0
SHP-TRK-13639,2026-05-17 01:00:00,Pune MIDC (Maharashtra),Kundli DC,Western DFC Electric Rail,Road (Express),1385.9,39.6,2026-05-18 16:35:53,0,0.831,3.8,16.8,4.78,2026-05-18 16:35:53,0.0,0
SHP-TRK-13640,2026-05-17 01:00:00,Bengaluru Electronic City,Oragadam Southern Plant (Chennai),NH48 Western Corridor,Air Cargo Express,1190.6,19.8,2026-05-17 20:50:38,0,0.838,4.0,16.8,4.53,2026-05-17 20:50:38,0.0,0
SHP-TRK-13641,2026-05-17 02:00:00,Gurugram (Haryana),Oragadam Southern Plant (Chennai),Golden Quadrilateral Delhi-Kolkata,Road (Express),646.8,18.5,2026-05-17 20:28:49,0,0.873,6.3,5.1,4.89,2026-05-17 20:28:49,0.0,0
SHP-TRK-13642,2026-05-17 08:00:00,Sriperumbudur (Tamil Nadu),Oragadam Southern Plant (Chennai),NH48 Western Corridor,Road (Heavy Haulage),732.0,20.9,2026-05-18 04:54:48,0,0.77,2.1,14.5,3.62,2026-05-18 04:54:48,0.0,0
SHP-TRK-13643,2026-05-17 09:00:00,Sanand Hub (Gujarat),Chakan Assembly Alpha (Pune),NH48 Western Corridor,Road (Heavy Haulage),897.1,25.6,2026-05-18 10:37:53,0,0.838,3.6,27.4,3.54,2026-05-18 10:37:53,0.0,0
SHP-TRK-13644,2026-05-17 10:00:00,Bengaluru Electronic City,Kundli DC,NH48 Western Corridor,Coastal Ro-Ro,450.7,12.9,2026-05-17 22:52:36,0,0.849,4.9,15.8,3.75,2026-05-17 22:52:36,0.0,0
SHP-TRK-13645,2026-05-17 10:00:00,Sanand Hub (Gujarat),Manesar Northern Plant,NH48 Western Corridor,Coastal Ro-Ro,1095.8,31.3,2026-05-18 17:18:28,0,0.834,3.4,28.0,4.27,2026-05-18 17:18:28,0.0,0
SHP-TRK-13646,2026-05-17 15:00:00,Bengaluru Electronic City,Chakan Assembly Alpha (Pune),Western DFC Electric Rail,Rail (Dedicated Freight Corridor),354.1,7.9,2026-05-17 22:52:08,0,0.875,1.1,10.2,3.46,2026-05-17 22:52:08,0.0,0
SHP-TRK-13647,2026-05-17 15:00:00,Sriperumbudur (Tamil Nadu),Kundli DC,Western DFC Electric Rail,Road (Heavy Haulage),940.6,26.9,2026-05-18 17:52:27,0,0.837,6.0,15.6,4.52,2026-05-18 23:10:27,5.3,1
SHP-TRK-13648,2026-05-17 18:00:00,Sanand Hub (Gujarat),Bhiwandi Central DC,NH48 Western Corridor,Road (Express),491.5,14.0,2026-05-18 08:02:29,0,0.796,5.8,26.8,3.96,2026-05-18 16:02:29,8.0,1
SHP-TRK-13649,2026-05-17 20:00:00,Sanand Hub (Gujarat),Oragadam Southern Plant (Chennai),NH48 Western Corridor,Rail (Dedicated Freight Corridor),870.3,19.3,2026-05-18 15:20:21,0,0.813,3.7,11.8,4.07,2026-05-18 15:20:21,0.0,0
SHP-TRK-13650,2026-05-17 21:00:00,Sanand Hub (Gujarat),Chakan Assembly Alpha (Pune),NH48 Western Corridor,Road (Heavy Haulage),767.9,21.9,2026-05-18 18:56:25,0,0.779,4.4,13.6,4.49,2026-05-18 18:56:25,0.0,0
SHP-TRK-13651,2026-05-18 00:00:00,Bengaluru Electronic City,Chakan Assembly Alpha (Pune),NH48 Western Corridor,Road (Heavy Haulage),760.0,21.7,2026-05-18 21:42:47,0,0.732,3.6,28.9,4.69,2026-05-20 19:12:47,45.5,1
SHP-TRK-13652,2026-05-18 01:00:00,Pune MIDC (Maharashtra),Bhiwandi Central DC,NH48 Western Corridor,Road (Heavy Haulage),411.2,11.7,2026-05-18 12:44:59,0,0.749,3.6,27.3,3.77,2026-05-18 12:44:59,0.0,0
SHP-TRK-13653,2026-05-18 02:00:00,Sriperumbudur (Tamil Nadu),Chakan Assembly Alpha (Pune),NH48 Western Corridor,Road (Heavy Haulage),1266.8,36.2,2026-05-19 14:11:35,0,0.854,6.2,8.0,3.88,2026-05-19 14:11:35,0.0,0
SHP-TRK-13654,2026-05-18 12:00:00,Pune MIDC (Maharashtra),Kundli DC,Western DFC Electric Rail,Rail (Dedicated Freight Corridor),390.7,8.7,2026-05-18 20:40:55,0,0.821,7.8,8.2,4.4,2026-05-18 20:40:55,0.0,0
SHP-TRK-13655,2026-05-18 12:00:00,Bengaluru Electronic City,Oragadam Southern Plant (Chennai),NH48 Western Corridor,Road (Heavy Haulage),593.7,17.0,2026-05-19 04:57:45,0,0.82,8.3,14.6,3.64,2026-05-19 04:57:45,0.0,0
SHP-TRK-13656,2026-05-18 15:00:00,Pune MIDC (Maharashtra),Manesar Northern Plant,Coastal Maritime Lane,Road (Heavy Haulage),1318.8,37.7,2026-05-20 04:40:46,0,0.891,8.4,20.0,4.01,2026-05-20 04:40:46,0.0,0
SHP-TRK-13657,2026-05-18 17:00:00,Sanand Hub (Gujarat),Kundli DC,NH48 Western Corridor,Road (Heavy Haulage),445.7,12.7,2026-05-19 05:44:05,0,0.808,3.3,21.0,3.48,2026-05-19 05:44:05,0.0,0
SHP-TRK-13658,2026-05-18 19:00:00,Pune MIDC (Maharashtra),Chakan Assembly Alpha (Pune),Western DFC Electric Rail,Road (Heavy Haulage),1298.0,37.1,2026-05-20 08:05:06,0,0.766,3.7,9.1,3.81,2026-05-20 08:05:06,0.0,0
SHP-TRK-13659,2026-05-18 20:00:00,Bengaluru Electronic City,Bhiwandi Central DC,Coastal Maritime Lane,Rail (Dedicated Freight Corridor),1361.7,30.3,2026-05-20 02:15:39,0,0.84,5.7,10.8,3.82,2026-05-20 02:15:39,0.0,0
SHP-TRK-13660,2026-05-18 20:00:00,Pune MIDC (Maharashtra),Oragadam Southern Plant (Chennai),NH48 Western Corridor,Road (Heavy Haulage),921.9,26.3,2026-05-19 22:20:21,0,0.784,2.2,10.7,4.16,2026-05-19 22:20:21,0.0,0
SHP-TRK-13661,2026-05-18 23:00:00,Bengaluru Electronic City,Chakan Assembly Alpha (Pune),Golden Quadrilateral Delhi-Kolkata,Rail (Dedicated Freight Corridor),939.1,20.9,2026-05-19 19:52:06,0,0.973,1.8,27.1,4.18,2026-05-19 19:52:06,0.0,0
SHP-TRK-13662,2026-05-18 23:00:00,Sriperumbudur (Tamil Nadu),Oragadam Southern Plant (Chennai),Western DFC Electric Rail,Road (Heavy Haulage),303.7,8.7,2026-05-19 07:40:39,0,0.873,6.8,14.3,3.52,2026-05-19 15:04:39,7.4,1
SHP-TRK-13663,2026-05-19 02:00:00,Sanand Hub (Gujarat),Chakan Assembly Alpha (Pune),NH48 Western Corridor,Road (Heavy Haulage),617.7,17.6,2026-05-19 19:38:53,0,0.979,8.9,9.6,3.62,2026-05-20 09:08:53,13.5,1
SHP-TRK-13664,2026-05-19 03:00:00,Sriperumbudur (Tamil Nadu),Oragadam Southern Plant (Chennai),Chennai-Bengaluru Expressway,Road (Heavy Haulage),1243.7,35.5,2026-05-20 14:32:07,0,0.977,2.8,28.9,4.29,2026-05-20 14:32:07,0.0,0
SHP-TRK-13665,2026-05-19 04:00:00,Gurugram (Haryana),Kundli DC,NH48 Western Corridor,Road (Express),837.6,23.9,2026-05-20 03:55:53,0,0.88,7.6,22.6,4.03,2026-05-20 03:55:53,0.0,0
SHP-TRK-13666,2026-05-19 05:00:00,Sanand Hub (Gujarat),Kundli DC,Western DFC Electric Rail,Road (Heavy Haulage),1296.0,37.0,2026-05-20 18:01:41,0,0.829,7.4,26.6,4.44,2026-05-21 05:25:41,11.4,1
SHP-TRK-13667,2026-05-19 13:00:00,Bengaluru Electronic City,Oragadam Southern Plant (Chennai),NH48 Western Corridor,Rail (Dedicated Freight Corridor),744.4,16.5,2026-05-20 05:32:30,0,0.727,2.2,18.6,3.62,2026-05-20 05:32:30,0.0,0
SHP-TRK-13668,2026-05-20 08:00:00,Pune MIDC (Maharashtra),Oragadam Southern Plant (Chennai),NH48 Western Corridor,Coastal Ro-Ro,429.8,12.3,2026-05-20 20:16:45,0,0.917,5.5,15.1,3.63,2026-05-20 20:16:45,0.0,0
SHP-TRK-13669,2026-05-20 09:00:00,Bengaluru Electronic City,Chakan Assembly Alpha (Pune),Chennai-Bengaluru Expressway,Rail (Dedicated Freight Corridor),1204.4,26.8,2026-05-21 11:45:51,0,0.727,8.1,16.9,3.88,2026-05-22 11:15:51,23.5,1
SHP-TRK-13670,2026-05-20 13:00:00,Bengaluru Electronic City,Chakan Assembly Alpha (Pune),NH48 Western Corridor,Rail (Dedicated Freight Corridor),1192.7,26.5,2026-05-21 15:30:18,0,0.842,4.6,4.6,4.14,2026-05-21 15:30:18,0.0,0
SHP-TRK-13671,2026-05-20 15:00:00,Bengaluru Electronic City,Bhiwandi Central DC,NH48 Western Corridor,Road (Heavy Haulage),940.9,26.9,2026-05-21 17:52:56,0,0.84,2.5,12.7,4.89,2026-05-21 17:52:56,0.0,0
SHP-TRK-13672,2026-05-20 20:00:00,Bengaluru Electronic City,Chakan Assembly Alpha (Pune),Western DFC Electric Rail,Road (Express),782.6,22.4,2026-05-21 18:21:39,0,0.863,5.8,20.7,3.69,2026-05-22 22:15:39,27.9,1
SHP-TRK-13673,2026-05-20 22:00:00,Bengaluru Electronic City,Chakan Assembly Alpha (Pune),Western DFC Electric Rail,Road (Express),1156.4,33.0,2026-05-22 07:02:19,0,0.89,1.8,12.8,3.86,2026-05-22 07:02:19,0.0,0
SHP-TRK-13674,2026-05-20 23:00:00,Sanand Hub (Gujarat),Bhiwandi Central DC,NH48 Western Corridor,Road (Express),1168.0,33.4,2026-05-22 08:22:18,0,0.883,1.0,15.0,3.73,2026-05-22 08:22:18,0.0,0
SHP-TRK-13675,2026-05-21 08:00:00,Bengaluru Electronic City,Kundli DC,Chennai-Bengaluru Expressway,Rail (Dedicated Freight Corridor),507.1,11.3,2026-05-21 19:16:04,0,0.765,8.1,18.1,3.49,2026-05-21 19:16:04,0.0,0
SHP-TRK-13676,2026-05-21 13:00:00,Gurugram (Haryana),Oragadam Southern Plant (Chennai),Golden Quadrilateral Delhi-Kolkata,Road (Heavy Haulage),1206.3,34.5,2026-05-22 23:27:54,0,0.732,8.9,23.7,3.99,2026-05-23 05:45:54,6.3,1
SHP-TRK-13677,2026-05-21 17:00:00,Sanand Hub (Gujarat),Oragadam Southern Plant (Chennai),Golden Quadrilateral Delhi-Kolkata,Road (Express),773.1,22.1,2026-05-22 15:05:21,0,0.751,8.7,11.9,4.56,2026-05-23 09:35:21,18.5,1
SHP-TRK-13678,2026-05-22 00:00:00,Gurugram (Haryana),Kundli DC,Western DFC Electric Rail,Coastal Ro-Ro,450.0,12.9,2026-05-22 12:51:26,0,0.872,1.1,9.9,4.11,2026-05-22 19:39:26,6.8,1
SHP-TRK-13679,2026-05-22 00:00:00,Bengaluru Electronic City,Oragadam Southern Plant (Chennai),Golden Quadrilateral Delhi-Kolkata,Road (Express),1373.7,39.2,2026-05-23 15:14:56,0,0.836,3.2,7.9,4.66,2026-05-23 15:14:56,0.0,0
SHP-TRK-13680,2026-05-22 02:00:00,Sanand Hub (Gujarat),Bhiwandi Central DC,NH48 Western Corridor,Rail (Dedicated Freight Corridor),1021.4,22.7,2026-05-23 00:41:54,0,0.855,1.2,15.5,4.23,2026-05-23 00:41:54,0.0,0
SHP-TRK-13681,2026-05-22 05:00:00,Bengaluru Electronic City,Kundli DC,NH48 Western Corridor,Road (Heavy Haulage),675.6,19.3,2026-05-23 00:18:06,0,0.953,5.1,23.3,4.57,2026-05-23 00:18:06,0.0,0
SHP-TRK-13682,2026-05-22 07:00:00,Sanand Hub (Gujarat),Bhiwandi Central DC,NH48 Western Corridor,Road (Express),640.4,18.3,2026-05-23 01:17:51,0,0.905,2.9,10.2,4.72,2026-05-23 01:17:51,0.0,0
SHP-TRK-13683,2026-05-22 12:00:00,Sanand Hub (Gujarat),Oragadam Southern Plant (Chennai),Golden Quadrilateral Delhi-Kolkata,Rail (Dedicated Freight Corridor),1445.4,32.1,2026-05-23 20:07:14,0,0.897,6.0,31.7,4.24,2026-05-24 01:13:14,5.1,1
SHP-TRK-13684,2026-05-22 14:00:00,Bengaluru Electronic City,Chakan Assembly Alpha (Pune),Golden Quadrilateral Delhi-Kolkata,Road (Heavy Haulage),1306.7,37.3,2026-05-24 03:20:07,0,0.745,5.3,12.6,4.22,2026-05-24 03:20:07,0.0,0
SHP-TRK-13685,2026-05-22 17:00:00,Gurugram (Haryana),Chakan Assembly Alpha (Pune),NH48 Western Corridor,Rail (Dedicated Freight Corridor),894.1,19.9,2026-05-23 12:52:11,0,0.942,8.3,15.5,3.82,2026-05-23 12:52:11,0.0,0
SHP-TRK-13686,2026-05-22 18:00:00,Sanand Hub (Gujarat),Bhiwandi Central DC,NH48 Western Corridor,Road (Heavy Haulage),674.6,19.3,2026-05-23 13:16:23,0,0.819,1.6,26.9,4.13,2026-05-23 13:16:23,0.0,0
SHP-TRK-13687,2026-05-22 20:00:00,Bengaluru Electronic City,Oragadam Southern Plant (Chennai),Coastal Maritime Lane,Road (Express),1414.6,40.4,2026-05-24 12:25:05,0,0.831,8.9,12.6,3.67,2026-05-25 12:49:05,24.4,1
SHP-TRK-13688,2026-05-22 22:00:00,Sanand Hub (Gujarat),Kundli DC,NH48 Western Corridor,Road (Express),1182.3,33.8,2026-05-24 07:46:47,0,0.939,8.2,19.5,4.54,2026-05-24 07:46:47,0.0,0
SHP-TRK-13689,2026-05-23 03:00:00,Sriperumbudur (Tamil Nadu),Manesar Northern Plant,Western DFC Electric Rail,Rail (Dedicated Freight Corridor),1445.4,32.1,2026-05-24 11:07:08,0,0.808,1.7,25.5,4.2,2026-05-24 11:07:08,0.0,0
SHP-TRK-13690,2026-05-23 05:00:00,Sanand Hub (Gujarat),Manesar Northern Plant,Golden Quadrilateral Delhi-Kolkata,Coastal Ro-Ro,507.4,14.5,2026-05-23 19:29:54,0,0.972,3.5,16.5,4.89,2026-05-23 19:29:54,0.0,0
SHP-TRK-13691,2026-05-23 06:00:00,Sanand Hub (Gujarat),Manesar Northern Plant,NH48 Western Corridor,Road (Heavy Haulage),1372.0,39.2,2026-05-24 21:12:03,0,0.873,7.0,11.1,4.64,2026-05-24 21:12:03,0.0,0
SHP-TRK-13692,2026-05-23 07:00:00,Bengaluru Electronic City,Manesar Northern Plant,Chennai-Bengaluru Expressway,Coastal Ro-Ro,783.8,22.4,2026-05-24 05:23:41,0,0.893,7.3,5.2,4.88,2026-05-24 05:23:41,0.0,0
SHP-TRK-13693,2026-05-23 07:00:00,Gurugram (Haryana),Bhiwandi Central DC,Coastal Maritime Lane,Road (Heavy Haulage),981.4,28.0,2026-05-24 11:02:28,0,0.778,6.4,28.1,4.78,2026-05-26 01:50:28,38.8,1
SHP-TRK-13694,2026-05-23 08:00:00,Sanand Hub (Gujarat),Kundli DC,NH48 Western Corridor,Coastal Ro-Ro,603.0,17.2,2026-05-24 01:13:42,0,0.817,3.8,25.4,4.83,2026-05-24 01:13:42,0.0,0
SHP-TRK-13695,2026-05-23 08:00:00,Gurugram (Haryana),Oragadam Southern Plant (Chennai),Western DFC Electric Rail,Rail (Dedicated Freight Corridor),945.3,21.0,2026-05-24 05:00:22,0,0.817,2.3,6.0,3.82,2026-05-25 17:24:22,36.4,1
SHP-TRK-13696,2026-05-23 11:00:00,Sanand Hub (Gujarat),Manesar Northern Plant,NH48 Western Corridor,Road (Heavy Haulage),995.9,28.5,2026-05-24 15:27:13,0,0.874,1.3,17.2,4.22,2026-05-24 15:27:13,0.0,0
SHP-TRK-13697,2026-05-23 18:00:00,Pune MIDC (Maharashtra),Chakan Assembly Alpha (Pune),Golden Quadrilateral Delhi-Kolkata,Road (Heavy Haulage),1357.1,38.8,2026-05-25 08:46:24,0,0.952,4.8,18.8,4.7,2026-05-25 08:46:24,0.0,0
SHP-TRK-13698,2026-05-23 20:00:00,Pune MIDC (Maharashtra),Oragadam Southern Plant (Chennai),NH48 Western Corridor,Road (Heavy Haulage),596.1,17.0,2026-05-24 13:01:51,0,0.967,3.1,9.5,3.53,2026-05-24 13:01:51,0.0,0
SHP-TRK-13699,2026-05-23 22:00:00,Bengaluru Electronic City,Oragadam Southern Plant (Chennai),NH48 Western Corridor,Rail (Dedicated Freight Corridor),845.5,18.8,2026-05-24 16:47:18,0,0.772,5.6,15.7,4.02,2026-05-24 16:47:18,0.0,0
SHP-TRK-13700,2026-05-24 01:00:00,Bengaluru Electronic City,Manesar Northern Plant,NH48 Western Corridor,Road (Heavy Haulage),1198.3,34.2,2026-05-25 11:14:12,0,0.791,6.5,7.2,4.88,2026-05-25 11:14:12,0.0,0
SHP-TRK-13701,2026-05-24 05:00:00,Bengaluru Electronic City,Oragadam Southern Plant (Chennai),Chennai-Bengaluru Expressway,Road (Heavy Haulage),261.9,7.5,2026-05-24 12:29:00,0,0.89,6.2,15.0,4.6,2026-05-24 20:17:00,7.8,1
SHP-TRK-13702,2026-05-24 05:00:00,Sanand Hub (Gujarat),Manesar Northern Plant,NH48 Western Corridor,Road (Heavy Haulage),856.9,24.5,2026-05-25 05:28:56,0,0.953,5.9,26.2,4.45,2026-05-25 05:28:56,0.0,0
SHP-TRK-13703,2026-05-24 07:00:00,Bengaluru Electronic City,Kundli DC,Western DFC Electric Rail,Rail (Dedicated Freight Corridor),880.0,19.6,2026-05-25 02:33:16,0,0.802,2.8,6.5,3.83,2026-05-25 02:33:16,0.0,0
SHP-TRK-13704,2026-05-24 08:00:00,Bengaluru Electronic City,Kundli DC,NH48 Western Corridor,Rail (Dedicated Freight Corridor),1209.5,26.9,2026-05-25 10:52:42,0,0.787,5.4,18.5,3.57,2026-05-25 10:52:42,0.0,0
SHP-TRK-13705,2026-05-24 15:00:00,Sanand Hub (Gujarat),Chakan Assembly Alpha (Pune),Coastal Maritime Lane,Road (Heavy Haulage),732.5,20.9,2026-05-25 11:55:43,0,0.945,5.4,22.8,3.81,2026-05-25 11:55:43,0.0,0
SHP-TRK-13706,2026-05-24 15:00:00,Sriperumbudur (Tamil Nadu),Bhiwandi Central DC,Western DFC Electric Rail,Road (Heavy Haulage),311.2,8.9,2026-05-24 23:53:30,0,0.839,6.0,25.0,4.11,2026-05-25 06:29:30,6.6,1
SHP-TRK-13707,2026-05-24 16:00:00,Gurugram (Haryana),Oragadam Southern Plant (Chennai),Western DFC Electric Rail,Road (Heavy Haulage),346.8,9.9,2026-05-25 01:54:35,0,0.921,3.0,23.9,4.32,2026-05-25 01:54:35,0.0,0
SHP-TRK-13708,2026-05-24 17:00:00,Sanand Hub (Gujarat),Bhiwandi Central DC,Golden Quadrilateral Delhi-Kolkata,Road (Heavy Haulage),1207.6,34.5,2026-05-26 03:30:12,0,0.86,3.7,31.4,4.82,2026-05-26 03:30:12,0.0,0
SHP-TRK-13709,2026-05-24 21:00:00,Sanand Hub (Gujarat),Oragadam Southern Plant (Chennai),NH48 Western Corridor,Road (Heavy Haulage),562.3,16.1,2026-05-25 13:03:57,0,0.743,8.9,25.4,4.41,2026-05-25 20:33:57,7.5,1
SHP-TRK-13710,2026-05-24 23:00:00,Bengaluru Electronic City,Bhiwandi Central DC,Golden Quadrilateral Delhi-Kolkata,Rail (Dedicated Freight Corridor),966.4,21.5,2026-05-25 20:28:35,0,0.886,2.8,14.8,4.09,2026-05-26 12:52:35,16.4,1
SHP-TRK-13711,2026-05-24 23:00:00,Pune MIDC (Maharashtra),Chakan Assembly Alpha (Pune),NH48 Western Corridor,Road (Heavy Haulage),986.8,28.2,2026-05-26 03:11:36,0,0.94,7.1,30.5,4.56,2026-05-26 03:11:36,0.0,0
SHP-TRK-13712,2026-05-25 02:00:00,Bengaluru Electronic City,Chakan Assembly Alpha (Pune),Coastal Maritime Lane,Road (Heavy Haulage),745.2,21.3,2026-05-25 23:17:29,0,0.772,8.6,15.1,4.58,2026-05-25 23:17:29,0.0,0
SHP-TRK-13713,2026-05-25 04:00:00,Pune MIDC (Maharashtra),Bhiwandi Central DC,Golden Quadrilateral Delhi-Kolkata,Road (Express),734.6,21.0,2026-05-26 00:59:18,0,0.893,7.7,14.1,4.23,2026-05-26 10:53:18,9.9,1
SHP-TRK-13714,2026-05-25 14:00:00,Sanand Hub (Gujarat),Bhiwandi Central DC,NH48 Western Corridor,Road (Heavy Haulage),487.2,13.9,2026-05-26 03:55:11,0,0.87,3.3,14.6,4.67,2026-05-26 03:55:11,0.0,0
SHP-TRK-13715,2026-05-25 21:00:00,Gurugram (Haryana),Manesar Northern Plant,Golden Quadrilateral Delhi-Kolkata,Air Cargo Express,1393.9,23.2,2026-05-26 20:13:53,0,0.737,1.2,9.3,4.31,2026-05-26 20:13:53,0.0,0
SHP-TRK-13716,2026-05-26 01:00:00,Bengaluru Electronic City,Oragadam Southern Plant (Chennai),Coastal Maritime Lane,Road (Express),1125.6,32.2,2026-05-27 09:09:39,0,0.918,3.6,17.3,4.58,2026-05-27 09:09:39,0.0,0
SHP-TRK-13717,2026-05-26 02:00:00,Sriperumbudur (Tamil Nadu),Chakan Assembly Alpha (Pune),NH48 Western Corridor,Road (Heavy Haulage),947.7,27.1,2026-05-27 05:04:34,0,0.859,8.5,23.6,4.67,2026-05-27 11:34:34,6.5,1
SHP-TRK-13718,2026-05-26 08:00:00,Bengaluru Electronic City,Manesar Northern Plant,NH48 Western Corridor,Rail (Dedicated Freight Corridor),318.5,7.1,2026-05-26 15:04:37,0,0.818,3.9,23.0,4.85,2026-05-26 15:04:37,0.0,0
SHP-TRK-13719,2026-05-26 11:00:00,Gurugram (Haryana),Oragadam Southern Plant (Chennai),Golden Quadrilateral Delhi-Kolkata,Rail (Dedicated Freight Corridor),386.9,8.6,2026-05-26 19:35:52,0,0.98,5.2,29.5,4.27,2026-05-26 19:35:52,0.0,0
SHP-TRK-13720,2026-05-26 13:00:00,Sanand Hub (Gujarat),Manesar Northern Plant,Golden Quadrilateral Delhi-Kolkata,Rail (Dedicated Freight Corridor),307.9,6.8,2026-05-26 19:50:30,0,0.841,8.4,31.8,3.62,2026-05-28 04:26:30,32.6,1
SHP-TRK-13721,2026-05-26 16:00:00,Pune MIDC (Maharashtra),Chakan Assembly Alpha (Pune),Golden Quadrilateral Delhi-Kolkata,Coastal Ro-Ro,728.9,20.8,2026-05-27 12:49:35,0,0.793,2.9,23.2,4.53,2026-05-27 12:49:35,0.0,0
SHP-TRK-13722,2026-05-26 21:00:00,Pune MIDC (Maharashtra),Bhiwandi Central DC,Golden Quadrilateral Delhi-Kolkata,Coastal Ro-Ro,502.3,14.4,2026-05-27 11:21:02,0,0.926,3.6,31.9,3.84,2026-05-27 11:21:02,0.0,0
SHP-TRK-13723,2026-05-26 22:00:00,Sanand Hub (Gujarat),Manesar Northern Plant,Coastal Maritime Lane,Road (Heavy Haulage),603.2,17.2,2026-05-27 15:14:00,0,0.797,1.4,11.3,3.95,2026-05-27 15:14:00,0.0,0
SHP-TRK-13724,2026-05-27 02:00:00,Bengaluru Electronic City,Chakan Assembly Alpha (Pune),Golden Quadrilateral Delhi-Kolkata,Road (Heavy Haulage),776.6,22.2,2026-05-28 00:11:13,0,0.796,3.4,19.7,4.35,2026-05-28 00:11:13,0.0,0
SHP-TRK-13725,2026-05-27 02:00:00,Gurugram (Haryana),Chakan Assembly Alpha (Pune),NH48 Western Corridor,Road (Heavy Haulage),786.5,22.5,2026-05-28 00:28:15,0,0.731,4.8,30.0,4.54,2026-05-28 10:52:15,10.4,1
SHP-TRK-13726,2026-05-27 08:00:00,Sanand Hub (Gujarat),Chakan Assembly Alpha (Pune),NH48 Western Corridor,Rail (Dedicated Freight Corridor),1212.1,26.9,2026-05-28 10:56:09,0,0.737,5.2,24.9,3.56,2026-05-28 10:56:09,0.0,0
SHP-TRK-13727,2026-05-27 12:00:00,Sanand Hub (Gujarat),Bhiwandi Central DC,NH48 Western Corridor,Road (Express),1109.3,31.7,2026-05-28 19:41:44,0,0.904,9.0,15.3,4.07,2026-05-28 19:41:44,0.0,0
SHP-TRK-13728,2026-05-27 19:00:00,Gurugram (Haryana),Chakan Assembly Alpha (Pune),Chennai-Bengaluru Expressway,Road (Heavy Haulage),1233.2,35.2,2026-05-29 06:13:59,0,0.799,5.8,15.0,3.48,2026-05-29 10:37:59,4.4,1
SHP-TRK-13729,2026-05-27 19:00:00,Sriperumbudur (Tamil Nadu),Chakan Assembly Alpha (Pune),Coastal Maritime Lane,Road (Heavy Haulage),395.6,11.3,2026-05-28 06:18:08,0,0.895,8.2,9.0,4.16,2026-05-28 22:12:08,15.9,1
SHP-TRK-13730,2026-05-27 19:00:00,Sriperumbudur (Tamil Nadu),Manesar Northern Plant,NH48 Western Corridor,Coastal Ro-Ro,1162.5,33.2,2026-05-29 04:12:55,0,0.78,4.0,7.0,4.61,2026-05-29 04:12:55,0.0,0
SHP-TRK-13731,2026-05-28 00:00:00,Sanand Hub (Gujarat),Chakan Assembly Alpha (Pune),NH48 Western Corridor,Road (Heavy Haulage),1164.8,33.3,2026-05-29 09:16:45,0,0.925,7.7,20.6,3.79,2026-05-29 09:16:45,0.0,0
SHP-TRK-13732,2026-05-28 03:00:00,Sriperumbudur (Tamil Nadu),Oragadam Southern Plant (Chennai),Coastal Maritime Lane,Coastal Ro-Ro,1336.2,38.2,2026-05-29 17:10:42,0,0.814,3.9,27.9,4.46,2026-05-29 17:10:42,0.0,0
SHP-TRK-13733,2026-05-28 07:00:00,Bengaluru Electronic City,Bhiwandi Central DC,Western DFC Electric Rail,Rail (Dedicated Freight Corridor),1288.5,28.6,2026-05-29 11:38:00,0,0.822,6.2,17.3,3.46,2026-05-29 11:38:00,0.0,0
SHP-TRK-13734,2026-05-28 08:00:00,Bengaluru Electronic City,Manesar Northern Plant,Chennai-Bengaluru Expressway,Rail (Dedicated Freight Corridor),623.3,13.9,2026-05-28 21:51:07,0,0.95,4.2,23.6,4.54,2026-05-29 04:57:07,7.1,1
SHP-TRK-13735,2026-05-28 11:00:00,Sanand Hub (Gujarat),Kundli DC,Coastal Maritime Lane,Road (Heavy Haulage),869.1,24.8,2026-05-29 11:49:56,0,0.867,1.7,14.5,4.23,2026-05-30 02:13:56,14.4,1
SHP-TRK-13736,2026-05-28 14:00:00,Pune MIDC (Maharashtra),Bhiwandi Central DC,NH48 Western Corridor,Rail (Dedicated Freight Corridor),650.3,14.5,2026-05-29 04:27:02,0,0.94,2.2,21.7,4.29,2026-05-29 12:21:02,7.9,1
SHP-TRK-13737,2026-05-28 14:00:00,Bengaluru Electronic City,Oragadam Southern Plant (Chennai),NH48 Western Corridor,Rail (Dedicated Freight Corridor),587.0,13.0,2026-05-29 03:02:37,0,0.898,5.3,4.9,4.33,2026-05-29 03:02:37,0.0,0
SHP-TRK-13738,2026-05-28 17:00:00,Sanand Hub (Gujarat),Manesar Northern Plant,NH48 Western Corridor,Rail (Dedicated Freight Corridor),921.2,20.5,2026-05-29 13:28:18,0,0.875,8.4,24.9,4.68,2026-05-29 19:16:18,5.8,1
SHP-TRK-13739,2026-05-28 19:00:00,Pune MIDC (Maharashtra),Chakan Assembly Alpha (Pune),Golden Quadrilateral Delhi-Kolkata,Road (Heavy Haulage),1117.1,31.9,2026-05-30 02:55:01,0,0.766,6.3,12.2,4.18,2026-05-30 12:25:01,9.5,1
SHP-TRK-13740,2026-05-28 19:00:00,Pune MIDC (Maharashtra),Oragadam Southern Plant (Chennai),Chennai-Bengaluru Expressway,Road (Heavy Haulage),316.1,9.0,2026-05-29 04:01:53,0,0.927,7.3,11.5,4.24,2026-05-30 13:07:53,33.1,1
SHP-TRK-13741,2026-05-28 22:00:00,Sanand Hub (Gujarat),Bhiwandi Central DC,NH48 Western Corridor,Road (Heavy Haulage),1021.9,29.2,2026-05-30 03:11:54,0,0.892,3.8,8.4,4.34,2026-05-30 03:11:54,0.0,0
SHP-TRK-13742,2026-05-29 00:00:00,Gurugram (Haryana),Oragadam Southern Plant (Chennai),NH48 Western Corridor,Rail (Dedicated Freight Corridor),1323.4,29.4,2026-05-30 05:24:34,0,0.805,6.1,29.7,4.36,2026-05-30 05:24:34,0.0,0
SHP-TRK-13743,2026-05-29 08:00:00,Pune MIDC (Maharashtra),Kundli DC,Western DFC Electric Rail,Road (Express),1040.4,29.7,2026-05-30 13:43:37,0,0.758,4.8,12.8,4.39,2026-05-30 13:43:37,0.0,0
SHP-TRK-13744,2026-05-29 09:00:00,Sanand Hub (Gujarat),Chakan Assembly Alpha (Pune),NH48 Western Corridor,Road (Heavy Haulage),754.5,21.6,2026-05-30 06:33:27,0,0.962,6.7,13.5,4.39,2026-05-31 00:03:27,17.5,1
SHP-TRK-13745,2026-05-29 09:00:00,Bengaluru Electronic City,Chakan Assembly Alpha (Pune),NH48 Western Corridor,Road (Heavy Haulage),798.6,22.8,2026-05-30 07:49:02,0,0.925,7.8,15.9,4.89,2026-05-30 07:49:02,0.0,0
SHP-TRK-13746,2026-05-29 15:00:00,Pune MIDC (Maharashtra),Manesar Northern Plant,NH48 Western Corridor,Coastal Ro-Ro,263.4,7.5,2026-05-29 22:31:37,0,0.977,4.9,26.1,4.0,2026-05-29 22:31:37,0.0,0
SHP-TRK-13747,2026-05-29 17:00:00,Sriperumbudur (Tamil Nadu),Oragadam Southern Plant (Chennai),NH48 Western Corridor,Road (Heavy Haulage),902.3,25.8,2026-05-30 18:46:46,0,0.751,3.8,9.6,4.71,2026-05-30 18:46:46,0.0,0
SHP-TRK-13748,2026-05-29 21:00:00,Sriperumbudur (Tamil Nadu),Oragadam Southern Plant (Chennai),NH48 Western Corridor,Coastal Ro-Ro,615.2,17.6,2026-05-30 14:34:38,0,0.792,3.8,10.8,3.79,2026-05-30 14:34:38,0.0,0
SHP-TRK-13749,2026-05-29 21:00:00,Sriperumbudur (Tamil Nadu),Oragadam Southern Plant (Chennai),Western DFC Electric Rail,Rail (Dedicated Freight Corridor),470.1,10.4,2026-05-30 07:26:48,0,0.931,4.8,8.7,4.6,2026-05-30 07:26:48,0.0,0
SHP-TRK-13750,2026-05-29 22:00:00,Pune MIDC (Maharashtra),Oragadam Southern Plant (Chennai),Western DFC Electric Rail,Road (Heavy Haulage),1013.8,29.0,2026-05-31 02:57:54,0,0.949,5.4,12.1,4.38,2026-05-31 09:39:54,6.7,1
SHP-TRK-13751,2026-05-30 00:00:00,Sanand Hub (Gujarat),Oragadam Southern Plant (Chennai),NH48 Western Corridor,Rail (Dedicated Freight Corridor),1052.9,23.4,2026-05-30 23:23:54,0,0.871,4.5,29.2,3.94,2026-05-30 23:23:54,0.0,0
SHP-TRK-13752,2026-05-30 01:00:00,Pune MIDC (Maharashtra),Manesar Northern Plant,Western DFC Electric Rail,Road (Express),705.2,20.1,2026-05-30 21:08:59,0,0.811,6.2,8.1,3.96,2026-05-30 21:08:59,0.0,0
SHP-TRK-13753,2026-05-30 01:00:00,Sriperumbudur (Tamil Nadu),Oragadam Southern Plant (Chennai),Golden Quadrilateral Delhi-Kolkata,Rail (Dedicated Freight Corridor),1002.0,22.3,2026-05-30 23:16:00,0,0.785,1.6,27.6,3.65,2026-05-30 23:16:00,0.0,0
SHP-TRK-13754,2026-05-30 02:00:00,Bengaluru Electronic City,Chakan Assembly Alpha (Pune),NH48 Western Corridor,Coastal Ro-Ro,449.8,12.9,2026-05-30 14:51:09,0,0.767,6.8,28.9,3.6,2026-05-30 14:51:09,0.0,0
SHP-TRK-13755,2026-05-30 03:00:00,Sriperumbudur (Tamil Nadu),Chakan Assembly Alpha (Pune),Chennai-Bengaluru Expressway,Road (Heavy Haulage),1295.0,37.0,2026-05-31 16:00:00,0,0.974,4.8,12.6,3.67,2026-05-31 16:00:00,0.0,0
SHP-TRK-13756,2026-05-30 04:00:00,Sanand Hub (Gujarat),Chakan Assembly Alpha (Pune),Golden Quadrilateral Delhi-Kolkata,Coastal Ro-Ro,410.4,11.7,2026-05-30 15:43:36,0,0.744,7.7,26.6,3.69,2026-05-30 15:43:36,0.0,0
SHP-TRK-13757,2026-05-30 05:00:00,Bengaluru Electronic City,Manesar Northern Plant,NH48 Western Corridor,Coastal Ro-Ro,868.5,24.8,2026-05-31 05:48:55,0,0.761,4.6,10.0,3.78,2026-05-31 05:48:55,0.0,0
SHP-TRK-13758,2026-05-30 07:00:00,Bengaluru Electronic City,Oragadam Southern Plant (Chennai),Golden Quadrilateral Delhi-Kolkata,Air Cargo Express,319.1,5.3,2026-05-30 12:19:05,0,0.737,5.4,16.3,4.59,2026-05-30 12:19:05,0.0,0
SHP-TRK-13759,2026-05-30 09:00:00,Sanand Hub (Gujarat),Kundli DC,NH48 Western Corridor,Road (Heavy Haulage),623.6,17.8,2026-05-31 02:48:59,0,0.852,2.7,24.7,3.46,2026-05-31 02:48:59,0.0,0
SHP-TRK-13760,2026-05-30 12:00:00,Gurugram (Haryana),Kundli DC,Chennai-Bengaluru Expressway,Rail (Dedicated Freight Corridor),395.3,8.8,2026-05-30 20:47:06,0,0.79,3.6,30.9,3.41,2026-05-30 20:47:06,0.0,0
SHP-TRK-13761,2026-05-30 12:00:00,Bengaluru Electronic City,Chakan Assembly Alpha (Pune),Western DFC Electric Rail,Road (Heavy Haulage),638.1,18.2,2026-05-31 06:13:50,0,0.729,1.9,19.6,4.01,2026-05-31 06:13:50,0.0,0
SHP-TRK-13762,2026-05-30 12:00:00,Pune MIDC (Maharashtra),Chakan Assembly Alpha (Pune),Chennai-Bengaluru Expressway,Road (Heavy Haulage),657.1,18.8,2026-05-31 06:46:22,0,0.832,8.6,16.2,3.42,2026-06-02 01:40:22,42.9,1
SHP-TRK-13763,2026-05-30 17:00:00,Sriperumbudur (Tamil Nadu),Oragadam Southern Plant (Chennai),Western DFC Electric Rail,Rail (Dedicated Freight Corridor),740.2,16.4,2026-05-31 09:26:52,0,0.921,8.4,6.9,3.59,2026-05-31 09:26:52,0.0,0
SHP-TRK-13764,2026-05-30 19:00:00,Sanand Hub (Gujarat),Kundli DC,NH48 Western Corridor,Rail (Dedicated Freight Corridor),933.9,20.8,2026-05-31 15:45:15,0,0.788,4.7,21.7,3.4,2026-05-31 15:45:15,0.0,0
SHP-TRK-13765,2026-05-30 19:00:00,Sanand Hub (Gujarat),Chakan Assembly Alpha (Pune),Coastal Maritime Lane,Road (Heavy Haulage),1373.3,39.2,2026-06-01 10:14:13,0,0.915,6.1,27.8,3.88,2026-06-01 16:02:13,5.8,1
SHP-TRK-13766,2026-05-30 21:00:00,Pune MIDC (Maharashtra),Oragadam Southern Plant (Chennai),NH48 Western Corridor,Rail (Dedicated Freight Corridor),1028.1,22.8,2026-05-31 19:50:45,0,0.951,3.6,21.5,4.59,2026-05-31 19:50:45,0.0,0
SHP-TRK-13767,2026-05-31 01:00:00,Bengaluru Electronic City,Oragadam Southern Plant (Chennai),NH48 Western Corridor,Road (Heavy Haulage),1289.3,36.8,2026-06-01 13:50:17,0,0.969,4.8,10.6,4.08,2026-06-01 13:50:17,0.0,0
SHP-TRK-13768,2026-05-31 02:00:00,Bengaluru Electronic City,Chakan Assembly Alpha (Pune),Golden Quadrilateral Delhi-Kolkata,Air Cargo Express,1244.8,20.7,2026-05-31 22:44:48,0,0.834,7.0,20.5,4.66,2026-05-31 22:44:48,0.0,0
SHP-TRK-13769,2026-05-31 04:00:00,Gurugram (Haryana),Bhiwandi Central DC,Golden Quadrilateral Delhi-Kolkata,Road (Express),1030.3,29.4,2026-06-01 09:26:13,0,0.942,4.9,9.5,4.78,2026-06-01 09:26:13,0.0,0
SHP-TRK-13770,2026-05-31 05:00:00,Bengaluru Electronic City,Bhiwandi Central DC,Coastal Maritime Lane,Road (Heavy Haulage),1070.2,30.6,2026-06-01 11:34:32,0,0.868,7.2,26.9,4.75,2026-06-01 11:34:32,0.0,0
SHP-TRK-13771,2026-05-31 07:00:00,Sanand Hub (Gujarat),Chakan Assembly Alpha (Pune),Coastal Maritime Lane,Road (Express),619.2,17.7,2026-06-01 00:41:29,0,0.722,3.6,15.0,3.47,2026-06-01 00:41:29,0.0,0
SHP-TRK-13772,2026-05-31 09:00:00,Sanand Hub (Gujarat),Bhiwandi Central DC,Golden Quadrilateral Delhi-Kolkata,Road (Heavy Haulage),683.6,19.5,2026-06-01 04:31:50,0,0.892,1.6,12.4,4.69,2026-06-01 04:31:50,0.0,0
SHP-TRK-13773,2026-05-31 11:00:00,Sriperumbudur (Tamil Nadu),Chakan Assembly Alpha (Pune),NH48 Western Corridor,Road (Express),1371.2,39.2,2026-06-02 02:10:41,0,0.775,4.9,6.5,4.15,2026-06-02 02:10:41,0.0,0
SHP-TRK-13774,2026-05-31 13:00:00,Bengaluru Electronic City,Chakan Assembly Alpha (Pune),Chennai-Bengaluru Expressway,Air Cargo Express,1009.6,16.8,2026-06-01 05:49:38,0,0.869,6.6,8.5,3.83,2026-06-01 05:49:38,0.0,0
SHP-TRK-13775,2026-05-31 22:00:00,Sriperumbudur (Tamil Nadu),Manesar Northern Plant,Chennai-Bengaluru Expressway,Rail (Dedicated Freight Corridor),605.1,13.4,2026-06-01 11:26:47,0,0.915,5.8,6.6,4.66,2026-06-01 11:26:47,0.0,0
SHP-TRK-13776,2026-06-01 01:00:00,Bengaluru Electronic City,Oragadam Southern Plant (Chennai),Western DFC Electric Rail,Rail (Dedicated Freight Corridor),1310.8,29.1,2026-06-02 06:07:45,1,0.765,5.0,16.2,4.78,2026-06-02 06:07:45,0.0,0
SHP-TRK-13777,2026-06-01 03:00:00,Sanand Hub (Gujarat),Chakan Assembly Alpha (Pune),NH48 Western Corridor,Road (Express),1117.8,31.9,2026-06-02 10:56:15,1,0.936,3.0,9.8,3.8,2026-06-02 18:02:15,7.1,1
SHP-TRK-13778,2026-06-01 05:00:00,Gurugram (Haryana),Bhiwandi Central DC,Chennai-Bengaluru Expressway,Road (Heavy Haulage),344.6,9.8,2026-06-01 14:50:41,1,0.89,2.2,6.2,4.1,2026-06-01 14:50:41,0.0,0
SHP-TRK-13779,2026-06-01 06:00:00,Sriperumbudur (Tamil Nadu),Oragadam Southern Plant (Chennai),Golden Quadrilateral Delhi-Kolkata,Road (Heavy Haulage),1234.4,35.3,2026-06-02 17:16:09,1,0.731,4.0,19.8,4.27,2026-06-02 17:16:09,0.0,0
SHP-TRK-13780,2026-06-01 06:00:00,Sriperumbudur (Tamil Nadu),Kundli DC,Western DFC Electric Rail,Road (Heavy Haulage),1088.9,31.1,2026-06-02 13:06:40,1,0.874,4.1,21.7,4.28,2026-06-02 13:06:40,0.0,0
SHP-TRK-13781,2026-06-01 06:00:00,Sanand Hub (Gujarat),Oragadam Southern Plant (Chennai),Chennai-Bengaluru Expressway,Air Cargo Express,1150.9,19.2,2026-06-02 01:10:56,1,0.901,2.2,17.1,3.84,2026-06-03 04:58:56,27.8,1
SHP-TRK-13782,2026-06-01 07:00:00,Pune MIDC (Maharashtra),Bhiwandi Central DC,Golden Quadrilateral Delhi-Kolkata,Air Cargo Express,927.7,15.5,2026-06-01 22:27:40,1,0.876,3.6,9.4,4.8,2026-06-02 05:15:40,6.8,1
SHP-TRK-13783,2026-06-01 08:00:00,Sanand Hub (Gujarat),Manesar Northern Plant,Coastal Maritime Lane,Road (Heavy Haulage),689.9,19.7,2026-06-02 03:42:41,1,0.827,4.2,27.0,4.39,2026-06-03 08:36:41,28.9,1
SHP-TRK-13784,2026-06-01 09:00:00,Sanand Hub (Gujarat),Chakan Assembly Alpha (Pune),NH48 Western Corridor,Road (Express),1316.9,37.6,2026-06-02 22:37:30,1,0.754,5.9,23.5,3.87,2026-06-02 22:37:30,0.0,0
SHP-TRK-13785,2026-06-01 09:00:00,Gurugram (Haryana),Bhiwandi Central DC,Western DFC Electric Rail,Rail (Dedicated Freight Corridor),929.6,20.7,2026-06-02 05:39:31,1,0.966,8.2,11.0,3.75,2026-06-04 17:27:31,59.8,1
SHP-TRK-13786,2026-06-01 09:00:00,Gurugram (Haryana),Manesar Northern Plant,NH48 Western Corridor,Road (Heavy Haulage),821.4,23.5,2026-06-02 08:28:05,1,0.937,3.6,13.0,3.52,2026-06-02 08:28:05,0.0,0
SHP-TRK-13787,2026-06-01 14:00:00,Sriperumbudur (Tamil Nadu),Oragadam Southern Plant (Chennai),NH48 Western Corridor,Road (Heavy Haulage),708.4,20.2,2026-06-02 10:14:19,1,0.755,4.8,21.2,4.22,2026-06-02 10:14:19,0.0,0
SHP-TRK-13788,2026-06-01 14:00:00,Bengaluru Electronic City,Chakan Assembly Alpha (Pune),Western DFC Electric Rail,Road (Heavy Haulage),1358.9,38.8,2026-06-03 04:49:36,1,0.773,4.3,24.6,4.85,2026-06-03 04:49:36,0.0,0
SHP-TRK-13789,2026-06-01 20:00:00,Sanand Hub (Gujarat),Chakan Assembly Alpha (Pune),NH48 Western Corridor,Road (Heavy Haulage),908.2,25.9,2026-06-02 21:56:51,1,0.954,6.5,8.2,4.13,2026-06-04 11:50:51,37.9,1
SHP-TRK-13790,2026-06-01 22:00:00,Gurugram (Haryana),Manesar Northern Plant,Chennai-Bengaluru Expressway,Coastal Ro-Ro,747.1,21.3,2026-06-02 19:20:39,1,0.917,4.8,10.9,4.0,2026-06-02 19:20:39,0.0,0
SHP-TRK-13791,2026-06-01 23:00:00,Sanand Hub (Gujarat),Chakan Assembly Alpha (Pune),Coastal Maritime Lane,Rail (Dedicated Freight Corridor),943.2,21.0,2026-06-02 19:57:37,1,0.826,2.9,9.9,4.67,2026-06-02 19:57:37,0.0,0
SHP-TRK-13792,2026-06-02 00:00:00,Bengaluru Electronic City,Manesar Northern Plant,NH48 Western Corridor,Road (Express),671.1,19.2,2026-06-02 19:10:25,1,0.91,6.5,6.0,3.81,2026-06-03 15:10:25,20.0,1
SHP-TRK-13793,2026-06-02 02:00:00,Pune MIDC (Maharashtra),Chakan Assembly Alpha (Pune),NH48 Western Corridor,Road (Heavy Haulage),1360.3,38.9,2026-06-03 16:52:01,1,0.927,8.1,16.6,4.68,2026-06-03 16:52:01,0.0,0
SHP-TRK-13794,2026-06-02 05:00:00,Bengaluru Electronic City,Kundli DC,Coastal Maritime Lane,Air Cargo Express,1289.8,21.5,2026-06-03 02:29:47,1,0.922,8.6,16.0,3.72,2026-06-03 02:29:47,0.0,0
SHP-TRK-13795,2026-06-02 09:00:00,Pune MIDC (Maharashtra),Bhiwandi Central DC,Chennai-Bengaluru Expressway,Road (Express),746.0,21.3,2026-06-03 06:18:51,1,0.862,1.1,8.5,4.24,2026-06-03 06:18:51,0.0,0
SHP-TRK-13796,2026-06-02 10:00:00,Sanand Hub (Gujarat),Chakan Assembly Alpha (Pune),Golden Quadrilateral Delhi-Kolkata,Road (Heavy Haulage),981.7,28.0,2026-06-03 14:02:50,1,0.738,7.1,11.7,4.9,2026-06-03 19:50:50,5.8,1
SHP-TRK-13797,2026-06-02 14:00:00,Sanand Hub (Gujarat),Manesar Northern Plant,NH48 Western Corridor,Rail (Dedicated Freight Corridor),282.2,6.3,2026-06-02 20:16:13,1,0.814,7.4,5.6,4.38,2026-06-02 20:16:13,0.0,0
SHP-TRK-13798,2026-06-02 17:00:00,Bengaluru Electronic City,Chakan Assembly Alpha (Pune),NH48 Western Corridor,Coastal Ro-Ro,383.7,11.0,2026-06-03 03:57:42,1,0.897,2.7,17.6,4.07,2026-06-06 05:21:42,73.4,1
SHP-TRK-13799,2026-06-02 19:00:00,Gurugram (Haryana),Oragadam Southern Plant (Chennai),Coastal Maritime Lane,Road (Heavy Haulage),645.4,18.4,2026-06-03 13:26:19,1,0.832,1.6,30.8,4.21,2026-06-04 14:02:19,24.6,1
SHP-TRK-13800,2026-06-02 20:00:00,Sanand Hub (Gujarat),Chakan Assembly Alpha (Pune),Golden Quadrilateral Delhi-Kolkata,Coastal Ro-Ro,1073.7,30.7,2026-06-04 02:40:40,1,0.834,2.9,23.2,4.49,2026-06-04 02:40:40,0.0,0
SHP-TRK-13801,2026-06-02 22:00:00,Bengaluru Electronic City,Kundli DC,NH48 Western Corridor,Road (Heavy Haulage),1350.3,38.6,2026-06-04 12:34:42,1,0.888,3.6,25.5,4.38,2026-06-04 16:52:42,4.3,1
SHP-TRK-13802,2026-06-02 23:00:00,Sanand Hub (Gujarat),Chakan Assembly Alpha (Pune),Western DFC Electric Rail,Road (Heavy Haulage),309.8,8.9,2026-06-03 07:51:07,1,0.95,5.5,12.6,4.61,2026-06-03 07:51:07,0.0,0
SHP-TRK-13803,2026-06-03 01:00:00,Sriperumbudur (Tamil Nadu),Chakan Assembly Alpha (Pune),Chennai-Bengaluru Expressway,Road (Heavy Haulage),531.6,15.2,2026-06-03 16:11:21,1,0.725,6.1,8.7,4.7,2026-06-03 16:11:21,0.0,0
SHP-TRK-13804,2026-06-03 01:00:00,Sriperumbudur (Tamil Nadu),Bhiwandi Central DC,Golden Quadrilateral Delhi-Kolkata,Rail (Dedicated Freight Corridor),1025.8,22.8,2026-06-03 23:47:47,1,0.727,8.6,28.2,4.5,2026-06-03 23:47:47,0.0,0
SHP-TRK-13805,2026-06-03 04:00:00,Bengaluru Electronic City,Chakan Assembly Alpha (Pune),NH48 Western Corridor,Road (Heavy Haulage),514.7,14.7,2026-06-03 18:42:23,1,0.863,6.5,13.1,4.44,2026-06-04 04:30:23,9.8,1
SHP-TRK-13806,2026-06-03 05:00:00,Gurugram (Haryana),Manesar Northern Plant,Western DFC Electric Rail,Road (Heavy Haulage),1174.5,33.6,2026-06-04 14:33:22,1,0.861,8.6,6.0,4.55,2026-06-04 22:03:22,7.5,1
SHP-TRK-13807,2026-06-03 09:00:00,Sriperumbudur (Tamil Nadu),Chakan Assembly Alpha (Pune),Western DFC Electric Rail,Road (Heavy Haulage),1445.4,41.3,2026-06-05 02:17:45,1,0.815,2.3,18.2,4.1,2026-06-05 17:59:45,15.7,1
SHP-TRK-13808,2026-06-03 16:00:00,Sriperumbudur (Tamil Nadu),Kundli DC,Chennai-Bengaluru Expressway,Road (Heavy Haulage),1389.1,39.7,2026-06-05 07:41:20,1,0.817,1.9,27.1,3.72,2026-06-05 07:41:20,0.0,0
SHP-TRK-13809,2026-06-03 16:00:00,Bengaluru Electronic City,Manesar Northern Plant,Golden Quadrilateral Delhi-Kolkata,Road (Heavy Haulage),1077.9,30.8,2026-06-04 22:47:45,1,0.951,5.5,20.3,3.81,2026-06-04 22:47:45,0.0,0
SHP-TRK-13810,2026-06-03 21:00:00,Pune MIDC (Maharashtra),Manesar Northern Plant,Golden Quadrilateral Delhi-Kolkata,Road (Express),1016.3,29.0,2026-06-05 02:02:12,1,0.762,8.4,14.6,4.0,2026-06-05 02:02:12,0.0,0
SHP-TRK-13811,2026-06-03 22:00:00,Sanand Hub (Gujarat),Bhiwandi Central DC,Golden Quadrilateral Delhi-Kolkata,Road (Express),357.3,10.2,2026-06-04 08:12:30,1,0.949,5.8,17.4,4.4,2026-06-04 08:12:30,0.0,0
SHP-TRK-13812,2026-06-04 04:00:00,Sanand Hub (Gujarat),Oragadam Southern Plant (Chennai),Chennai-Bengaluru Expressway,Rail (Dedicated Freight Corridor),585.9,13.0,2026-06-04 17:01:09,1,0.927,7.4,8.0,4.58,2026-06-05 09:13:09,16.2,1
SHP-TRK-13813,2026-06-04 05:00:00,Sriperumbudur (Tamil Nadu),Bhiwandi Central DC,Golden Quadrilateral Delhi-Kolkata,Rail (Dedicated Freight Corridor),283.8,6.3,2026-06-04 11:18:22,1,0.743,6.8,25.5,4.29,2026-06-04 11:18:22,0.0,0
SHP-TRK-13814,2026-06-04 18:00:00,Sriperumbudur (Tamil Nadu),Chakan Assembly Alpha (Pune),Western DFC Electric Rail,Rail (Dedicated Freight Corridor),973.0,21.6,2026-06-05 15:37:22,1,0.866,7.1,13.3,3.99,2026-06-05 15:37:22,0.0,0
SHP-TRK-13815,2026-06-04 18:00:00,Pune MIDC (Maharashtra),Oragadam Southern Plant (Chennai),Coastal Maritime Lane,Road (Heavy Haulage),842.1,24.1,2026-06-05 18:03:31,1,0.748,6.4,24.8,3.66,2026-06-06 12:39:31,18.6,1
SHP-TRK-13816,2026-06-05 00:00:00,Bengaluru Electronic City,Chakan Assembly Alpha (Pune),Western DFC Electric Rail,Road (Heavy Haulage),781.0,22.3,2026-06-05 22:18:56,1,0.874,5.0,13.2,3.7,2026-06-06 06:24:56,8.1,1
SHP-TRK-13817,2026-06-05 01:00:00,Pune MIDC (Maharashtra),Bhiwandi Central DC,Western DFC Electric Rail,Road (Express),619.4,17.7,2026-06-05 18:41:51,1,0.905,5.8,5.8,3.52,2026-06-05 18:41:51,0.0,0
SHP-TRK-13818,2026-06-05 02:00:00,Sriperumbudur (Tamil Nadu),Oragadam Southern Plant (Chennai),Coastal Maritime Lane,Road (Express),1377.6,39.4,2026-06-06 17:21:37,1,0.868,6.4,6.9,4.08,2026-06-08 05:15:37,35.9,1
SHP-TRK-13819,2026-06-05 06:00:00,Sanand Hub (Gujarat),Chakan Assembly Alpha (Pune),NH48 Western Corridor,Road (Heavy Haulage),720.8,20.6,2026-06-06 02:35:34,1,0.807,3.6,7.0,4.44,2026-06-06 02:35:34,0.0,0
SHP-TRK-13820,2026-06-05 11:00:00,Sriperumbudur (Tamil Nadu),Manesar Northern Plant,Chennai-Bengaluru Expressway,Road (Heavy Haulage),1366.0,39.0,2026-06-07 02:01:47,1,0.721,1.6,23.1,4.4,2026-06-08 16:01:47,38.0,1
SHP-TRK-13821,2026-06-05 12:00:00,Bengaluru Electronic City,Oragadam Southern Plant (Chennai),NH48 Western Corridor,Rail (Dedicated Freight Corridor),1310.1,29.1,2026-06-06 17:06:47,1,0.721,8.8,9.1,3.46,2026-06-06 17:06:47,0.0,0
SHP-TRK-13822,2026-06-05 19:00:00,Bengaluru Electronic City,Manesar Northern Plant,Western DFC Electric Rail,Road (Heavy Haulage),613.8,17.5,2026-06-06 12:32:09,1,0.85,5.0,26.1,4.0,2026-06-06 17:44:09,5.2,1
SHP-TRK-13823,2026-06-05 20:00:00,Gurugram (Haryana),Bhiwandi Central DC,Chennai-Bengaluru Expressway,Rail (Dedicated Freight Corridor),1216.4,27.0,2026-06-06 23:01:52,1,0.792,2.4,12.8,4.33,2026-06-06 23:01:52,0.0,0
SHP-TRK-13824,2026-06-05 20:00:00,Sriperumbudur (Tamil Nadu),Manesar Northern Plant,Golden Quadrilateral Delhi-Kolkata,Road (Heavy Haulage),770.4,22.0,2026-06-06 18:00:36,1,0.843,9.0,12.3,4.72,2026-06-07 13:48:36,19.8,1
SHP-TRK-13825,2026-06-05 22:00:00,Sanand Hub (Gujarat),Manesar Northern Plant,Western DFC Electric Rail,Coastal Ro-Ro,594.1,17.0,2026-06-06 14:58:24,1,0.896,3.0,15.1,4.29,2026-06-06 14:58:24,0.0,0
SHP-TRK-13826,2026-06-05 23:00:00,Sanand Hub (Gujarat),Oragadam Southern Plant (Chennai),Western DFC Electric Rail,Rail (Dedicated Freight Corridor),1042.4,23.2,2026-06-06 22:09:52,1,0.918,4.8,31.6,3.49,2026-06-06 22:09:52,0.0,0
SHP-TRK-13827,2026-06-05 23:00:00,Bengaluru Electronic City,Oragadam Southern Plant (Chennai),NH48 Western Corridor,Road (Heavy Haulage),759.8,21.7,2026-06-06 20:42:29,1,0.733,2.0,7.1,3.9,2026-06-07 09:54:29,13.2,1
SHP-TRK-13828,2026-06-06 00:00:00,Gurugram (Haryana),Chakan Assembly Alpha (Pune),NH48 Western Corridor,Coastal Ro-Ro,993.1,28.4,2026-06-07 04:22:23,1,0.784,7.6,6.2,3.47,2026-06-07 04:22:23,0.0,0
SHP-TRK-13829,2026-06-06 04:00:00,Sanand Hub (Gujarat),Oragadam Southern Plant (Chennai),Coastal Maritime Lane,Road (Express),763.7,21.8,2026-06-07 01:49:06,1,0.917,6.8,20.2,3.46,2026-06-07 01:49:06,0.0,0
SHP-TRK-13830,2026-06-06 04:00:00,Bengaluru Electronic City,Bhiwandi Central DC,Chennai-Bengaluru Expressway,Rail (Dedicated Freight Corridor),1250.4,27.8,2026-06-07 07:47:09,1,0.944,2.0,11.2,3.75,2026-06-09 20:41:09,60.9,1
SHP-TRK-13831,2026-06-06 04:00:00,Bengaluru Electronic City,Chakan Assembly Alpha (Pune),NH48 Western Corridor,Road (Heavy Haulage),367.8,10.5,2026-06-06 14:30:34,1,0.823,8.7,23.7,4.08,2026-06-06 14:30:34,0.0,0
SHP-TRK-13832,2026-06-06 06:00:00,Pune MIDC (Maharashtra),Kundli DC,NH48 Western Corridor,Coastal Ro-Ro,1305.6,37.3,2026-06-07 19:18:07,1,0.779,4.2,14.0,4.3,2026-06-07 19:18:07,0.0,0
SHP-TRK-13833,2026-06-06 06:00:00,Sanand Hub (Gujarat),Bhiwandi Central DC,NH48 Western Corridor,Road (Heavy Haulage),747.4,21.4,2026-06-07 03:21:15,1,0.854,1.6,8.7,4.71,2026-06-07 03:21:15,0.0,0
SHP-TRK-13834,2026-06-06 08:00:00,Sanand Hub (Gujarat),Manesar Northern Plant,Western DFC Electric Rail,Road (Heavy Haulage),814.6,23.3,2026-06-07 07:16:31,1,0.733,3.5,8.0,4.89,2026-06-08 20:34:31,37.3,1
SHP-TRK-13835,2026-06-06 09:00:00,Gurugram (Haryana),Kundli DC,Golden Quadrilateral Delhi-Kolkata,Road (Heavy Haulage),577.5,16.5,2026-06-07 01:30:03,1,0.945,7.5,16.2,3.83,2026-06-07 09:48:03,8.3,1
SHP-TRK-13836,2026-06-06 13:00:00,Gurugram (Haryana),Bhiwandi Central DC,NH48 Western Corridor,Road (Heavy Haulage),380.4,10.9,2026-06-06 23:52:04,1,0.977,8.3,19.7,4.52,2026-06-06 23:52:04,0.0,0
SHP-TRK-13837,2026-06-06 17:00:00,Sanand Hub (Gujarat),Kundli DC,NH48 Western Corridor,Rail (Dedicated Freight Corridor),726.5,16.1,2026-06-07 09:08:39,1,0.876,3.8,23.7,4.56,2026-06-07 09:08:39,0.0,0
SHP-TRK-13838,2026-06-06 17:00:00,Sriperumbudur (Tamil Nadu),Oragadam Southern Plant (Chennai),Western DFC Electric Rail,Road (Heavy Haulage),601.5,17.2,2026-06-07 10:11:13,1,0.963,8.3,8.8,4.45,2026-06-07 10:11:13,0.0,0
SHP-TRK-13839,2026-06-06 22:00:00,Gurugram (Haryana),Oragadam Southern Plant (Chennai),Western DFC Electric Rail,Road (Express),333.3,9.5,2026-06-07 07:31:20,1,0.732,2.0,12.6,4.47,2026-06-08 05:43:20,22.2,1
SHP-TRK-13840,2026-06-06 23:00:00,Gurugram (Haryana),Oragadam Southern Plant (Chennai),Western DFC Electric Rail,Coastal Ro-Ro,844.4,24.1,2026-06-07 23:07:29,1,0.894,6.6,9.2,4.49,2026-06-07 23:07:29,0.0,0
SHP-TRK-13841,2026-06-07 10:00:00,Gurugram (Haryana),Kundli DC,Golden Quadrilateral Delhi-Kolkata,Rail (Dedicated Freight Corridor),1385.2,30.8,2026-06-08 16:46:54,1,0.971,7.6,25.6,3.78,2026-06-09 21:34:54,28.8,1
SHP-TRK-13842,2026-06-07 12:00:00,Sriperumbudur (Tamil Nadu),Oragadam Southern Plant (Chennai),NH48 Western Corridor,Road (Heavy Haulage),1276.5,36.5,2026-06-09 00:28:18,1,0.92,5.2,22.8,4.0,2026-06-09 00:28:18,0.0,0
SHP-TRK-13843,2026-06-07 12:00:00,Sriperumbudur (Tamil Nadu),Oragadam Southern Plant (Chennai),NH48 Western Corridor,Coastal Ro-Ro,1433.5,41.0,2026-06-09 04:57:26,1,0.799,1.9,9.8,4.37,2026-06-09 04:57:26,0.0,0
SHP-TRK-13844,2026-06-07 14:00:00,Sriperumbudur (Tamil Nadu),Oragadam Southern Plant (Chennai),Chennai-Bengaluru Expressway,Rail (Dedicated Freight Corridor),1256.7,27.9,2026-06-08 17:55:37,1,0.909,8.6,20.7,3.89,2026-06-09 02:43:37,8.8,1
SHP-TRK-13845,2026-06-07 18:00:00,Sriperumbudur (Tamil Nadu),Kundli DC,NH48 Western Corridor,Road (Express),873.3,25.0,2026-06-08 18:57:01,1,0.891,8.9,5.4,4.87,2026-06-11 12:57:01,66.0,1
SHP-TRK-13846,2026-06-08 03:00:00,Bengaluru Electronic City,Chakan Assembly Alpha (Pune),Chennai-Bengaluru Expressway,Rail (Dedicated Freight Corridor),639.2,14.2,2026-06-08 17:12:12,1,0.963,3.7,21.3,3.92,2026-06-08 17:12:12,0.0,0
SHP-TRK-13847,2026-06-08 04:00:00,Bengaluru Electronic City,Oragadam Southern Plant (Chennai),NH48 Western Corridor,Road (Express),1007.8,28.8,2026-06-09 08:47:36,1,0.896,5.5,30.2,4.35,2026-06-09 08:47:36,0.0,0
SHP-TRK-13848,2026-06-08 11:00:00,Sriperumbudur (Tamil Nadu),Manesar Northern Plant,Chennai-Bengaluru Expressway,Road (Heavy Haulage),301.0,8.6,2026-06-08 19:35:59,1,0.887,5.9,10.2,3.81,2026-06-09 01:41:59,6.1,1
SHP-TRK-13849,2026-06-08 11:00:00,Gurugram (Haryana),Bhiwandi Central DC,NH48 Western Corridor,Road (Heavy Haulage),1317.2,37.6,2026-06-10 00:38:01,1,0.782,9.0,11.6,4.03,2026-06-10 00:38:01,0.0,0
SHP-TRK-13850,2026-06-08 12:00:00,Sanand Hub (Gujarat),Chakan Assembly Alpha (Pune),NH48 Western Corridor,Rail (Dedicated Freight Corridor),975.0,21.7,2026-06-09 09:39:56,1,0.773,4.6,18.6,3.7,2026-06-09 09:39:56,0.0,0
SHP-TRK-13851,2026-06-08 14:00:00,Bengaluru Electronic City,Manesar Northern Plant,Golden Quadrilateral Delhi-Kolkata,Coastal Ro-Ro,443.8,12.7,2026-06-09 02:40:44,1,0.791,1.6,8.2,3.7,2026-06-09 02:40:44,0.0,0
SHP-TRK-13852,2026-06-08 16:00:00,Sanand Hub (Gujarat),Chakan Assembly Alpha (Pune),NH48 Western Corridor,Road (Heavy Haulage),583.4,16.7,2026-06-09 08:40:07,1,0.899,2.9,9.2,4.66,2026-06-09 22:22:07,13.7,1
SHP-TRK-13853,2026-06-08 18:00:00,Sanand Hub (Gujarat),Oragadam Southern Plant (Chennai),Western DFC Electric Rail,Rail (Dedicated Freight Corridor),1303.1,29.0,2026-06-09 22:57:31,1,0.945,1.5,14.4,4.83,2026-06-09 22:57:31,0.0,0
SHP-TRK-13854,2026-06-08 20:00:00,Pune MIDC (Maharashtra),Chakan Assembly Alpha (Pune),Golden Quadrilateral Delhi-Kolkata,Road (Heavy Haulage),815.8,23.3,2026-06-09 19:18:27,1,0.862,5.9,7.3,4.69,2026-06-09 19:18:27,0.0,0
SHP-TRK-13855,2026-06-09 06:00:00,Bengaluru Electronic City,Manesar Northern Plant,NH48 Western Corridor,Rail (Dedicated Freight Corridor),385.1,8.6,2026-06-09 14:33:28,1,0.725,8.3,14.0,3.51,2026-06-10 03:21:28,12.8,1
SHP-TRK-13856,2026-06-09 10:00:00,Sanand Hub (Gujarat),Oragadam Southern Plant (Chennai),Western DFC Electric Rail,Rail (Dedicated Freight Corridor),1037.6,23.1,2026-06-10 09:03:25,1,0.894,4.5,22.2,4.06,2026-06-10 09:03:25,0.0,0
SHP-TRK-13857,2026-06-09 13:00:00,Bengaluru Electronic City,Oragadam Southern Plant (Chennai),NH48 Western Corridor,Road (Heavy Haulage),857.1,24.5,2026-06-10 13:29:18,1,0.86,3.7,31.3,4.73,2026-06-10 13:29:18,0.0,0
SHP-TRK-13858,2026-06-09 14:00:00,Sriperumbudur (Tamil Nadu),Chakan Assembly Alpha (Pune),Chennai-Bengaluru Expressway,Coastal Ro-Ro,815.5,23.3,2026-06-10 13:18:02,1,0.783,2.8,26.7,4.36,2026-06-11 07:30:02,18.2,1
SHP-TRK-13859,2026-06-09 17:00:00,Sanand Hub (Gujarat),Manesar Northern Plant,NH48 Western Corridor,Road (Express),830.1,23.7,2026-06-10 16:42:56,1,0.937,5.2,21.5,4.9,2026-06-10 23:00:56,6.3,1
SHP-TRK-13860,2026-06-09 17:00:00,Sriperumbudur (Tamil Nadu),Oragadam Southern Plant (Chennai),Western DFC Electric Rail,Road (Express),529.5,15.1,2026-06-10 08:07:41,1,0.948,1.6,21.2,4.64,2026-06-10 17:31:41,9.4,1
SHP-TRK-13861,2026-06-09 19:00:00,Sriperumbudur (Tamil Nadu),Bhiwandi Central DC,Coastal Maritime Lane,Road (Heavy Haulage),663.7,19.0,2026-06-10 13:57:43,1,0.858,8.5,6.8,4.86,2026-06-13 18:03:43,76.1,1
SHP-TRK-13862,2026-06-10 05:00:00,Pune MIDC (Maharashtra),Oragadam Southern Plant (Chennai),NH48 Western Corridor,Rail (Dedicated Freight Corridor),769.3,17.1,2026-06-10 22:05:42,1,0.832,1.3,17.0,4.4,2026-06-10 22:05:42,0.0,0
SHP-TRK-13863,2026-06-10 08:00:00,Sriperumbudur (Tamil Nadu),Bhiwandi Central DC,Western DFC Electric Rail,Road (Heavy Haulage),935.8,26.7,2026-06-11 10:44:11,1,0.773,4.1,23.4,4.32,2026-06-12 23:56:11,37.2,1
SHP-TRK-13864,2026-06-10 09:00:00,Sanand Hub (Gujarat),Oragadam Southern Plant (Chennai),Western DFC Electric Rail,Road (Express),1312.3,37.5,2026-06-11 22:29:41,1,0.915,1.5,7.6,3.76,2026-06-11 22:29:41,0.0,0
SHP-TRK-13865,2026-06-10 13:00:00,Sriperumbudur (Tamil Nadu),Bhiwandi Central DC,Western DFC Electric Rail,Rail (Dedicated Freight Corridor),1025.5,22.8,2026-06-11 11:47:21,1,0.757,6.8,23.7,3.82,2026-06-11 11:47:21,0.0,0
SHP-TRK-13866,2026-06-10 14:00:00,Pune MIDC (Maharashtra),Oragadam Southern Plant (Chennai),Coastal Maritime Lane,Road (Heavy Haulage),1171.3,33.5,2026-06-11 23:27:52,1,0.872,4.5,30.9,4.2,2026-06-11 23:27:52,0.0,0
SHP-TRK-13867,2026-06-10 17:00:00,Sriperumbudur (Tamil Nadu),Chakan Assembly Alpha (Pune),NH48 Western Corridor,Road (Heavy Haulage),601.8,17.2,2026-06-11 10:11:35,1,0.912,2.1,25.9,3.98,2026-06-11 10:11:35,0.0,0
SHP-TRK-13868,2026-06-10 17:00:00,Bengaluru Electronic City,Oragadam Southern Plant (Chennai),Western DFC Electric Rail,Road (Heavy Haulage),1136.8,32.5,2026-06-12 01:28:49,1,0.883,7.0,24.1,3.7,2026-06-12 01:28:49,0.0,0
SHP-TRK-13869,2026-06-10 19:00:00,Gurugram (Haryana),Oragadam Southern Plant (Chennai),Golden Quadrilateral Delhi-Kolkata,Road (Express),929.4,26.6,2026-06-11 21:33:13,1,0.979,2.7,16.1,4.47,2026-06-12 04:21:13,6.8,1
SHP-TRK-13870,2026-06-10 21:00:00,Sanand Hub (Gujarat),Bhiwandi Central DC,Western DFC Electric Rail,Rail (Dedicated Freight Corridor),647.6,14.4,2026-06-11 11:23:30,1,0.753,8.4,24.1,3.89,2026-06-11 16:23:30,5.0,1
SHP-TRK-13871,2026-06-10 22:00:00,Sanand Hub (Gujarat),Bhiwandi Central DC,Western DFC Electric Rail,Road (Express),1313.0,37.5,2026-06-12 11:30:52,1,0.767,4.6,24.0,4.26,2026-06-12 22:00:52,10.5,1
SHP-TRK-13872,2026-06-11 05:00:00,Bengaluru Electronic City,Oragadam Southern Plant (Chennai),NH48 Western Corridor,Rail (Dedicated Freight Corridor),377.2,8.4,2026-06-11 13:22:57,1,0.756,5.2,9.3,4.65,2026-06-11 13:22:57,0.0,0
SHP-TRK-13873,2026-06-11 06:00:00,Bengaluru Electronic City,Bhiwandi Central DC,NH48 Western Corridor,Rail (Dedicated Freight Corridor),987.1,21.9,2026-06-12 03:56:04,1,0.897,1.7,13.1,3.9,2026-06-12 13:14:04,9.3,1
SHP-TRK-13874,2026-06-11 09:00:00,Sriperumbudur (Tamil Nadu),Chakan Assembly Alpha (Pune),NH48 Western Corridor,Road (Heavy Haulage),1240.7,35.4,2026-06-12 20:26:59,1,0.824,4.3,17.4,4.12,2026-06-12 20:26:59,0.0,0
SHP-TRK-13875,2026-06-11 14:00:00,Sanand Hub (Gujarat),Chakan Assembly Alpha (Pune),Western DFC Electric Rail,Road (Heavy Haulage),285.9,8.2,2026-06-11 22:10:08,1,0.794,5.9,14.3,3.99,2026-06-11 22:10:08,0.0,0
SHP-TRK-13876,2026-06-11 18:00:00,Gurugram (Haryana),Kundli DC,Coastal Maritime Lane,Road (Express),495.7,14.2,2026-06-12 08:09:49,1,0.915,3.6,24.4,4.84,2026-06-12 16:57:49,8.8,1
SHP-TRK-13877,2026-06-11 21:00:00,Sanand Hub (Gujarat),Bhiwandi Central DC,NH48 Western Corridor,Rail (Dedicated Freight Corridor),800.0,17.8,2026-06-12 14:46:40,1,0.757,8.4,31.1,4.67,2026-06-12 14:46:40,0.0,0
SHP-TRK-13878,2026-06-11 22:00:00,Sanand Hub (Gujarat),Oragadam Southern Plant (Chennai),Western DFC Electric Rail,Road (Heavy Haulage),470.0,13.4,2026-06-12 11:25:45,1,0.866,6.2,8.1,4.54,2026-06-12 15:55:45,4.5,1
SHP-TRK-13879,2026-06-11 23:00:00,Bengaluru Electronic City,Chakan Assembly Alpha (Pune),NH48 Western Corridor,Road (Express),762.6,21.8,2026-06-12 20:47:20,1,0.914,5.6,19.7,4.27,2026-06-13 03:35:20,6.8,1
SHP-TRK-13880,2026-06-12 00:00:00,Sanand Hub (Gujarat),Bhiwandi Central DC,Western DFC Electric Rail,Road (Heavy Haulage),560.1,16.0,2026-06-12 16:00:12,1,0.948,6.1,16.9,4.1,2026-06-13 02:42:12,10.7,1
SHP-TRK-13881,2026-06-12 04:00:00,Bengaluru Electronic City,Oragadam Southern Plant (Chennai),NH48 Western Corridor,Road (Heavy Haulage),294.8,8.4,2026-06-12 12:25:23,1,0.765,3.0,29.0,4.84,2026-06-12 12:25:23,0.0,0
SHP-TRK-13882,2026-06-12 15:00:00,Bengaluru Electronic City,Oragadam Southern Plant (Chennai),Western DFC Electric Rail,Road (Express),883.5,25.2,2026-06-13 16:14:29,1,0.87,5.7,25.6,4.84,2026-06-13 16:14:29,0.0,0
SHP-TRK-13883,2026-06-12 19:00:00,Gurugram (Haryana),Oragadam Southern Plant (Chennai),NH48 Western Corridor,Road (Heavy Haulage),397.8,11.4,2026-06-13 06:21:59,1,0.739,4.0,6.0,3.69,2026-06-13 06:21:59,0.0,0
SHP-TRK-13884,2026-06-13 00:00:00,Sriperumbudur (Tamil Nadu),Chakan Assembly Alpha (Pune),Golden Quadrilateral Delhi-Kolkata,Road (Express),713.8,20.4,2026-06-13 20:23:37,1,0.957,2.5,26.9,3.89,2026-06-13 20:23:37,0.0,0
SHP-TRK-13885,2026-06-13 00:00:00,Sanand Hub (Gujarat),Chakan Assembly Alpha (Pune),Western DFC Electric Rail,Air Cargo Express,534.5,8.9,2026-06-13 08:54:30,1,0.849,1.9,7.2,4.09,2026-06-13 08:54:30,0.0,0
SHP-TRK-13886,2026-06-13 04:00:00,Bengaluru Electronic City,Kundli DC,NH48 Western Corridor,Road (Heavy Haulage),577.6,16.5,2026-06-13 20:30:08,1,0.867,5.5,4.9,4.58,2026-06-13 20:30:08,0.0,0
SHP-TRK-13887,2026-06-13 04:00:00,Sriperumbudur (Tamil Nadu),Bhiwandi Central DC,NH48 Western Corridor,Road (Heavy Haulage),1086.7,31.0,2026-06-14 11:02:58,1,0.769,1.7,7.2,3.44,2026-06-14 11:02:58,0.0,0
SHP-TRK-13888,2026-06-13 05:00:00,Bengaluru Electronic City,Chakan Assembly Alpha (Pune),Western DFC Electric Rail,Road (Express),496.6,14.2,2026-06-13 19:11:17,1,0.915,7.0,18.9,4.8,2026-06-14 11:35:17,16.4,1
SHP-TRK-13889,2026-06-13 06:00:00,Sanand Hub (Gujarat),Chakan Assembly Alpha (Pune),Western DFC Electric Rail,Road (Heavy Haulage),1031.4,29.5,2026-06-14 11:28:06,1,0.774,2.7,30.0,4.8,2026-06-14 11:28:06,0.0,0
SHP-TRK-13890,2026-06-13 09:00:00,Pune MIDC (Maharashtra),Oragadam Southern Plant (Chennai),Western DFC Electric Rail,Road (Heavy Haulage),672.4,19.2,2026-06-14 04:12:40,1,0.831,4.4,30.3,4.31,2026-06-14 11:12:40,7.0,1
SHP-TRK-13891,2026-06-13 11:00:00,Gurugram (Haryana),Kundli DC,NH48 Western Corridor,Rail (Dedicated Freight Corridor),685.5,15.2,2026-06-14 02:13:56,1,0.959,5.0,24.5,3.44,2026-06-14 02:13:56,0.0,0
SHP-TRK-13892,2026-06-13 12:00:00,Sriperumbudur (Tamil Nadu),Bhiwandi Central DC,Chennai-Bengaluru Expressway,Coastal Ro-Ro,914.8,26.1,2026-06-14 14:08:13,1,0.878,7.6,5.0,4.2,2026-06-14 14:08:13,0.0,0
SHP-TRK-13893,2026-06-13 14:00:00,Gurugram (Haryana),Bhiwandi Central DC,NH48 Western Corridor,Road (Heavy Haulage),674.4,19.3,2026-06-14 09:16:04,1,0.789,4.5,21.1,4.86,2026-06-14 14:04:04,4.8,1
SHP-TRK-13894,2026-06-13 14:00:00,Bengaluru Electronic City,Bhiwandi Central DC,Chennai-Bengaluru Expressway,Road (Heavy Haulage),458.1,13.1,2026-06-14 03:05:17,1,0.897,6.3,29.5,4.7,2026-06-14 08:41:17,5.6,1
SHP-TRK-13895,2026-06-13 15:00:00,Bengaluru Electronic City,Chakan Assembly Alpha (Pune),NH48 Western Corridor,Rail (Dedicated Freight Corridor),606.4,13.5,2026-06-14 04:28:28,1,0.82,3.2,16.9,4.56,2026-06-14 04:28:28,0.0,0
SHP-TRK-13896,2026-06-13 20:00:00,Gurugram (Haryana),Chakan Assembly Alpha (Pune),Coastal Maritime Lane,Road (Express),1073.9,30.7,2026-06-15 02:41:01,1,0.979,3.7,27.3,3.89,2026-06-15 02:41:01,0.0,0
SHP-TRK-13897,2026-06-13 21:00:00,Pune MIDC (Maharashtra),Oragadam Southern Plant (Chennai),NH48 Western Corridor,Road (Heavy Haulage),1106.1,31.6,2026-06-15 04:36:08,1,0.905,5.2,18.3,4.71,2026-06-15 16:30:08,11.9,1
SHP-TRK-13898,2026-06-13 22:00:00,Gurugram (Haryana),Manesar Northern Plant,Chennai-Bengaluru Expressway,Coastal Ro-Ro,424.3,12.1,2026-06-14 10:07:19,1,0.824,2.1,17.3,3.63,2026-06-14 10:07:19,0.0,0
SHP-TRK-13899,2026-06-13 23:00:00,Gurugram (Haryana),Manesar Northern Plant,NH48 Western Corridor,Road (Express),362.6,10.4,2026-06-14 09:21:36,1,0.881,7.7,28.5,3.7,2026-06-14 09:21:36,0.0,0
SHP-TRK-13900,2026-06-14 05:00:00,Sanand Hub (Gujarat),Bhiwandi Central DC,Golden Quadrilateral Delhi-Kolkata,Road (Heavy Haulage),890.2,25.4,2026-06-15 06:26:04,1,0.83,4.5,30.5,4.7,2026-06-15 06:26:04,0.0,0
SHP-TRK-13901,2026-06-14 05:00:00,Bengaluru Electronic City,Chakan Assembly Alpha (Pune),NH48 Western Corridor,Coastal Ro-Ro,868.7,24.8,2026-06-15 05:49:11,1,0.789,5.1,12.9,4.85,2026-06-15 05:49:11,0.0,0
SHP-TRK-13902,2026-06-14 08:00:00,Bengaluru Electronic City,Chakan Assembly Alpha (Pune),NH48 Western Corridor,Rail (Dedicated Freight Corridor),1433.2,31.8,2026-06-15 15:50:52,1,0.743,2.0,23.7,4.11,2026-06-15 15:50:52,0.0,0
SHP-TRK-13903,2026-06-14 08:00:00,Bengaluru Electronic City,Oragadam Southern Plant (Chennai),NH48 Western Corridor,Road (Heavy Haulage),1270.8,36.3,2026-06-15 20:18:27,1,0.737,4.3,25.1,4.46,2026-06-17 05:48:27,33.5,1
SHP-TRK-13904,2026-06-14 16:00:00,Sanand Hub (Gujarat),Bhiwandi Central DC,Golden Quadrilateral Delhi-Kolkata,Rail (Dedicated Freight Corridor),1308.4,29.1,2026-06-15 21:04:35,1,0.949,4.3,11.0,4.55,2026-06-15 21:04:35,0.0,0
SHP-TRK-13905,2026-06-14 18:00:00,Gurugram (Haryana),Chakan Assembly Alpha (Pune),Chennai-Bengaluru Expressway,Road (Heavy Haulage),713.9,20.4,2026-06-15 14:23:52,1,0.792,2.5,14.0,4.87,2026-06-15 14:23:52,0.0,0
SHP-TRK-13906,2026-06-14 19:00:00,Bengaluru Electronic City,Kundli DC,Chennai-Bengaluru Expressway,Road (Heavy Haulage),504.4,14.4,2026-06-15 09:24:41,1,0.935,3.8,9.9,3.72,2026-06-15 09:24:41,0.0,0
SHP-TRK-13907,2026-06-14 23:00:00,Gurugram (Haryana),Chakan Assembly Alpha (Pune),Chennai-Bengaluru Expressway,Road (Heavy Haulage),953.9,27.3,2026-06-16 02:15:18,1,0.83,1.7,20.3,4.35,2026-06-16 15:33:18,13.3,1
SHP-TRK-13908,2026-06-14 23:00:00,Sriperumbudur (Tamil Nadu),Kundli DC,NH48 Western Corridor,Rail (Dedicated Freight Corridor),645.6,14.3,2026-06-15 13:20:44,1,0.844,3.1,14.9,4.69,2026-06-15 13:20:44,0.0,0
SHP-TRK-13909,2026-06-15 08:00:00,Sriperumbudur (Tamil Nadu),Manesar Northern Plant,Western DFC Electric Rail,Road (Heavy Haulage),1217.3,34.8,2026-06-16 18:46:44,1,0.912,1.3,24.6,3.55,2026-06-16 18:46:44,0.0,0
SHP-TRK-13910,2026-06-15 08:00:00,Sanand Hub (Gujarat),Bhiwandi Central DC,Chennai-Bengaluru Expressway,Rail (Dedicated Freight Corridor),471.7,10.5,2026-06-15 18:28:55,1,0.728,2.3,16.9,4.69,2026-06-15 18:28:55,0.0,0
SHP-TRK-13911,2026-06-15 10:00:00,Pune MIDC (Maharashtra),Kundli DC,NH48 Western Corridor,Road (Heavy Haulage),351.2,10.0,2026-06-15 20:02:06,1,0.86,3.1,23.3,4.09,2026-06-16 01:32:06,5.5,1
SHP-TRK-13912,2026-06-15 11:00:00,Bengaluru Electronic City,Bhiwandi Central DC,NH48 Western Corridor,Road (Express),1224.8,35.0,2026-06-16 21:59:38,1,0.867,5.0,7.1,3.49,2026-06-16 21:59:38,0.0,0
SHP-TRK-13913,2026-06-15 12:00:00,Bengaluru Electronic City,Chakan Assembly Alpha (Pune),Western DFC Electric Rail,Rail (Dedicated Freight Corridor),1319.0,29.3,2026-06-16 17:18:42,1,0.911,8.7,25.4,4.09,2026-06-17 08:24:42,15.1,1
SHP-TRK-13914,2026-06-15 13:00:00,Sriperumbudur (Tamil Nadu),Manesar Northern Plant,NH48 Western Corridor,Road (Express),1146.1,32.7,2026-06-16 21:44:43,1,0.757,1.2,18.8,3.45,2026-06-16 21:44:43,0.0,0
SHP-TRK-13915,2026-06-15 13:00:00,Sriperumbudur (Tamil Nadu),Oragadam Southern Plant (Chennai),Golden Quadrilateral Delhi-Kolkata,Road (Heavy Haulage),502.3,14.4,2026-06-16 03:21:10,1,0.927,3.5,17.6,4.61,2026-06-16 03:21:10,0.0,0
SHP-TRK-13916,2026-06-15 14:00:00,Pune MIDC (Maharashtra),Chakan Assembly Alpha (Pune),Western DFC Electric Rail,Road (Heavy Haulage),742.8,21.2,2026-06-16 11:13:25,1,0.956,3.8,15.8,4.59,2026-06-16 11:13:25,0.0,0
SHP-TRK-13917,2026-06-15 16:00:00,Bengaluru Electronic City,Kundli DC,Chennai-Bengaluru Expressway,Rail (Dedicated Freight Corridor),880.7,19.6,2026-06-16 11:34:19,1,0.921,1.4,26.5,4.07,2026-06-16 11:34:19,0.0,0
SHP-TRK-13918,2026-06-15 18:00:00,Sanand Hub (Gujarat),Manesar Northern Plant,NH48 Western Corridor,Road (Heavy Haulage),401.7,11.5,2026-06-16 05:28:38,1,0.722,6.3,11.9,4.15,2026-06-16 14:52:38,9.4,1
SHP-TRK-13919,2026-06-15 18:00:00,Sriperumbudur (Tamil Nadu),Oragadam Southern Plant (Chennai),Western DFC Electric Rail,Rail (Dedicated Freight Corridor),1237.2,27.5,2026-06-16 21:29:35,1,0.728,7.9,11.2,4.01,2026-06-16 21:29:35,0.0,0
SHP-TRK-13920,2026-06-15 22:00:00,Bengaluru Electronic City,Manesar Northern Plant,Western DFC Electric Rail,Road (Express),809.9,23.1,2026-06-16 21:08:20,1,0.735,8.4,27.8,3.87,2026-06-17 21:26:20,24.3,1
SHP-TRK-13921,2026-06-15 22:00:00,Pune MIDC (Maharashtra),Oragadam Southern Plant (Chennai),NH48 Western Corridor,Rail (Dedicated Freight Corridor),1408.5,31.3,2026-06-17 05:18:00,1,0.938,7.3,12.9,4.67,2026-06-17 21:12:00,15.9,1
SHP-TRK-13922,2026-06-15 23:00:00,Gurugram (Haryana),Chakan Assembly Alpha (Pune),Golden Quadrilateral Delhi-Kolkata,Rail (Dedicated Freight Corridor),521.7,11.6,2026-06-16 10:35:33,1,0.826,2.5,23.7,4.72,2026-06-16 10:35:33,0.0,0
SHP-TRK-13923,2026-06-16 03:00:00,Sriperumbudur (Tamil Nadu),Oragadam Southern Plant (Chennai),Chennai-Bengaluru Expressway,Rail (Dedicated Freight Corridor),1001.0,22.2,2026-06-17 01:14:42,1,0.827,8.4,27.5,4.75,2026-06-17 01:14:42,0.0,0
SHP-TRK-13924,2026-06-16 05:00:00,Bengaluru Electronic City,Bhiwandi Central DC,NH48 Western Corridor,Rail (Dedicated Freight Corridor),1013.0,22.5,2026-06-17 03:30:40,1,0.842,3.2,31.2,3.64,2026-06-19 00:18:40,44.8,1
SHP-TRK-13925,2026-06-16 08:00:00,Bengaluru Electronic City,Oragadam Southern Plant (Chennai),NH48 Western Corridor,Road (Express),1433.3,41.0,2026-06-18 00:57:07,1,0.915,7.3,7.4,3.81,2026-06-19 21:45:07,44.8,1
SHP-TRK-13926,2026-06-16 09:00:00,Sanand Hub (Gujarat),Oragadam Southern Plant (Chennai),Western DFC Electric Rail,Coastal Ro-Ro,735.8,21.0,2026-06-17 06:01:22,1,0.889,8.5,5.8,3.53,2026-06-17 12:01:22,6.0,1
SHP-TRK-13927,2026-06-16 09:00:00,Bengaluru Electronic City,Chakan Assembly Alpha (Pune),NH48 Western Corridor,Rail (Dedicated Freight Corridor),736.2,16.4,2026-06-17 01:21:39,1,0.965,2.2,15.2,4.22,2026-06-17 01:21:39,0.0,0
SHP-TRK-13928,2026-06-16 11:00:00,Pune MIDC (Maharashtra),Bhiwandi Central DC,Chennai-Bengaluru Expressway,Rail (Dedicated Freight Corridor),1192.1,26.5,2026-06-17 13:29:27,1,0.761,3.0,23.0,3.96,2026-06-17 13:29:27,0.0,0
SHP-TRK-13929,2026-06-16 16:00:00,Sanand Hub (Gujarat),Bhiwandi Central DC,Golden Quadrilateral Delhi-Kolkata,Road (Heavy Haulage),291.1,8.3,2026-06-17 00:19:01,1,0.725,4.6,22.6,3.59,2026-06-18 00:31:01,24.2,1
SHP-TRK-13930,2026-06-16 17:00:00,Sriperumbudur (Tamil Nadu),Oragadam Southern Plant (Chennai),Chennai-Bengaluru Expressway,Road (Express),329.3,9.4,2026-06-17 02:24:31,1,0.77,8.1,15.9,4.89,2026-06-17 09:00:31,6.6,1
SHP-TRK-13931,2026-06-16 19:00:00,Gurugram (Haryana),Chakan Assembly Alpha (Pune),Chennai-Bengaluru Expressway,Rail (Dedicated Freight Corridor),766.6,17.0,2026-06-17 12:02:11,1,0.834,4.0,5.3,4.09,2026-06-17 12:02:11,0.0,0
SHP-TRK-13932,2026-06-17 05:00:00,Sriperumbudur (Tamil Nadu),Chakan Assembly Alpha (Pune),Golden Quadrilateral Delhi-Kolkata,Road (Express),913.5,26.1,2026-06-18 07:06:00,1,0.955,1.9,26.1,3.75,2026-06-18 07:06:00,0.0,0
SHP-TRK-13933,2026-06-17 06:00:00,Sanand Hub (Gujarat),Oragadam Southern Plant (Chennai),Golden Quadrilateral Delhi-Kolkata,Air Cargo Express,1024.2,17.1,2026-06-17 23:04:09,1,0.743,8.6,12.9,4.6,2026-06-17 23:04:09,0.0,0
SHP-TRK-13934,2026-06-17 08:00:00,Sanand Hub (Gujarat),Manesar Northern Plant,NH48 Western Corridor,Road (Heavy Haulage),1117.8,31.9,2026-06-18 15:56:10,1,0.76,4.5,11.3,4.53,2026-06-18 21:02:10,5.1,1
SHP-TRK-13935,2026-06-17 09:00:00,Sanand Hub (Gujarat),Bhiwandi Central DC,Western DFC Electric Rail,Rail (Dedicated Freight Corridor),1289.8,28.7,2026-06-18 13:39:42,1,0.768,3.1,8.3,4.88,2026-06-18 13:39:42,0.0,0
SHP-TRK-13936,2026-06-17 13:00:00,Sanand Hub (Gujarat),Bhiwandi Central DC,NH48 Western Corridor,Rail (Dedicated Freight Corridor),1383.9,30.8,2026-06-18 19:45:09,1,0.972,8.4,18.3,4.32,2026-06-19 06:39:09,10.9,1
SHP-TRK-13937,2026-06-17 19:00:00,Bengaluru Electronic City,Manesar Northern Plant,NH48 Western Corridor,Road (Express),735.9,21.0,2026-06-18 16:01:35,1,0.969,3.0,14.0,3.96,2026-06-19 01:43:35,9.7,1
SHP-TRK-13938,2026-06-18 02:00:00,Sanand Hub (Gujarat),Chakan Assembly Alpha (Pune),NH48 Western Corridor,Rail (Dedicated Freight Corridor),271.4,6.0,2026-06-18 08:01:51,1,0.944,5.7,9.2,3.78,2026-06-18 08:01:51,0.0,0
SHP-TRK-13939,2026-06-18 04:00:00,Sanand Hub (Gujarat),Bhiwandi Central DC,Chennai-Bengaluru Expressway,Road (Heavy Haulage),1213.6,34.7,2026-06-19 14:40:24,1,0.801,1.3,6.8,4.01,2026-06-21 01:40:24,35.0,1
SHP-TRK-13940,2026-06-18 04:00:00,Sanand Hub (Gujarat),Manesar Northern Plant,NH48 Western Corridor,Road (Heavy Haulage),443.0,12.7,2026-06-18 16:39:26,1,0.918,1.0,16.6,3.92,2026-06-19 07:57:26,15.3,1
SHP-TRK-13941,2026-06-18 08:00:00,Sanand Hub (Gujarat),Oragadam Southern Plant (Chennai),NH48 Western Corridor,Rail (Dedicated Freight Corridor),1168.6,26.0,2026-06-19 09:58:09,1,0.816,7.0,20.4,4.22,2026-06-19 09:58:09,0.0,0
SHP-TRK-13942,2026-06-18 08:00:00,Sanand Hub (Gujarat),Bhiwandi Central DC,Coastal Maritime Lane,Road (Express),362.3,10.4,2026-06-18 18:21:04,1,0.874,4.9,22.9,4.2,2026-06-18 18:21:04,0.0,0
SHP-TRK-13943,2026-06-18 08:00:00,Sriperumbudur (Tamil Nadu),Oragadam Southern Plant (Chennai),NH48 Western Corridor,Road (Heavy Haulage),296.3,8.5,2026-06-18 16:27:59,1,0.794,2.4,17.1,4.15,2026-06-19 16:45:59,24.3,1
SHP-TRK-13944,2026-06-18 09:00:00,Bengaluru Electronic City,Chakan Assembly Alpha (Pune),NH48 Western Corridor,Air Cargo Express,1428.8,23.8,2026-06-19 08:48:45,1,0.844,2.5,14.2,3.9,2026-06-19 15:24:45,6.6,1
SHP-TRK-13945,2026-06-18 10:00:00,Sriperumbudur (Tamil Nadu),Chakan Assembly Alpha (Pune),Chennai-Bengaluru Expressway,Rail (Dedicated Freight Corridor),936.8,20.8,2026-06-19 06:49:04,1,0.797,2.0,4.9,4.34,2026-06-19 06:49:04,0.0,0
SHP-TRK-13946,2026-06-18 12:00:00,Bengaluru Electronic City,Chakan Assembly Alpha (Pune),Chennai-Bengaluru Expressway,Road (Heavy Haulage),825.8,23.6,2026-06-19 11:35:41,1,0.97,9.0,26.5,3.78,2026-06-19 19:17:41,7.7,1
SHP-TRK-13947,2026-06-18 15:00:00,Gurugram (Haryana),Oragadam Southern Plant (Chennai),Coastal Maritime Lane,Road (Express),1233.5,35.2,2026-06-20 02:14:35,1,0.875,2.4,9.3,4.76,2026-06-22 00:44:35,46.5,1
SHP-TRK-13948,2026-06-18 19:00:00,Sanand Hub (Gujarat),Chakan Assembly Alpha (Pune),Western DFC Electric Rail,Rail (Dedicated Freight Corridor),393.2,8.7,2026-06-19 03:44:18,1,0.816,8.6,30.7,4.35,2026-06-19 03:44:18,0.0,0
SHP-TRK-13949,2026-06-18 21:00:00,Sanand Hub (Gujarat),Manesar Northern Plant,NH48 Western Corridor,Road (Heavy Haulage),257.1,7.3,2026-06-19 04:20:40,1,0.82,7.8,31.5,3.79,2026-06-20 03:26:40,23.1,1
SHP-TRK-13950,2026-06-18 21:00:00,Sriperumbudur (Tamil Nadu),Manesar Northern Plant,NH48 Western Corridor,Rail (Dedicated Freight Corridor),1139.0,25.3,2026-06-19 22:18:42,1,0.777,1.8,17.6,4.36,2026-06-20 16:12:42,17.9,1
SHP-TRK-13951,2026-06-19 02:00:00,Bengaluru Electronic City,Kundli DC,NH48 Western Corridor,Road (Express),1148.2,32.8,2026-06-20 10:48:22,1,0.812,7.0,26.5,4.69,2026-06-21 06:00:22,19.2,1
SHP-TRK-13952,2026-06-19 04:00:00,Bengaluru Electronic City,Chakan Assembly Alpha (Pune),NH48 Western Corridor,Road (Heavy Haulage),255.0,7.3,2026-06-19 11:17:13,1,0.805,3.4,7.5,4.89,2026-06-19 11:17:13,0.0,0
SHP-TRK-13953,2026-06-19 05:00:00,Gurugram (Haryana),Chakan Assembly Alpha (Pune),Coastal Maritime Lane,Road (Express),1337.6,38.2,2026-06-20 19:13:05,1,0.95,7.3,12.6,3.48,2026-06-21 08:37:05,13.4,1
SHP-TRK-13954,2026-06-19 10:00:00,Gurugram (Haryana),Oragadam Southern Plant (Chennai),Golden Quadrilateral Delhi-Kolkata,Coastal Ro-Ro,743.5,21.2,2026-06-20 07:14:39,1,0.751,2.9,23.0,4.87,2026-06-20 07:14:39,0.0,0
SHP-TRK-13955,2026-06-19 11:00:00,Sanand Hub (Gujarat),Chakan Assembly Alpha (Pune),NH48 Western Corridor,Road (Heavy Haulage),1235.3,35.3,2026-06-20 22:17:37,1,0.772,5.4,16.8,4.15,2026-06-21 15:47:37,17.5,1
SHP-TRK-13956,2026-06-19 16:00:00,Bengaluru Electronic City,Manesar Northern Plant,Western DFC Electric Rail,Road (Heavy Haulage),1398.7,40.0,2026-06-21 07:57:45,1,0.91,4.3,25.1,3.89,2026-06-21 07:57:45,0.0,0
SHP-TRK-13957,2026-06-19 18:00:00,Pune MIDC (Maharashtra),Oragadam Southern Plant (Chennai),NH48 Western Corridor,Road (Express),1375.3,39.3,2026-06-21 09:17:40,1,0.869,3.8,16.0,3.5,2026-06-21 15:29:40,6.2,1
SHP-TRK-13958,2026-06-19 21:00:00,Bengaluru Electronic City,Oragadam Southern Plant (Chennai),NH48 Western Corridor,Road (Heavy Haulage),944.8,27.0,2026-06-20 23:59:40,1,0.758,2.7,7.8,3.78,2026-06-21 05:23:40,5.4,1
SHP-TRK-13959,2026-06-20 01:00:00,Bengaluru Electronic City,Chakan Assembly Alpha (Pune),NH48 Western Corridor,Road (Heavy Haulage),1282.7,36.6,2026-06-21 13:38:56,1,0.927,8.9,19.0,4.0,2026-06-23 10:38:56,45.0,1
SHP-TRK-13960,2026-06-20 02:00:00,Sriperumbudur (Tamil Nadu),Oragadam Southern Plant (Chennai),NH48 Western Corridor,Rail (Dedicated Freight Corridor),1190.6,26.5,2026-06-21 04:27:24,1,0.976,1.5,26.5,3.7,2026-06-21 04:27:24,0.0,0
SHP-TRK-13961,2026-06-20 05:00:00,Sriperumbudur (Tamil Nadu),Chakan Assembly Alpha (Pune),NH48 Western Corridor,Rail (Dedicated Freight Corridor),915.3,20.3,2026-06-21 01:20:21,1,0.84,8.3,24.3,4.8,2026-06-21 11:26:21,10.1,1
SHP-TRK-13962,2026-06-20 12:00:00,Pune MIDC (Maharashtra),Manesar Northern Plant,NH48 Western Corridor,Rail (Dedicated Freight Corridor),952.2,21.2,2026-06-21 09:09:39,1,0.921,2.0,31.2,4.07,2026-06-21 09:09:39,0.0,0
SHP-TRK-13963,2026-06-20 13:00:00,Sanand Hub (Gujarat),Manesar Northern Plant,NH48 Western Corridor,Road (Heavy Haulage),1432.6,40.9,2026-06-22 05:55:56,1,0.831,4.3,17.2,3.9,2026-06-22 16:55:56,11.0,1
SHP-TRK-13964,2026-06-20 13:00:00,Bengaluru Electronic City,Bhiwandi Central DC,Western DFC Electric Rail,Road (Heavy Haulage),295.2,8.4,2026-06-20 21:25:59,1,0.802,4.8,6.5,4.89,2026-06-21 06:37:59,9.2,1
SHP-TRK-13965,2026-06-20 13:00:00,Sriperumbudur (Tamil Nadu),Chakan Assembly Alpha (Pune),NH48 Western Corridor,Road (Heavy Haulage),358.9,10.3,2026-06-20 23:15:18,1,0.897,7.8,8.8,4.37,2026-06-21 09:21:18,10.1,1
SHP-TRK-13966,2026-06-20 15:00:00,Sanand Hub (Gujarat),Kundli DC,Coastal Maritime Lane,Road (Express),582.8,16.7,2026-06-21 07:39:09,1,0.873,6.9,24.1,4.79,2026-06-25 04:51:09,93.2,1
SHP-TRK-13967,2026-06-20 18:00:00,Sanand Hub (Gujarat),Oragadam Southern Plant (Chennai),Chennai-Bengaluru Expressway,Road (Heavy Haulage),1087.0,31.1,2026-06-22 01:03:28,1,0.778,1.3,12.5,4.35,2026-06-22 07:09:28,6.1,1
SHP-TRK-13968,2026-06-20 19:00:00,Pune MIDC (Maharashtra),Oragadam Southern Plant (Chennai),NH48 Western Corridor,Rail (Dedicated Freight Corridor),630.2,14.0,2026-06-21 09:00:12,1,0.905,3.9,14.1,4.29,2026-06-21 09:00:12,0.0,0
SHP-TRK-13969,2026-06-20 19:00:00,Pune MIDC (Maharashtra),Oragadam Southern Plant (Chennai),Chennai-Bengaluru Expressway,Road (Heavy Haulage),335.7,9.6,2026-06-21 04:35:26,1,0.843,3.1,30.2,4.25,2026-06-21 04:35:26,0.0,0
SHP-TRK-13970,2026-06-20 20:00:00,Sriperumbudur (Tamil Nadu),Oragadam Southern Plant (Chennai),Golden Quadrilateral Delhi-Kolkata,Road (Heavy Haulage),841.2,24.0,2026-06-21 20:02:04,1,0.885,1.4,8.4,4.09,2026-06-21 20:02:04,0.0,0
SHP-TRK-13971,2026-06-21 00:00:00,Sanand Hub (Gujarat),Chakan Assembly Alpha (Pune),NH48 Western Corridor,Rail (Dedicated Freight Corridor),771.1,17.1,2026-06-21 17:08:08,1,0.856,3.5,27.1,4.48,2026-06-23 01:14:08,32.1,1
SHP-TRK-13972,2026-06-21 00:00:00,Bengaluru Electronic City,Kundli DC,Coastal Maritime Lane,Road (Express),817.1,23.3,2026-06-21 23:20:45,1,0.838,5.2,6.3,4.4,2026-06-21 23:20:45,0.0,0
SHP-TRK-13973,2026-06-21 02:00:00,Sriperumbudur (Tamil Nadu),Kundli DC,NH48 Western Corridor,Coastal Ro-Ro,1148.8,32.8,2026-06-22 10:49:21,1,0.871,4.7,31.4,4.45,2026-06-22 10:49:21,0.0,0
SHP-TRK-13974,2026-06-21 12:00:00,Bengaluru Electronic City,Manesar Northern Plant,NH48 Western Corridor,Rail (Dedicated Freight Corridor),790.5,17.6,2026-06-22 05:33:56,1,0.775,5.0,24.3,3.43,2026-06-23 05:51:56,24.3,1
SHP-TRK-13975,2026-06-21 13:00:00,Sriperumbudur (Tamil Nadu),Manesar Northern Plant,Golden Quadrilateral Delhi-Kolkata,Road (Express),750.9,21.5,2026-06-22 10:27:20,1,0.737,6.5,18.6,3.58,2026-06-22 18:09:20,7.7,1
SHP-TRK-13976,2026-06-21 15:00:00,Bengaluru Electronic City,Oragadam Southern Plant (Chennai),Western DFC Electric Rail,Rail (Dedicated Freight Corridor),685.0,15.2,2026-06-22 06:13:16,1,0.959,5.0,16.2,4.3,2026-06-22 23:01:16,16.8,1
SHP-TRK-13977,2026-06-21 15:00:00,Sriperumbudur (Tamil Nadu),Bhiwandi Central DC,Chennai-Bengaluru Expressway,Road (Express),321.3,9.2,2026-06-22 00:10:48,1,0.803,3.5,22.6,3.98,2026-06-23 01:10:48,25.0,1
SHP-TRK-13978,2026-06-21 16:00:00,Sanand Hub (Gujarat),Chakan Assembly Alpha (Pune),NH48 Western Corridor,Road (Heavy Haulage),510.2,14.6,2026-06-22 06:34:38,1,0.724,6.7,15.5,4.76,2026-06-22 17:04:38,10.5,1
SHP-TRK-13979,2026-06-21 20:00:00,Sriperumbudur (Tamil Nadu),Kundli DC,Coastal Maritime Lane,Rail (Dedicated Freight Corridor),492.2,10.9,2026-06-22 06:56:12,1,0.795,6.6,31.6,4.23,2026-06-22 06:56:12,0.0,0
SHP-TRK-13980,2026-06-22 00:00:00,Sanand Hub (Gujarat),Oragadam Southern Plant (Chennai),NH48 Western Corridor,Road (Heavy Haulage),560.6,16.0,2026-06-22 16:00:56,1,0.821,7.7,8.6,3.84,2026-06-23 00:12:56,8.2,1
SHP-TRK-13981,2026-06-22 01:00:00,Bengaluru Electronic City,Chakan Assembly Alpha (Pune),Western DFC Electric Rail,Coastal Ro-Ro,386.9,11.1,2026-06-22 12:03:19,1,0.842,2.5,10.4,3.59,2026-06-22 12:03:19,0.0,0
SHP-TRK-13982,2026-06-22 05:00:00,Pune MIDC (Maharashtra),Bhiwandi Central DC,Golden Quadrilateral Delhi-Kolkata,Road (Heavy Haulage),716.7,20.5,2026-06-23 01:28:42,1,0.763,4.2,19.8,4.51,2026-06-23 20:22:42,18.9,1
SHP-TRK-13983,2026-06-22 08:00:00,Gurugram (Haryana),Chakan Assembly Alpha (Pune),NH48 Western Corridor,Road (Heavy Haulage),1358.9,38.8,2026-06-23 22:49:36,1,0.919,7.7,18.7,4.66,2026-06-24 07:49:36,9.0,1
SHP-TRK-13984,2026-06-22 09:00:00,Pune MIDC (Maharashtra),Oragadam Southern Plant (Chennai),Golden Quadrilateral Delhi-Kolkata,Road (Heavy Haulage),281.4,8.0,2026-06-22 17:02:24,1,0.944,4.6,16.6,4.37,2026-06-22 17:02:24,0.0,0
SHP-TRK-13985,2026-06-22 10:00:00,Bengaluru Electronic City,Kundli DC,Western DFC Electric Rail,Coastal Ro-Ro,923.7,26.4,2026-06-23 12:23:24,1,0.864,4.9,30.5,3.56,2026-06-23 12:23:24,0.0,0
SHP-TRK-13986,2026-06-22 10:00:00,Gurugram (Haryana),Chakan Assembly Alpha (Pune),NH48 Western Corridor,Road (Express),1402.2,40.1,2026-06-24 02:03:48,1,0.926,8.3,30.7,4.37,2026-06-24 14:03:48,12.0,1
SHP-TRK-13987,2026-06-22 15:00:00,Pune MIDC (Maharashtra),Chakan Assembly Alpha (Pune),NH48 Western Corridor,Coastal Ro-Ro,1289.4,36.8,2026-06-24 03:50:25,1,0.853,5.1,14.8,4.04,2026-06-24 13:50:25,10.0,1
SHP-TRK-13988,2026-06-22 16:00:00,Bengaluru Electronic City,Manesar Northern Plant,Western DFC Electric Rail,Road (Heavy Haulage),1337.3,38.2,2026-06-24 06:12:32,1,0.916,1.2,26.8,4.81,2026-06-24 06:12:32,0.0,0
SHP-TRK-13989,2026-06-22 17:00:00,Pune MIDC (Maharashtra),Manesar Northern Plant,Golden Quadrilateral Delhi-Kolkata,Road (Heavy Haulage),1084.7,31.0,2026-06-23 23:59:30,1,0.793,3.0,15.4,3.84,2026-06-23 23:59:30,0.0,0
SHP-TRK-13990,2026-06-22 20:00:00,Sriperumbudur (Tamil Nadu),Bhiwandi Central DC,Coastal Maritime Lane,Road (Heavy Haulage),818.0,23.4,2026-06-23 19:22:18,1,0.746,1.4,13.8,4.51,2026-06-25 01:22:18,30.0,1
SHP-TRK-13991,2026-06-22 20:00:00,Gurugram (Haryana),Manesar Northern Plant,NH48 Western Corridor,Road (Heavy Haulage),949.7,27.1,2026-06-23 23:08:06,1,0.881,4.1,30.3,4.66,2026-06-23 23:08:06,0.0,0
SHP-TRK-13992,2026-06-22 21:00:00,Sriperumbudur (Tamil Nadu),Oragadam Southern Plant (Chennai),NH48 Western Corridor,Road (Express),965.9,27.6,2026-06-24 00:35:52,1,0.825,2.2,15.9,4.64,2026-06-24 06:17:52,5.7,1
SHP-TRK-13993,2026-06-22 22:00:00,Bengaluru Electronic City,Oragadam Southern Plant (Chennai),Golden Quadrilateral Delhi-Kolkata,Rail (Dedicated Freight Corridor),272.0,6.0,2026-06-23 04:02:36,1,0.862,4.8,29.1,3.61,2026-06-23 04:02:36,0.0,0
SHP-TRK-13994,2026-06-23 02:00:00,Bengaluru Electronic City,Manesar Northern Plant,Chennai-Bengaluru Expressway,Road (Heavy Haulage),331.3,9.5,2026-06-23 11:28:00,1,0.728,1.0,23.3,4.68,2026-06-23 16:58:00,5.5,1
SHP-TRK-13995,2026-06-23 03:00:00,Sanand Hub (Gujarat),Oragadam Southern Plant (Chennai),Coastal Maritime Lane,Road (Heavy Haulage),1159.7,33.1,2026-06-24 12:08:01,1,0.908,1.4,18.9,3.97,2026-06-24 12:08:01,0.0,0
SHP-TRK-13996,2026-06-23 04:00:00,Bengaluru Electronic City,Bhiwandi Central DC,Western DFC Electric Rail,Road (Heavy Haulage),723.1,20.7,2026-06-24 00:39:35,1,0.893,2.6,11.1,4.87,2026-06-24 00:39:35,0.0,0
SHP-TRK-13997,2026-06-23 05:00:00,Gurugram (Haryana),Chakan Assembly Alpha (Pune),Western DFC Electric Rail,Road (Heavy Haulage),754.0,21.5,2026-06-24 02:32:32,1,0.918,5.2,18.5,3.59,2026-06-24 02:32:32,0.0,0
SHP-TRK-13998,2026-06-23 06:00:00,Sriperumbudur (Tamil Nadu),Oragadam Southern Plant (Chennai),NH48 Western Corridor,Road (Express),610.9,17.5,2026-06-23 23:27:15,1,0.967,5.4,30.1,4.79,2026-06-23 23:27:15,0.0,0
SHP-TRK-13999,2026-06-23 07:00:00,Bengaluru Electronic City,Chakan Assembly Alpha (Pune),Chennai-Bengaluru Expressway,Road (Express),992.6,28.4,2026-06-24 11:21:35,1,0.871,8.3,9.4,3.61,2026-06-24 16:03:35,4.7,1
SHP-TRK-14000,2026-06-23 07:00:00,Bengaluru Electronic City,Bhiwandi Central DC,Coastal Maritime Lane,Road (Express),303.8,8.7,2026-06-23 15:40:49,1,0.819,2.3,5.5,4.03,2026-06-23 23:34:49,7.9,1
SHP-TRK-14001,2026-06-23 21:00:00,Sanand Hub (Gujarat),Oragadam Southern Plant (Chennai),Golden Quadrilateral Delhi-Kolkata,Coastal Ro-Ro,1260.6,36.0,2026-06-25 09:01:03,1,0.929,4.1,24.0,3.71,2026-06-25 09:01:03,0.0,0
SHP-TRK-14002,2026-06-23 23:00:00,Gurugram (Haryana),Oragadam Southern Plant (Chennai),Western DFC Electric Rail,Road (Heavy Haulage),1062.1,30.3,2026-06-25 05:20:46,1,0.863,2.7,17.8,4.64,2026-06-27 12:50:46,55.5,1
SHP-TRK-14003,2026-06-23 23:00:00,Pune MIDC (Maharashtra),Chakan Assembly Alpha (Pune),NH48 Western Corridor,Road (Heavy Haulage),841.2,24.0,2026-06-24 23:01:58,1,0.728,5.7,14.3,3.88,2026-06-25 03:07:58,4.1,1
SHP-TRK-14004,2026-06-24 09:00:00,Pune MIDC (Maharashtra),Oragadam Southern Plant (Chennai),Golden Quadrilateral Delhi-Kolkata,Road (Express),1275.9,36.5,2026-06-25 21:27:15,1,0.722,3.1,19.6,4.42,2026-06-25 21:27:15,0.0,0
SHP-TRK-14005,2026-06-24 09:00:00,Bengaluru Electronic City,Chakan Assembly Alpha (Pune),Western DFC Electric Rail,Rail (Dedicated Freight Corridor),1184.1,26.3,2026-06-25 11:18:50,1,0.827,3.6,7.0,3.92,2026-06-25 23:24:50,12.1,1
SHP-TRK-14006,2026-06-24 11:00:00,Sriperumbudur (Tamil Nadu),Manesar Northern Plant,Western DFC Electric Rail,Road (Heavy Haulage),1284.4,36.7,2026-06-25 23:41:46,1,0.838,5.2,17.9,3.59,2026-06-26 05:17:46,5.6,1
SHP-TRK-14007,2026-06-24 13:00:00,Sanand Hub (Gujarat),Bhiwandi Central DC,Coastal Maritime Lane,Road (Heavy Haulage),1222.2,34.9,2026-06-25 23:55:12,1,0.898,6.8,5.8,3.46,2026-06-27 19:31:12,43.6,1
SHP-TRK-14008,2026-06-24 13:00:00,Bengaluru Electronic City,Chakan Assembly Alpha (Pune),NH48 Western Corridor,Rail (Dedicated Freight Corridor),825.1,18.3,2026-06-25 07:20:08,1,0.907,2.3,25.3,3.82,2026-06-25 13:38:08,6.3,1
SHP-TRK-14009,2026-06-24 17:00:00,Pune MIDC (Maharashtra),Bhiwandi Central DC,NH48 Western Corridor,Road (Heavy Haulage),1267.5,36.2,2026-06-26 05:12:56,1,0.889,2.3,19.8,3.5,2026-06-26 05:12:56,0.0,0
SHP-TRK-14010,2026-06-24 17:00:00,Sanand Hub (Gujarat),Chakan Assembly Alpha (Pune),NH48 Western Corridor,Rail (Dedicated Freight Corridor),1229.6,27.3,2026-06-25 20:19:31,1,0.915,5.5,7.7,4.14,2026-06-25 20:19:31,0.0,0
SHP-TRK-14011,2026-06-25 00:00:00,Bengaluru Electronic City,Kundli DC,Western DFC Electric Rail,Air Cargo Express,752.6,12.5,2026-06-25 12:32:33,1,0.745,8.4,27.7,4.54,2026-06-26 12:08:33,23.6,1
SHP-TRK-14012,2026-06-25 05:00:00,Sanand Hub (Gujarat),Manesar Northern Plant,Golden Quadrilateral Delhi-Kolkata,Road (Heavy Haulage),434.6,12.4,2026-06-25 17:24:58,1,0.894,3.6,5.5,3.76,2026-06-26 12:18:58,18.9,1
SHP-TRK-14013,2026-06-25 05:00:00,Sriperumbudur (Tamil Nadu),Oragadam Southern Plant (Chennai),Western DFC Electric Rail,Rail (Dedicated Freight Corridor),620.3,13.8,2026-06-25 18:47:00,1,0.758,3.7,22.0,3.64,2026-06-25 18:47:00,0.0,0
SHP-TRK-14014,2026-06-25 08:00:00,Sriperumbudur (Tamil Nadu),Chakan Assembly Alpha (Pune),Western DFC Electric Rail,Road (Heavy Haulage),597.0,17.1,2026-06-26 01:03:30,1,0.892,8.6,8.6,3.66,2026-06-27 16:57:30,39.9,1
SHP-TRK-14015,2026-06-25 08:00:00,Bengaluru Electronic City,Chakan Assembly Alpha (Pune),Golden Quadrilateral Delhi-Kolkata,Rail (Dedicated Freight Corridor),1047.0,23.3,2026-06-26 07:16:01,1,0.861,7.0,5.5,3.73,2026-06-26 07:16:01,0.0,0
SHP-TRK-14016,2026-06-25 13:00:00,Sanand Hub (Gujarat),Kundli DC,Golden Quadrilateral Delhi-Kolkata,Road (Express),375.7,10.7,2026-06-25 23:44:02,1,0.93,5.9,24.6,3.69,2026-06-25 23:44:02,0.0,0
SHP-TRK-14017,2026-06-25 16:00:00,Sriperumbudur (Tamil Nadu),Bhiwandi Central DC,NH48 Western Corridor,Road (Heavy Haulage),383.7,11.0,2026-06-26 02:57:49,1,0.877,3.3,8.3,3.44,2026-06-26 10:03:49,7.1,1
SHP-TRK-14018,2026-06-25 17:00:00,Sanand Hub (Gujarat),Bhiwandi Central DC,Golden Quadrilateral Delhi-Kolkata,Road (Heavy Haulage),1154.2,33.0,2026-06-27 01:58:32,1,0.867,2.7,28.6,4.04,2026-06-27 08:40:32,6.7,1
SHP-TRK-14019,2026-06-25 17:00:00,Sanand Hub (Gujarat),Oragadam Southern Plant (Chennai),NH48 Western Corridor,Rail (Dedicated Freight Corridor),1038.5,23.1,2026-06-26 16:04:36,1,0.963,3.8,14.3,4.2,2026-06-26 16:04:36,0.0,0
SHP-TRK-14020,2026-06-25 18:00:00,Bengaluru Electronic City,Bhiwandi Central DC,Western DFC Electric Rail,Air Cargo Express,472.1,7.9,2026-06-26 01:52:07,1,0.841,5.0,16.4,4.11,2026-06-26 01:52:07,0.0,0
SHP-TRK-14021,2026-06-25 22:00:00,Bengaluru Electronic City,Chakan Assembly Alpha (Pune),Chennai-Bengaluru Expressway,Coastal Ro-Ro,1161.5,33.2,2026-06-27 07:11:12,1,0.824,4.0,24.2,4.3,2026-06-27 07:11:12,0.0,0
SHP-TRK-14022,2026-06-25 23:00:00,Sanand Hub (Gujarat),Manesar Northern Plant,NH48 Western Corridor,Coastal Ro-Ro,657.0,18.8,2026-06-26 17:46:17,1,0.852,6.5,7.0,3.46,2026-06-26 17:46:17,0.0,0
SHP-TRK-14023,2026-06-26 00:00:00,Gurugram (Haryana),Chakan Assembly Alpha (Pune),Chennai-Bengaluru Expressway,Road (Heavy Haulage),1282.2,36.6,2026-06-27 12:38:03,1,0.975,1.9,19.0,3.66,2026-06-27 19:02:03,6.4,1
SHP-TRK-14024,2026-06-26 03:00:00,Sanand Hub (Gujarat),Bhiwandi Central DC,Western DFC Electric Rail,Road (Heavy Haulage),1000.9,28.6,2026-06-27 07:35:49,1,0.772,9.0,14.1,4.82,2026-06-27 07:35:49,0.0,0
SHP-TRK-14025,2026-06-26 04:00:00,Gurugram (Haryana),Bhiwandi Central DC,NH48 Western Corridor,Road (Heavy Haulage),933.9,26.7,2026-06-27 06:40:54,1,0.814,7.6,25.0,3.76,2026-06-27 10:52:54,4.2,1
SHP-TRK-14026,2026-06-26 05:00:00,Sriperumbudur (Tamil Nadu),Chakan Assembly Alpha (Pune),Golden Quadrilateral Delhi-Kolkata,Rail (Dedicated Freight Corridor),453.3,10.1,2026-06-26 15:04:21,1,0.875,5.9,17.6,3.56,2026-06-26 15:04:21,0.0,0
SHP-TRK-14027,2026-06-26 07:00:00,Bengaluru Electronic City,Bhiwandi Central DC,Western DFC Electric Rail,Road (Heavy Haulage),1051.9,30.1,2026-06-27 13:03:18,1,0.893,1.2,17.0,4.23,2026-06-28 06:51:18,17.8,1
SHP-TRK-14028,2026-06-26 13:00:00,Sriperumbudur (Tamil Nadu),Manesar Northern Plant,NH48 Western Corridor,Road (Heavy Haulage),694.3,19.8,2026-06-27 08:50:17,1,0.783,6.5,21.1,4.09,2026-06-28 19:02:17,34.2,1
SHP-TRK-14029,2026-06-26 20:00:00,Sanand Hub (Gujarat),Chakan Assembly Alpha (Pune),NH48 Western Corridor,Rail (Dedicated Freight Corridor),1271.5,28.3,2026-06-28 00:15:17,1,0.849,8.3,7.3,4.73,2026-06-28 00:15:17,0.0,0
SHP-TRK-14030,2026-06-26 23:00:00,Bengaluru Electronic City,Chakan Assembly Alpha (Pune),Coastal Maritime Lane,Rail (Dedicated Freight Corridor),1010.2,22.4,2026-06-27 21:26:52,1,0.887,6.4,5.6,3.52,2026-06-27 21:26:52,0.0,0
SHP-TRK-14031,2026-06-27 01:00:00,Bengaluru Electronic City,Bhiwandi Central DC,Coastal Maritime Lane,Rail (Dedicated Freight Corridor),456.6,10.1,2026-06-27 11:08:46,1,0.823,7.5,10.4,3.98,2026-06-27 22:56:46,11.8,1
SHP-TRK-14032,2026-06-27 01:00:00,Gurugram (Haryana),Oragadam Southern Plant (Chennai),Chennai-Bengaluru Expressway,Air Cargo Express,439.4,7.3,2026-06-27 08:19:26,1,0.906,3.2,7.1,3.84,2026-06-27 08:19:26,0.0,0
SHP-TRK-14033,2026-06-27 01:00:00,Bengaluru Electronic City,Oragadam Southern Plant (Chennai),Western DFC Electric Rail,Road (Heavy Haulage),764.0,21.8,2026-06-27 22:49:37,1,0.826,8.3,13.8,4.48,2026-06-28 05:37:37,6.8,1
SHP-TRK-14034,2026-06-27 03:00:00,Sriperumbudur (Tamil Nadu),Kundli DC,NH48 Western Corridor,Rail (Dedicated Freight Corridor),394.8,8.8,2026-06-27 11:46:21,1,0.855,6.3,9.1,4.7,2026-06-27 11:46:21,0.0,0
SHP-TRK-14035,2026-06-27 04:00:00,Pune MIDC (Maharashtra),Manesar Northern Plant,NH48 Western Corridor,Road (Express),494.6,14.1,2026-06-27 18:07:52,1,0.73,2.2,29.6,4.44,2026-06-28 13:19:52,19.2,1
SHP-TRK-14036,2026-06-27 04:00:00,Sriperumbudur (Tamil Nadu),Manesar Northern Plant,Western DFC Electric Rail,Rail (Dedicated Freight Corridor),1350.3,30.0,2026-06-28 10:00:22,1,0.722,1.4,18.0,4.01,2026-06-28 10:00:22,0.0,0
SHP-TRK-14037,2026-06-27 04:00:00,Gurugram (Haryana),Bhiwandi Central DC,NH48 Western Corridor,Air Cargo Express,537.5,9.0,2026-06-27 12:57:28,1,0.92,7.5,19.6,4.85,2026-06-27 12:57:28,0.0,0
SHP-TRK-14038,2026-06-27 05:00:00,Bengaluru Electronic City,Chakan Assembly Alpha (Pune),Coastal Maritime Lane,Rail (Dedicated Freight Corridor),601.5,13.4,2026-06-27 18:22:00,1,0.881,6.6,10.4,3.87,2026-06-27 18:22:00,0.0,0
SHP-TRK-14039,2026-06-27 11:00:00,Gurugram (Haryana),Manesar Northern Plant,NH48 Western Corridor,Road (Express),291.5,8.3,2026-06-27 19:19:41,1,0.941,4.1,9.4,3.63,2026-06-28 09:31:41,14.2,1
SHP-TRK-14040,2026-06-27 12:00:00,Sriperumbudur (Tamil Nadu),Manesar Northern Plant,Coastal Maritime Lane,Rail (Dedicated Freight Corridor),436.7,9.7,2026-06-27 21:42:14,1,0.848,2.3,28.6,4.0,2026-06-27 21:42:14,0.0,0
SHP-TRK-14041,2026-06-27 15:00:00,Bengaluru Electronic City,Chakan Assembly Alpha (Pune),Golden Quadrilateral Delhi-Kolkata,Air Cargo Express,1306.7,21.8,2026-06-28 12:46:42,1,0.751,4.8,23.1,3.97,2026-06-28 12:46:42,0.0,0
SHP-TRK-14042,2026-06-27 19:00:00,Bengaluru Electronic City,Kundli DC,Western DFC Electric Rail,Road (Heavy Haulage),800.4,22.9,2026-06-28 17:52:01,1,0.758,4.2,24.4,4.57,2026-06-29 03:04:01,9.2,1
SHP-TRK-14043,2026-06-27 19:00:00,Gurugram (Haryana),Bhiwandi Central DC,Coastal Maritime Lane,Road (Express),1212.1,34.6,2026-06-29 05:37:55,1,0.975,7.0,22.7,4.75,2026-06-29 05:37:55,0.0,0
SHP-TRK-14044,2026-06-27 19:00:00,Sriperumbudur (Tamil Nadu),Bhiwandi Central DC,Coastal Maritime Lane,Road (Heavy Haulage),786.7,22.5,2026-06-28 17:28:33,1,0.762,7.4,14.3,3.45,2026-06-29 01:34:33,8.1,1
SHP-TRK-14045,2026-06-28 02:00:00,Sanand Hub (Gujarat),Manesar Northern Plant,Western DFC Electric Rail,Air Cargo Express,1001.3,16.7,2026-06-28 18:41:16,1,0.931,3.9,22.5,4.36,2026-06-28 18:41:16,0.0,0
SHP-TRK-14046,2026-06-28 06:00:00,Sanand Hub (Gujarat),Kundli DC,Western DFC Electric Rail,Road (Heavy Haulage),593.6,17.0,2026-06-28 22:57:31,1,0.876,4.4,12.9,4.57,2026-06-29 05:45:31,6.8,1
SHP-TRK-14047,2026-06-28 10:00:00,Sanand Hub (Gujarat),Bhiwandi Central DC,NH48 Western Corridor,Rail (Dedicated Freight Corridor),448.5,10.0,2026-06-28 19:58:02,1,0.952,5.8,9.6,4.63,2026-06-28 19:58:02,0.0,0
SHP-TRK-14048,2026-06-28 14:00:00,Bengaluru Electronic City,Manesar Northern Plant,NH48 Western Corridor,Road (Heavy Haulage),729.4,20.8,2026-06-29 10:50:25,1,0.915,4.7,15.6,3.88,2026-06-29 23:26:25,12.6,1
SHP-TRK-14049,2026-06-28 16:00:00,Sriperumbudur (Tamil Nadu),Chakan Assembly Alpha (Pune),NH48 Western Corridor,Road (Express),1010.1,28.9,2026-06-29 20:51:39,1,0.837,7.2,27.2,3.68,2026-06-30 16:39:39,19.8,1
SHP-TRK-14050,2026-06-28 21:00:00,Sanand Hub (Gujarat),Kundli DC,NH48 Western Corridor,Road (Heavy Haulage),406.4,11.6,2026-06-29 08:36:39,1,0.842,8.4,11.8,3.9,2026-06-29 20:00:39,11.4,1
SHP-TRK-14051,2026-06-29 04:00:00,Sriperumbudur (Tamil Nadu),Manesar Northern Plant,Chennai-Bengaluru Expressway,Road (Heavy Haulage),313.8,9.0,2026-06-29 12:57:57,1,0.742,8.9,25.1,4.3,2026-06-29 12:57:57,0.0,0
SHP-TRK-14052,2026-06-29 04:00:00,Bengaluru Electronic City,Manesar Northern Plant,Golden Quadrilateral Delhi-Kolkata,Road (Heavy Haulage),898.9,25.7,2026-06-30 05:40:57,1,0.969,6.1,8.7,4.52,2026-06-30 10:28:57,4.8,1
SHP-TRK-14053,2026-06-29 05:00:00,Sriperumbudur (Tamil Nadu),Oragadam Southern Plant (Chennai),Coastal Maritime Lane,Coastal Ro-Ro,1393.4,39.8,2026-06-30 20:48:40,1,0.777,6.8,30.5,3.72,2026-06-30 20:48:40,0.0,0
SHP-TRK-14054,2026-06-29 06:00:00,Pune MIDC (Maharashtra),Bhiwandi Central DC,NH48 Western Corridor,Road (Express),478.8,13.7,2026-06-29 19:40:51,1,0.882,4.9,22.9,3.94,2026-06-30 01:40:51,6.0,1
SHP-TRK-14055,2026-06-29 10:00:00,Bengaluru Electronic City,Manesar Northern Plant,Golden Quadrilateral Delhi-Kolkata,Road (Heavy Haulage),1172.6,33.5,2026-06-30 19:30:05,1,0.769,8.4,26.1,3.8,2026-07-02 09:00:05,37.5,1
SHP-TRK-14056,2026-06-29 17:00:00,Bengaluru Electronic City,Chakan Assembly Alpha (Pune),Western DFC Electric Rail,Rail (Dedicated Freight Corridor),989.3,22.0,2026-06-30 14:59:02,1,0.737,1.3,16.0,4.4,2026-07-01 14:53:02,23.9,1
SHP-TRK-14057,2026-06-29 20:00:00,Bengaluru Electronic City,Chakan Assembly Alpha (Pune),Golden Quadrilateral Delhi-Kolkata,Road (Heavy Haulage),1438.2,41.1,2026-07-01 13:05:28,1,0.805,7.4,28.3,4.1,2026-07-03 03:47:28,38.7,1
SHP-TRK-14058,2026-06-29 21:00:00,Gurugram (Haryana),Oragadam Southern Plant (Chennai),Coastal Maritime Lane,Road (Heavy Haulage),542.0,15.5,2026-06-30 12:29:05,1,0.949,2.4,23.1,3.68,2026-07-02 18:35:05,54.1,1
SHP-TRK-14059,2026-06-29 23:00:00,Bengaluru Electronic City,Manesar Northern Plant,NH48 Western Corridor,Coastal Ro-Ro,726.2,20.7,2026-06-30 19:44:59,1,0.84,3.0,27.0,4.2,2026-07-01 16:50:59,21.1,1
SHP-TRK-14060,2026-06-30 01:00:00,Sanand Hub (Gujarat),Oragadam Southern Plant (Chennai),Western DFC Electric Rail,Road (Express),396.3,11.3,2026-06-30 12:19:19,1,0.731,7.2,13.6,4.33,2026-06-30 12:19:19,0.0,0
SHP-TRK-14061,2026-06-30 02:00:00,Bengaluru Electronic City,Manesar Northern Plant,Coastal Maritime Lane,Rail (Dedicated Freight Corridor),799.6,17.8,2026-06-30 19:46:10,1,0.747,5.8,21.6,4.8,2026-06-30 19:46:10,0.0,0
SHP-TRK-14062,2026-06-30 07:00:00,Bengaluru Electronic City,Oragadam Southern Plant (Chennai),Coastal Maritime Lane,Rail (Dedicated Freight Corridor),1426.0,31.7,2026-07-01 14:41:18,1,0.973,2.8,18.2,3.95,2026-07-01 14:41:18,0.0,0
SHP-TRK-14063,2026-06-30 09:00:00,Sanand Hub (Gujarat),Chakan Assembly Alpha (Pune),NH48 Western Corridor,Road (Heavy Haulage),584.6,16.7,2026-07-01 01:42:10,1,0.78,7.0,12.6,4.6,2026-07-01 12:06:10,10.4,1
SHP-TRK-14064,2026-06-30 15:00:00,Sanand Hub (Gujarat),Chakan Assembly Alpha (Pune),Coastal Maritime Lane,Rail (Dedicated Freight Corridor),421.6,9.4,2026-07-01 00:22:06,1,0.739,8.5,7.7,4.6,2026-07-02 17:28:06,41.1,1
SHP-TRK-14065,2026-07-01 04:00:00,Bengaluru Electronic City,Kundli DC,NH48 Western Corridor,Rail (Dedicated Freight Corridor),1093.7,24.3,2026-07-02 04:18:14,1,0.86,5.6,31.8,4.09,2026-07-02 23:18:14,19.0,1
SHP-TRK-14066,2026-07-01 09:00:00,Bengaluru Electronic City,Manesar Northern Plant,Chennai-Bengaluru Expressway,Rail (Dedicated Freight Corridor),1304.6,29.0,2026-07-02 13:59:31,1,0.866,3.6,19.1,3.82,2026-07-02 13:59:31,0.0,0
SHP-TRK-14067,2026-07-01 10:00:00,Sriperumbudur (Tamil Nadu),Manesar Northern Plant,Coastal Maritime Lane,Rail (Dedicated Freight Corridor),608.4,13.5,2026-07-01 23:31:09,1,0.817,6.3,21.0,3.78,2026-07-02 08:43:09,9.2,1
SHP-TRK-14068,2026-07-01 14:00:00,Pune MIDC (Maharashtra),Bhiwandi Central DC,NH48 Western Corridor,Road (Heavy Haulage),496.2,14.2,2026-07-02 04:10:42,1,0.766,2.9,11.0,4.24,2026-07-02 13:34:42,9.4,1
SHP-TRK-14069,2026-07-01 16:00:00,Bengaluru Electronic City,Bhiwandi Central DC,Western DFC Electric Rail,Coastal Ro-Ro,309.4,8.8,2026-07-02 00:50:20,1,0.782,1.8,14.0,4.18,2026-07-02 00:50:20,0.0,0
SHP-TRK-14070,2026-07-01 17:00:00,Sanand Hub (Gujarat),Bhiwandi Central DC,NH48 Western Corridor,Road (Heavy Haulage),1061.3,30.3,2026-07-02 23:19:17,1,0.771,6.4,31.4,3.64,2026-07-02 23:19:17,0.0,0
SHP-TRK-14071,2026-07-01 20:00:00,Sriperumbudur (Tamil Nadu),Oragadam Southern Plant (Chennai),Coastal Maritime Lane,Coastal Ro-Ro,402.5,11.5,2026-07-02 07:30:03,1,0.956,2.5,13.3,3.83,2026-07-02 07:30:03,0.0,0
SHP-TRK-14072,2026-07-01 21:00:00,Gurugram (Haryana),Oragadam Southern Plant (Chennai),Coastal Maritime Lane,Road (Express),1258.9,36.0,2026-07-03 08:58:08,1,0.81,6.7,19.2,3.63,2026-07-03 08:58:08,0.0,0
SHP-TRK-14073,2026-07-01 21:00:00,Sriperumbudur (Tamil Nadu),Bhiwandi Central DC,Coastal Maritime Lane,Road (Express),320.1,9.1,2026-07-02 06:08:43,1,0.81,4.8,13.0,4.62,2026-07-02 12:50:43,6.7,1
SHP-TRK-14074,2026-07-01 22:00:00,Gurugram (Haryana),Chakan Assembly Alpha (Pune),NH48 Western Corridor,Road (Heavy Haulage),860.8,24.6,2026-07-02 22:35:37,1,0.926,1.6,22.0,4.75,2026-07-05 04:23:37,53.8,1
SHP-TRK-14075,2026-07-01 22:00:00,Gurugram (Haryana),Chakan Assembly Alpha (Pune),NH48 Western Corridor,Rail (Dedicated Freight Corridor),970.4,21.6,2026-07-02 19:33:54,1,0.781,7.2,22.2,4.64,2026-07-02 19:33:54,0.0,0
SHP-TRK-14076,2026-07-01 22:00:00,Sriperumbudur (Tamil Nadu),Chakan Assembly Alpha (Pune),Coastal Maritime Lane,Rail (Dedicated Freight Corridor),971.4,21.6,2026-07-02 19:35:11,1,0.884,8.5,18.7,3.64,2026-07-02 19:35:11,0.0,0
SHP-TRK-14077,2026-07-02 01:00:00,Sriperumbudur (Tamil Nadu),Chakan Assembly Alpha (Pune),NH48 Western Corridor,Rail (Dedicated Freight Corridor),517.0,11.5,2026-07-02 12:29:22,1,0.775,3.6,8.2,3.73,2026-07-02 12:29:22,0.0,0
SHP-TRK-14078,2026-07-02 03:00:00,Bengaluru Electronic City,Chakan Assembly Alpha (Pune),Chennai-Bengaluru Expressway,Road (Heavy Haulage),1254.6,35.8,2026-07-03 14:50:43,1,0.939,4.3,8.4,4.64,2026-07-04 07:50:43,17.0,1
SHP-TRK-14079,2026-07-02 03:00:00,Gurugram (Haryana),Chakan Assembly Alpha (Pune),NH48 Western Corridor,Road (Heavy Haulage),1179.3,33.7,2026-07-03 12:41:38,1,0.792,4.8,30.0,3.48,2026-07-03 12:41:38,0.0,0
SHP-TRK-14080,2026-07-02 07:00:00,Sanand Hub (Gujarat),Bhiwandi Central DC,Golden Quadrilateral Delhi-Kolkata,Rail (Dedicated Freight Corridor),438.2,9.7,2026-07-02 16:44:14,1,0.947,7.2,29.0,3.81,2026-07-02 16:44:14,0.0,0
SHP-TRK-14081,2026-07-02 12:00:00,Sanand Hub (Gujarat),Kundli DC,NH48 Western Corridor,Road (Heavy Haulage),481.2,13.7,2026-07-03 01:44:56,1,0.921,8.1,26.8,3.5,2026-07-06 05:08:56,75.4,1
SHP-TRK-14082,2026-07-02 15:00:00,Gurugram (Haryana),Oragadam Southern Plant (Chennai),NH48 Western Corridor,Rail (Dedicated Freight Corridor),290.1,6.4,2026-07-02 21:26:49,1,0.802,2.4,17.8,4.72,2026-07-03 03:32:49,6.1,1
SHP-TRK-14083,2026-07-02 17:00:00,Gurugram (Haryana),Kundli DC,Golden Quadrilateral Delhi-Kolkata,Rail (Dedicated Freight Corridor),1252.9,27.8,2026-07-03 20:50:35,1,0.891,3.6,8.8,4.66,2026-07-03 20:50:35,0.0,0
SHP-TRK-14084,2026-07-02 22:00:00,Sriperumbudur (Tamil Nadu),Oragadam Southern Plant (Chennai),NH48 Western Corridor,Road (Heavy Haulage),1124.7,32.1,2026-07-04 06:08:01,1,0.853,4.5,13.1,4.85,2026-07-04 06:08:01,0.0,0
SHP-TRK-14085,2026-07-03 00:00:00,Gurugram (Haryana),Chakan Assembly Alpha (Pune),NH48 Western Corridor,Rail (Dedicated Freight Corridor),862.7,19.2,2026-07-03 19:10:18,1,0.878,2.6,26.0,4.89,2026-07-03 19:10:18,0.0,0
SHP-TRK-14086,2026-07-03 01:00:00,Sanand Hub (Gujarat),Chakan Assembly Alpha (Pune),Golden Quadrilateral Delhi-Kolkata,Rail (Dedicated Freight Corridor),948.6,21.1,2026-07-03 22:04:50,1,0.973,4.3,16.0,4.21,2026-07-03 22:04:50,0.0,0
SHP-TRK-14087,2026-07-03 06:00:00,Bengaluru Electronic City,Manesar Northern Plant,NH48 Western Corridor,Rail (Dedicated Freight Corridor),607.5,13.5,2026-07-03 19:30:01,1,0.823,1.6,30.4,4.37,2026-07-04 02:30:01,7.0,1
SHP-TRK-14088,2026-07-03 08:00:00,Pune MIDC (Maharashtra),Manesar Northern Plant,Chennai-Bengaluru Expressway,Road (Heavy Haulage),902.8,25.8,2026-07-04 09:47:39,1,0.834,7.5,11.2,4.21,2026-07-04 09:47:39,0.0,0
SHP-TRK-14089,2026-07-03 10:00:00,Gurugram (Haryana),Chakan Assembly Alpha (Pune),Golden Quadrilateral Delhi-Kolkata,Coastal Ro-Ro,992.0,28.3,2026-07-04 14:20:33,1,0.83,8.7,16.7,4.57,2026-07-04 14:20:33,0.0,0
SHP-TRK-14090,2026-07-03 10:00:00,Bengaluru Electronic City,Chakan Assembly Alpha (Pune),NH48 Western Corridor,Road (Express),1237.6,35.4,2026-07-04 21:21:31,1,0.883,5.3,10.8,4.61,2026-07-04 21:21:31,0.0,0
SHP-TRK-14091,2026-07-03 11:00:00,Bengaluru Electronic City,Oragadam Southern Plant (Chennai),Golden Quadrilateral Delhi-Kolkata,Road (Heavy Haulage),1017.3,29.1,2026-07-04 16:04:00,1,0.774,7.4,28.8,4.68,2026-07-05 16:46:00,24.7,1
SHP-TRK-14092,2026-07-03 13:00:00,Gurugram (Haryana),Chakan Assembly Alpha (Pune),Coastal Maritime Lane,Road (Heavy Haulage),362.8,10.4,2026-07-03 23:21:58,1,0.856,5.1,21.2,3.81,2026-07-05 15:45:58,40.4,1
SHP-TRK-14093,2026-07-03 16:00:00,Sriperumbudur (Tamil Nadu),Oragadam Southern Plant (Chennai),NH48 Western Corridor,Road (Heavy Haulage),1397.9,39.9,2026-07-05 07:56:21,1,0.866,5.8,26.0,3.65,2026-07-06 05:26:21,21.5,1
SHP-TRK-14094,2026-07-03 23:00:00,Pune MIDC (Maharashtra),Chakan Assembly Alpha (Pune),Golden Quadrilateral Delhi-Kolkata,Road (Express),713.1,20.4,2026-07-04 19:22:24,1,0.813,2.2,29.4,3.75,2026-07-05 08:16:24,12.9,1
SHP-TRK-14095,2026-07-04 00:00:00,Gurugram (Haryana),Manesar Northern Plant,Golden Quadrilateral Delhi-Kolkata,Road (Heavy Haulage),1439.9,41.1,2026-07-05 17:08:27,1,0.877,4.7,12.6,4.23,2026-07-06 00:44:27,7.6,1
SHP-TRK-14096,2026-07-04 06:00:00,Pune MIDC (Maharashtra),Bhiwandi Central DC,NH48 Western Corridor,Road (Express),1178.2,33.7,2026-07-05 15:39:41,1,0.871,4.8,20.3,4.19,2026-07-05 20:39:41,5.0,1
SHP-TRK-14097,2026-07-04 07:00:00,Sanand Hub (Gujarat),Oragadam Southern Plant (Chennai),Coastal Maritime Lane,Road (Heavy Haulage),1389.6,39.7,2026-07-05 22:42:12,1,0.975,8.2,31.6,4.84,2026-07-05 22:42:12,0.0,0
SHP-TRK-14098,2026-07-04 07:00:00,Sriperumbudur (Tamil Nadu),Bhiwandi Central DC,Golden Quadrilateral Delhi-Kolkata,Road (Heavy Haulage),1367.3,39.1,2026-07-05 22:03:59,1,0.86,2.5,19.0,4.55,2026-07-05 22:03:59,0.0,0
SHP-TRK-14099,2026-07-04 07:00:00,Sriperumbudur (Tamil Nadu),Chakan Assembly Alpha (Pune),Golden Quadrilateral Delhi-Kolkata,Coastal Ro-Ro,574.8,16.4,2026-07-04 23:25:24,1,0.931,3.8,13.1,4.71,2026-07-04 23:25:24,0.0,0
SHP-TRK-14100,2026-07-04 13:00:00,Bengaluru Electronic City,Chakan Assembly Alpha (Pune),Coastal Maritime Lane,Road (Heavy Haulage),1328.5,38.0,2026-07-06 02:57:25,1,0.838,3.4,12.8,3.89,2026-07-06 02:57:25,0.0,0
SHP-TRK-14101,2026-07-04 13:00:00,Sriperumbudur (Tamil Nadu),Manesar Northern Plant,NH48 Western Corridor,Road (Heavy Haulage),679.7,19.4,2026-07-05 08:25:09,1,0.89,7.5,19.5,3.59,2026-07-05 20:43:09,12.3,1
SHP-TRK-14102,2026-07-04 14:00:00,Sanand Hub (Gujarat),Manesar Northern Plant,Chennai-Bengaluru Expressway,Coastal Ro-Ro,1179.4,33.7,2026-07-05 23:41:46,1,0.909,8.2,25.2,3.95,2026-07-05 23:41:46,0.0,0
SHP-TRK-14103,2026-07-04 17:00:00,Sanand Hub (Gujarat),Oragadam Southern Plant (Chennai),Western DFC Electric Rail,Coastal Ro-Ro,471.4,13.5,2026-07-05 06:28:07,1,0.889,4.7,30.1,4.42,2026-07-06 03:52:07,21.4,1
SHP-TRK-14104,2026-07-04 20:00:00,Gurugram (Haryana),Manesar Northern Plant,NH48 Western Corridor,Air Cargo Express,397.5,6.6,2026-07-05 02:37:28,1,0.81,6.0,16.8,4.28,2026-07-05 02:37:28,0.0,0
SHP-TRK-14105,2026-07-05 00:00:00,Sriperumbudur (Tamil Nadu),Oragadam Southern Plant (Chennai),Coastal Maritime Lane,Road (Heavy Haulage),960.7,27.4,2026-07-06 03:26:55,1,0.789,6.5,13.2,4.72,2026-07-06 13:14:55,9.8,1
SHP-TRK-14106,2026-07-05 01:00:00,Gurugram (Haryana),Chakan Assembly Alpha (Pune),NH48 Western Corridor,Road (Heavy Haulage),957.9,27.4,2026-07-06 04:22:11,1,0.765,7.5,15.7,4.75,2026-07-06 16:52:11,12.5,1
SHP-TRK-14107,2026-07-05 01:00:00,Sanand Hub (Gujarat),Manesar Northern Plant,Western DFC Electric Rail,Rail (Dedicated Freight Corridor),746.8,16.6,2026-07-05 17:35:42,1,0.724,6.5,27.3,3.64,2026-07-06 05:47:42,12.2,1
SHP-TRK-14108,2026-07-05 05:00:00,Sriperumbudur (Tamil Nadu),Bhiwandi Central DC,NH48 Western Corridor,Rail (Dedicated Freight Corridor),417.7,9.3,2026-07-05 14:16:54,1,0.927,3.6,5.1,3.77,2026-07-05 14:16:54,0.0,0
SHP-TRK-14109,2026-07-05 06:00:00,Pune MIDC (Maharashtra),Chakan Assembly Alpha (Pune),NH48 Western Corridor,Road (Heavy Haulage),1077.5,30.8,2026-07-06 12:47:10,1,0.863,7.3,17.1,4.9,2026-07-06 20:11:10,7.4,1
SHP-TRK-14110,2026-07-05 08:00:00,Bengaluru Electronic City,Manesar Northern Plant,NH48 Western Corridor,Coastal Ro-Ro,1041.5,29.8,2026-07-06 13:45:28,1,0.795,3.2,10.7,3.96,2026-07-06 13:45:28,0.0,0
SHP-TRK-14111,2026-07-05 09:00:00,Sanand Hub (Gujarat),Chakan Assembly Alpha (Pune),Chennai-Bengaluru Expressway,Road (Heavy Haulage),762.9,21.8,2026-07-06 06:47:53,1,0.958,7.5,27.5,4.24,2026-07-06 15:11:53,8.4,1
SHP-TRK-14112,2026-07-05 13:00:00,Bengaluru Electronic City,Oragadam Southern Plant (Chennai),Coastal Maritime Lane,Road (Heavy Haulage),319.8,9.1,2026-07-05 22:08:13,1,0.766,6.4,8.8,3.49,2026-07-06 04:26:13,6.3,1
SHP-TRK-14113,2026-07-05 22:00:00,Bengaluru Electronic City,Chakan Assembly Alpha (Pune),Western DFC Electric Rail,Rail (Dedicated Freight Corridor),818.5,18.2,2026-07-06 16:11:16,1,0.88,2.8,8.2,4.35,2026-07-06 16:11:16,0.0,0
SHP-TRK-14114,2026-07-06 01:00:00,Sanand Hub (Gujarat),Kundli DC,NH48 Western Corridor,Rail (Dedicated Freight Corridor),1413.0,31.4,2026-07-07 08:23:56,1,0.815,8.9,7.3,3.43,2026-07-08 03:23:56,19.0,1
SHP-TRK-14115,2026-07-06 16:00:00,Sanand Hub (Gujarat),Bhiwandi Central DC,Coastal Maritime Lane,Road (Heavy Haulage),761.1,21.7,2026-07-07 13:44:42,1,0.947,4.3,19.1,3.88,2026-07-08 08:44:42,19.0,1
SHP-TRK-14116,2026-07-06 17:00:00,Sanand Hub (Gujarat),Chakan Assembly Alpha (Pune),NH48 Western Corridor,Road (Heavy Haulage),1133.8,32.4,2026-07-08 01:23:36,1,0.773,3.4,29.4,4.78,2026-07-08 01:23:36,0.0,0
SHP-TRK-14117,2026-07-06 19:00:00,Gurugram (Haryana),Chakan Assembly Alpha (Pune),NH48 Western Corridor,Coastal Ro-Ro,1360.7,38.9,2026-07-08 09:52:42,1,0.862,5.3,24.1,4.33,2026-07-08 09:52:42,0.0,0
SHP-TRK-14118,2026-07-07 00:00:00,Bengaluru Electronic City,Chakan Assembly Alpha (Pune),NH48 Western Corridor,Road (Express),1121.6,32.0,2026-07-08 08:02:48,1,0.857,4.1,21.4,4.81,2026-07-08 08:02:48,0.0,0
SHP-TRK-14119,2026-07-07 05:00:00,Bengaluru Electronic City,Kundli DC,Chennai-Bengaluru Expressway,Coastal Ro-Ro,1307.7,37.4,2026-07-08 18:21:48,1,0.9,1.3,20.3,4.81,2026-07-08 18:21:48,0.0,0
SHP-TRK-14120,2026-07-07 05:00:00,Sriperumbudur (Tamil Nadu),Bhiwandi Central DC,NH48 Western Corridor,Road (Express),435.7,12.4,2026-07-07 17:26:52,1,0.915,2.9,11.2,4.58,2026-07-07 17:26:52,0.0,0
SHP-TRK-14121,2026-07-07 05:00:00,Sriperumbudur (Tamil Nadu),Bhiwandi Central DC,NH48 Western Corridor,Road (Heavy Haulage),1014.3,29.0,2026-07-08 09:58:52,1,0.936,5.3,4.8,4.62,2026-07-08 09:58:52,0.0,0
SHP-TRK-14122,2026-07-07 08:00:00,Bengaluru Electronic City,Chakan Assembly Alpha (Pune),NH48 Western Corridor,Rail (Dedicated Freight Corridor),749.2,16.6,2026-07-08 00:38:57,1,0.725,2.8,15.2,4.64,2026-07-08 06:20:57,5.7,1
SHP-TRK-14123,2026-07-07 13:00:00,Sanand Hub (Gujarat),Manesar Northern Plant,NH48 Western Corridor,Road (Express),484.4,13.8,2026-07-08 02:50:28,1,0.887,3.5,17.6,3.61,2026-07-08 02:50:28,0.0,0
SHP-TRK-14124,2026-07-07 16:00:00,Sriperumbudur (Tamil Nadu),Kundli DC,NH48 Western Corridor,Road (Heavy Haulage),915.7,26.2,2026-07-08 18:09:45,1,0.97,2.8,13.6,3.47,2026-07-09 04:27:45,10.3,1
SHP-TRK-14125,2026-07-07 18:00:00,Bengaluru Electronic City,Manesar Northern Plant,Chennai-Bengaluru Expressway,Coastal Ro-Ro,1236.5,35.3,2026-07-09 05:19:40,1,0.779,1.7,21.1,4.17,2026-07-09 05:19:40,0.0,0
SHP-TRK-14126,2026-07-07 20:00:00,Sanand Hub (Gujarat),Oragadam Southern Plant (Chennai),Western DFC Electric Rail,Road (Heavy Haulage),324.6,9.3,2026-07-08 05:16:26,1,0.943,1.1,30.3,4.53,2026-07-08 05:16:26,0.0,0
SHP-TRK-14127,2026-07-07 23:00:00,Gurugram (Haryana),Chakan Assembly Alpha (Pune),Chennai-Bengaluru Expressway,Rail (Dedicated Freight Corridor),401.9,8.9,2026-07-08 07:55:55,1,0.872,4.2,16.5,4.21,2026-07-08 07:55:55,0.0,0
SHP-TRK-14128,2026-07-07 23:00:00,Sanand Hub (Gujarat),Kundli DC,Chennai-Bengaluru Expressway,Road (Heavy Haulage),1415.1,40.4,2026-07-09 15:25:53,1,0.948,6.4,24.9,4.09,2026-07-09 15:25:53,0.0,0
SHP-TRK-14129,2026-07-07 23:00:00,Bengaluru Electronic City,Chakan Assembly Alpha (Pune),Western DFC Electric Rail,Road (Express),951.9,27.2,2026-07-09 02:11:45,1,0.89,7.2,25.1,3.8,2026-07-09 12:29:45,10.3,1
SHP-TRK-14130,2026-07-08 04:00:00,Sriperumbudur (Tamil Nadu),Chakan Assembly Alpha (Pune),NH48 Western Corridor,Road (Express),575.7,16.4,2026-07-08 20:26:53,1,0.924,1.4,22.7,4.33,2026-07-08 20:26:53,0.0,0
SHP-TRK-14131,2026-07-08 04:00:00,Pune MIDC (Maharashtra),Bhiwandi Central DC,Western DFC Electric Rail,Road (Heavy Haulage),620.9,17.7,2026-07-08 21:44:20,1,0.785,2.5,20.6,4.71,2026-07-08 21:44:20,0.0,0
SHP-TRK-14132,2026-07-08 08:00:00,Bengaluru Electronic City,Oragadam Southern Plant (Chennai),Golden Quadrilateral Delhi-Kolkata,Rail (Dedicated Freight Corridor),554.0,12.3,2026-07-08 20:18:38,1,0.797,5.3,16.7,4.16,2026-07-08 20:18:38,0.0,0
SHP-TRK-14133,2026-07-08 08:00:00,Sanand Hub (Gujarat),Chakan Assembly Alpha (Pune),NH48 Western Corridor,Coastal Ro-Ro,310.1,8.9,2026-07-08 16:51:36,1,0.91,6.5,21.0,4.85,2026-07-08 16:51:36,0.0,0
SHP-TRK-14134,2026-07-08 10:00:00,Sanand Hub (Gujarat),Oragadam Southern Plant (Chennai),NH48 Western Corridor,Rail (Dedicated Freight Corridor),744.4,16.5,2026-07-09 02:32:31,1,0.924,4.8,28.6,4.55,2026-07-09 02:32:31,0.0,0
SHP-TRK-14135,2026-07-08 13:00:00,Pune MIDC (Maharashtra),Manesar Northern Plant,Golden Quadrilateral Delhi-Kolkata,Road (Express),910.6,26.0,2026-07-09 15:00:57,1,0.867,2.5,27.3,3.77,2026-07-10 05:42:57,14.7,1
SHP-TRK-14136,2026-07-08 15:00:00,Sriperumbudur (Tamil Nadu),Kundli DC,Western DFC Electric Rail,Road (Express),931.0,26.6,2026-07-09 17:36:00,1,0.847,2.6,14.1,4.04,2026-07-11 14:06:00,44.5,1
SHP-TRK-14137,2026-07-08 16:00:00,Sriperumbudur (Tamil Nadu),Kundli DC,NH48 Western Corridor,Rail (Dedicated Freight Corridor),707.2,15.7,2026-07-09 07:42:56,1,0.818,6.7,12.6,4.73,2026-07-09 07:42:56,0.0,0
SHP-TRK-14138,2026-07-08 16:00:00,Bengaluru Electronic City,Chakan Assembly Alpha (Pune),NH48 Western Corridor,Rail (Dedicated Freight Corridor),890.8,19.8,2026-07-09 11:47:42,1,0.885,4.3,29.9,3.86,2026-07-09 11:47:42,0.0,0
SHP-TRK-14139,2026-07-08 18:00:00,Gurugram (Haryana),Chakan Assembly Alpha (Pune),Coastal Maritime Lane,Road (Heavy Haulage),500.8,14.3,2026-07-09 08:18:26,1,0.759,5.3,5.8,4.08,2026-07-09 08:18:26,0.0,0
SHP-TRK-14140,2026-07-08 18:00:00,Sriperumbudur (Tamil Nadu),Chakan Assembly Alpha (Pune),NH48 Western Corridor,Coastal Ro-Ro,1015.1,29.0,2026-07-09 23:00:07,1,0.966,4.2,8.9,4.55,2026-07-12 01:12:07,50.2,1
SHP-TRK-14141,2026-07-08 18:00:00,Gurugram (Haryana),Manesar Northern Plant,NH48 Western Corridor,Road (Heavy Haulage),1365.2,39.0,2026-07-10 09:00:17,1,0.847,4.2,20.4,4.36,2026-07-10 18:12:17,9.2,1
SHP-TRK-14142,2026-07-08 20:00:00,Sanand Hub (Gujarat),Chakan Assembly Alpha (Pune),Western DFC Electric Rail,Rail (Dedicated Freight Corridor),474.4,10.5,2026-07-09 06:32:32,1,0.729,8.7,5.3,3.73,2026-07-09 16:02:32,9.5,1
SHP-TRK-14143,2026-07-09 02:00:00,Sriperumbudur (Tamil Nadu),Bhiwandi Central DC,Golden Quadrilateral Delhi-Kolkata,Rail (Dedicated Freight Corridor),1341.1,29.8,2026-07-10 07:48:05,1,0.769,4.9,22.2,4.51,2026-07-10 07:48:05,0.0,0
SHP-TRK-14144,2026-07-09 03:00:00,Pune MIDC (Maharashtra),Oragadam Southern Plant (Chennai),NH48 Western Corridor,Road (Heavy Haulage),693.2,19.8,2026-07-09 22:48:22,1,0.741,7.3,13.7,4.59,2026-07-10 08:48:22,10.0,1
SHP-TRK-14145,2026-07-09 03:00:00,Gurugram (Haryana),Bhiwandi Central DC,NH48 Western Corridor,Rail (Dedicated Freight Corridor),696.1,15.5,2026-07-09 18:28:04,1,0.83,8.7,20.1,4.57,2026-07-09 18:28:04,0.0,0
SHP-TRK-14146,2026-07-09 09:00:00,Sriperumbudur (Tamil Nadu),Manesar Northern Plant,NH48 Western Corridor,Road (Heavy Haulage),1115.7,31.9,2026-07-10 16:52:33,1,0.941,4.3,19.6,3.71,2026-07-11 05:16:33,12.4,1
SHP-TRK-14147,2026-07-09 12:00:00,Pune MIDC (Maharashtra),Oragadam Southern Plant (Chennai),NH48 Western Corridor,Rail (Dedicated Freight Corridor),996.9,22.2,2026-07-10 10:09:10,1,0.773,4.1,15.8,3.74,2026-07-10 10:09:10,0.0,0
SHP-TRK-14148,2026-07-09 12:00:00,Gurugram (Haryana),Oragadam Southern Plant (Chennai),Western DFC Electric Rail,Rail (Dedicated Freight Corridor),978.4,21.7,2026-07-10 09:44:30,1,0.865,7.6,26.8,4.35,2026-07-10 09:44:30,0.0,0
SHP-TRK-14149,2026-07-09 14:00:00,Sanand Hub (Gujarat),Chakan Assembly Alpha (Pune),Coastal Maritime Lane,Rail (Dedicated Freight Corridor),1030.0,22.9,2026-07-10 12:53:19,1,0.894,2.3,17.0,4.57,2026-07-10 12:53:19,0.0,0
SHP-TRK-14150,2026-07-09 14:00:00,Sanand Hub (Gujarat),Oragadam Southern Plant (Chennai),Chennai-Bengaluru Expressway,Coastal Ro-Ro,1272.8,36.4,2026-07-11 02:21:57,1,0.817,8.5,26.6,4.8,2026-07-11 02:21:57,0.0,0
SHP-TRK-14151,2026-07-09 15:00:00,Gurugram (Haryana),Chakan Assembly Alpha (Pune),Golden Quadrilateral Delhi-Kolkata,Road (Heavy Haulage),925.9,26.5,2026-07-10 17:27:10,1,0.805,6.5,6.2,3.69,2026-07-11 03:33:10,10.1,1
SHP-TRK-14152,2026-07-09 15:00:00,Pune MIDC (Maharashtra),Kundli DC,Golden Quadrilateral Delhi-Kolkata,Rail (Dedicated Freight Corridor),257.9,5.7,2026-07-09 20:43:53,1,0.853,7.5,22.5,4.85,2026-07-11 03:07:53,30.4,1
SHP-TRK-14153,2026-07-09 18:00:00,Bengaluru Electronic City,Chakan Assembly Alpha (Pune),NH48 Western Corridor,Road (Heavy Haulage),1298.1,37.1,2026-07-11 07:05:20,1,0.962,6.1,25.5,3.97,2026-07-11 07:05:20,0.0,0
SHP-TRK-14154,2026-07-09 20:00:00,Sriperumbudur (Tamil Nadu),Bhiwandi Central DC,NH48 Western Corridor,Road (Express),805.1,23.0,2026-07-10 19:00:12,1,0.823,7.0,18.3,4.11,2026-07-11 16:12:12,21.2,1
SHP-TRK-14155,2026-07-09 21:00:00,Bengaluru Electronic City,Bhiwandi Central DC,NH48 Western Corridor,Road (Heavy Haulage),422.7,12.1,2026-07-10 09:04:37,1,0.763,5.3,21.7,3.6,2026-07-10 16:16:37,7.2,1
SHP-TRK-14156,2026-07-10 03:00:00,Bengaluru Electronic City,Manesar Northern Plant,NH48 Western Corridor,Road (Heavy Haulage),346.7,9.9,2026-07-10 12:54:21,1,0.727,1.8,24.9,4.16,2026-07-10 17:18:21,4.4,1
SHP-TRK-14157,2026-07-10 03:00:00,Sriperumbudur (Tamil Nadu),Oragadam Southern Plant (Chennai),Golden Quadrilateral Delhi-Kolkata,Road (Heavy Haulage),1076.9,30.8,2026-07-11 09:46:06,1,0.823,4.0,8.8,4.3,2026-07-11 09:46:06,0.0,0
SHP-TRK-14158,2026-07-10 06:00:00,Sanand Hub (Gujarat),Oragadam Southern Plant (Chennai),Western DFC Electric Rail,Coastal Ro-Ro,639.9,18.3,2026-07-11 00:16:59,1,0.887,2.6,18.9,4.68,2026-07-11 00:16:59,0.0,0
SHP-TRK-14159,2026-07-10 08:00:00,Sriperumbudur (Tamil Nadu),Oragadam Southern Plant (Chennai),Chennai-Bengaluru Expressway,Road (Express),823.3,23.5,2026-07-11 07:31:23,1,0.721,8.0,9.0,3.97,2026-07-11 16:37:23,9.1,1
SHP-TRK-14160,2026-07-10 11:00:00,Pune MIDC (Maharashtra),Oragadam Southern Plant (Chennai),Western DFC Electric Rail,Road (Heavy Haulage),1055.5,30.2,2026-07-11 17:09:22,1,0.932,4.2,6.9,3.58,2026-07-11 17:09:22,0.0,0
SHP-TRK-14161,2026-07-10 12:00:00,Sanand Hub (Gujarat),Bhiwandi Central DC,Western DFC Electric Rail,Road (Heavy Haulage),1045.4,29.9,2026-07-11 17:52:08,1,0.824,1.4,11.5,4.51,2026-07-14 02:58:08,57.1,1
SHP-TRK-14162,2026-07-10 14:00:00,Bengaluru Electronic City,Chakan Assembly Alpha (Pune),Chennai-Bengaluru Expressway,Road (Heavy Haulage),1384.5,39.6,2026-07-12 05:33:29,1,0.728,8.3,15.0,4.56,2026-07-12 11:03:29,5.5,1
SHP-TRK-14163,2026-07-10 21:00:00,Bengaluru Electronic City,Bhiwandi Central DC,Golden Quadrilateral Delhi-Kolkata,Road (Heavy Haulage),391.7,11.2,2026-07-11 08:11:33,1,0.743,2.1,26.7,3.65,2026-07-11 08:11:33,0.0,0
SHP-TRK-14164,2026-07-10 22:00:00,Bengaluru Electronic City,Bhiwandi Central DC,Coastal Maritime Lane,Road (Heavy Haulage),1347.5,38.5,2026-07-12 12:30:02,1,0.864,6.1,22.5,3.6,2026-07-12 22:54:02,10.4,1
SHP-TRK-14165,2026-07-11 01:00:00,Gurugram (Haryana),Manesar Northern Plant,Western DFC Electric Rail,Road (Heavy Haulage),661.7,18.9,2026-07-11 19:54:19,1,0.932,3.8,22.2,3.84,2026-07-12 11:24:19,15.5,1
SHP-TRK-14166,2026-07-11 01:00:00,Sanand Hub (Gujarat),Manesar Northern Plant,Coastal Maritime Lane,Rail (Dedicated Freight Corridor),1052.9,23.4,2026-07-12 00:23:54,1,0.854,8.3,27.3,4.17,2026-07-12 00:23:54,0.0,0
SHP-TRK-14167,2026-07-11 01:00:00,Gurugram (Haryana),Manesar Northern Plant,NH48 Western Corridor,Road (Express),1112.0,31.8,2026-07-12 08:46:13,1,0.789,1.9,27.9,4.01,2026-07-12 08:46:13,0.0,0
SHP-TRK-14168,2026-07-11 02:00:00,Bengaluru Electronic City,Chakan Assembly Alpha (Pune),NH48 Western Corridor,Road (Heavy Haulage),428.1,12.2,2026-07-11 14:13:52,1,0.83,7.7,7.7,4.52,2026-07-13 02:43:52,36.5,1
SHP-TRK-14169,2026-07-11 06:00:00,Sanand Hub (Gujarat),Chakan Assembly Alpha (Pune),NH48 Western Corridor,Rail (Dedicated Freight Corridor),1119.0,24.9,2026-07-12 06:52:00,1,0.825,8.7,23.6,4.25,2026-07-12 16:28:00,9.6,1
SHP-TRK-14170,2026-07-11 07:00:00,Sanand Hub (Gujarat),Chakan Assembly Alpha (Pune),Western DFC Electric Rail,Road (Heavy Haulage),1008.7,28.8,2026-07-12 11:49:12,1,0.744,6.3,21.5,4.66,2026-07-12 11:49:12,0.0,0
SHP-TRK-14171,2026-07-11 12:00:00,Gurugram (Haryana),Kundli DC,Western DFC Electric Rail,Road (Heavy Haulage),587.9,16.8,2026-07-12 04:47:54,1,0.852,2.2,23.0,3.71,2026-07-12 12:35:54,7.8,1
SHP-TRK-14172,2026-07-11 13:00:00,Gurugram (Haryana),Chakan Assembly Alpha (Pune),NH48 Western Corridor,Air Cargo Express,1030.8,17.2,2026-07-12 06:10:50,1,0.803,3.5,32.0,3.7,2026-07-12 06:10:50,0.0,0
SHP-TRK-14173,2026-07-11 21:00:00,Sriperumbudur (Tamil Nadu),Manesar Northern Plant,Golden Quadrilateral Delhi-Kolkata,Coastal Ro-Ro,924.2,26.4,2026-07-12 23:24:25,1,0.826,5.8,21.0,4.41,2026-07-12 23:24:25,0.0,0
SHP-TRK-14174,2026-07-11 23:00:00,Sanand Hub (Gujarat),Oragadam Southern Plant (Chennai),NH48 Western Corridor,Road (Heavy Haulage),986.7,28.2,2026-07-13 03:11:24,1,0.737,1.1,8.1,4.56,2026-07-13 10:17:24,7.1,1
SHP-TRK-14175,2026-07-12 03:00:00,Bengaluru Electronic City,Oragadam Southern Plant (Chennai),Golden Quadrilateral Delhi-Kolkata,Rail (Dedicated Freight Corridor),254.2,5.6,2026-07-12 08:38:56,1,0.943,8.9,7.8,3.4,2026-07-12 08:38:56,0.0,0
SHP-TRK-14176,2026-07-12 06:00:00,Sanand Hub (Gujarat),Chakan Assembly Alpha (Pune),Golden Quadrilateral Delhi-Kolkata,Road (Express),785.0,22.4,2026-07-13 04:25:41,1,0.834,4.7,13.1,4.25,2026-07-13 04:25:41,0.0,0
SHP-TRK-14177,2026-07-12 13:00:00,Bengaluru Electronic City,Oragadam Southern Plant (Chennai),Golden Quadrilateral Delhi-Kolkata,Coastal Ro-Ro,423.8,12.1,2026-07-13 01:06:28,1,0.834,3.3,31.6,3.5,2026-07-13 01:06:28,0.0,0
SHP-TRK-14178,2026-07-12 14:00:00,Bengaluru Electronic City,Oragadam Southern Plant (Chennai),NH48 Western Corridor,Rail (Dedicated Freight Corridor),293.2,6.5,2026-07-12 20:30:53,1,0.745,3.3,14.1,3.81,2026-07-12 20:30:53,0.0,0
SHP-TRK-14179,2026-07-12 15:00:00,Sanand Hub (Gujarat),Bhiwandi Central DC,Western DFC Electric Rail,Air Cargo Express,591.9,9.9,2026-07-13 00:51:54,1,0.921,1.1,29.9,4.22,2026-07-13 00:51:54,0.0,0
SHP-TRK-14180,2026-07-12 21:00:00,Bengaluru Electronic City,Chakan Assembly Alpha (Pune),Golden Quadrilateral Delhi-Kolkata,Coastal Ro-Ro,656.5,18.8,2026-07-13 15:45:20,1,0.725,6.1,31.6,3.53,2026-07-13 15:45:20,0.0,0
SHP-TRK-14181,2026-07-13 02:00:00,Bengaluru Electronic City,Chakan Assembly Alpha (Pune),NH48 Western Corridor,Coastal Ro-Ro,1130.1,32.3,2026-07-14 10:17:13,1,0.742,2.0,23.2,3.7,2026-07-14 10:17:13,0.0,0
SHP-TRK-14182,2026-07-13 06:00:00,Bengaluru Electronic City,Manesar Northern Plant,Western DFC Electric Rail,Road (Express),364.5,10.4,2026-07-13 16:24:52,1,0.861,8.1,28.4,3.56,2026-07-17 00:42:52,80.3,1
SHP-TRK-14183,2026-07-13 08:00:00,Bengaluru Electronic City,Bhiwandi Central DC,Coastal Maritime Lane,Road (Heavy Haulage),674.9,19.3,2026-07-14 03:16:53,1,0.811,2.7,12.4,4.04,2026-07-14 03:16:53,0.0,0
SHP-TRK-14184,2026-07-13 08:00:00,Sanand Hub (Gujarat),Bhiwandi Central DC,Chennai-Bengaluru Expressway,Road (Heavy Haulage),579.9,16.6,2026-07-14 00:34:09,1,0.849,4.0,20.2,4.88,2026-07-14 00:34:09,0.0,0
SHP-TRK-14185,2026-07-13 12:00:00,Bengaluru Electronic City,Manesar Northern Plant,Coastal Maritime Lane,Rail (Dedicated Freight Corridor),1220.7,27.1,2026-07-14 15:07:35,1,0.823,4.8,11.3,4.67,2026-07-14 15:07:35,0.0,0
SHP-TRK-14186,2026-07-13 14:00:00,Gurugram (Haryana),Manesar Northern Plant,Western DFC Electric Rail,Rail (Dedicated Freight Corridor),981.0,21.8,2026-07-14 11:47:56,1,0.811,6.9,5.1,4.8,2026-07-15 09:23:56,21.6,1
SHP-TRK-14187,2026-07-13 14:00:00,Sriperumbudur (Tamil Nadu),Manesar Northern Plant,NH48 Western Corridor,Road (Express),379.7,10.8,2026-07-14 00:50:58,1,0.963,8.5,16.7,4.46,2026-07-15 12:02:58,35.2,1
SHP-TRK-14188,2026-07-13 16:00:00,Sanand Hub (Gujarat),Chakan Assembly Alpha (Pune),NH48 Western Corridor,Coastal Ro-Ro,589.1,16.8,2026-07-14 08:49:49,1,0.863,2.5,10.9,3.8,2026-07-14 08:49:49,0.0,0
SHP-TRK-14189,2026-07-13 17:00:00,Pune MIDC (Maharashtra),Oragadam Southern Plant (Chennai),NH48 Western Corridor,Road (Heavy Haulage),297.8,8.5,2026-07-14 01:30:34,1,0.733,6.7,7.6,3.95,2026-07-15 07:24:34,29.9,1
SHP-TRK-14190,2026-07-13 19:00:00,Bengaluru Electronic City,Bhiwandi Central DC,Chennai-Bengaluru Expressway,Air Cargo Express,936.3,15.6,2026-07-14 10:36:17,1,0.968,7.6,15.9,3.58,2026-07-14 10:36:17,0.0,0
SHP-TRK-14191,2026-07-13 20:00:00,Sriperumbudur (Tamil Nadu),Chakan Assembly Alpha (Pune),NH48 Western Corridor,Road (Heavy Haulage),679.8,19.4,2026-07-14 15:25:26,1,0.845,5.8,12.9,4.18,2026-07-14 15:25:26,0.0,0
SHP-TRK-14192,2026-07-13 21:00:00,Sriperumbudur (Tamil Nadu),Chakan Assembly Alpha (Pune),Western DFC Electric Rail,Road (Express),1284.8,36.7,2026-07-15 09:42:32,1,0.762,4.0,7.6,4.74,2026-07-15 20:42:32,11.0,1
SHP-TRK-14193,2026-07-13 22:00:00,Sriperumbudur (Tamil Nadu),Oragadam Southern Plant (Chennai),NH48 Western Corridor,Road (Express),694.1,19.8,2026-07-14 17:49:54,1,0.876,5.7,21.2,4.8,2026-07-15 03:37:54,9.8,1
SHP-TRK-14194,2026-07-14 03:00:00,Gurugram (Haryana),Oragadam Southern Plant (Chennai),NH48 Western Corridor,Rail (Dedicated Freight Corridor),692.2,15.4,2026-07-14 18:22:58,1,0.926,5.0,27.9,4.34,2026-07-14 18:22:58,0.0,0
SHP-TRK-14195,2026-07-14 04:00:00,Sanand Hub (Gujarat),Manesar Northern Plant,Western DFC Electric Rail,Coastal Ro-Ro,440.3,12.6,2026-07-14 16:34:47,1,0.974,3.3,15.8,3.72,2026-07-14 22:10:47,5.6,1
SHP-TRK-14196,2026-07-14 05:00:00,Sriperumbudur (Tamil Nadu),Manesar Northern Plant,Western DFC Electric Rail,Rail (Dedicated Freight Corridor),844.3,18.8,2026-07-14 23:45:42,1,0.929,8.5,11.9,3.44,2026-07-15 11:27:42,11.7,1
SHP-TRK-14197,2026-07-14 05:00:00,Gurugram (Haryana),Chakan Assembly Alpha (Pune),NH48 Western Corridor,Rail (Dedicated Freight Corridor),913.9,20.3,2026-07-15 01:18:32,1,0.73,7.2,30.8,4.07,2026-07-15 09:30:32,8.2,1
SHP-TRK-14198,2026-07-14 15:00:00,Sriperumbudur (Tamil Nadu),Chakan Assembly Alpha (Pune),NH48 Western Corridor,Road (Express),256.6,7.3,2026-07-14 22:19:49,1,0.856,1.9,23.7,4.11,2026-07-16 02:07:49,27.8,1
SHP-TRK-14199,2026-07-14 20:00:00,Sriperumbudur (Tamil Nadu),Chakan Assembly Alpha (Pune),Western DFC Electric Rail,Road (Heavy Haulage),556.6,15.9,2026-07-15 11:54:05,1,0.82,4.8,10.8,4.81,2026-07-15 11:54:05,0.0,0
SHP-TRK-14200,2026-07-14 23:00:00,Bengaluru Electronic City,Kundli DC,NH48 Western Corridor,Air Cargo Express,458.1,7.6,2026-07-15 06:38:03,1,0.844,5.2,13.9,4.05,2026-07-15 06:38:03,0.0,0
SHP-TRK-14201,2026-07-15 00:00:00,Sriperumbudur (Tamil Nadu),Chakan Assembly Alpha (Pune),Coastal Maritime Lane,Road (Express),1166.2,33.3,2026-07-16 09:19:12,1,0.77,1.7,18.0,4.63,2026-07-16 09:19:12,0.0,0
SHP-TRK-14202,2026-07-15 04:00:00,Sriperumbudur (Tamil Nadu),Chakan Assembly Alpha (Pune),Chennai-Bengaluru Expressway,Road (Express),1372.1,39.2,2026-07-16 19:12:08,1,0.879,5.1,21.5,4.34,2026-07-16 19:12:08,0.0,0
SHP-TRK-14203,2026-07-15 16:00:00,Bengaluru Electronic City,Manesar Northern Plant,Western DFC Electric Rail,Air Cargo Express,853.2,14.2,2026-07-16 06:13:14,1,0.911,6.3,6.1,4.01,2026-07-16 06:13:14,0.0,0
SHP-TRK-14204,2026-07-15 16:00:00,Gurugram (Haryana),Kundli DC,Coastal Maritime Lane,Road (Heavy Haulage),623.0,17.8,2026-07-16 09:47:58,1,0.897,1.6,8.5,4.74,2026-07-16 09:47:58,0.0,0
SHP-TRK-14205,2026-07-15 22:00:00,Sriperumbudur (Tamil Nadu),Oragadam Southern Plant (Chennai),Chennai-Bengaluru Expressway,Rail (Dedicated Freight Corridor),503.2,11.2,2026-07-16 09:10:55,1,0.797,7.3,30.2,4.37,2026-07-17 11:58:55,26.8,1
SHP-TRK-14206,2026-07-15 23:00:00,Sanand Hub (Gujarat),Bhiwandi Central DC,NH48 Western Corridor,Road (Express),852.7,24.4,2026-07-16 23:21:46,1,0.917,2.5,17.2,3.73,2026-07-17 08:27:46,9.1,1
SHP-TRK-14207,2026-07-15 23:00:00,Sriperumbudur (Tamil Nadu),Chakan Assembly Alpha (Pune),NH48 Western Corridor,Road (Heavy Haulage),1145.3,32.7,2026-07-17 07:43:18,1,0.902,1.8,30.7,4.32,2026-07-17 07:43:18,0.0,0
SHP-TRK-14208,2026-07-16 03:00:00,Bengaluru Electronic City,Chakan Assembly Alpha (Pune),NH48 Western Corridor,Coastal Ro-Ro,1081.0,30.9,2026-07-17 09:53:06,1,0.852,8.2,15.0,4.51,2026-07-17 09:53:06,0.0,0
SHP-TRK-14209,2026-07-16 03:00:00,Sanand Hub (Gujarat),Chakan Assembly Alpha (Pune),NH48 Western Corridor,Road (Heavy Haulage),257.7,7.4,2026-07-16 10:21:49,1,0.882,7.4,30.8,4.7,2026-07-16 18:57:49,8.6,1
SHP-TRK-14210,2026-07-16 04:00:00,Pune MIDC (Maharashtra),Manesar Northern Plant,Coastal Maritime Lane,Road (Heavy Haulage),464.1,13.3,2026-07-16 17:15:34,1,0.731,7.4,20.0,4.55,2026-07-17 12:51:34,19.6,1
SHP-TRK-14211,2026-07-16 05:00:00,Pune MIDC (Maharashtra),Chakan Assembly Alpha (Pune),Western DFC Electric Rail,Road (Heavy Haulage),1277.3,36.5,2026-07-17 17:29:38,1,0.774,4.4,11.6,3.6,2026-07-19 05:29:38,36.0,1
SHP-TRK-14212,2026-07-16 05:00:00,Pune MIDC (Maharashtra),Oragadam Southern Plant (Chennai),Coastal Maritime Lane,Road (Heavy Haulage),1038.6,29.7,2026-07-17 10:40:31,1,0.899,7.1,13.9,4.65,2026-07-17 19:04:31,8.4,1
SHP-TRK-14213,2026-07-16 06:00:00,Sriperumbudur (Tamil Nadu),Chakan Assembly Alpha (Pune),Western DFC Electric Rail,Air Cargo Express,844.0,14.1,2026-07-16 20:04:02,1,0.729,8.3,30.7,4.06,2026-07-16 20:04:02,0.0,0
SHP-TRK-14214,2026-07-16 08:00:00,Bengaluru Electronic City,Chakan Assembly Alpha (Pune),NH48 Western Corridor,Rail (Dedicated Freight Corridor),1353.0,30.1,2026-07-17 14:04:00,1,0.766,7.0,12.9,4.55,2026-07-18 05:28:00,15.4,1
SHP-TRK-14215,2026-07-16 08:00:00,Pune MIDC (Maharashtra),Chakan Assembly Alpha (Pune),Chennai-Bengaluru Expressway,Road (Heavy Haulage),1117.9,31.9,2026-07-17 15:56:23,1,0.905,3.2,26.3,3.83,2026-07-18 03:08:23,11.2,1
SHP-TRK-14216,2026-07-16 10:00:00,Sanand Hub (Gujarat),Oragadam Southern Plant (Chennai),Western DFC Electric Rail,Road (Heavy Haulage),1120.0,32.0,2026-07-17 18:00:00,1,0.97,1.6,12.2,3.66,2026-07-17 18:00:00,0.0,0
SHP-TRK-14217,2026-07-17 00:00:00,Sanand Hub (Gujarat),Oragadam Southern Plant (Chennai),Chennai-Bengaluru Expressway,Rail (Dedicated Freight Corridor),1447.4,32.2,2026-07-18 08:09:49,1,0.921,2.8,25.1,4.08,2026-07-18 08:09:49,0.0,0
SHP-TRK-14218,2026-07-17 00:00:00,Gurugram (Haryana),Manesar Northern Plant,NH48 Western Corridor,Rail (Dedicated Freight Corridor),1288.1,28.6,2026-07-18 04:37:26,1,0.926,3.4,12.5,4.4,2026-07-18 09:19:26,4.7,1
SHP-TRK-14219,2026-07-17 01:00:00,Sanand Hub (Gujarat),Kundli DC,NH48 Western Corridor,Road (Express),706.1,20.2,2026-07-17 21:10:25,1,0.805,1.7,5.4,4.78,2026-07-19 17:16:25,44.1,1
SHP-TRK-14220,2026-07-17 04:00:00,Pune MIDC (Maharashtra),Manesar Northern Plant,Western DFC Electric Rail,Air Cargo Express,466.2,7.8,2026-07-17 11:46:11,1,0.898,8.4,5.0,3.55,2026-07-17 20:04:11,8.3,1
SHP-TRK-14221,2026-07-17 04:00:00,Sanand Hub (Gujarat),Oragadam Southern Plant (Chennai),Chennai-Bengaluru Expressway,Coastal Ro-Ro,1385.2,39.6,2026-07-18 19:34:38,1,0.751,1.2,7.5,3.64,2026-07-18 19:34:38,0.0,0
SHP-TRK-14222,2026-07-17 05:00:00,Sriperumbudur (Tamil Nadu),Chakan Assembly Alpha (Pune),NH48 Western Corridor,Road (Heavy Haulage),1101.8,31.5,2026-07-18 12:28:43,1,0.767,2.8,14.9,4.1,2026-07-18 12:28:43,0.0,0
SHP-TRK-14223,2026-07-17 10:00:00,Gurugram (Haryana),Oragadam Southern Plant (Chennai),Western DFC Electric Rail,Road (Heavy Haulage),791.1,22.6,2026-07-18 08:36:06,1,0.925,8.5,27.5,4.77,2026-07-18 16:00:06,7.4,1
SHP-TRK-14224,2026-07-17 11:00:00,Bengaluru Electronic City,Bhiwandi Central DC,Western DFC Electric Rail,Coastal Ro-Ro,825.9,23.6,2026-07-18 10:35:45,1,0.902,2.6,17.9,3.65,2026-07-18 10:35:45,0.0,0
SHP-TRK-14225,2026-07-17 16:00:00,Sriperumbudur (Tamil Nadu),Manesar Northern Plant,Chennai-Bengaluru Expressway,Road (Express),514.5,14.7,2026-07-18 06:41:54,1,0.923,3.9,21.8,3.78,2026-07-18 06:41:54,0.0,0
SHP-TRK-14226,2026-07-17 16:00:00,Sriperumbudur (Tamil Nadu),Oragadam Southern Plant (Chennai),Golden Quadrilateral Delhi-Kolkata,Road (Express),1173.6,33.5,2026-07-19 01:31:48,1,0.795,6.6,21.2,3.9,2026-07-19 12:13:48,10.7,1
SHP-TRK-14227,2026-07-17 20:00:00,Sanand Hub (Gujarat),Chakan Assembly Alpha (Pune),Chennai-Bengaluru Expressway,Road (Heavy Haulage),1282.1,36.6,2026-07-19 08:37:53,1,0.94,7.5,10.6,4.54,2026-07-20 22:01:53,37.4,1
SHP-TRK-14228,2026-07-17 21:00:00,Sanand Hub (Gujarat),Oragadam Southern Plant (Chennai),NH48 Western Corridor,Road (Heavy Haulage),772.9,22.1,2026-07-18 19:04:59,1,0.952,6.2,14.5,3.85,2026-07-19 22:52:59,27.8,1
SHP-TRK-14229,2026-07-17 22:00:00,Sriperumbudur (Tamil Nadu),Chakan Assembly Alpha (Pune),NH48 Western Corridor,Rail (Dedicated Freight Corridor),1272.7,28.3,2026-07-19 02:16:58,1,0.733,2.8,13.7,4.48,2026-07-19 02:16:58,0.0,0
SHP-TRK-14230,2026-07-18 00:00:00,Sanand Hub (Gujarat),Chakan Assembly Alpha (Pune),Golden Quadrilateral Delhi-Kolkata,Road (Express),1247.9,35.7,2026-07-19 11:39:11,1,0.896,7.0,14.9,3.66,2026-07-20 14:33:11,26.9,1
SHP-TRK-14231,2026-07-18 10:00:00,Bengaluru Electronic City,Manesar Northern Plant,Golden Quadrilateral Delhi-Kolkata,Rail (Dedicated Freight Corridor),601.4,13.4,2026-07-18 23:21:55,1,0.728,1.2,30.4,3.72,2026-07-18 23:21:55,0.0,0
SHP-TRK-14232,2026-07-18 11:00:00,Sanand Hub (Gujarat),Chakan Assembly Alpha (Pune),NH48 Western Corridor,Road (Heavy Haulage),539.5,15.4,2026-07-19 02:24:50,1,0.927,7.0,6.7,4.18,2026-07-19 02:24:50,0.0,0
SHP-TRK-14233,2026-07-18 11:00:00,Sanand Hub (Gujarat),Manesar Northern Plant,NH48 Western Corridor,Road (Heavy Haulage),429.1,12.3,2026-07-18 23:15:33,1,0.964,6.6,15.8,3.72,2026-07-18 23:15:33,0.0,0
SHP-TRK-14234,2026-07-18 13:00:00,Gurugram (Haryana),Manesar Northern Plant,Golden Quadrilateral Delhi-Kolkata,Rail (Dedicated Freight Corridor),1023.7,22.7,2026-07-19 11:44:58,1,0.951,7.6,9.9,3.73,2026-07-19 16:38:58,4.9,1
SHP-TRK-14235,2026-07-18 15:00:00,Bengaluru Electronic City,Chakan Assembly Alpha (Pune),Golden Quadrilateral Delhi-Kolkata,Road (Heavy Haulage),1258.4,36.0,2026-07-20 02:57:14,1,0.722,1.1,8.5,4.1,2026-07-20 02:57:14,0.0,0
SHP-TRK-14236,2026-07-18 19:00:00,Gurugram (Haryana),Bhiwandi Central DC,NH48 Western Corridor,Air Cargo Express,820.3,13.7,2026-07-19 08:40:16,1,0.978,2.2,20.3,3.98,2026-07-19 08:40:16,0.0,0
SHP-TRK-14237,2026-07-18 20:00:00,Gurugram (Haryana),Manesar Northern Plant,Golden Quadrilateral Delhi-Kolkata,Road (Express),884.8,25.3,2026-07-19 21:16:49,1,0.926,8.8,31.1,4.13,2026-07-19 21:16:49,0.0,0
SHP-TRK-14238,2026-07-18 20:00:00,Sanand Hub (Gujarat),Chakan Assembly Alpha (Pune),NH48 Western Corridor,Road (Heavy Haulage),405.8,11.6,2026-07-19 07:35:41,1,0.778,1.7,18.9,3.9,2026-07-20 06:35:41,23.0,1
SHP-TRK-14239,2026-07-18 23:00:00,Sriperumbudur (Tamil Nadu),Bhiwandi Central DC,Coastal Maritime Lane,Road (Heavy Haulage),1024.3,29.3,2026-07-20 04:15:55,1,0.734,3.5,28.9,3.83,2026-07-20 04:15:55,0.0,0
SHP-TRK-14240,2026-07-19 04:00:00,Gurugram (Haryana),Bhiwandi Central DC,Chennai-Bengaluru Expressway,Road (Express),1173.7,33.5,2026-07-20 13:32:07,1,0.795,5.7,27.7,3.64,2026-07-20 20:02:07,6.5,1
SHP-TRK-14241,2026-07-19 05:00:00,Sanand Hub (Gujarat),Chakan Assembly Alpha (Pune),Chennai-Bengaluru Expressway,Road (Express),431.6,12.3,2026-07-19 17:19:57,1,0.903,6.0,12.1,4.5,2026-07-20 01:19:57,8.0,1
SHP-TRK-14242,2026-07-19 06:00:00,Bengaluru Electronic City,Chakan Assembly Alpha (Pune),Coastal Maritime Lane,Road (Heavy Haulage),1153.2,32.9,2026-07-20 14:56:59,1,0.843,8.5,12.6,3.87,2026-07-21 00:02:59,9.1,1
SHP-TRK-14243,2026-07-19 06:00:00,Pune MIDC (Maharashtra),Bhiwandi Central DC,NH48 Western Corridor,Road (Heavy Haulage),679.1,19.4,2026-07-20 01:24:10,1,0.918,1.8,23.0,3.67,2026-07-20 01:24:10,0.0,0
SHP-TRK-14244,2026-07-19 07:00:00,Gurugram (Haryana),Chakan Assembly Alpha (Pune),Golden Quadrilateral Delhi-Kolkata,Rail (Dedicated Freight Corridor),783.7,17.4,2026-07-20 00:24:57,1,0.773,8.4,5.0,3.96,2026-07-20 00:24:57,0.0,0
SHP-TRK-14245,2026-07-19 07:00:00,Bengaluru Electronic City,Oragadam Southern Plant (Chennai),NH48 Western Corridor,Rail (Dedicated Freight Corridor),1065.6,23.7,2026-07-20 06:40:51,1,0.725,1.2,17.7,3.81,2026-07-20 06:40:51,0.0,0
SHP-TRK-14246,2026-07-19 07:00:00,Sriperumbudur (Tamil Nadu),Oragadam Southern Plant (Chennai),Golden Quadrilateral Delhi-Kolkata,Road (Heavy Haulage),1399.5,40.0,2026-07-20 22:59:11,1,0.848,7.3,11.3,4.37,2026-07-20 22:59:11,0.0,0
SHP-TRK-14247,2026-07-19 14:00:00,Sriperumbudur (Tamil Nadu),Bhiwandi Central DC,NH48 Western Corridor,Road (Heavy Haulage),349.7,10.0,2026-07-19 23:59:27,1,0.909,7.8,15.7,3.51,2026-07-20 18:59:27,19.0,1
SHP-TRK-14248,2026-07-19 17:00:00,Bengaluru Electronic City,Oragadam Southern Plant (Chennai),Western DFC Electric Rail,Rail (Dedicated Freight Corridor),500.4,11.1,2026-07-20 04:07:13,1,0.861,8.4,5.2,4.34,2026-07-20 04:07:13,0.0,0
SHP-TRK-14249,2026-07-19 17:00:00,Gurugram (Haryana),Manesar Northern Plant,Golden Quadrilateral Delhi-Kolkata,Rail (Dedicated Freight Corridor),571.4,12.7,2026-07-20 05:41:49,1,0.875,5.2,16.6,3.82,2026-07-20 14:29:49,8.8,1
SHP-TRK-14250,2026-07-19 18:00:00,Pune MIDC (Maharashtra),Kundli DC,NH48 Western Corridor,Road (Heavy Haulage),1449.9,41.4,2026-07-21 11:25:37,1,0.9,8.1,8.5,4.62,2026-07-21 11:25:37,0.0,0
SHP-TRK-14251,2026-07-19 21:00:00,Sanand Hub (Gujarat),Chakan Assembly Alpha (Pune),NH48 Western Corridor,Road (Heavy Haulage),1420.5,40.6,2026-07-21 13:35:07,1,0.814,7.1,26.6,3.56,2026-07-22 09:41:07,20.1,1
SHP-TRK-14252,2026-07-20 04:00:00,Bengaluru Electronic City,Kundli DC,NH48 Western Corridor,Road (Heavy Haulage),1198.6,34.2,2026-07-21 14:14:47,1,0.893,6.1,28.0,4.72,2026-07-22 14:50:47,24.6,1
SHP-TRK-14253,2026-07-20 04:00:00,Sanand Hub (Gujarat),Manesar Northern Plant,NH48 Western Corridor,Road (Heavy Haulage),751.3,21.5,2026-07-21 01:27:56,1,0.887,8.4,21.6,3.58,2026-07-21 01:27:56,0.0,0
SHP-TRK-14254,2026-07-20 07:00:00,Sanand Hub (Gujarat),Kundli DC,NH48 Western Corridor,Air Cargo Express,995.2,16.6,2026-07-20 23:35:10,1,0.814,4.7,28.2,3.76,2026-07-20 23:35:10,0.0,0
SHP-TRK-14255,2026-07-20 10:00:00,Bengaluru Electronic City,Chakan Assembly Alpha (Pune),Western DFC Electric Rail,Road (Express),1390.9,39.7,2026-07-22 01:44:20,1,0.932,2.7,26.1,3.78,2026-07-22 01:44:20,0.0,0
SHP-TRK-14256,2026-07-20 11:00:00,Bengaluru Electronic City,Kundli DC,Golden Quadrilateral Delhi-Kolkata,Rail (Dedicated Freight Corridor),822.5,18.3,2026-07-21 05:16:40,1,0.817,7.4,27.8,4.16,2026-07-21 13:52:40,8.6,1
SHP-TRK-14257,2026-07-20 11:00:00,Bengaluru Electronic City,Bhiwandi Central DC,Golden Quadrilateral Delhi-Kolkata,Road (Heavy Haulage),991.5,28.3,2026-07-21 15:19:39,1,0.795,3.8,9.5,3.96,2026-07-22 13:01:39,21.7,1
SHP-TRK-14258,2026-07-20 14:00:00,Sriperumbudur (Tamil Nadu),Oragadam Southern Plant (Chennai),Western DFC Electric Rail,Road (Heavy Haulage),1157.8,33.1,2026-07-21 23:04:44,1,0.797,6.2,10.0,3.98,2026-07-22 09:22:44,10.3,1
SHP-TRK-14259,2026-07-20 14:00:00,Pune MIDC (Maharashtra),Oragadam Southern Plant (Chennai),Western DFC Electric Rail,Road (Heavy Haulage),813.1,23.2,2026-07-21 13:13:53,1,0.806,7.4,8.7,3.9,2026-07-21 13:13:53,0.0,0
SHP-TRK-14260,2026-07-20 20:00:00,Bengaluru Electronic City,Kundli DC,NH48 Western Corridor,Road (Express),944.0,27.0,2026-07-21 22:58:12,1,0.801,5.1,24.9,4.19,2026-07-22 03:58:12,5.0,1
SHP-TRK-14261,2026-07-20 21:00:00,Sanand Hub (Gujarat),Oragadam Southern Plant (Chennai),Western DFC Electric Rail,Rail (Dedicated Freight Corridor),857.4,19.1,2026-07-21 16:03:15,1,0.76,8.5,22.4,4.72,2026-07-23 19:21:15,51.3,1
SHP-TRK-14262,2026-07-21 00:00:00,Sanand Hub (Gujarat),Manesar Northern Plant,NH48 Western Corridor,Rail (Dedicated Freight Corridor),530.2,11.8,2026-07-21 11:46:53,1,0.867,3.6,27.5,4.66,2026-07-23 02:10:53,38.4,1
SHP-TRK-14263,2026-07-21 00:00:00,Pune MIDC (Maharashtra),Chakan Assembly Alpha (Pune),Western DFC Electric Rail,Road (Express),1010.5,28.9,2026-07-22 04:52:18,1,0.801,7.7,5.6,4.37,2026-07-23 09:34:18,28.7,1
SHP-TRK-14264,2026-07-21 01:00:00,Sanand Hub (Gujarat),Chakan Assembly Alpha (Pune),NH48 Western Corridor,Rail (Dedicated Freight Corridor),255.9,5.7,2026-07-21 06:41:11,1,0.731,7.1,6.8,4.06,2026-07-21 06:41:11,0.0,0
SHP-TRK-14265,2026-07-21 02:00:00,Pune MIDC (Maharashtra),Chakan Assembly Alpha (Pune),NH48 Western Corridor,Coastal Ro-Ro,300.6,8.6,2026-07-21 10:35:15,1,0.734,1.8,17.9,3.83,2026-07-21 10:35:15,0.0,0
SHP-TRK-14266,2026-07-21 02:00:00,Pune MIDC (Maharashtra),Bhiwandi Central DC,NH48 Western Corridor,Coastal Ro-Ro,412.6,11.8,2026-07-21 13:47:23,1,0.752,3.9,18.0,3.79,2026-07-21 13:47:23,0.0,0
SHP-TRK-14267,2026-07-21 04:00:00,Sriperumbudur (Tamil Nadu),Oragadam Southern Plant (Chennai),NH48 Western Corridor,Road (Heavy Haulage),960.7,27.4,2026-07-22 07:26:52,1,0.89,7.1,29.4,3.75,2026-07-22 07:26:52,0.0,0
SHP-TRK-14268,2026-07-21 07:00:00,Sanand Hub (Gujarat),Kundli DC,Golden Quadrilateral Delhi-Kolkata,Road (Express),1113.7,31.8,2026-07-22 14:49:07,1,0.789,7.8,8.4,4.24,2026-07-23 00:49:07,10.0,1
SHP-TRK-14269,2026-07-21 11:00:00,Bengaluru Electronic City,Oragadam Southern Plant (Chennai),Western DFC Electric Rail,Rail (Dedicated Freight Corridor),550.0,12.2,2026-07-21 23:13:18,1,0.893,7.3,17.7,4.2,2026-07-21 23:13:18,0.0,0
SHP-TRK-14270,2026-07-21 15:00:00,Sanand Hub (Gujarat),Oragadam Southern Plant (Chennai),Golden Quadrilateral Delhi-Kolkata,Road (Heavy Haulage),859.8,24.6,2026-07-22 15:33:55,1,0.753,5.3,29.2,4.84,2026-07-25 04:03:55,60.5,1
SHP-TRK-14271,2026-07-21 18:00:00,Pune MIDC (Maharashtra),Bhiwandi Central DC,Western DFC Electric Rail,Road (Heavy Haulage),1395.3,39.9,2026-07-23 09:51:54,1,0.815,1.8,8.7,3.97,2026-07-23 09:51:54,0.0,0
SHP-TRK-14272,2026-07-21 19:00:00,Sanand Hub (Gujarat),Bhiwandi Central DC,Western DFC Electric Rail,Rail (Dedicated Freight Corridor),434.7,9.7,2026-07-22 04:39:39,1,0.77,2.0,18.6,4.5,2026-07-22 04:39:39,0.0,0
SHP-TRK-14273,2026-07-21 21:00:00,Bengaluru Electronic City,Bhiwandi Central DC,NH48 Western Corridor,Road (Heavy Haulage),1269.2,36.3,2026-07-23 09:15:42,1,0.784,6.7,4.7,3.67,2026-07-24 02:27:42,17.2,1
SHP-TRK-14274,2026-07-21 23:00:00,Sanand Hub (Gujarat),Oragadam Southern Plant (Chennai),Chennai-Bengaluru Expressway,Road (Heavy Haulage),1232.6,35.2,2026-07-23 10:13:01,1,0.88,3.3,17.2,3.5,2026-07-23 10:13:01,0.0,0
SHP-TRK-14275,2026-07-22 03:00:00,Bengaluru Electronic City,Bhiwandi Central DC,Western DFC Electric Rail,Road (Heavy Haulage),365.6,10.4,2026-07-22 13:26:44,1,0.922,1.8,28.2,3.95,2026-07-24 00:26:44,35.0,1
SHP-TRK-14276,2026-07-22 05:00:00,Sriperumbudur (Tamil Nadu),Bhiwandi Central DC,NH48 Western Corridor,Road (Heavy Haulage),1340.0,38.3,2026-07-23 19:17:09,1,0.821,6.7,8.4,4.48,2026-07-24 00:23:09,5.1,1
SHP-TRK-14277,2026-07-22 08:00:00,Bengaluru Electronic City,Oragadam Southern Plant (Chennai),Western DFC Electric Rail,Road (Heavy Haulage),655.1,18.7,2026-07-23 02:42:59,1,0.82,6.2,9.4,4.51,2026-07-23 02:42:59,0.0,0
SHP-TRK-14278,2026-07-22 10:00:00,Sriperumbudur (Tamil Nadu),Chakan Assembly Alpha (Pune),NH48 Western Corridor,Rail (Dedicated Freight Corridor),1215.3,27.0,2026-07-23 13:00:21,1,0.799,1.9,9.0,4.56,2026-07-23 13:00:21,0.0,0
SHP-TRK-14279,2026-07-22 14:00:00,Sanand Hub (Gujarat),Kundli DC,Golden Quadrilateral Delhi-Kolkata,Road (Heavy Haulage),1038.1,29.7,2026-07-23 19:39:34,1,0.934,4.1,15.6,4.0,2026-07-23 19:39:34,0.0,0
SHP-TRK-14280,2026-07-22 16:00:00,Sanand Hub (Gujarat),Manesar Northern Plant,Western DFC Electric Rail,Rail (Dedicated Freight Corridor),613.4,13.6,2026-07-23 05:37:51,1,0.803,6.9,24.6,4.54,2026-07-23 05:37:51,0.0,0
SHP-TRK-14281,2026-07-22 19:00:00,Pune MIDC (Maharashtra),Chakan Assembly Alpha (Pune),Golden Quadrilateral Delhi-Kolkata,Road (Heavy Haulage),368.3,10.5,2026-07-23 05:31:26,1,0.975,8.0,19.2,4.5,2026-07-23 20:01:26,14.5,1
SHP-TRK-14282,2026-07-22 22:00:00,Pune MIDC (Maharashtra),Chakan Assembly Alpha (Pune),Western DFC Electric Rail,Road (Express),298.7,8.5,2026-07-23 06:32:02,1,0.801,5.1,9.7,4.77,2026-07-23 10:44:02,4.2,1
SHP-TRK-14283,2026-07-23 00:00:00,Sanand Hub (Gujarat),Oragadam Southern Plant (Chennai),Golden Quadrilateral Delhi-Kolkata,Road (Heavy Haulage),1098.6,31.4,2026-07-24 07:23:21,1,0.93,5.9,20.8,3.57,2026-07-25 01:35:21,18.2,1
SHP-TRK-14284,2026-07-23 01:00:00,Sriperumbudur (Tamil Nadu),Chakan Assembly Alpha (Pune),Western DFC Electric Rail,Air Cargo Express,886.4,14.8,2026-07-23 15:46:25,1,0.872,7.2,17.7,3.83,2026-07-23 15:46:25,0.0,0
SHP-TRK-14285,2026-07-23 01:00:00,Sanand Hub (Gujarat),Chakan Assembly Alpha (Pune),Chennai-Bengaluru Expressway,Road (Heavy Haulage),1168.0,33.4,2026-07-24 10:22:12,1,0.777,1.0,18.0,4.0,2026-07-25 11:16:12,24.9,1
SHP-TRK-14286,2026-07-23 03:00:00,Gurugram (Haryana),Chakan Assembly Alpha (Pune),Coastal Maritime Lane,Road (Heavy Haulage),264.1,7.5,2026-07-23 10:32:42,1,0.822,3.1,19.1,4.81,2026-07-24 19:08:42,32.6,1
SHP-TRK-14287,2026-07-23 04:00:00,Pune MIDC (Maharashtra),Oragadam Southern Plant (Chennai),Golden Quadrilateral Delhi-Kolkata,Coastal Ro-Ro,676.7,19.3,2026-07-23 23:20:06,1,0.744,6.3,24.5,4.88,2026-07-24 14:32:06,15.2,1
SHP-TRK-14288,2026-07-23 05:00:00,Bengaluru Electronic City,Oragadam Southern Plant (Chennai),NH48 Western Corridor,Coastal Ro-Ro,1370.2,39.1,2026-07-24 20:08:58,1,0.923,4.1,6.8,4.46,2026-07-25 06:44:58,10.6,1
SHP-TRK-14289,2026-07-23 07:00:00,Bengaluru Electronic City,Manesar Northern Plant,Western DFC Electric Rail,Rail (Dedicated Freight Corridor),1411.0,31.4,2026-07-24 14:21:19,1,0.909,8.3,11.2,4.3,2026-07-24 14:21:19,0.0,0
SHP-TRK-14290,2026-07-23 07:00:00,Gurugram (Haryana),Oragadam Southern Plant (Chennai),NH48 Western Corridor,Road (Heavy Haulage),512.6,14.6,2026-07-23 21:38:44,1,0.777,4.8,29.0,4.68,2026-07-24 06:26:44,8.8,1
SHP-TRK-14291,2026-07-23 11:00:00,Bengaluru Electronic City,Kundli DC,Western DFC Electric Rail,Road (Heavy Haulage),364.7,10.4,2026-07-23 21:25:15,1,0.978,8.1,27.0,4.79,2026-07-26 02:13:15,52.8,1
SHP-TRK-14292,2026-07-23 13:00:00,Bengaluru Electronic City,Manesar Northern Plant,Western DFC Electric Rail,Coastal Ro-Ro,385.7,11.0,2026-07-24 00:01:07,1,0.946,4.8,31.6,3.44,2026-07-24 00:01:07,0.0,0
SHP-TRK-14293,2026-07-23 14:00:00,Bengaluru Electronic City,Manesar Northern Plant,Western DFC Electric Rail,Road (Heavy Haulage),436.7,12.5,2026-07-24 02:28:34,1,0.887,8.7,21.7,3.99,2026-07-24 02:28:34,0.0,0
SHP-TRK-14294,2026-07-23 14:00:00,Sriperumbudur (Tamil Nadu),Oragadam Southern Plant (Chennai),Chennai-Bengaluru Expressway,Road (Express),1045.5,29.9,2026-07-24 19:52:13,1,0.975,7.6,7.9,4.82,2026-07-26 08:34:13,36.7,1
SHP-TRK-14295,2026-07-23 21:00:00,Bengaluru Electronic City,Manesar Northern Plant,NH48 Western Corridor,Road (Heavy Haulage),1311.5,37.5,2026-07-25 10:28:20,1,0.962,5.0,5.0,4.12,2026-07-25 10:28:20,0.0,0
SHP-TRK-14296,2026-07-23 22:00:00,Sanand Hub (Gujarat),Chakan Assembly Alpha (Pune),Golden Quadrilateral Delhi-Kolkata,Road (Heavy Haulage),609.3,17.4,2026-07-24 15:24:29,1,0.753,8.3,30.8,4.29,2026-07-24 23:06:29,7.7,1
SHP-TRK-14297,2026-07-24 02:00:00,Sanand Hub (Gujarat),Chakan Assembly Alpha (Pune),Coastal Maritime Lane,Road (Heavy Haulage),1404.9,40.1,2026-07-25 18:08:27,1,0.939,6.6,24.3,4.35,2026-07-26 08:44:27,14.6,1
SHP-TRK-14298,2026-07-24 10:00:00,Pune MIDC (Maharashtra),Chakan Assembly Alpha (Pune),Coastal Maritime Lane,Road (Heavy Haulage),652.2,18.6,2026-07-25 04:38:00,1,0.79,4.4,12.5,4.36,2026-07-25 11:56:00,7.3,1
SHP-TRK-14299,2026-07-24 19:00:00,Sanand Hub (Gujarat),Manesar Northern Plant,NH48 Western Corridor,Road (Heavy Haulage),1283.9,36.7,2026-07-26 07:40:56,1,0.918,6.3,5.3,3.62,2026-07-27 11:04:56,27.4,1
SHP-TRK-14300,2026-07-24 20:00:00,Pune MIDC (Maharashtra),Manesar Northern Plant,Western DFC Electric Rail,Road (Express),750.4,21.4,2026-07-25 17:26:22,1,0.796,6.4,26.7,3.93,2026-07-26 04:08:22,10.7,1
SHP-TRK-14301,2026-07-24 21:00:00,Sriperumbudur (Tamil Nadu),Chakan Assembly Alpha (Pune),Western DFC Electric Rail,Coastal Ro-Ro,1358.5,38.8,2026-07-26 11:48:51,1,0.932,2.5,8.1,4.2,2026-07-26 11:48:51,0.0,0
SHP-TRK-14302,2026-07-25 01:00:00,Sanand Hub (Gujarat),Kundli DC,NH48 Western Corridor,Rail (Dedicated Freight Corridor),869.9,19.3,2026-07-25 20:19:53,1,0.934,1.9,14.4,4.66,2026-07-25 20:19:53,0.0,0
SHP-TRK-14303,2026-07-25 08:00:00,Pune MIDC (Maharashtra),Oragadam Southern Plant (Chennai),NH48 Western Corridor,Rail (Dedicated Freight Corridor),935.6,20.8,2026-07-26 04:47:26,1,0.978,5.3,31.7,3.58,2026-07-26 04:47:26,0.0,0
SHP-TRK-14304,2026-07-25 10:00:00,Pune MIDC (Maharashtra),Chakan Assembly Alpha (Pune),Western DFC Electric Rail,Rail (Dedicated Freight Corridor),1320.7,29.3,2026-07-26 15:20:54,1,0.775,8.0,30.2,3.79,2026-07-28 01:38:54,34.3,1
SHP-TRK-14305,2026-07-25 11:00:00,Sanand Hub (Gujarat),Kundli DC,Western DFC Electric Rail,Road (Heavy Haulage),913.4,26.1,2026-07-26 13:05:54,1,0.775,6.4,5.8,4.83,2026-07-28 09:35:54,44.5,1
SHP-TRK-14306,2026-07-25 11:00:00,Bengaluru Electronic City,Chakan Assembly Alpha (Pune),Chennai-Bengaluru Expressway,Road (Heavy Haulage),334.3,9.6,2026-07-25 20:33:08,1,0.753,8.2,15.9,4.72,2026-07-26 02:39:08,6.1,1
SHP-TRK-14307,2026-07-25 14:00:00,Bengaluru Electronic City,Chakan Assembly Alpha (Pune),Chennai-Bengaluru Expressway,Air Cargo Express,277.6,4.6,2026-07-25 18:37:37,1,0.871,3.0,19.2,3.87,2026-07-25 18:37:37,0.0,0
SHP-TRK-14308,2026-07-25 16:00:00,Sriperumbudur (Tamil Nadu),Oragadam Southern Plant (Chennai),NH48 Western Corridor,Road (Heavy Haulage),1413.3,40.4,2026-07-27 08:22:48,1,0.765,6.1,6.8,3.74,2026-07-27 13:46:48,5.4,1
SHP-TRK-14309,2026-07-25 20:00:00,Sriperumbudur (Tamil Nadu),Chakan Assembly Alpha (Pune),NH48 Western Corridor,Rail (Dedicated Freight Corridor),492.9,11.0,2026-07-26 06:57:10,1,0.911,1.3,7.6,3.43,2026-07-26 06:57:10,0.0,0
SHP-TRK-14310,2026-07-25 23:00:00,Sanand Hub (Gujarat),Chakan Assembly Alpha (Pune),Chennai-Bengaluru Expressway,Road (Heavy Haulage),329.3,9.4,2026-07-26 08:24:29,1,0.944,7.6,7.3,4.29,2026-07-26 13:06:29,4.7,1
SHP-TRK-14311,2026-07-26 02:00:00,Sriperumbudur (Tamil Nadu),Manesar Northern Plant,NH48 Western Corridor,Rail (Dedicated Freight Corridor),1259.1,28.0,2026-07-27 05:58:51,1,0.805,8.9,15.1,4.25,2026-07-28 17:28:51,35.5,1
SHP-TRK-14312,2026-07-26 04:00:00,Pune MIDC (Maharashtra),Oragadam Southern Plant (Chennai),Coastal Maritime Lane,Air Cargo Express,774.1,12.9,2026-07-26 16:54:07,1,0.783,6.2,30.8,4.83,2026-07-26 16:54:07,0.0,0
SHP-TRK-14313,2026-07-26 07:00:00,Bengaluru Electronic City,Kundli DC,NH48 Western Corridor,Road (Heavy Haulage),843.4,24.1,2026-07-27 07:05:46,1,0.89,3.4,29.9,4.6,2026-07-27 07:05:46,0.0,0
SHP-TRK-14314,2026-07-26 07:00:00,Sanand Hub (Gujarat),Chakan Assembly Alpha (Pune),Golden Quadrilateral Delhi-Kolkata,Rail (Dedicated Freight Corridor),397.9,8.8,2026-07-26 15:50:30,1,0.887,5.2,24.5,4.44,2026-07-26 15:50:30,0.0,0
SHP-TRK-14315,2026-07-26 07:00:00,Sanand Hub (Gujarat),Chakan Assembly Alpha (Pune),NH48 Western Corridor,Coastal Ro-Ro,1432.6,40.9,2026-07-27 23:55:53,1,0.732,5.0,13.4,4.89,2026-07-27 23:55:53,0.0,0
SHP-TRK-14316,2026-07-26 11:00:00,Sanand Hub (Gujarat),Chakan Assembly Alpha (Pune),Chennai-Bengaluru Expressway,Road (Express),1046.4,29.9,2026-07-27 16:53:53,1,0.945,1.5,22.1,3.69,2026-07-27 16:53:53,0.0,0
SHP-TRK-14317,2026-07-26 12:00:00,Pune MIDC (Maharashtra),Kundli DC,NH48 Western Corridor,Air Cargo Express,638.8,10.6,2026-07-26 22:38:47,1,0.85,2.3,30.7,3.91,2026-07-27 22:44:47,24.1,1
SHP-TRK-14318,2026-07-26 15:00:00,Sriperumbudur (Tamil Nadu),Chakan Assembly Alpha (Pune),Western DFC Electric Rail,Road (Heavy Haulage),1062.6,30.4,2026-07-27 21:21:39,1,0.922,1.2,8.7,4.62,2026-07-27 21:21:39,0.0,0
SHP-TRK-14319,2026-07-26 17:00:00,Sanand Hub (Gujarat),Chakan Assembly Alpha (Pune),NH48 Western Corridor,Road (Heavy Haulage),259.6,7.4,2026-07-27 00:25:03,1,0.873,8.2,8.6,4.26,2026-07-27 00:25:03,0.0,0
SHP-TRK-14320,2026-07-26 17:00:00,Gurugram (Haryana),Bhiwandi Central DC,Western DFC Electric Rail,Air Cargo Express,1223.6,20.4,2026-07-27 13:23:36,1,0.811,2.7,29.6,3.54,2026-07-27 13:23:36,0.0,0
SHP-TRK-14321,2026-07-26 19:00:00,Gurugram (Haryana),Oragadam Southern Plant (Chennai),Western DFC Electric Rail,Road (Heavy Haulage),932.3,26.6,2026-07-27 21:38:15,1,0.86,3.0,30.9,3.41,2026-07-27 21:38:15,0.0,0
SHP-TRK-14322,2026-07-26 20:00:00,Bengaluru Electronic City,Chakan Assembly Alpha (Pune),Chennai-Bengaluru Expressway,Air Cargo Express,872.0,14.5,2026-07-27 10:31:57,1,0.938,6.6,18.2,3.8,2026-07-27 10:31:57,0.0,0
SHP-TRK-14323,2026-07-26 21:00:00,Bengaluru Electronic City,Manesar Northern Plant,NH48 Western Corridor,Road (Heavy Haulage),262.5,7.5,2026-07-27 04:29:57,1,0.879,9.0,29.0,4.58,2026-07-27 04:29:57,0.0,0
SHP-TRK-14324,2026-07-27 00:00:00,Bengaluru Electronic City,Chakan Assembly Alpha (Pune),NH48 Western Corridor,Road (Heavy Haulage),1010.6,28.9,2026-07-28 04:52:22,1,0.765,7.1,9.7,3.56,2026-07-30 05:04:22,48.2,1
SHP-TRK-14325,2026-07-27 09:00:00,Bengaluru Electronic City,Chakan Assembly Alpha (Pune),Western DFC Electric Rail,Road (Heavy Haulage),1006.9,28.8,2026-07-28 13:46:04,1,0.77,8.0,23.8,4.53,2026-07-28 21:46:04,8.0,1
SHP-TRK-14326,2026-07-27 10:00:00,Pune MIDC (Maharashtra),Chakan Assembly Alpha (Pune),NH48 Western Corridor,Road (Heavy Haulage),603.0,17.2,2026-07-28 03:13:40,1,0.795,8.8,25.1,3.82,2026-07-28 03:13:40,0.0,0
SHP-TRK-14327,2026-07-27 11:00:00,Sanand Hub (Gujarat),Chakan Assembly Alpha (Pune),NH48 Western Corridor,Rail (Dedicated Freight Corridor),481.5,10.7,2026-07-27 21:42:03,1,0.733,8.0,21.0,4.53,2026-07-28 22:06:03,24.4,1
SHP-TRK-14328,2026-07-27 12:00:00,Bengaluru Electronic City,Chakan Assembly Alpha (Pune),NH48 Western Corridor,Road (Express),1266.9,36.2,2026-07-29 00:11:51,1,0.731,5.0,9.4,4.9,2026-07-29 00:11:51,0.0,0
SHP-TRK-14329,2026-07-27 13:00:00,Bengaluru Electronic City,Chakan Assembly Alpha (Pune),Chennai-Bengaluru Expressway,Road (Heavy Haulage),1168.9,33.4,2026-07-28 22:23:51,1,0.78,8.6,21.6,4.08,2026-07-29 14:17:51,15.9,1
SHP-TRK-14330,2026-07-27 21:00:00,Pune MIDC (Maharashtra),Oragadam Southern Plant (Chennai),Chennai-Bengaluru Expressway,Air Cargo Express,1059.5,17.7,2026-07-28 14:39:31,1,0.787,8.8,19.6,3.72,2026-07-28 14:39:31,0.0,0
SHP-TRK-14331,2026-07-27 22:00:00,Gurugram (Haryana),Bhiwandi Central DC,NH48 Western Corridor,Coastal Ro-Ro,766.8,21.9,2026-07-28 19:54:29,1,0.745,2.1,12.3,4.4,2026-07-28 19:54:29,0.0,0
SHP-TRK-14332,2026-07-28 01:00:00,Bengaluru Electronic City,Kundli DC,Coastal Maritime Lane,Road (Express),1362.7,38.9,2026-07-29 15:55:59,1,0.915,2.9,31.9,4.67,2026-07-30 11:31:59,19.6,1
SHP-TRK-14333,2026-07-28 02:00:00,Sanand Hub (Gujarat),Manesar Northern Plant,NH48 Western Corridor,Road (Heavy Haulage),264.1,7.5,2026-07-28 09:32:47,1,0.947,2.1,28.6,4.33,2026-07-28 09:32:47,0.0,0
SHP-TRK-14334,2026-07-28 03:00:00,Pune MIDC (Maharashtra),Oragadam Southern Plant (Chennai),NH48 Western Corridor,Road (Heavy Haulage),934.5,26.7,2026-07-29 05:41:59,1,0.864,3.4,21.0,4.24,2026-07-30 08:35:59,26.9,1
SHP-TRK-14335,2026-07-28 07:00:00,Gurugram (Haryana),Oragadam Southern Plant (Chennai),Western DFC Electric Rail,Air Cargo Express,919.6,15.3,2026-07-28 22:19:38,1,0.815,4.2,30.2,3.58,2026-07-28 22:19:38,0.0,0
SHP-TRK-14336,2026-07-28 14:00:00,Pune MIDC (Maharashtra),Manesar Northern Plant,Western DFC Electric Rail,Road (Heavy Haulage),879.9,25.1,2026-07-29 15:08:22,1,0.874,7.6,15.3,4.65,2026-07-29 15:08:22,0.0,0
SHP-TRK-14337,2026-07-28 14:00:00,Pune MIDC (Maharashtra),Chakan Assembly Alpha (Pune),Western DFC Electric Rail,Road (Heavy Haulage),1312.9,37.5,2026-07-30 03:30:43,1,0.926,5.7,31.6,4.63,2026-07-31 09:24:43,29.9,1
SHP-TRK-14338,2026-07-28 15:00:00,Gurugram (Haryana),Kundli DC,NH48 Western Corridor,Rail (Dedicated Freight Corridor),803.1,17.8,2026-07-29 08:50:45,1,0.942,7.7,13.7,4.11,2026-07-29 22:50:45,14.0,1
SHP-TRK-14339,2026-07-28 16:00:00,Sanand Hub (Gujarat),Bhiwandi Central DC,Western DFC Electric Rail,Road (Heavy Haulage),371.8,10.6,2026-07-29 02:37:20,1,0.944,6.9,15.2,4.88,2026-07-29 09:31:20,6.9,1
SHP-TRK-14340,2026-07-28 21:00:00,Pune MIDC (Maharashtra),Bhiwandi Central DC,NH48 Western Corridor,Road (Heavy Haulage),952.4,27.2,2026-07-30 00:12:45,1,0.757,7.2,15.9,4.89,2026-07-30 05:18:45,5.1,1
SHP-TRK-14341,2026-07-28 21:00:00,Gurugram (Haryana),Chakan Assembly Alpha (Pune),NH48 Western Corridor,Road (Heavy Haulage),606.2,17.3,2026-07-29 14:19:08,1,0.963,6.8,30.8,4.53,2026-07-29 14:19:08,0.0,0
SHP-TRK-14342,2026-07-28 23:00:00,Sriperumbudur (Tamil Nadu),Bhiwandi Central DC,NH48 Western Corridor,Rail (Dedicated Freight Corridor),1027.8,22.8,2026-07-29 21:50:20,1,0.854,8.9,18.5,4.78,2026-07-30 06:08:20,8.3,1
SHP-TRK-14343,2026-07-29 01:00:00,Gurugram (Haryana),Manesar Northern Plant,NH48 Western Corridor,Road (Heavy Haulage),825.5,23.6,2026-07-30 00:35:10,1,0.98,8.0,30.2,3.88,2026-07-31 07:59:10,31.4,1
SHP-TRK-14344,2026-07-29 06:00:00,Sanand Hub (Gujarat),Kundli DC,Golden Quadrilateral Delhi-Kolkata,Road (Heavy Haulage),1040.8,29.7,2026-07-30 11:44:09,1,0.761,2.6,13.5,3.46,2026-07-30 11:44:09,0.0,0
SHP-TRK-14345,2026-07-29 06:00:00,Bengaluru Electronic City,Manesar Northern Plant,NH48 Western Corridor,Road (Heavy Haulage),718.3,20.5,2026-07-30 02:31:17,1,0.795,6.2,31.2,4.05,2026-07-31 15:07:17,36.6,1
SHP-TRK-14346,2026-07-29 07:00:00,Sriperumbudur (Tamil Nadu),Bhiwandi Central DC,NH48 Western Corridor,Rail (Dedicated Freight Corridor),418.7,9.3,2026-07-29 16:18:17,1,0.925,2.8,20.1,3.86,2026-07-29 16:18:17,0.0,0
SHP-TRK-14347,2026-07-29 11:00:00,Pune MIDC (Maharashtra),Manesar Northern Plant,NH48 Western Corridor,Rail (Dedicated Freight Corridor),521.8,11.6,2026-07-29 22:35:41,1,0.854,7.5,20.3,3.42,2026-07-29 22:35:41,0.0,0
SHP-TRK-14348,2026-07-29 16:00:00,Gurugram (Haryana),Manesar Northern Plant,NH48 Western Corridor,Road (Express),860.0,24.6,2026-07-30 16:34:18,1,0.927,7.1,13.7,4.8,2026-07-31 11:46:18,19.2,1
SHP-TRK-14349,2026-07-29 20:00:00,Bengaluru Electronic City,Oragadam Southern Plant (Chennai),Golden Quadrilateral Delhi-Kolkata,Air Cargo Express,715.9,11.9,2026-07-30 07:55:55,1,0.735,6.8,14.2,3.88,2026-07-31 01:13:55,17.3,1
SHP-TRK-14350,2026-07-29 21:00:00,Bengaluru Electronic City,Oragadam Southern Plant (Chennai),NH48 Western Corridor,Road (Express),347.1,9.9,2026-07-30 06:55:05,1,0.83,1.4,23.7,4.39,2026-07-30 06:55:05,0.0,0
SHP-TRK-14351,2026-07-29 21:00:00,Bengaluru Electronic City,Chakan Assembly Alpha (Pune),NH48 Western Corridor,Road (Heavy Haulage),626.6,17.9,2026-07-30 14:54:09,1,0.745,8.2,28.8,4.61,2026-07-30 19:48:09,4.9,1
SHP-TRK-14352,2026-07-29 23:00:00,Sanand Hub (Gujarat),Chakan Assembly Alpha (Pune),Western DFC Electric Rail,Road (Heavy Haulage),674.7,19.3,2026-07-30 18:16:34,1,0.763,1.9,28.1,4.13,2026-07-31 01:46:34,7.5,1
SHP-TRK-14353,2026-07-30 00:00:00,Sanand Hub (Gujarat),Manesar Northern Plant,Western DFC Electric Rail,Road (Heavy Haulage),987.0,28.2,2026-07-31 04:11:54,1,0.93,2.8,17.2,4.49,2026-07-31 04:11:54,0.0,0
SHP-TRK-14354,2026-07-30 01:00:00,Gurugram (Haryana),Kundli DC,NH48 Western Corridor,Rail (Dedicated Freight Corridor),1158.3,25.7,2026-07-31 02:44:24,1,0.902,5.7,23.7,4.18,2026-07-31 02:44:24,0.0,0
SHP-TRK-14355,2026-07-30 01:00:00,Bengaluru Electronic City,Chakan Assembly Alpha (Pune),Chennai-Bengaluru Expressway,Air Cargo Express,962.9,16.0,2026-07-30 17:02:51,1,0.79,1.2,4.5,3.68,2026-07-31 03:14:51,10.2,1
SHP-TRK-14356,2026-07-30 05:00:00,Bengaluru Electronic City,Manesar Northern Plant,NH48 Western Corridor,Coastal Ro-Ro,808.8,23.1,2026-07-31 04:06:28,1,0.978,8.5,14.2,3.76,2026-07-31 04:06:28,0.0,0
SHP-TRK-14357,2026-07-30 09:00:00,Sanand Hub (Gujarat),Oragadam Southern Plant (Chennai),Golden Quadrilateral Delhi-Kolkata,Road (Heavy Haulage),534.2,15.3,2026-07-31 00:15:50,1,0.911,3.3,20.8,4.41,2026-07-31 00:15:50,0.0,0
SHP-TRK-14358,2026-07-30 13:00:00,Sanand Hub (Gujarat),Chakan Assembly Alpha (Pune),Western DFC Electric Rail,Road (Heavy Haulage),340.9,9.7,2026-07-30 22:44:23,1,0.855,1.7,13.8,4.02,2026-07-30 22:44:23,0.0,0
SHP-TRK-14359,2026-07-30 13:00:00,Bengaluru Electronic City,Manesar Northern Plant,NH48 Western Corridor,Road (Express),609.3,17.4,2026-07-31 06:24:28,1,0.886,8.7,10.4,4.09,2026-08-01 19:36:28,37.2,1
SHP-TRK-14360,2026-07-30 14:00:00,Bengaluru Electronic City,Manesar Northern Plant,NH48 Western Corridor,Road (Heavy Haulage),559.6,16.0,2026-07-31 05:59:15,1,0.778,2.4,24.8,3.98,2026-07-31 05:59:15,0.0,0
SHP-TRK-14361,2026-07-30 17:00:00,Sanand Hub (Gujarat),Manesar Northern Plant,Golden Quadrilateral Delhi-Kolkata,Rail (Dedicated Freight Corridor),1027.5,22.8,2026-07-31 15:49:58,1,0.955,2.1,9.2,4.14,2026-07-31 15:49:58,0.0,0
SHP-TRK-14362,2026-07-30 20:00:00,Gurugram (Haryana),Kundli DC,NH48 Western Corridor,Air Cargo Express,1125.6,18.8,2026-07-31 14:45:36,1,0.82,8.4,10.4,4.48,2026-08-01 20:39:36,29.9,1
SHP-TRK-14363,2026-07-30 23:00:00,Pune MIDC (Maharashtra),Chakan Assembly Alpha (Pune),Golden Quadrilateral Delhi-Kolkata,Air Cargo Express,1031.9,17.2,2026-07-31 16:11:52,1,0.871,7.1,15.9,4.52,2026-08-01 06:59:52,14.8,1
SHP-TRK-14364,2026-07-31 00:00:00,Sanand Hub (Gujarat),Chakan Assembly Alpha (Pune),NH48 Western Corridor,Rail (Dedicated Freight Corridor),453.9,10.1,2026-07-31 10:05:14,1,0.951,2.3,14.0,4.11,2026-07-31 10:05:14,0.0,0
SHP-TRK-14365,2026-07-31 02:00:00,Bengaluru Electronic City,Kundli DC,NH48 Western Corridor,Rail (Dedicated Freight Corridor),679.3,15.1,2026-07-31 17:05:41,1,0.851,1.3,30.0,4.45,2026-07-31 17:05:41,0.0,0
SHP-TRK-14366,2026-07-31 13:00:00,Pune MIDC (Maharashtra),Bhiwandi Central DC,Western DFC Electric Rail,Road (Heavy Haulage),350.4,10.0,2026-07-31 23:00:42,1,0.929,4.9,8.9,3.9,2026-07-31 23:00:42,0.0,0
SHP-TRK-14367,2026-07-31 16:00:00,Sanand Hub (Gujarat),Oragadam Southern Plant (Chennai),Coastal Maritime Lane,Road (Heavy Haulage),683.6,19.5,2026-08-01 11:31:56,1,0.869,8.6,15.3,4.81,2026-08-01 18:01:56,6.5,1
SHP-TRK-14368,2026-07-31 20:00:00,Pune MIDC (Maharashtra),Chakan Assembly Alpha (Pune),Coastal Maritime Lane,Road (Heavy Haulage),894.7,25.6,2026-08-01 21:33:49,1,0.865,6.2,25.5,4.6,2026-08-01 21:33:49,0.0,0
SHP-TRK-14369,2026-07-31 22:00:00,Gurugram (Haryana),Bhiwandi Central DC,NH48 Western Corridor,Road (Heavy Haulage),1311.9,37.5,2026-08-02 11:28:55,1,0.727,7.4,27.9,3.69,2026-08-02 21:34:55,10.1,1
SHP-TRK-14370,2026-07-31 23:00:00,Sanand Hub (Gujarat),Manesar Northern Plant,Coastal Maritime Lane,Road (Heavy Haulage),606.1,17.3,2026-08-01 16:19:00,1,0.927,1.5,19.2,4.38,2026-08-01 20:43:00,4.4,1
SHP-TRK-14371,2026-08-01 02:00:00,Gurugram (Haryana),Chakan Assembly Alpha (Pune),Golden Quadrilateral Delhi-Kolkata,Road (Heavy Haulage),1295.5,37.0,2026-08-02 15:00:51,1,0.77,1.6,4.7,3.94,2026-08-02 20:00:51,5.0,1
SHP-TRK-14372,2026-08-01 03:00:00,Bengaluru Electronic City,Oragadam Southern Plant (Chennai),Western DFC Electric Rail,Road (Heavy Haulage),260.9,7.5,2026-08-01 10:27:11,1,0.782,4.0,7.8,3.7,2026-08-01 10:27:11,0.0,0
SHP-TRK-14373,2026-08-01 04:00:00,Pune MIDC (Maharashtra),Oragadam Southern Plant (Chennai),Western DFC Electric Rail,Rail (Dedicated Freight Corridor),303.1,6.7,2026-08-01 10:44:10,1,0.74,3.6,16.0,4.42,2026-08-01 10:44:10,0.0,0
SHP-TRK-14374,2026-08-01 06:00:00,Sanand Hub (Gujarat),Kundli DC,NH48 Western Corridor,Road (Heavy Haulage),1336.8,38.2,2026-08-02 20:11:34,1,0.721,8.9,5.5,4.06,2026-08-03 03:59:34,7.8,1
SHP-TRK-14375,2026-08-01 07:00:00,Sriperumbudur (Tamil Nadu),Chakan Assembly Alpha (Pune),NH48 Western Corridor,Road (Heavy Haulage),558.1,15.9,2026-08-01 22:56:44,1,0.96,4.1,25.5,4.23,2026-08-02 03:50:44,4.9,1
SHP-TRK-14376,2026-08-01 10:00:00,Pune MIDC (Maharashtra),Bhiwandi Central DC,NH48 Western Corridor,Rail (Dedicated Freight Corridor),381.4,8.5,2026-08-01 18:28:33,1,0.894,3.2,27.7,4.69,2026-08-01 18:28:33,0.0,0
SHP-TRK-14377,2026-08-01 12:00:00,Sriperumbudur (Tamil Nadu),Bhiwandi Central DC,Western DFC Electric Rail,Road (Heavy Haulage),273.3,7.8,2026-08-01 19:48:29,1,0.878,5.3,25.3,4.34,2026-08-01 19:48:29,0.0,0
SHP-TRK-14378,2026-08-01 15:00:00,Sanand Hub (Gujarat),Kundli DC,Chennai-Bengaluru Expressway,Road (Heavy Haulage),825.2,23.6,2026-08-02 14:34:39,1,0.933,4.7,22.3,3.78,2026-08-03 13:40:39,23.1,1
SHP-TRK-14379,2026-08-01 16:00:00,Pune MIDC (Maharashtra),Chakan Assembly Alpha (Pune),NH48 Western Corridor,Road (Express),584.4,16.7,2026-08-02 08:41:45,1,0.931,7.5,23.5,3.63,2026-08-02 08:41:45,0.0,0
SHP-TRK-14380,2026-08-01 16:00:00,Bengaluru Electronic City,Chakan Assembly Alpha (Pune),NH48 Western Corridor,Road (Heavy Haulage),1086.4,31.0,2026-08-02 23:02:25,1,0.79,3.3,20.2,3.49,2026-08-03 09:26:25,10.4,1
SHP-TRK-14381,2026-08-01 18:00:00,Gurugram (Haryana),Oragadam Southern Plant (Chennai),Western DFC Electric Rail,Air Cargo Express,523.9,8.7,2026-08-02 02:43:51,1,0.77,6.6,31.0,3.98,2026-08-02 08:25:51,5.7,1
SHP-TRK-14382,2026-08-02 01:00:00,Bengaluru Electronic City,Bhiwandi Central DC,NH48 Western Corridor,Rail (Dedicated Freight Corridor),1354.8,30.1,2026-08-03 07:06:24,1,0.817,6.3,22.9,3.53,2026-08-03 11:12:24,4.1,1
SHP-TRK-14383,2026-08-02 02:00:00,Gurugram (Haryana),Bhiwandi Central DC,Western DFC Electric Rail,Road (Heavy Haulage),984.4,28.1,2026-08-03 06:07:29,1,0.72,4.4,24.1,4.39,2026-08-04 12:43:29,30.6,1
SHP-TRK-14384,2026-08-02 03:00:00,Sanand Hub (Gujarat),Bhiwandi Central DC,Chennai-Bengaluru Expressway,Road (Heavy Haulage),650.5,18.6,2026-08-02 21:35:04,1,0.902,7.3,12.2,4.27,2026-08-03 11:35:04,14.0,1
SHP-TRK-14385,2026-08-02 06:00:00,Bengaluru Electronic City,Kundli DC,NH48 Western Corridor,Road (Express),1018.5,29.1,2026-08-03 11:06:01,1,0.833,7.9,13.5,4.88,2026-08-03 15:48:01,4.7,1
SHP-TRK-14386,2026-08-02 10:00:00,Bengaluru Electronic City,Chakan Assembly Alpha (Pune),NH48 Western Corridor,Rail (Dedicated Freight Corridor),529.5,11.8,2026-08-02 21:45:58,1,0.88,1.6,18.5,4.2,2026-08-02 21:45:58,0.0,0
SHP-TRK-14387,2026-08-02 13:00:00,Bengaluru Electronic City,Manesar Northern Plant,NH48 Western Corridor,Road (Heavy Haulage),535.0,15.3,2026-08-03 04:17:08,1,0.834,4.2,21.9,4.02,2026-08-03 04:17:08,0.0,0
SHP-TRK-14388,2026-08-03 02:00:00,Sanand Hub (Gujarat),Manesar Northern Plant,NH48 Western Corridor,Coastal Ro-Ro,332.9,9.5,2026-08-03 11:30:38,1,0.789,4.3,12.9,4.14,2026-08-03 11:30:38,0.0,0
SHP-TRK-14389,2026-08-03 02:00:00,Sanand Hub (Gujarat),Kundli DC,NH48 Western Corridor,Road (Heavy Haulage),544.3,15.6,2026-08-03 17:33:09,1,0.74,7.0,13.1,4.54,2026-08-03 17:33:09,0.0,0
SHP-TRK-14390,2026-08-03 03:00:00,Sanand Hub (Gujarat),Oragadam Southern Plant (Chennai),Chennai-Bengaluru Expressway,Rail (Dedicated Freight Corridor),280.8,6.2,2026-08-03 09:14:20,1,0.802,8.1,11.0,3.86,2026-08-04 01:14:20,16.0,1
SHP-TRK-14391,2026-08-03 09:00:00,Bengaluru Electronic City,Bhiwandi Central DC,Western DFC Electric Rail,Rail (Dedicated Freight Corridor),583.8,13.0,2026-08-03 21:58:25,1,0.926,6.9,10.9,4.58,2026-08-03 21:58:25,0.0,0
SHP-TRK-14392,2026-08-03 13:00:00,Bengaluru Electronic City,Oragadam Southern Plant (Chennai),NH48 Western Corridor,Road (Heavy Haulage),659.1,18.8,2026-08-04 07:49:50,1,0.929,4.9,17.1,3.46,2026-08-04 14:31:50,6.7,1
SHP-TRK-14393,2026-08-03 15:00:00,Sanand Hub (Gujarat),Oragadam Southern Plant (Chennai),NH48 Western Corridor,Road (Heavy Haulage),1438.1,41.1,2026-08-05 08:05:14,1,0.823,7.3,10.3,3.41,2026-08-05 23:53:14,15.8,1
SHP-TRK-14394,2026-08-03 18:00:00,Sanand Hub (Gujarat),Chakan Assembly Alpha (Pune),Western DFC Electric Rail,Road (Heavy Haulage),1073.5,30.7,2026-08-05 00:40:14,1,0.801,2.9,27.1,4.8,2026-08-05 20:34:14,19.9,1
SHP-TRK-14395,2026-08-03 18:00:00,Sanand Hub (Gujarat),Chakan Assembly Alpha (Pune),NH48 Western Corridor,Coastal Ro-Ro,580.8,16.6,2026-08-04 10:35:39,1,0.846,2.8,31.8,4.22,2026-08-04 22:59:39,12.4,1
SHP-TRK-14396,2026-08-03 19:00:00,Bengaluru Electronic City,Oragadam Southern Plant (Chennai),Chennai-Bengaluru Expressway,Coastal Ro-Ro,620.1,17.7,2026-08-04 12:43:05,1,0.863,1.0,15.8,3.73,2026-08-05 10:07:05,21.4,1
SHP-TRK-14397,2026-08-03 21:00:00,Pune MIDC (Maharashtra),Oragadam Southern Plant (Chennai),Western DFC Electric Rail,Coastal Ro-Ro,1257.4,35.9,2026-08-05 08:55:34,1,0.883,8.8,24.9,3.8,2026-08-05 08:55:34,0.0,0
SHP-TRK-14398,2026-08-03 21:00:00,Sriperumbudur (Tamil Nadu),Chakan Assembly Alpha (Pune),Golden Quadrilateral Delhi-Kolkata,Road (Heavy Haulage),533.0,15.2,2026-08-04 12:13:43,1,0.823,3.3,10.0,3.52,2026-08-04 22:01:43,9.8,1
SHP-TRK-14399,2026-08-03 22:00:00,Sriperumbudur (Tamil Nadu),Chakan Assembly Alpha (Pune),Coastal Maritime Lane,Coastal Ro-Ro,615.6,17.6,2026-08-04 15:35:17,1,0.788,1.8,29.4,4.32,2026-08-04 15:35:17,0.0,0
SHP-TRK-14400,2026-08-04 00:00:00,Gurugram (Haryana),Kundli DC,Golden Quadrilateral Delhi-Kolkata,Road (Express),1302.7,37.2,2026-08-05 13:13:10,1,0.948,3.9,31.3,3.96,2026-08-05 13:13:10,0.0,0
SHP-TRK-14401,2026-08-04 01:00:00,Bengaluru Electronic City,Manesar Northern Plant,Chennai-Bengaluru Expressway,Road (Heavy Haulage),427.7,12.2,2026-08-04 13:13:09,1,0.956,3.4,8.7,3.76,2026-08-04 13:13:09,0.0,0
SHP-TRK-14402,2026-08-04 07:00:00,Pune MIDC (Maharashtra),Chakan Assembly Alpha (Pune),NH48 Western Corridor,Coastal Ro-Ro,333.6,9.5,2026-08-04 16:31:51,1,0.963,2.3,30.5,3.52,2026-08-04 16:31:51,0.0,0
SHP-TRK-14403,2026-08-04 08:00:00,Bengaluru Electronic City,Chakan Assembly Alpha (Pune),NH48 Western Corridor,Road (Heavy Haulage),969.6,27.7,2026-08-05 11:42:06,1,0.974,2.4,13.6,3.66,2026-08-05 11:42:06,0.0,0
SHP-TRK-14404,2026-08-04 08:00:00,Pune MIDC (Maharashtra),Oragadam Southern Plant (Chennai),Western DFC Electric Rail,Coastal Ro-Ro,685.7,19.6,2026-08-05 03:35:28,1,0.907,7.7,26.5,4.08,2026-08-05 15:11:28,11.6,1
SHP-TRK-14405,2026-08-04 09:00:00,Bengaluru Electronic City,Oragadam Southern Plant (Chennai),NH48 Western Corridor,Road (Express),602.3,17.2,2026-08-05 02:12:26,1,0.757,2.0,12.1,4.85,2026-08-05 02:12:26,0.0,0
SHP-TRK-14406,2026-08-04 09:00:00,Sriperumbudur (Tamil Nadu),Oragadam Southern Plant (Chennai),NH48 Western Corridor,Road (Express),361.8,10.3,2026-08-04 19:20:13,1,0.81,4.6,26.4,4.2,2026-08-04 19:20:13,0.0,0
SHP-TRK-14407,2026-08-04 14:00:00,Bengaluru Electronic City,Chakan Assembly Alpha (Pune),Coastal Maritime Lane,Rail (Dedicated Freight Corridor),721.5,16.0,2026-08-05 06:01:58,1,0.775,3.7,18.7,4.05,2026-08-05 06:01:58,0.0,0
SHP-TRK-14408,2026-08-04 17:00:00,Pune MIDC (Maharashtra),Manesar Northern Plant,Chennai-Bengaluru Expressway,Rail (Dedicated Freight Corridor),1288.8,28.6,2026-08-05 21:38:26,1,0.773,6.0,24.2,3.67,2026-08-07 03:32:26,29.9,1
SHP-TRK-14409,2026-08-04 19:00:00,Pune MIDC (Maharashtra),Chakan Assembly Alpha (Pune),NH48 Western Corridor,Road (Express),704.6,20.1,2026-08-05 15:07:52,1,0.757,3.2,31.6,4.42,2026-08-06 02:25:52,11.3,1
SHP-TRK-14410,2026-08-04 20:00:00,Sanand Hub (Gujarat),Chakan Assembly Alpha (Pune),Western DFC Electric Rail,Road (Heavy Haulage),1341.2,38.3,2026-08-06 10:19:12,1,0.935,8.9,20.4,3.86,2026-08-06 10:19:12,0.0,0
SHP-TRK-14411,2026-08-05 03:00:00,Bengaluru Electronic City,Oragadam Southern Plant (Chennai),Chennai-Bengaluru Expressway,Road (Heavy Haulage),279.7,8.0,2026-08-05 10:59:25,1,0.91,4.3,4.7,4.85,2026-08-05 20:53:25,9.9,1
SHP-TRK-14412,2026-08-05 04:00:00,Sriperumbudur (Tamil Nadu),Oragadam Southern Plant (Chennai),NH48 Western Corridor,Road (Heavy Haulage),292.9,8.4,2026-08-05 12:22:08,1,0.918,2.3,20.8,3.95,2026-08-05 12:22:08,0.0,0
SHP-TRK-14413,2026-08-05 05:00:00,Sriperumbudur (Tamil Nadu),Bhiwandi Central DC,Western DFC Electric Rail,Road (Heavy Haulage),1130.7,32.3,2026-08-06 13:18:16,1,0.813,2.3,12.4,3.94,2026-08-06 13:18:16,0.0,0
SHP-TRK-14414,2026-08-05 07:00:00,Sanand Hub (Gujarat),Chakan Assembly Alpha (Pune),NH48 Western Corridor,Road (Heavy Haulage),844.1,24.1,2026-08-06 07:06:56,1,0.81,7.7,28.7,4.08,2026-08-07 17:48:56,34.7,1
SHP-TRK-14415,2026-08-05 10:00:00,Sriperumbudur (Tamil Nadu),Chakan Assembly Alpha (Pune),NH48 Western Corridor,Road (Heavy Haulage),552.2,15.8,2026-08-06 01:46:39,1,0.915,2.4,8.1,4.43,2026-08-06 01:46:39,0.0,0
SHP-TRK-14416,2026-08-05 10:00:00,Bengaluru Electronic City,Chakan Assembly Alpha (Pune),NH48 Western Corridor,Air Cargo Express,983.3,16.4,2026-08-06 02:23:15,1,0.894,4.2,29.6,4.23,2026-08-07 06:17:15,27.9,1
SHP-TRK-14417,2026-08-05 11:00:00,Sriperumbudur (Tamil Nadu),Kundli DC,Golden Quadrilateral Delhi-Kolkata,Rail (Dedicated Freight Corridor),434.2,9.6,2026-08-05 20:38:58,1,0.93,7.1,31.1,3.72,2026-08-05 20:38:58,0.0,0
SHP-TRK-14418,2026-08-05 12:00:00,Bengaluru Electronic City,Kundli DC,Western DFC Electric Rail,Rail (Dedicated Freight Corridor),380.7,8.5,2026-08-05 20:27:38,1,0.811,6.3,25.9,3.48,2026-08-05 20:27:38,0.0,0
SHP-TRK-14419,2026-08-05 14:00:00,Sriperumbudur (Tamil Nadu),Kundli DC,Coastal Maritime Lane,Rail (Dedicated Freight Corridor),674.9,15.0,2026-08-06 04:59:53,1,0.95,7.3,30.9,3.88,2026-08-06 04:59:53,0.0,0
SHP-TRK-14420,2026-08-05 17:00:00,Gurugram (Haryana),Manesar Northern Plant,NH48 Western Corridor,Road (Heavy Haulage),689.0,19.7,2026-08-06 12:41:10,1,0.925,5.9,19.0,3.64,2026-08-07 00:41:10,12.0,1
SHP-TRK-14421,2026-08-05 21:00:00,Bengaluru Electronic City,Kundli DC,NH48 Western Corridor,Air Cargo Express,962.2,16.0,2026-08-06 13:02:12,1,0.851,2.0,31.7,4.16,2026-08-06 13:02:12,0.0,0
SHP-TRK-14422,2026-08-06 02:00:00,Sriperumbudur (Tamil Nadu),Chakan Assembly Alpha (Pune),NH48 Western Corridor,Road (Heavy Haulage),711.4,20.3,2026-08-06 22:19:28,1,0.772,8.4,24.1,4.67,2026-08-06 22:19:28,0.0,0
SHP-TRK-14423,2026-08-06 03:00:00,Pune MIDC (Maharashtra),Chakan Assembly Alpha (Pune),NH48 Western Corridor,Rail (Dedicated Freight Corridor),409.0,9.1,2026-08-06 12:05:17,1,0.884,6.0,8.8,3.5,2026-08-06 12:05:17,0.0,0
SHP-TRK-14424,2026-08-06 06:00:00,Pune MIDC (Maharashtra),Kundli DC,Chennai-Bengaluru Expressway,Road (Express),821.6,23.5,2026-08-07 05:28:28,1,0.745,6.8,11.6,4.76,2026-08-08 02:28:28,21.0,1
SHP-TRK-14425,2026-08-06 07:00:00,Bengaluru Electronic City,Kundli DC,NH48 Western Corridor,Rail (Dedicated Freight Corridor),872.1,19.4,2026-08-07 02:22:49,1,0.944,5.3,25.1,4.22,2026-08-07 02:22:49,0.0,0
SHP-TRK-14426,2026-08-06 16:00:00,Bengaluru Electronic City,Chakan Assembly Alpha (Pune),Western DFC Electric Rail,Road (Heavy Haulage),1221.5,34.9,2026-08-08 02:54:00,1,0.936,2.3,19.7,4.37,2026-08-08 18:42:00,15.8,1
SHP-TRK-14427,2026-08-06 18:00:00,Bengaluru Electronic City,Kundli DC,NH48 Western Corridor,Coastal Ro-Ro,1093.6,31.2,2026-08-08 01:14:46,1,0.729,1.4,30.8,3.89,2026-08-08 01:14:46,0.0,0
SHP-TRK-14428,2026-08-06 19:00:00,Sriperumbudur (Tamil Nadu),Bhiwandi Central DC,NH48 Western Corridor,Air Cargo Express,1231.9,20.5,2026-08-07 15:31:52,1,0.942,5.8,17.7,4.14,2026-08-07 23:19:52,7.8,1
SHP-TRK-14429,2026-08-06 21:00:00,Gurugram (Haryana),Bhiwandi Central DC,Golden Quadrilateral Delhi-Kolkata,Rail (Dedicated Freight Corridor),1168.9,26.0,2026-08-07 22:58:30,1,0.871,2.8,14.1,3.52,2026-08-08 03:04:30,4.1,1
SHP-TRK-14430,2026-08-07 02:00:00,Pune MIDC (Maharashtra),Chakan Assembly Alpha (Pune),Coastal Maritime Lane,Road (Heavy Haulage),1204.3,34.4,2026-08-08 12:24:29,1,0.915,3.2,22.1,4.05,2026-08-09 06:06:29,17.7,1
SHP-TRK-14431,2026-08-07 02:00:00,Sriperumbudur (Tamil Nadu),Kundli DC,NH48 Western Corridor,Road (Heavy Haulage),788.2,22.5,2026-08-08 00:31:11,1,0.856,1.7,26.7,4.39,2026-08-08 12:01:11,11.5,1
SHP-TRK-14432,2026-08-07 02:00:00,Pune MIDC (Maharashtra),Kundli DC,NH48 Western Corridor,Road (Heavy Haulage),451.9,12.9,2026-08-07 14:54:42,1,0.949,5.4,27.9,4.23,2026-08-07 14:54:42,0.0,0
SHP-TRK-14433,2026-08-07 03:00:00,Sanand Hub (Gujarat),Oragadam Southern Plant (Chennai),Chennai-Bengaluru Expressway,Road (Heavy Haulage),271.5,7.8,2026-08-07 10:45:22,1,0.874,1.8,4.7,3.51,2026-08-08 01:57:22,15.2,1
SHP-TRK-14434,2026-08-07 03:00:00,Sriperumbudur (Tamil Nadu),Manesar Northern Plant,Chennai-Bengaluru Expressway,Coastal Ro-Ro,930.1,26.6,2026-08-08 05:34:32,1,0.926,3.9,20.6,3.91,2026-08-08 05:34:32,0.0,0
SHP-TRK-14435,2026-08-07 04:00:00,Pune MIDC (Maharashtra),Chakan Assembly Alpha (Pune),NH48 Western Corridor,Road (Heavy Haulage),1294.5,37.0,2026-08-08 16:59:06,1,0.764,4.1,28.9,4.75,2026-08-10 14:23:06,45.4,1
SHP-TRK-14436,2026-08-07 05:00:00,Bengaluru Electronic City,Manesar Northern Plant,Western DFC Electric Rail,Coastal Ro-Ro,366.3,10.5,2026-08-07 15:27:54,1,0.942,2.1,11.6,3.78,2026-08-07 15:27:54,0.0,0
SHP-TRK-14437,2026-08-07 05:00:00,Pune MIDC (Maharashtra),Oragadam Southern Plant (Chennai),NH48 Western Corridor,Road (Express),753.5,21.5,2026-08-08 02:31:40,1,0.803,3.0,13.1,4.2,2026-08-10 02:01:40,47.5,1
SHP-TRK-14438,2026-08-07 10:00:00,Bengaluru Electronic City,Oragadam Southern Plant (Chennai),Golden Quadrilateral Delhi-Kolkata,Coastal Ro-Ro,1094.2,31.3,2026-08-08 17:15:44,1,0.802,4.8,9.6,3.92,2026-08-08 17:15:44,0.0,0
SHP-TRK-14439,2026-08-07 12:00:00,Pune MIDC (Maharashtra),Chakan Assembly Alpha (Pune),Western DFC Electric Rail,Road (Heavy Haulage),449.8,12.9,2026-08-08 00:51:08,1,0.738,3.5,19.5,4.04,2026-08-08 00:51:08,0.0,0
SHP-TRK-14440,2026-08-07 17:00:00,Sriperumbudur (Tamil Nadu),Oragadam Southern Plant (Chennai),NH48 Western Corridor,Rail (Dedicated Freight Corridor),736.0,16.4,2026-08-08 09:21:20,1,0.773,5.3,25.3,3.73,2026-08-08 09:21:20,0.0,0
SHP-TRK-14441,2026-08-07 17:00:00,Sanand Hub (Gujarat),Chakan Assembly Alpha (Pune),Western DFC Electric Rail,Road (Heavy Haulage),533.7,15.2,2026-08-08 08:14:57,1,0.919,4.1,22.9,4.31,2026-08-08 08:14:57,0.0,0
SHP-TRK-14442,2026-08-07 19:00:00,Gurugram (Haryana),Chakan Assembly Alpha (Pune),Golden Quadrilateral Delhi-Kolkata,Road (Heavy Haulage),674.2,19.3,2026-08-08 14:15:49,1,0.976,2.7,9.5,3.82,2026-08-08 14:15:49,0.0,0
SHP-TRK-14443,2026-08-07 23:00:00,Bengaluru Electronic City,Kundli DC,Western DFC Electric Rail,Road (Heavy Haulage),651.9,18.6,2026-08-08 17:37:30,1,0.81,3.0,8.2,4.39,2026-08-11 11:13:30,65.6,1
SHP-TRK-14444,2026-08-08 05:00:00,Pune MIDC (Maharashtra),Chakan Assembly Alpha (Pune),Western DFC Electric Rail,Road (Heavy Haulage),1118.6,32.0,2026-08-09 12:57:35,1,0.823,4.1,15.1,3.72,2026-08-10 12:33:35,23.6,1
SHP-TRK-14445,2026-08-08 07:00:00,Bengaluru Electronic City,Manesar Northern Plant,Golden Quadrilateral Delhi-Kolkata,Road (Heavy Haulage),1328.9,38.0,2026-08-09 20:58:08,1,0.733,5.7,15.7,4.32,2026-08-10 17:04:08,20.1,1
SHP-TRK-14446,2026-08-08 09:00:00,Sriperumbudur (Tamil Nadu),Bhiwandi Central DC,Golden Quadrilateral Delhi-Kolkata,Road (Heavy Haulage),1142.0,32.6,2026-08-09 17:37:40,1,0.764,8.7,13.8,4.16,2026-08-10 17:13:40,23.6,1
SHP-TRK-14447,2026-08-08 11:00:00,Sanand Hub (Gujarat),Chakan Assembly Alpha (Pune),Western DFC Electric Rail,Road (Heavy Haulage),563.5,16.1,2026-08-09 03:06:02,1,0.862,3.3,4.5,4.56,2026-08-09 20:12:02,17.1,1
SHP-TRK-14448,2026-08-08 11:00:00,Sanand Hub (Gujarat),Chakan Assembly Alpha (Pune),NH48 Western Corridor,Coastal Ro-Ro,1182.6,33.8,2026-08-09 20:47:22,1,0.852,2.0,22.2,4.73,2026-08-09 20:47:22,0.0,0
SHP-TRK-14449,2026-08-08 13:00:00,Sriperumbudur (Tamil Nadu),Oragadam Southern Plant (Chennai),NH48 Western Corridor,Road (Heavy Haulage),665.4,19.0,2026-08-09 08:00:46,1,0.96,2.7,14.9,3.41,2026-08-09 19:24:46,11.4,1
SHP-TRK-14450,2026-08-08 14:00:00,Bengaluru Electronic City,Oragadam Southern Plant (Chennai),Western DFC Electric Rail,Road (Express),711.8,20.3,2026-08-09 10:20:17,1,0.893,6.3,11.3,4.19,2026-08-10 13:08:17,26.8,1
SHP-TRK-14451,2026-08-08 15:00:00,Sanand Hub (Gujarat),Chakan Assembly Alpha (Pune),Golden Quadrilateral Delhi-Kolkata,Road (Express),1384.2,39.5,2026-08-10 06:32:54,1,0.841,1.4,23.8,3.69,2026-08-10 16:02:54,9.5,1
SHP-TRK-14452,2026-08-08 17:00:00,Bengaluru Electronic City,Bhiwandi Central DC,NH48 Western Corridor,Rail (Dedicated Freight Corridor),953.9,21.2,2026-08-09 14:11:53,1,0.885,8.1,28.1,3.48,2026-08-10 22:23:53,32.2,1
SHP-TRK-14453,2026-08-08 17:00:00,Sanand Hub (Gujarat),Chakan Assembly Alpha (Pune),Chennai-Bengaluru Expressway,Road (Heavy Haulage),1073.3,30.7,2026-08-09 23:40:01,1,0.899,8.4,15.3,4.7,2026-08-10 17:58:01,18.3,1
SHP-TRK-14454,2026-08-09 03:00:00,Gurugram (Haryana),Oragadam Southern Plant (Chennai),Chennai-Bengaluru Expressway,Road (Express),423.3,12.1,2026-08-09 15:05:42,1,0.884,2.4,16.8,4.58,2026-08-09 15:05:42,0.0,0
SHP-TRK-14455,2026-08-09 06:00:00,Sriperumbudur (Tamil Nadu),Bhiwandi Central DC,NH48 Western Corridor,Road (Heavy Haulage),500.6,14.3,2026-08-09 20:18:14,1,0.922,8.1,20.0,4.49,2026-08-09 20:18:14,0.0,0
SHP-TRK-14456,2026-08-09 08:00:00,Sriperumbudur (Tamil Nadu),Manesar Northern Plant,NH48 Western Corridor,Road (Express),451.6,12.9,2026-08-09 20:54:12,1,0.789,8.2,30.5,4.22,2026-08-11 13:00:12,40.1,1
SHP-TRK-14457,2026-08-09 09:00:00,Bengaluru Electronic City,Bhiwandi Central DC,Western DFC Electric Rail,Rail (Dedicated Freight Corridor),269.2,6.0,2026-08-09 14:58:52,1,0.723,6.0,6.5,4.33,2026-08-09 14:58:52,0.0,0
SHP-TRK-14458,2026-08-09 09:00:00,Bengaluru Electronic City,Manesar Northern Plant,NH48 Western Corridor,Coastal Ro-Ro,918.5,26.2,2026-08-10 11:14:30,1,0.939,1.1,10.1,4.23,2026-08-10 11:14:30,0.0,0
SHP-TRK-14459,2026-08-09 12:00:00,Sanand Hub (Gujarat),Oragadam Southern Plant (Chennai),Western DFC Electric Rail,Rail (Dedicated Freight Corridor),1090.7,24.2,2026-08-10 12:14:17,1,0.921,4.7,16.2,4.23,2026-08-10 12:14:17,0.0,0
SHP-TRK-14460,2026-08-09 14:00:00,Gurugram (Haryana),Oragadam Southern Plant (Chennai),NH48 Western Corridor,Rail (Dedicated Freight Corridor),1253.2,27.8,2026-08-10 17:50:55,1,0.83,6.8,16.3,3.62,2026-08-11 05:02:55,11.2,1
SHP-TRK-14461,2026-08-09 14:00:00,Bengaluru Electronic City,Oragadam Southern Plant (Chennai),NH48 Western Corridor,Road (Heavy Haulage),1124.3,32.1,2026-08-10 22:07:19,1,0.916,3.1,18.1,3.82,2026-08-11 08:13:19,10.1,1
SHP-TRK-14462,2026-08-09 17:00:00,Sanand Hub (Gujarat),Bhiwandi Central DC,Western DFC Electric Rail,Road (Express),1115.4,31.9,2026-08-11 00:52:11,1,0.85,1.7,27.1,4.19,2026-08-11 22:04:11,21.2,1
SHP-TRK-14463,2026-08-10 01:00:00,Sriperumbudur (Tamil Nadu),Oragadam Southern Plant (Chennai),NH48 Western Corridor,Road (Express),299.0,8.5,2026-08-10 09:32:36,1,0.953,7.0,27.3,4.2,2026-08-10 22:08:36,12.6,1
SHP-TRK-14464,2026-08-10 04:00:00,Sanand Hub (Gujarat),Manesar Northern Plant,Coastal Maritime Lane,Road (Express),870.4,24.9,2026-08-11 04:52:11,1,0.828,7.6,25.2,4.38,2026-08-11 04:52:11,0.0,0
SHP-TRK-14465,2026-08-10 07:00:00,Gurugram (Haryana),Chakan Assembly Alpha (Pune),NH48 Western Corridor,Rail (Dedicated Freight Corridor),1148.7,25.5,2026-08-11 08:31:35,1,0.883,1.1,21.0,3.63,2026-08-11 14:43:35,6.2,1
SHP-TRK-14466,2026-08-10 07:00:00,Bengaluru Electronic City,Chakan Assembly Alpha (Pune),NH48 Western Corridor,Road (Heavy Haulage),251.0,7.2,2026-08-10 14:10:20,1,0.792,5.9,21.0,3.58,2026-08-10 14:10:20,0.0,0
SHP-TRK-14467,2026-08-10 11:00:00,Gurugram (Haryana),Oragadam Southern Plant (Chennai),NH48 Western Corridor,Road (Heavy Haulage),399.7,11.4,2026-08-10 22:25:10,1,0.844,7.3,28.6,4.58,2026-08-10 22:25:10,0.0,0
SHP-TRK-14468,2026-08-10 12:00:00,Sriperumbudur (Tamil Nadu),Oragadam Southern Plant (Chennai),Golden Quadrilateral Delhi-Kolkata,Air Cargo Express,443.5,7.4,2026-08-10 19:23:30,1,0.897,4.4,20.9,4.38,2026-08-10 19:23:30,0.0,0
SHP-TRK-14469,2026-08-10 14:00:00,Gurugram (Haryana),Bhiwandi Central DC,NH48 Western Corridor,Road (Heavy Haulage),711.3,20.3,2026-08-11 10:19:21,1,0.945,2.8,23.5,3.65,2026-08-12 09:31:21,23.2,1
SHP-TRK-14470,2026-08-10 14:00:00,Sanand Hub (Gujarat),Chakan Assembly Alpha (Pune),NH48 Western Corridor,Rail (Dedicated Freight Corridor),1224.1,27.2,2026-08-11 17:12:05,1,0.81,6.3,30.6,3.76,2026-08-11 17:12:05,0.0,0
SHP-TRK-14471,2026-08-10 17:00:00,Pune MIDC (Maharashtra),Chakan Assembly Alpha (Pune),NH48 Western Corridor,Road (Heavy Haulage),485.2,13.9,2026-08-11 06:51:43,1,0.877,5.5,15.7,3.84,2026-08-11 18:51:43,12.0,1
SHP-TRK-14472,2026-08-10 18:00:00,Sanand Hub (Gujarat),Oragadam Southern Plant (Chennai),Western DFC Electric Rail,Rail (Dedicated Freight Corridor),606.8,13.5,2026-08-11 07:29:05,1,0.966,3.1,24.1,4.09,2026-08-12 02:47:05,19.3,1
SHP-TRK-14473,2026-08-10 20:00:00,Sriperumbudur (Tamil Nadu),Chakan Assembly Alpha (Pune),Golden Quadrilateral Delhi-Kolkata,Road (Heavy Haulage),1170.5,33.4,2026-08-12 05:26:34,1,0.782,3.8,4.6,3.84,2026-08-12 11:20:34,5.9,1
SHP-TRK-14474,2026-08-10 23:00:00,Pune MIDC (Maharashtra),Oragadam Southern Plant (Chennai),Golden Quadrilateral Delhi-Kolkata,Road (Express),954.6,27.3,2026-08-12 02:16:23,1,0.85,8.5,20.2,3.51,2026-08-13 10:46:23,32.5,1
SHP-TRK-14475,2026-08-11 00:00:00,Sriperumbudur (Tamil Nadu),Chakan Assembly Alpha (Pune),Golden Quadrilateral Delhi-Kolkata,Road (Express),854.3,24.4,2026-08-12 00:24:32,1,0.892,7.2,17.8,4.06,2026-08-12 00:24:32,0.0,0
SHP-TRK-14476,2026-08-11 01:00:00,Gurugram (Haryana),Manesar Northern Plant,NH48 Western Corridor,Road (Heavy Haulage),604.7,17.3,2026-08-11 18:16:34,1,0.946,4.4,16.1,4.14,2026-08-12 02:58:34,8.7,1
SHP-TRK-14477,2026-08-11 07:00:00,Bengaluru Electronic City,Kundli DC,Chennai-Bengaluru Expressway,Rail (Dedicated Freight Corridor),1074.2,23.9,2026-08-12 06:52:19,1,0.775,7.9,6.9,3.76,2026-08-12 06:52:19,0.0,0
SHP-TRK-14478,2026-08-11 10:00:00,Sriperumbudur (Tamil Nadu),Oragadam Southern Plant (Chennai),Coastal Maritime Lane,Road (Express),1100.9,31.5,2026-08-12 17:27:16,1,0.812,5.8,28.9,3.6,2026-08-12 23:15:16,5.8,1
SHP-TRK-14479,2026-08-11 11:00:00,Bengaluru Electronic City,Manesar Northern Plant,Western DFC Electric Rail,Rail (Dedicated Freight Corridor),1125.2,25.0,2026-08-12 12:00:12,1,0.885,6.0,10.1,4.61,2026-08-12 21:54:12,9.9,1
SHP-TRK-14480,2026-08-11 16:00:00,Pune MIDC (Maharashtra),Chakan Assembly Alpha (Pune),Golden Quadrilateral Delhi-Kolkata,Road (Heavy Haulage),741.8,21.2,2026-08-12 13:11:43,1,0.777,1.9,4.9,4.44,2026-08-12 22:59:43,9.8,1
SHP-TRK-14481,2026-08-11 16:00:00,Gurugram (Haryana),Chakan Assembly Alpha (Pune),NH48 Western Corridor,Road (Heavy Haulage),809.1,23.1,2026-08-12 15:07:04,1,0.901,3.8,7.4,4.59,2026-08-12 15:07:04,0.0,0
SHP-TRK-14482,2026-08-11 20:00:00,Sanand Hub (Gujarat),Chakan Assembly Alpha (Pune),NH48 Western Corridor,Rail (Dedicated Freight Corridor),699.0,15.5,2026-08-12 11:31:59,1,0.922,2.8,26.7,3.73,2026-08-12 11:31:59,0.0,0
SHP-TRK-14483,2026-08-11 22:00:00,Sriperumbudur (Tamil Nadu),Manesar Northern Plant,NH48 Western Corridor,Road (Heavy Haulage),887.4,25.4,2026-08-12 23:21:15,1,0.9,4.7,6.4,4.44,2026-08-12 23:21:15,0.0,0
SHP-TRK-14484,2026-08-11 23:00:00,Sriperumbudur (Tamil Nadu),Manesar Northern Plant,Coastal Maritime Lane,Road (Heavy Haulage),409.2,11.7,2026-08-12 10:41:30,1,0.912,4.4,28.7,4.24,2026-08-12 10:41:30,0.0,0
SHP-TRK-14485,2026-08-12 02:00:00,Gurugram (Haryana),Kundli DC,NH48 Western Corridor,Road (Heavy Haulage),1061.3,30.3,2026-08-13 08:19:17,1,0.96,4.4,5.6,3.69,2026-08-13 08:19:17,0.0,0
SHP-TRK-14486,2026-08-12 04:00:00,Sriperumbudur (Tamil Nadu),Oragadam Southern Plant (Chennai),Coastal Maritime Lane,Rail (Dedicated Freight Corridor),833.0,18.5,2026-08-12 22:30:36,1,0.729,5.6,13.5,4.1,2026-08-12 22:30:36,0.0,0
SHP-TRK-14487,2026-08-12 12:00:00,Pune MIDC (Maharashtra),Kundli DC,Coastal Maritime Lane,Road (Heavy Haulage),429.8,12.3,2026-08-13 00:16:45,1,0.887,1.3,10.4,3.47,2026-08-13 00:16:45,0.0,0
SHP-TRK-14488,2026-08-12 16:00:00,Sanand Hub (Gujarat),Chakan Assembly Alpha (Pune),NH48 Western Corridor,Rail (Dedicated Freight Corridor),828.8,18.4,2026-08-13 10:25:06,1,0.883,4.2,6.4,4.31,2026-08-13 10:25:06,0.0,0
SHP-TRK-14489,2026-08-12 17:00:00,Sriperumbudur (Tamil Nadu),Manesar Northern Plant,Golden Quadrilateral Delhi-Kolkata,Road (Heavy Haulage),443.7,12.7,2026-08-13 05:40:42,1,0.822,1.5,27.0,4.81,2026-08-15 11:16:42,53.6,1
SHP-TRK-14490,2026-08-12 18:00:00,Gurugram (Haryana),Chakan Assembly Alpha (Pune),Western DFC Electric Rail,Rail (Dedicated Freight Corridor),889.2,19.8,2026-08-13 13:45:35,1,0.8,1.4,24.0,4.2,2026-08-13 13:45:35,0.0,0
SHP-TRK-14491,2026-08-13 05:00:00,Bengaluru Electronic City,Kundli DC,Coastal Maritime Lane,Road (Heavy Haulage),1276.8,36.5,2026-08-14 17:28:50,1,0.857,6.4,23.8,4.44,2026-08-14 23:58:50,6.5,1
SHP-TRK-14492,2026-08-13 07:00:00,Sanand Hub (Gujarat),Manesar Northern Plant,NH48 Western Corridor,Rail (Dedicated Freight Corridor),1214.5,27.0,2026-08-14 09:59:21,1,0.825,4.9,5.3,3.65,2026-08-14 09:59:21,0.0,0
SHP-TRK-14493,2026-08-13 09:00:00,Bengaluru Electronic City,Chakan Assembly Alpha (Pune),Western DFC Electric Rail,Road (Heavy Haulage),877.1,25.1,2026-08-14 10:03:37,1,0.868,4.7,28.4,4.7,2026-08-15 03:21:37,17.3,1
SHP-TRK-14494,2026-08-13 13:00:00,Sanand Hub (Gujarat),Oragadam Southern Plant (Chennai),NH48 Western Corridor,Rail (Dedicated Freight Corridor),553.0,12.3,2026-08-14 01:17:20,1,0.924,5.5,13.2,4.52,2026-08-14 01:17:20,0.0,0
SHP-TRK-14495,2026-08-13 14:00:00,Bengaluru Electronic City,Oragadam Southern Plant (Chennai),NH48 Western Corridor,Rail (Dedicated Freight Corridor),1004.8,22.3,2026-08-14 12:19:44,1,0.785,3.3,13.0,4.65,2026-08-14 12:19:44,0.0,0
SHP-TRK-14496,2026-08-13 14:00:00,Sriperumbudur (Tamil Nadu),Manesar Northern Plant,Western DFC Electric Rail,Road (Heavy Haulage),643.7,18.4,2026-08-14 08:23:33,1,0.879,7.7,5.8,3.71,2026-08-14 23:59:33,15.6,1
SHP-TRK-14497,2026-08-13 16:00:00,Sriperumbudur (Tamil Nadu),Manesar Northern Plant,NH48 Western Corridor,Road (Express),782.3,22.4,2026-08-14 14:21:08,1,0.979,6.5,23.3,4.82,2026-08-14 19:45:08,5.4,1
SHP-TRK-14498,2026-08-13 20:00:00,Sanand Hub (Gujarat),Kundli DC,NH48 Western Corridor,Road (Heavy Haulage),620.0,17.7,2026-08-14 13:42:55,1,0.853,7.3,31.2,4.33,2026-08-14 18:00:55,4.3,1
SHP-TRK-14499,2026-08-13 20:00:00,Pune MIDC (Maharashtra),Oragadam Southern Plant (Chennai),NH48 Western Corridor,Road (Heavy Haulage),1037.0,29.6,2026-08-15 01:37:38,1,0.848,6.9,10.5,3.63,2026-08-15 01:37:38,0.0,0
